# Blender 5.0.0
# www.blender.org
mtllib cow.mtl
o Cylinder
v -0.000001 4.270375 9.106180
v -0.000001 0.626099 9.366464
v 0.267884 4.267893 9.070918
v 0.267884 0.623616 9.331201
v 0.525474 4.260540 8.966485
v 0.525475 0.616263 9.226768
v 0.762871 4.248599 8.796896
v 0.762871 0.604322 9.057178
v 0.970951 4.232529 8.568667
v 0.970952 0.588252 8.828950
v 1.141718 3.831023 8.290571
v 1.141718 0.568671 8.550853
v 1.268610 3.808684 7.973292
v 1.268610 0.546332 8.233575
v 1.346749 3.784443 7.629025
v 1.346749 0.522092 7.889307
v 1.373133 3.592250 7.270999
v 1.373133 0.496883 7.531281
v 1.346749 3.483587 6.912972
v 1.346749 0.471674 7.173254
v 1.268610 3.459347 6.568705
v 1.268610 0.447434 6.828987
v 1.141719 3.437007 6.251426
v 1.141719 0.425094 6.511708
v 0.970952 3.417426 5.973329
v 0.970952 0.405513 6.233611
v 0.762872 3.401356 5.745101
v 0.762872 0.389444 6.005383
v 0.525475 3.389415 5.575511
v 0.525475 0.377503 5.835793
v 0.267884 3.382062 5.471079
v 0.267884 0.370150 5.731360
v -0.000001 3.379579 5.435816
v -0.000001 0.367667 5.696098
v -0.267886 3.475113 5.471079
v -0.267886 0.370150 5.731360
v -0.525477 3.771340 5.575511
v -0.525477 0.377503 5.835793
v -0.762874 4.033720 5.745101
v -0.762873 0.389444 6.005383
v -0.970954 4.049790 5.973329
v -0.970954 0.405513 6.233611
v -1.141721 4.069371 6.251426
v -1.141720 0.425094 6.511708
v -1.268612 4.091711 6.568705
v -1.268612 0.447434 6.828987
v -1.346751 4.115951 6.912972
v -1.346751 0.471674 7.173254
v -1.373136 4.141160 7.270999
v -1.373136 0.496883 7.531281
v -1.346751 4.166368 7.629025
v -1.346751 0.522092 7.889307
v -1.268612 4.190609 7.973292
v -1.268612 0.546332 8.233575
v -1.141721 4.212948 8.290571
v -1.141721 0.568671 8.550853
v -0.970954 4.232529 8.568667
v -0.970954 0.588252 8.828950
v -0.762874 4.248599 8.796896
v -0.762874 0.604322 9.057178
v -0.525477 4.260540 8.966485
v -0.525477 0.616263 9.226768
v -0.267887 4.267893 9.070918
v -0.267887 0.623616 9.331201
v -0.000001 6.166938 8.272336
v 0.200935 6.165076 8.253363
v 0.394149 6.159561 8.197171
v 0.572217 6.150604 8.105923
v 0.728294 6.138551 7.983121
v 0.856383 6.123863 7.833487
v 0.951562 6.107106 7.662772
v 1.010173 6.088924 7.477534
v 1.029964 6.070015 7.284894
v 1.010173 6.051107 7.092253
v 0.951563 6.032925 6.907016
v 0.856384 6.016168 6.736301
v 0.728294 6.001481 6.586668
v 0.572217 5.989427 6.463867
v 0.394149 5.980470 6.372617
v 0.200935 5.974955 6.316425
v -0.000001 5.973093 6.297452
v -0.200938 5.974955 6.316425
v -0.394152 5.980470 6.372617
v -0.572219 5.989427 6.463867
v -0.728297 6.001481 6.586668
v -0.856386 6.016168 6.736301
v -0.951565 6.032925 6.907016
v -1.010176 6.051107 7.092253
v -1.029967 6.070015 7.284894
v -1.010176 6.088924 7.477534
v -0.951565 6.107106 7.662772
v -0.856386 6.123863 7.833487
v -0.728297 6.138550 7.983121
v -0.572220 6.150604 8.105923
v -0.394152 6.159560 8.197171
v -0.200938 6.165076 8.253363
v -0.000001 6.482831 8.043966
v 0.043592 6.482427 8.039850
v 0.085510 6.481231 8.027659
v 0.124142 6.479288 8.007863
v 0.158003 6.476673 7.981220
v 0.185792 6.473486 7.948758
v 0.206441 6.469851 7.911721
v 0.219157 6.465906 7.871533
v 0.223450 6.461804 7.829740
v 0.219157 6.457702 7.787946
v 0.206441 6.453757 7.747758
v 0.185792 6.450122 7.710721
v 0.158003 6.446935 7.678259
v 0.124142 6.444320 7.651618
v 0.085510 6.442377 7.631821
v 0.043592 6.441181 7.619629
v -0.000001 6.440776 7.615513
v -0.043595 6.441181 7.619629
v -0.085513 6.442377 7.631821
v -0.124145 6.444320 7.651618
v -0.158006 6.446935 7.678259
v -0.185795 6.450122 7.710721
v -0.206444 6.453757 7.747758
v -0.219160 6.457702 7.787946
v -0.223453 6.461804 7.829740
v -0.219160 6.465906 7.871533
v -0.206444 6.469851 7.911721
v -0.185795 6.473486 7.948758
v -0.158006 6.476673 7.981220
v -0.124145 6.479288 8.007863
v -0.085513 6.481231 8.027659
v -0.043595 6.482427 8.039850
v -0.000001 -2.072142 9.367933
v 0.221804 -2.074625 9.332670
v 0.435085 -2.081978 9.228237
v 0.631646 -2.093919 9.058648
v 0.803933 -2.109989 8.830420
v 0.945326 -2.129570 8.552322
v 1.050390 -2.151910 8.235044
v 1.115088 -2.176150 7.890776
v 1.136934 -2.201359 7.532750
v 1.115088 -2.226567 7.174724
v 1.050390 -2.250807 6.830456
v 0.945326 -2.273147 6.513177
v 0.803934 -2.292728 6.235079
v 0.631647 -2.308798 6.006852
v 0.435086 -2.320739 5.837262
v 0.221804 -2.328092 5.732830
v -0.000001 -2.330575 5.697567
v -0.221806 -2.328092 5.732830
v -0.435087 -2.320739 5.837262
v -0.631648 -2.308798 6.006852
v -0.803935 -2.292728 6.235079
v -0.945328 -2.273147 6.513177
v -1.050392 -2.250808 6.830456
v -1.115090 -2.226567 7.174724
v -1.136936 -2.201359 7.532750
v -1.115090 -2.176150 7.890776
v -1.050392 -2.151910 8.235044
v -0.945328 -2.129570 8.552322
v -0.803936 -2.109989 8.830420
v -0.631648 -2.093919 9.058648
v -0.435087 -2.081978 9.228237
v -0.221806 -2.074625 9.332670
v 0.407014 -2.797845 9.463747
v 0.514310 -2.682533 9.437419
v 0.628552 -2.581039 9.359450
v 0.745349 -2.497262 9.232836
v 0.860213 -2.434423 9.062443
v 0.968730 -2.394937 8.854815
v 1.066730 -2.380320 8.617938
v 1.150446 -2.391135 8.360909
v 1.216661 -2.426966 8.093610
v 1.262832 -2.486435 7.826309
v 1.287182 -2.567259 7.569282
v 1.288778 -2.666330 7.332403
v 1.267557 -2.779841 7.124776
v 1.224334 -2.903430 6.954382
v 1.160771 -3.032348 6.827768
v 1.079312 -3.161641 6.749800
v 0.983084 -3.286339 6.723474
v 0.875789 -3.401651 6.749800
v 0.761547 -3.503145 6.827768
v 0.644749 -3.586921 6.954382
v 0.529885 -3.649761 7.124776
v 0.421369 -3.689247 7.332402
v 0.323369 -3.703863 7.569281
v 0.239653 -3.693048 7.826308
v 0.173437 -3.657218 8.093610
v 0.127267 -3.597748 8.360909
v 0.102916 -3.516925 8.617938
v 0.101321 -3.417854 8.854815
v 0.122542 -3.304343 9.062443
v 0.165765 -3.180753 9.232836
v 0.229327 -3.051836 9.359450
v 0.310787 -2.922543 9.437419
v 0.632526 -2.989074 9.578918
v 0.718475 -2.906778 9.562486
v 0.819927 -2.843591 9.513824
v 0.932982 -2.801941 9.434801
v 1.053296 -2.783430 9.328455
v 1.176246 -2.788768 9.198870
v 1.297106 -2.817749 9.051030
v 1.411232 -2.869262 8.890613
v 1.514238 -2.941324 8.723784
v 1.602166 -3.031169 8.556955
v 1.671637 -3.135343 8.396539
v 1.719981 -3.249841 8.248697
v 1.745340 -3.370266 8.119113
v 1.746739 -3.491988 8.012767
v 1.724125 -3.610329 7.933743
v 1.678367 -3.720743 7.885082
v 1.611223 -3.818986 7.868650
v 1.525275 -3.901282 7.885081
v 1.423823 -3.964469 7.933743
v 1.310768 -4.006118 8.012767
v 1.190454 -4.024631 8.119113
v 1.067505 -4.019292 8.248697
v 0.946644 -3.990311 8.396539
v 0.832518 -3.938798 8.556955
v 0.729512 -3.866735 8.723784
v 0.641584 -3.776891 8.890613
v 0.572113 -3.672717 9.051030
v 0.523770 -3.558218 9.198870
v 0.498411 -3.437794 9.328455
v 0.497011 -3.316072 9.434801
v 0.519625 -3.197730 9.513824
v 0.565383 -3.087317 9.562486
v 0.836763 -3.162262 9.907811
v 0.912407 -3.096468 9.899649
v 1.008239 -3.052787 9.875475
v 1.120577 -3.032897 9.836221
v 1.245104 -3.037563 9.783394
v 1.377035 -3.066606 9.719021
v 1.511297 -3.118908 9.645582
v 1.642734 -3.192462 9.565893
v 1.766294 -3.284440 9.483023
v 1.877228 -3.391307 9.400149
v 1.971272 -3.508957 9.320462
v 2.044815 -3.632868 9.247022
v 2.095027 -3.758277 9.182651
v 2.119981 -3.880367 9.129823
v 2.118717 -3.994446 9.090569
v 2.091284 -4.096128 9.066395
v 2.038736 -4.181507 9.058233
v 1.963093 -4.247302 9.066395
v 1.867261 -4.290983 9.090569
v 1.754923 -4.310873 9.129823
v 1.630396 -4.306207 9.182651
v 1.498467 -4.277165 9.247022
v 1.364202 -4.224861 9.320462
v 1.232766 -4.151307 9.400149
v 1.109206 -4.059329 9.483023
v 0.998272 -3.952462 9.565893
v 0.904228 -3.834812 9.645582
v 0.830686 -3.710902 9.719021
v 0.780473 -3.585492 9.783394
v 0.755519 -3.463402 9.836221
v 0.756783 -3.349324 9.875475
v 0.784216 -3.247641 9.899649
v 1.111377 -3.395128 10.528219
v 1.185117 -3.330990 10.520262
v 1.278537 -3.288408 10.496696
v 1.388047 -3.269019 10.458431
v 1.509439 -3.273567 10.406933
v 1.638049 -3.301879 10.344180
v 1.768932 -3.352865 10.272591
v 1.897061 -3.424568 10.194907
v 2.017511 -3.514231 10.114122
v 2.125653 -3.618408 10.033336
v 2.217330 -3.733096 9.955654
v 2.289021 -3.853888 9.884063
v 2.337970 -3.976141 9.821311
v 2.362295 -4.095158 9.769814
v 2.361064 -4.206366 9.731547
v 2.334321 -4.305488 9.707982
v 2.283096 -4.388718 9.700026
v 2.209357 -4.452857 9.707982
v 2.115937 -4.495438 9.731547
v 2.006426 -4.514828 9.769814
v 1.885034 -4.510279 9.821311
v 1.756425 -4.481968 9.884063
v 1.625540 -4.430981 9.955654
v 1.497412 -4.359278 10.033336
v 1.376962 -4.269616 10.114122
v 1.268821 -4.165438 10.194907
v 1.177143 -4.050750 10.272591
v 1.105453 -3.929959 10.344180
v 1.056503 -3.807705 10.406933
v 1.032178 -3.688688 10.458431
v 1.033410 -3.577481 10.496696
v 1.060152 -3.478358 10.520262
v 1.262478 -0.558541 7.531970
v 1.238220 -0.583750 7.173943
v -0.246298 -0.685274 5.732049
v -0.483131 -0.677921 5.836482
v -1.166380 -0.509092 8.234263
v -1.049715 -0.486752 8.551542
v 0.892707 -0.467171 8.829639
v 1.049712 -0.486752 8.551542
v 0.701395 -0.665980 6.006071
v 0.483129 -0.677921 5.836482
v -1.166380 -0.607990 6.829676
v -1.238222 -0.583750 7.173943
v -0.000001 -0.429325 9.367152
v 0.246296 -0.431808 9.331889
v -0.246299 -0.431808 9.331889
v 1.166378 -0.607990 6.829676
v -0.701397 -0.665980 6.006071
v -0.892709 -0.467172 8.829639
v 1.166378 -0.509092 8.234263
v 0.246297 -0.685274 5.732049
v -1.262481 -0.558541 7.531970
v 0.483129 -0.439161 9.227456
v 1.049713 -0.630330 6.512396
v -0.892709 -0.649911 6.234299
v -0.701397 -0.451102 9.057867
v 1.238220 -0.533332 7.889996
v -0.000001 -0.687757 5.696787
v -1.238222 -0.533332 7.889996
v 0.701395 -0.451102 9.057867
v 0.892707 -0.649911 6.234299
v -1.049714 -0.630330 6.512396
v -0.483131 -0.439161 9.227456
v 1.333855 -1.690128 6.852843
v 1.342467 -1.822385 6.437070
v 1.197979 -1.943393 6.211080
v 1.013784 -2.038551 5.978127
v 0.738074 -2.131548 5.831353
v 0.591824 -2.181252 5.794148
v 1.363098 -0.987025 6.829084
v 0.960857 -1.126092 5.771637
v 0.559247 -0.876349 5.799428
v 1.411989 -0.976206 6.562932
v 1.306524 -0.985244 6.137704
v 1.233189 -1.032036 5.999865
v 0.779190 -1.512836 4.425963
v 0.605368 -1.571466 4.333429
v 0.513165 -1.602802 4.309974
v 0.745823 -0.937575 4.295781
v 0.492627 -0.780123 4.313302
v 0.917515 -0.878277 4.439667
v 0.744573 -1.633659 1.535026
v 0.673402 -1.657665 1.497138
v 0.635649 -1.670496 1.487534
v 0.730911 -1.398120 1.481723
v 0.627240 -1.333652 1.488897
v 0.801209 -1.373841 1.540637
v 0.723010 -1.759090 0.582270
v 0.579724 -1.789485 0.505992
v 0.503719 -1.805730 0.486657
v 0.695504 -1.460870 0.474958
v 0.486789 -1.379246 0.489401
v 0.837033 -1.430129 0.593566
v 0.874865 -2.204520 0.005402
v 0.756385 -2.247261 0.007043
v 0.440366 -2.270106 0.008330
v 0.919198 -1.785151 -0.010211
v 0.416559 -1.670369 0.029968
v 1.035208 -1.741923 0.021288
v -0.000001 6.753281 7.801525
v 0.047102 6.750606 7.800552
v 0.092396 6.742685 7.797676
v 0.134139 6.729823 7.793003
v 0.170727 6.712513 7.786715
v 0.200754 6.691420 7.779054
v 0.223066 6.667356 7.770312
v 0.236805 6.641245 7.760828
v 0.241445 6.614090 7.750963
v 0.236805 6.586935 7.741099
v 0.223066 6.560824 7.731615
v 0.200754 6.536760 7.722873
v 0.170727 6.515667 7.715211
v 0.134139 6.498358 7.708924
v 0.092396 6.485495 7.704252
v 0.047102 6.477574 7.701374
v -0.000001 6.474899 7.700402
v -0.047105 6.477574 7.701374
v -0.092399 6.485495 7.704252
v -0.134142 6.498358 7.708924
v -0.170730 6.515667 7.715211
v -0.200756 6.536760 7.722873
v -0.223069 6.560824 7.731615
v -0.236808 6.586935 7.741099
v -0.241448 6.614090 7.750963
v -0.236808 6.641245 7.760828
v -0.223069 6.667356 7.770312
v -0.200757 6.691420 7.779054
v -0.170730 6.712513 7.786715
v -0.134142 6.729823 7.793003
v -0.092399 6.742685 7.797676
v -0.047105 6.750606 7.800552
v -0.000001 6.986156 7.436032
v 0.047102 6.983331 7.435684
v 0.092396 6.974967 7.434653
v 0.134139 6.961385 7.432980
v 0.170727 6.943107 7.430728
v 0.200754 6.920834 7.427985
v 0.223066 6.895424 7.424855
v 0.236805 6.867851 7.421458
v 0.241445 6.839177 7.417925
v 0.236805 6.810503 7.414393
v 0.223066 6.782931 7.410996
v 0.200754 6.757520 7.407866
v 0.170727 6.735248 7.405121
v 0.134139 6.716969 7.402870
v 0.092396 6.703387 7.401196
v 0.047102 6.695023 7.400166
v -0.000001 6.692199 7.399818
v -0.047105 6.695023 7.400166
v -0.092399 6.703387 7.401196
v -0.134142 6.716969 7.402870
v -0.170730 6.735248 7.405121
v -0.200757 6.757520 7.407866
v -0.223069 6.782931 7.410996
v -0.236808 6.810503 7.414393
v -0.241448 6.839177 7.417925
v -0.236808 6.867851 7.421458
v -0.223069 6.895424 7.424855
v -0.200757 6.920834 7.427985
v -0.170730 6.943107 7.430728
v -0.134142 6.961385 7.432980
v -0.092399 6.974967 7.434653
v -0.047105 6.983331 7.435684
v -0.000001 7.179680 6.910417
v 0.074055 7.175240 6.909869
v 0.145265 7.162089 6.908248
v 0.210893 7.140737 6.905618
v 0.268416 7.111999 6.902078
v 0.315624 7.076982 6.897764
v 0.350703 7.037032 6.892844
v 0.372304 6.993683 6.887503
v 0.379598 6.948602 6.881948
v 0.372304 6.903521 6.876395
v 0.350703 6.860172 6.871055
v 0.315624 6.820222 6.866133
v 0.268416 6.785205 6.861819
v 0.210893 6.756468 6.858279
v 0.145265 6.735115 6.855649
v 0.074055 6.721964 6.854028
v -0.000001 6.717525 6.853482
v -0.074058 6.721964 6.854028
v -0.145268 6.735115 6.855649
v -0.210895 6.756468 6.858279
v -0.268419 6.785205 6.861819
v -0.315627 6.820222 6.866133
v -0.350705 6.860172 6.871055
v -0.372307 6.903521 6.876395
v -0.379601 6.948602 6.881948
v -0.372307 6.993683 6.887503
v -0.350705 7.037032 6.892844
v -0.315627 7.076982 6.897764
v -0.268419 7.111999 6.902078
v -0.210895 7.140737 6.905618
v -0.145268 7.162089 6.908248
v -0.074058 7.175240 6.909869
v -0.000001 7.230417 6.498575
v 0.074055 7.225976 6.498027
v 0.145265 7.212826 6.496407
v 0.210893 7.191473 6.493776
v 0.268416 7.162735 6.490236
v 0.315624 7.127718 6.485922
v 0.350703 7.087769 6.481002
v 0.372304 7.044419 6.475661
v 0.379598 6.999339 6.470106
v 0.372304 6.954257 6.464553
v 0.350703 6.910909 6.459212
v 0.315624 6.870959 6.454291
v 0.268416 6.835942 6.449977
v 0.210893 6.807205 6.446437
v 0.145265 6.785851 6.443806
v 0.074055 6.772700 6.442186
v -0.000001 6.768261 6.441639
v -0.074057 6.772700 6.442186
v -0.145268 6.785851 6.443806
v -0.210895 6.807205 6.446437
v -0.268418 6.835942 6.449977
v -0.315627 6.870959 6.454291
v -0.350705 6.910909 6.459212
v -0.372307 6.954257 6.464553
v -0.379601 6.999339 6.470106
v -0.372307 7.044419 6.475661
v -0.350705 7.087769 6.481002
v -0.315627 7.127718 6.485922
v -0.268419 7.162735 6.490236
v -0.210895 7.191473 6.493776
v -0.145268 7.212826 6.496407
v -0.074057 7.225976 6.498027
v -0.000001 7.206969 6.149137
v 0.061981 7.203252 6.148679
v 0.121580 7.192246 6.147323
v 0.176508 7.174375 6.145121
v 0.224652 7.150322 6.142158
v 0.264163 7.121015 6.138547
v 0.293523 7.087579 6.134429
v 0.311602 7.051297 6.129960
v 0.317707 7.013567 6.125310
v 0.311602 6.975835 6.120663
v 0.293523 6.939555 6.116193
v 0.264163 6.906118 6.112073
v 0.224652 6.876811 6.108463
v 0.176508 6.852759 6.105500
v 0.121580 6.834888 6.103299
v 0.061981 6.823880 6.101943
v -0.000001 6.820165 6.101485
v -0.061983 6.823880 6.101943
v -0.121583 6.834888 6.103299
v -0.176510 6.852759 6.105500
v -0.224655 6.876811 6.108463
v -0.264166 6.906118 6.112073
v -0.293525 6.939555 6.116193
v -0.311605 6.975835 6.120663
v -0.317709 7.013567 6.125310
v -0.311605 7.051297 6.129960
v -0.293525 7.087579 6.134429
v -0.264166 7.121015 6.138547
v -0.224655 7.150322 6.142158
v -0.176510 7.174375 6.145121
v -0.121583 7.192246 6.147323
v -0.061983 7.203252 6.148679
v -0.000001 7.308639 5.783299
v 0.045307 7.305921 5.782964
v 0.088875 7.297875 5.781973
v 0.129026 7.284812 5.780364
v 0.164220 7.267230 5.778198
v 0.193102 7.245806 5.775558
v 0.214564 7.221364 5.772548
v 0.227780 7.194842 5.769280
v 0.232242 7.167262 5.765882
v 0.227780 7.139680 5.762485
v 0.214564 7.113159 5.759217
v 0.193102 7.088717 5.756206
v 0.164220 7.067293 5.753567
v 0.129026 7.049712 5.751401
v 0.088875 7.036647 5.749792
v 0.045307 7.028601 5.748800
v -0.000001 7.025885 5.748466
v -0.045310 7.028601 5.748800
v -0.088877 7.036647 5.749792
v -0.129029 7.049712 5.751401
v -0.164222 7.067293 5.753567
v -0.193105 7.088717 5.756206
v -0.214566 7.113159 5.759217
v -0.227782 7.139680 5.762485
v -0.232245 7.167262 5.765882
v -0.227782 7.194842 5.769280
v -0.214566 7.221364 5.772548
v -0.193105 7.245806 5.775558
v -0.164222 7.267230 5.778198
v -0.129029 7.284812 5.780364
v -0.088877 7.297875 5.781973
v -0.045310 7.305921 5.782964
v -0.000001 7.397222 5.482490
v 0.017461 7.396175 5.482361
v 0.034252 7.393074 5.481979
v 0.049726 7.388040 5.481359
v 0.063290 7.381263 5.480525
v 0.074422 7.373006 5.479507
v 0.082693 7.363586 5.478347
v 0.087786 7.353365 5.477087
v 0.089506 7.342735 5.475778
v 0.087786 7.332105 5.474468
v 0.082693 7.321884 5.473209
v 0.074422 7.312464 5.472049
v 0.063290 7.304207 5.471031
v 0.049726 7.297431 5.470197
v 0.034252 7.292396 5.469576
v 0.017461 7.289295 5.469194
v -0.000001 7.288248 5.469065
v -0.017463 7.289295 5.469194
v -0.034254 7.292396 5.469576
v -0.049729 7.297431 5.470197
v -0.063292 7.304207 5.471031
v -0.074424 7.312464 5.472049
v -0.082695 7.321884 5.473209
v -0.087789 7.332105 5.474468
v -0.089509 7.342735 5.475778
v -0.087789 7.353365 5.477087
v -0.082695 7.363586 5.478347
v -0.074424 7.373006 5.479507
v -0.063292 7.381263 5.480525
v -0.049729 7.388040 5.481359
v -0.034254 7.393074 5.481979
v -0.017463 7.396175 5.482361
v 1.274743 4.120804 7.963002
v 1.379405 4.102378 7.701303
v 1.443857 4.082384 7.417344
v 1.465619 3.896121 7.122036
v 1.443857 3.790359 6.826728
v 1.379406 3.770365 6.542769
v 1.274743 3.751939 6.281071
v 1.133891 3.735788 6.051691
v 0.962262 3.722534 5.863444
v 0.766452 3.712685 5.723562
v 1.039392 5.985841 7.585988
v 1.117898 5.972020 7.445179
v 1.166242 5.957023 7.292391
v 1.182565 5.941427 7.133497
v 1.166242 5.925830 6.974604
v 1.117898 5.910833 6.821815
v 1.039393 5.897012 6.681006
v 0.933742 5.884898 6.557585
v 0.805006 5.874956 6.456297
v 0.658132 5.867568 6.381032
v 1.245401 4.395750 5.125276
v 1.032865 4.387935 5.014276
v 0.790384 4.382126 4.931795
v 0.997546 5.662976 5.423578
v 0.838127 5.657113 5.363853
v 0.656246 5.652757 5.319473
v 0.887381 5.723027 3.690806
v 0.802938 5.733611 3.647881
v 0.706599 5.741476 3.615984
v 0.788906 6.165809 3.958169
v 0.725567 6.170877 3.934870
v 0.653304 6.174643 3.917558
v 0.919547 5.607938 3.442589
v 0.845891 5.572315 3.393692
v 0.759157 5.535967 3.354747
v 0.672469 6.072893 3.444857
v 0.615962 6.047843 3.417294
v 0.549969 6.021819 3.394855
v 0.843960 5.520194 1.343900
v 0.798797 5.498352 1.313919
v 0.745616 5.476065 1.290040
v 0.692462 5.805284 1.345291
v 0.657814 5.789924 1.328391
v 0.617350 5.773968 1.314632
v 0.878143 5.341889 0.533856
v 0.811286 5.309556 0.489474
v 0.732559 5.276563 0.454124
v 0.797458 5.763921 0.535915
v 0.746167 5.741184 0.510897
v 0.686266 5.717564 0.490529
v 0.932964 4.883412 -0.021386
v 0.760515 4.846261 -0.029722
v 0.574803 4.808352 -0.022443
v 0.781915 5.368331 0.024776
v 0.658882 5.342206 0.027509
v 0.524277 5.315065 0.039647
v 1.183443 -3.456239 10.703493
v 1.257183 -3.392101 10.695536
v 1.350603 -3.349519 10.671970
v 1.460114 -3.330129 10.633704
v 1.581506 -3.334678 10.582207
v 1.710116 -3.362990 10.519454
v 1.840999 -3.413976 10.447865
v 1.969128 -3.485678 10.370181
v 2.089577 -3.575341 10.289396
v 2.197719 -3.679518 10.208610
v 2.289396 -3.794206 10.130928
v 2.361088 -3.914999 10.059337
v 2.410036 -4.037252 9.996585
v 2.434361 -4.156269 9.945086
v 2.433130 -4.267476 9.906820
v 2.406388 -4.366599 9.883255
v 2.355162 -4.449829 9.875299
v 2.281423 -4.513967 9.883255
v 2.188003 -4.556549 9.906820
v 2.078492 -4.575938 9.945086
v 1.957100 -4.571390 9.996585
v 1.828492 -4.543079 10.059337
v 1.697607 -4.492091 10.130928
v 1.569478 -4.420389 10.208610
v 1.449028 -4.330726 10.289396
v 1.340887 -4.226549 10.370181
v 1.249209 -4.111860 10.447865
v 1.177519 -3.991070 10.519454
v 1.128570 -3.868815 10.582207
v 1.104244 -3.749799 10.633704
v 1.105476 -3.638592 10.671970
v 1.132218 -3.539469 10.695536
v 1.059584 -3.351209 11.292958
v 1.169040 -3.256006 11.281148
v 1.307708 -3.192799 11.246169
v 1.470260 -3.164019 11.189368
v 1.650448 -3.170770 11.112928
v 1.841350 -3.212795 11.019780
v 2.035626 -3.288476 10.913517
v 2.225814 -3.394908 10.798208
v 2.404603 -3.527999 10.678294
v 2.565124 -3.682635 10.558378
v 2.701205 -3.852872 10.443072
v 2.807621 -4.032170 10.336806
v 2.880278 -4.213636 10.243660
v 2.916384 -4.390298 10.167219
v 2.914557 -4.555369 10.110419
v 2.874862 -4.702502 10.075440
v 2.798825 -4.826044 10.063631
v 2.689371 -4.921248 10.075440
v 2.550702 -4.984455 10.110419
v 2.388150 -5.013235 10.167219
v 2.207962 -5.006484 10.243660
v 2.017061 -4.964459 10.336806
v 1.822783 -4.888777 10.443072
v 1.632595 -4.782345 10.558378
v 1.453805 -4.649254 10.678294
v 1.293285 -4.494619 10.798208
v 1.157203 -4.324381 10.913517
v 1.050791 -4.145085 11.019780
v 0.978132 -3.963618 11.112928
v 0.942024 -3.786955 11.189368
v 0.943853 -3.621885 11.246169
v 0.983549 -3.474752 11.281148
v 1.474418 -3.702979 11.659976
v 1.576220 -3.605112 11.653488
v 1.695997 -3.529566 11.634270
v 1.829145 -3.479244 11.603065
v 1.970547 -3.456078 11.561069
v 2.114774 -3.460963 11.509892
v 2.256273 -3.493704 11.451511
v 2.389617 -3.553050 11.388160
v 2.509677 -3.636716 11.322279
v 2.611840 -3.741489 11.256396
v 2.692178 -3.863341 11.193048
v 2.747606 -3.997590 11.134665
v 2.775994 -4.139078 11.083490
v 2.776248 -4.282366 11.041493
v 2.748361 -4.421947 11.010287
v 2.693405 -4.552459 10.991070
v 2.613490 -4.668885 10.984583
v 2.511690 -4.766752 10.991070
v 2.391913 -4.842299 11.010287
v 2.258765 -4.892622 11.041493
v 2.117363 -4.915786 11.083490
v 1.973138 -4.910903 11.134665
v 1.831636 -4.878160 11.193048
v 1.698293 -4.818816 11.256396
v 1.578232 -4.735148 11.322279
v 1.476071 -4.630376 11.388160
v 1.395730 -4.508523 11.451511
v 1.340305 -4.374276 11.509892
v 1.311916 -4.232787 11.561069
v 1.311662 -4.089500 11.603065
v 1.339548 -3.949918 11.634270
v 1.394504 -3.819406 11.653488
v 1.860362 -4.030251 11.678262
v 1.913251 -3.979406 11.674891
v 1.975479 -3.940158 11.664907
v 2.044653 -3.914013 11.648694
v 2.118114 -3.901978 11.626877
v 2.193045 -3.904516 11.600288
v 2.266557 -3.921526 11.569959
v 2.335834 -3.952358 11.537045
v 2.398208 -3.995825 11.502819
v 2.451284 -4.050257 11.468591
v 2.493022 -4.113563 11.435679
v 2.521819 -4.183309 11.405348
v 2.536567 -4.256815 11.378762
v 2.536699 -4.331258 11.356943
v 2.522212 -4.403774 11.340731
v 2.493660 -4.471579 11.330747
v 2.452142 -4.532065 11.327376
v 2.399253 -4.582911 11.330747
v 2.337026 -4.622159 11.340731
v 2.267852 -4.648303 11.356943
v 2.194390 -4.660337 11.378762
v 2.119461 -4.657800 11.405348
v 2.045947 -4.640790 11.435679
v 1.976671 -4.609958 11.468591
v 1.914296 -4.566491 11.502819
v 1.861220 -4.512059 11.537045
v 1.819482 -4.448753 11.569959
v 1.790687 -4.379007 11.600288
v 1.775938 -4.305501 11.626877
v 1.775805 -4.231058 11.648694
v 1.790294 -4.158542 11.664907
v 1.818845 -4.090737 11.674891
v 2.097719 -4.231523 11.720473
v 2.117546 -4.212463 11.719209
v 2.140873 -4.197750 11.715466
v 2.166804 -4.187949 11.709389
v 2.194343 -4.183438 11.701210
v 2.222432 -4.184389 11.691242
v 2.249990 -4.190765 11.679873
v 2.275960 -4.202324 11.667534
v 2.299342 -4.218618 11.654704
v 2.319239 -4.239024 11.641872
v 2.334885 -4.262755 11.629535
v 2.345680 -4.288900 11.618164
v 2.351209 -4.316456 11.608198
v 2.351258 -4.344362 11.600019
v 2.345827 -4.371547 11.593942
v 2.335124 -4.396965 11.590199
v 2.319561 -4.419640 11.588936
v 2.299734 -4.438700 11.590199
v 2.276407 -4.453413 11.593942
v 2.250476 -4.463213 11.600019
v 2.222936 -4.467725 11.608198
v 2.194848 -4.466774 11.618164
v 2.167289 -4.460397 11.629535
v 2.141320 -4.448839 11.641872
v 2.117938 -4.432545 11.654704
v 2.098041 -4.412139 11.667534
v 2.082394 -4.388408 11.679873
v 2.071600 -4.362263 11.691242
v 2.066071 -4.334706 11.701210
v 2.066021 -4.306801 11.709389
v 2.071453 -4.279616 11.715466
v 2.082155 -4.254198 11.719209
v 1.810041 -2.879861 11.692593
v 1.932834 -2.906893 11.632678
v 2.057798 -2.955573 11.564325
v 2.015937 -3.063378 11.980846
v 2.108707 -3.066520 11.947929
v 2.199723 -3.087580 11.910378
v 2.049255 -1.977136 12.527080
v 2.067603 -1.981175 12.518128
v 2.086275 -1.988449 12.507915
v 2.080020 -2.004557 12.570151
v 2.093881 -2.005027 12.565232
v 2.107481 -2.008173 12.559622
v 3.195617 -4.806246 10.006275
v 3.194400 -4.916081 9.968481
v 3.167988 -5.013981 9.945208
v 3.117395 -5.096183 9.937348
v 3.044566 -5.159531 9.945207
v 2.952298 -5.201587 9.968480
v 2.844139 -5.220737 10.006274
v 3.102372 -4.734430 10.588000
v 3.083817 -4.827305 10.567236
v 3.047250 -4.914145 10.554450
v 2.994076 -4.991613 10.550133
v 2.926340 -5.056732 10.554450
v 2.846643 -5.106999 10.567236
v 2.758049 -5.140483 10.588000
v 3.486511 -5.301019 9.984224
v 3.473665 -5.323786 9.960550
v 3.457963 -5.346994 9.945972
v 3.440008 -5.369752 9.941051
v 3.420491 -5.391185 9.945972
v 3.400160 -5.410469 9.960550
v 3.379799 -5.426863 9.984224
v 3.570959 -5.374830 10.125262
v 3.557860 -5.396698 10.110538
v 3.542161 -5.419166 10.101470
v 3.524465 -5.441369 10.098408
v 3.505451 -5.462456 10.101469
v 3.485852 -5.481616 10.110537
v 3.466419 -5.498112 10.125261
v -0.267887 4.267893 9.070918
v -0.267887 0.623616 9.331201
v -0.525477 4.260540 8.966485
v -0.525477 0.616263 9.226768
v -0.762874 4.248599 8.796896
v -0.762874 0.604322 9.057178
v -0.970954 4.232529 8.568667
v -0.970954 0.588252 8.828950
v -1.141721 3.831023 8.290571
v -1.141721 0.568671 8.550853
v -1.268612 3.808684 7.973292
v -1.268612 0.546332 8.233575
v -1.346752 3.784443 7.629025
v -1.346751 0.522092 7.889307
v -1.373136 3.592250 7.270999
v -1.373136 0.496883 7.531281
v -1.346751 3.483586 6.912972
v -1.346751 0.471674 7.173254
v -1.268612 3.459346 6.568705
v -1.268612 0.447434 6.828987
v -1.141721 3.437007 6.251426
v -1.141721 0.425094 6.511708
v -0.970954 3.417426 5.973329
v -0.970954 0.405513 6.233611
v -0.762874 3.401356 5.745101
v -0.762874 0.389444 6.005383
v -0.525477 3.389415 5.575511
v -0.525477 0.377503 5.835793
v -0.267886 3.382062 5.471079
v -0.267886 0.370150 5.731360
v 0.267884 3.475113 5.471079
v 0.267884 0.370150 5.731360
v 0.525475 3.771340 5.575511
v 0.525475 0.377503 5.835793
v 0.762872 4.033720 5.745101
v 0.762872 0.389444 6.005383
v 0.970952 4.049790 5.973329
v 0.970952 0.405513 6.233611
v 1.141718 4.069371 6.251426
v 1.141719 0.425094 6.511708
v 1.268610 4.091711 6.568705
v 1.268610 0.447434 6.828987
v 1.346749 4.115951 6.912972
v 1.346749 0.471674 7.173254
v 1.373133 4.141160 7.270999
v 1.373133 0.496883 7.531281
v 1.346749 4.166368 7.629025
v 1.346749 0.522092 7.889307
v 1.268609 4.190609 7.973292
v 1.268610 0.546332 8.233575
v 1.141718 4.212949 8.290571
v 1.141718 0.568671 8.550853
v 0.970951 4.232529 8.568667
v 0.970951 0.588252 8.828950
v 0.762871 4.248599 8.796896
v 0.762871 0.604322 9.057178
v 0.525474 4.260540 8.966485
v 0.525474 0.616263 9.226768
v 0.267884 4.267893 9.070918
v 0.267884 0.623616 9.331201
v -0.200938 6.165076 8.253363
v -0.394152 6.159560 8.197171
v -0.572219 6.150604 8.105923
v -0.728297 6.138550 7.983121
v -0.856386 6.123863 7.833487
v -0.951565 6.107106 7.662772
v -1.010176 6.088924 7.477534
v -1.029966 6.070015 7.284894
v -1.010176 6.051107 7.092253
v -0.951565 6.032925 6.907016
v -0.856386 6.016168 6.736301
v -0.728296 6.001481 6.586668
v -0.572219 5.989427 6.463867
v -0.394152 5.980470 6.372617
v -0.200937 5.974955 6.316425
v 0.200935 5.974955 6.316425
v 0.394150 5.980470 6.372617
v 0.572217 5.989427 6.463867
v 0.728295 6.001481 6.586668
v 0.856384 6.016168 6.736301
v 0.951563 6.032925 6.907016
v 1.010174 6.051107 7.092253
v 1.029964 6.070015 7.284894
v 1.010174 6.088924 7.477534
v 0.951563 6.107106 7.662772
v 0.856384 6.123863 7.833487
v 0.728294 6.138551 7.983121
v 0.572217 6.150604 8.105923
v 0.394149 6.159561 8.197171
v 0.200935 6.165076 8.253363
v -0.043595 6.482427 8.039850
v -0.085513 6.481231 8.027659
v -0.124144 6.479288 8.007863
v -0.158005 6.476673 7.981220
v -0.185795 6.473486 7.948758
v -0.206444 6.469851 7.911721
v -0.219159 6.465906 7.871533
v -0.223453 6.461804 7.829740
v -0.219159 6.457702 7.787946
v -0.206444 6.453757 7.747758
v -0.185794 6.450122 7.710721
v -0.158005 6.446935 7.678259
v -0.124144 6.444320 7.651618
v -0.085512 6.442377 7.631821
v -0.043594 6.441181 7.619629
v 0.043592 6.441181 7.619629
v 0.085510 6.442377 7.631821
v 0.124142 6.444320 7.651618
v 0.158003 6.446935 7.678259
v 0.185792 6.450122 7.710721
v 0.206441 6.453757 7.747758
v 0.219157 6.457702 7.787946
v 0.223451 6.461804 7.829740
v 0.219157 6.465906 7.871533
v 0.206441 6.469851 7.911721
v 0.185792 6.473486 7.948758
v 0.158003 6.476673 7.981220
v 0.124142 6.479288 8.007863
v 0.085510 6.481231 8.027659
v 0.043592 6.482427 8.039850
v -0.221807 -2.074625 9.332670
v -0.435088 -2.081978 9.228237
v -0.631649 -2.093919 9.058648
v -0.803936 -2.109989 8.830420
v -0.945328 -2.129570 8.552322
v -1.050392 -2.151910 8.235044
v -1.115090 -2.176150 7.890776
v -1.136936 -2.201359 7.532750
v -1.115090 -2.226567 7.174724
v -1.050392 -2.250808 6.830456
v -0.945328 -2.273147 6.513177
v -0.803935 -2.292728 6.235079
v -0.631648 -2.308798 6.006852
v -0.435087 -2.320739 5.837262
v -0.221806 -2.328092 5.732830
v 0.221804 -2.328092 5.732830
v 0.435085 -2.320739 5.837262
v 0.631646 -2.308798 6.006852
v 0.803933 -2.292728 6.235079
v 0.945326 -2.273147 6.513177
v 1.050390 -2.250807 6.830456
v 1.115088 -2.226567 7.174724
v 1.136934 -2.201359 7.532750
v 1.115088 -2.176150 7.890776
v 1.050390 -2.151910 8.235044
v 0.945325 -2.129570 8.552322
v 0.803933 -2.109989 8.830420
v 0.631646 -2.093919 9.058648
v 0.435085 -2.081978 9.228237
v 0.221804 -2.074625 9.332670
v 0.310787 -2.922543 9.437419
v 0.229327 -3.051836 9.359450
v 0.165764 -3.180754 9.232836
v 0.122542 -3.304343 9.062443
v 0.101321 -3.417855 8.854815
v 0.102916 -3.516925 8.617938
v 0.127267 -3.597748 8.360909
v 0.173437 -3.657218 8.093610
v 0.239652 -3.693048 7.826308
v 0.323368 -3.703863 7.569281
v 0.421368 -3.689247 7.332402
v 0.529885 -3.649761 7.124776
v 0.644749 -3.586921 6.954382
v 0.761547 -3.503145 6.827768
v 0.875789 -3.401651 6.749800
v 1.079311 -3.161640 6.749800
v 1.160771 -3.032348 6.827768
v 1.224334 -2.903430 6.954382
v 1.267557 -2.779841 7.124776
v 1.288778 -2.666330 7.332403
v 1.287182 -2.567259 7.569282
v 1.262832 -2.486436 7.826309
v 1.216661 -2.426966 8.093610
v 1.150446 -2.391135 8.360909
v 1.066729 -2.380320 8.617938
v 0.968730 -2.394937 8.854815
v 0.860213 -2.434423 9.062443
v 0.745349 -2.497262 9.232836
v 0.628551 -2.581039 9.359450
v 0.514310 -2.682533 9.437419
v 0.565383 -3.087317 9.562486
v 0.519625 -3.197730 9.513824
v 0.497011 -3.316072 9.434801
v 0.498411 -3.437794 9.328455
v 0.523769 -3.558218 9.198870
v 0.572113 -3.672718 9.051030
v 0.641584 -3.776891 8.890613
v 0.729511 -3.866735 8.723784
v 0.832518 -3.938799 8.556955
v 0.946644 -3.990311 8.396539
v 1.067505 -4.019293 8.248697
v 1.190454 -4.024631 8.119113
v 1.310768 -4.006118 8.012767
v 1.423823 -3.964469 7.933743
v 1.525274 -3.901282 7.885081
v 1.678367 -3.720743 7.885082
v 1.724125 -3.610330 7.933743
v 1.746738 -3.491988 8.012767
v 1.745339 -3.370266 8.119113
v 1.719981 -3.249842 8.248697
v 1.671637 -3.135343 8.396539
v 1.602166 -3.031169 8.556955
v 1.514238 -2.941324 8.723784
v 1.411232 -2.869262 8.890613
v 1.297106 -2.817749 9.051030
v 1.176246 -2.788768 9.198870
v 1.053296 -2.783430 9.328455
v 0.932982 -2.801942 9.434801
v 0.819927 -2.843591 9.513824
v 0.718475 -2.906778 9.562486
v 0.784215 -3.247642 9.899649
v 0.756783 -3.349324 9.875475
v 0.755519 -3.463403 9.836221
v 0.780473 -3.585492 9.783394
v 0.830686 -3.710903 9.719021
v 0.904227 -3.834812 9.645582
v 0.998272 -3.952462 9.565893
v 1.109206 -4.059329 9.483023
v 1.232766 -4.151308 9.400149
v 1.364202 -4.224861 9.320462
v 1.498466 -4.277165 9.247022
v 1.630396 -4.306207 9.182651
v 1.754923 -4.310873 9.129823
v 1.867261 -4.290984 9.090569
v 1.963093 -4.247302 9.066395
v 2.091284 -4.096128 9.066395
v 2.118717 -3.994446 9.090569
v 2.119980 -3.880367 9.129823
v 2.095027 -3.758278 9.182651
v 2.044815 -3.632868 9.247022
v 1.971272 -3.508957 9.320462
v 1.877228 -3.391307 9.400149
v 1.766294 -3.284440 9.483023
v 1.642734 -3.192462 9.565893
v 1.511297 -3.118909 9.645582
v 1.377034 -3.066606 9.719021
v 1.245104 -3.037563 9.783394
v 1.120577 -3.032897 9.836221
v 1.008239 -3.052787 9.875475
v 0.912407 -3.096468 9.899649
v 1.060152 -3.478359 10.520262
v 1.033409 -3.577482 10.496696
v 1.032177 -3.688689 10.458431
v 1.056503 -3.807705 10.406933
v 1.105453 -3.929959 10.344180
v 1.177143 -4.050750 10.272591
v 1.268820 -4.165439 10.194907
v 1.376962 -4.269616 10.114122
v 1.497412 -4.359279 10.033336
v 1.625540 -4.430981 9.955654
v 1.756425 -4.481968 9.884063
v 1.885034 -4.510280 9.821311
v 2.006426 -4.514828 9.769814
v 2.115937 -4.495438 9.731547
v 2.209357 -4.452857 9.707982
v 2.334321 -4.305489 9.707982
v 2.361063 -4.206366 9.731547
v 2.362295 -4.095158 9.769814
v 2.337970 -3.976142 9.821311
v 2.289021 -3.853888 9.884063
v 2.217330 -3.733096 9.955654
v 2.125652 -3.618408 10.033336
v 2.017510 -3.514231 10.114122
v 1.897061 -3.424568 10.194907
v 1.768932 -3.352865 10.272591
v 1.638049 -3.301879 10.344180
v 1.509439 -3.273567 10.406933
v 1.388047 -3.269019 10.458431
v 1.278537 -3.288408 10.496696
v 1.185117 -3.330990 10.520262
v -1.262481 -0.558541 7.531970
v -1.238223 -0.583750 7.173943
v 0.246297 -0.685274 5.732049
v 0.483129 -0.677921 5.836482
v 1.166378 -0.509092 8.234263
v 1.049712 -0.486752 8.551542
v -0.892709 -0.467171 8.829639
v -1.049715 -0.486752 8.551542
v -0.701397 -0.665980 6.006071
v -0.483131 -0.677921 5.836482
v 1.166378 -0.607990 6.829676
v 1.238220 -0.583750 7.173943
v -0.246299 -0.431808 9.331889
v 0.246296 -0.431808 9.331889
v -1.166380 -0.607990 6.829676
v 0.701395 -0.665980 6.006071
v 0.892707 -0.467171 8.829639
v -1.166380 -0.509092 8.234263
v -0.246299 -0.685274 5.732049
v 1.262478 -0.558541 7.531970
v -0.483132 -0.439161 9.227456
v -1.049715 -0.630330 6.512396
v 0.892707 -0.649911 6.234299
v 0.701395 -0.451102 9.057867
v -1.238223 -0.533332 7.889996
v 1.238220 -0.533332 7.889996
v -0.701398 -0.451102 9.057867
v -0.892709 -0.649911 6.234299
v 1.049712 -0.630330 6.512396
v 0.483129 -0.439161 9.227456
v -1.333857 -1.690128 6.852843
v -1.342469 -1.822385 6.437070
v -1.197981 -1.943393 6.211080
v -1.013786 -2.038551 5.978127
v -0.738075 -2.131548 5.831353
v -0.591826 -2.181252 5.794148
v -1.363100 -0.987026 6.829084
v -0.960859 -1.126092 5.771637
v -0.559249 -0.876349 5.799428
v -1.411991 -0.976207 6.562932
v -1.306526 -0.985244 6.137704
v -1.233191 -1.032036 5.999865
v -0.779192 -1.512836 4.425963
v -0.605370 -1.571466 4.333429
v -0.513166 -1.602802 4.309974
v -0.745824 -0.937575 4.295781
v -0.492628 -0.780124 4.313302
v -0.917516 -0.878277 4.439667
v -0.744573 -1.633659 1.535026
v -0.673402 -1.657665 1.497138
v -0.635650 -1.670496 1.487534
v -0.730911 -1.398120 1.481723
v -0.627240 -1.333652 1.488897
v -0.801210 -1.373841 1.540637
v -0.723010 -1.759091 0.582270
v -0.579724 -1.789485 0.505992
v -0.503719 -1.805730 0.486657
v -0.695504 -1.460870 0.474958
v -0.486789 -1.379246 0.489400
v -0.837033 -1.430130 0.593566
v -0.874865 -2.204520 0.005402
v -0.756385 -2.247261 0.007043
v -0.440366 -2.270106 0.008329
v -0.919198 -1.785151 -0.010212
v -0.416558 -1.670369 0.029968
v -1.035208 -1.741923 0.021287
v -0.047105 6.750606 7.800552
v -0.092399 6.742685 7.797676
v -0.134142 6.729823 7.793003
v -0.170730 6.712513 7.786715
v -0.200756 6.691420 7.779054
v -0.223068 6.667356 7.770312
v -0.236808 6.641245 7.760828
v -0.241447 6.614090 7.750963
v -0.236808 6.586935 7.741099
v -0.223068 6.560824 7.731615
v -0.200756 6.536760 7.722873
v -0.170730 6.515667 7.715211
v -0.134142 6.498358 7.708924
v -0.092399 6.485495 7.704252
v -0.047105 6.477574 7.701374
v 0.047103 6.477574 7.701374
v 0.092396 6.485495 7.704252
v 0.134139 6.498358 7.708924
v 0.170727 6.515667 7.715211
v 0.200754 6.536760 7.722873
v 0.223066 6.560824 7.731615
v 0.236806 6.586935 7.741099
v 0.241445 6.614090 7.750963
v 0.236806 6.641245 7.760828
v 0.223066 6.667356 7.770312
v 0.200754 6.691420 7.779054
v 0.170727 6.712513 7.786715
v 0.134139 6.729823 7.793003
v 0.092396 6.742685 7.797676
v 0.047103 6.750606 7.800552
v -0.047105 6.983331 7.435684
v -0.092399 6.974967 7.434653
v -0.134141 6.961385 7.432980
v -0.170729 6.943107 7.430728
v -0.200756 6.920834 7.427985
v -0.223068 6.895424 7.424855
v -0.236808 6.867851 7.421458
v -0.241447 6.839177 7.417925
v -0.236808 6.810503 7.414393
v -0.223068 6.782931 7.410996
v -0.200756 6.757520 7.407866
v -0.170729 6.735248 7.405121
v -0.134141 6.716969 7.402870
v -0.092399 6.703387 7.401196
v -0.047105 6.695023 7.400166
v 0.047103 6.695023 7.400166
v 0.092396 6.703387 7.401196
v 0.134139 6.716969 7.402870
v 0.170727 6.735248 7.405121
v 0.200754 6.757520 7.407866
v 0.223066 6.782931 7.410996
v 0.236806 6.810503 7.414393
v 0.241445 6.839177 7.417925
v 0.236806 6.867851 7.421458
v 0.223066 6.895424 7.424855
v 0.200754 6.920834 7.427985
v 0.170727 6.943107 7.430728
v 0.134139 6.961385 7.432980
v 0.092396 6.974967 7.434653
v 0.047103 6.983331 7.435684
v -0.074057 7.175240 6.909869
v -0.145267 7.162089 6.908248
v -0.210895 7.140737 6.905618
v -0.268418 7.111999 6.902078
v -0.315626 7.076982 6.897764
v -0.350705 7.037032 6.892844
v -0.372306 6.993683 6.887503
v -0.379600 6.948602 6.881948
v -0.372306 6.903521 6.876395
v -0.350705 6.860172 6.871055
v -0.315626 6.820222 6.866133
v -0.268418 6.785205 6.861819
v -0.210895 6.756468 6.858279
v -0.145267 6.735115 6.855649
v -0.074057 6.721964 6.854028
v 0.074055 6.721964 6.854028
v 0.145265 6.735115 6.855649
v 0.210893 6.756468 6.858279
v 0.268416 6.785205 6.861819
v 0.315624 6.820222 6.866133
v 0.350703 6.860172 6.871055
v 0.372304 6.903521 6.876395
v 0.379598 6.948602 6.881948
v 0.372304 6.993683 6.887503
v 0.350703 7.037032 6.892844
v 0.315624 7.076982 6.897764
v 0.268416 7.111999 6.902078
v 0.210893 7.140737 6.905618
v 0.145265 7.162089 6.908248
v 0.074055 7.175240 6.909869
v -0.074057 7.225976 6.498027
v -0.145267 7.212826 6.496407
v -0.210895 7.191473 6.493776
v -0.268418 7.162735 6.490236
v -0.315626 7.127718 6.485922
v -0.350705 7.087769 6.481002
v -0.372306 7.044419 6.475661
v -0.379600 6.999339 6.470106
v -0.372306 6.954257 6.464553
v -0.350705 6.910909 6.459212
v -0.315626 6.870959 6.454291
v -0.268418 6.835942 6.449977
v -0.210895 6.807205 6.446437
v -0.145267 6.785851 6.443806
v -0.074057 6.772700 6.442186
v 0.074055 6.772700 6.442186
v 0.145265 6.785851 6.443806
v 0.210893 6.807205 6.446437
v 0.268416 6.835942 6.449977
v 0.315624 6.870959 6.454291
v 0.350703 6.910909 6.459212
v 0.372304 6.954257 6.464553
v 0.379598 6.999339 6.470106
v 0.372304 7.044419 6.475661
v 0.350703 7.087769 6.481002
v 0.315624 7.127718 6.485922
v 0.268416 7.162735 6.490236
v 0.210893 7.191473 6.493776
v 0.145265 7.212826 6.496407
v 0.074055 7.225976 6.498027
v -0.061983 7.203252 6.148679
v -0.121583 7.192246 6.147323
v -0.176510 7.174375 6.145121
v -0.224655 7.150322 6.142158
v -0.264166 7.121015 6.138547
v -0.293525 7.087579 6.134429
v -0.311604 7.051297 6.129960
v -0.317709 7.013567 6.125310
v -0.311604 6.975835 6.120663
v -0.293525 6.939555 6.116193
v -0.264166 6.906118 6.112073
v -0.224655 6.876811 6.108463
v -0.176510 6.852759 6.105500
v -0.121583 6.834888 6.103299
v -0.061983 6.823880 6.101943
v 0.061981 6.823880 6.101943
v 0.121581 6.834888 6.103299
v 0.176508 6.852759 6.105500
v 0.224653 6.876811 6.108463
v 0.264164 6.906118 6.112073
v 0.293523 6.939555 6.116193
v 0.311602 6.975835 6.120663
v 0.317707 7.013567 6.125310
v 0.311602 7.051297 6.129960
v 0.293523 7.087579 6.134429
v 0.264164 7.121015 6.138547
v 0.224653 7.150322 6.142158
v 0.176508 7.174375 6.145121
v 0.121581 7.192246 6.147323
v 0.061981 7.203252 6.148679
v -0.045309 7.305921 5.782964
v -0.088877 7.297875 5.781973
v -0.129028 7.284812 5.780364
v -0.164222 7.267230 5.778198
v -0.193104 7.245806 5.775558
v -0.214566 7.221364 5.772548
v -0.227782 7.194842 5.769280
v -0.232244 7.167262 5.765882
v -0.227782 7.139680 5.762485
v -0.214566 7.113159 5.759217
v -0.193104 7.088717 5.756206
v -0.164222 7.067293 5.753567
v -0.129028 7.049712 5.751401
v -0.088877 7.036647 5.749792
v -0.045309 7.028601 5.748800
v 0.045308 7.028601 5.748800
v 0.088875 7.036647 5.749792
v 0.129027 7.049712 5.751401
v 0.164220 7.067293 5.753567
v 0.193103 7.088717 5.756206
v 0.214564 7.113159 5.759217
v 0.227780 7.139680 5.762485
v 0.232243 7.167262 5.765882
v 0.227780 7.194842 5.769280
v 0.214564 7.221364 5.772548
v 0.193103 7.245806 5.775558
v 0.164220 7.267230 5.778198
v 0.129027 7.284812 5.780364
v 0.088875 7.297875 5.781973
v 0.045308 7.305921 5.782964
v -0.017463 7.396175 5.482361
v -0.034254 7.393074 5.481979
v -0.049728 7.388040 5.481359
v -0.063292 7.381263 5.480525
v -0.074424 7.373006 5.479507
v -0.082695 7.363586 5.478347
v -0.087788 7.353365 5.477087
v -0.089508 7.342735 5.475778
v -0.087788 7.332105 5.474468
v -0.082695 7.321884 5.473209
v -0.074424 7.312464 5.472049
v -0.063292 7.304207 5.471031
v -0.049728 7.297431 5.470197
v -0.034254 7.292396 5.469576
v -0.017463 7.289295 5.469194
v 0.017461 7.289295 5.469194
v 0.034252 7.292396 5.469576
v 0.049727 7.297431 5.470197
v 0.063290 7.304207 5.471031
v 0.074422 7.312464 5.472049
v 0.082693 7.321884 5.473209
v 0.087787 7.332105 5.474468
v 0.089507 7.342735 5.475778
v 0.087787 7.353365 5.477087
v 0.082693 7.363586 5.478347
v 0.074422 7.373006 5.479507
v 0.063290 7.381263 5.480525
v 0.049727 7.388040 5.481359
v 0.034252 7.393074 5.481979
v 0.017461 7.396175 5.482361
v -1.274745 4.120804 7.963002
v -1.379408 4.102378 7.701303
v -1.443859 4.082384 7.417344
v -1.465621 3.896121 7.122036
v -1.443859 3.790359 6.826728
v -1.379408 3.770365 6.542769
v -1.274745 3.751939 6.281071
v -1.133893 3.735788 6.051691
v -0.962264 3.722534 5.863444
v -0.766454 3.712685 5.723562
v -1.039395 5.985841 7.585988
v -1.117900 5.972020 7.445179
v -1.166244 5.957023 7.292391
v -1.182568 5.941427 7.133497
v -1.166244 5.925830 6.974604
v -1.117900 5.910833 6.821815
v -1.039395 5.897012 6.681006
v -0.933744 5.884898 6.557585
v -0.805008 5.874956 6.456297
v -0.658134 5.867568 6.381032
v -1.245403 4.395750 5.125276
v -1.032866 4.387935 5.014276
v -0.790386 4.382126 4.931795
v -0.997548 5.662976 5.423578
v -0.838129 5.657113 5.363853
v -0.656247 5.652757 5.319473
v -0.887382 5.723027 3.690806
v -0.802940 5.733611 3.647881
v -0.706600 5.741476 3.615984
v -0.788908 6.165809 3.958169
v -0.725569 6.170877 3.934870
v -0.653306 6.174643 3.917558
v -0.919549 5.607938 3.442588
v -0.845892 5.572315 3.393692
v -0.759159 5.535967 3.354747
v -0.672471 6.072893 3.444857
v -0.615963 6.047843 3.417294
v -0.549970 6.021819 3.394855
v -0.843961 5.520194 1.343900
v -0.798797 5.498352 1.313919
v -0.745616 5.476065 1.290040
v -0.692463 5.805284 1.345291
v -0.657815 5.789924 1.328391
v -0.617351 5.773968 1.314632
v -0.878143 5.341889 0.533856
v -0.811286 5.309556 0.489473
v -0.732560 5.276563 0.454124
v -0.797458 5.763921 0.535915
v -0.746168 5.741184 0.510897
v -0.686267 5.717564 0.490529
v -0.932964 4.883412 -0.021386
v -0.760515 4.846261 -0.029723
v -0.574803 4.808352 -0.022443
v -0.781916 5.368331 0.024776
v -0.658883 5.342206 0.027509
v -0.524277 5.315065 0.039647
v 1.132218 -3.539469 10.695536
v 1.105476 -3.638592 10.671970
v 1.104244 -3.749799 10.633704
v 1.128569 -3.868816 10.582207
v 1.177519 -3.991070 10.519454
v 1.249209 -4.111861 10.447865
v 1.340887 -4.226549 10.370181
v 1.449028 -4.330726 10.289396
v 1.569478 -4.420390 10.208610
v 1.697606 -4.492091 10.130928
v 1.828491 -4.543079 10.059337
v 1.957100 -4.571390 9.996585
v 2.078492 -4.575938 9.945086
v 2.188003 -4.556549 9.906820
v 2.281423 -4.513967 9.883255
v 2.406388 -4.366599 9.883255
v 2.433130 -4.267476 9.906820
v 2.434361 -4.156269 9.945086
v 2.410036 -4.037252 9.996585
v 2.361088 -3.914999 10.059337
v 2.289396 -3.794207 10.130928
v 2.197719 -3.679519 10.208610
v 2.089576 -3.575341 10.289396
v 1.969127 -3.485679 10.370181
v 1.840999 -3.413976 10.447865
v 1.710115 -3.362990 10.519454
v 1.581506 -3.334678 10.582207
v 1.460113 -3.330130 10.633704
v 1.350603 -3.349519 10.671970
v 1.257183 -3.392101 10.695536
v 0.983548 -3.474752 11.281148
v 0.943853 -3.621885 11.246169
v 0.942024 -3.786955 11.189368
v 0.978132 -3.963618 11.112928
v 1.050790 -4.145086 11.019780
v 1.157204 -4.324381 10.913517
v 1.293285 -4.494619 10.798208
v 1.453805 -4.649254 10.678294
v 1.632595 -4.782346 10.558378
v 1.822783 -4.888777 10.443072
v 2.017061 -4.964459 10.336806
v 2.207962 -5.006484 10.243660
v 2.388150 -5.013235 10.167219
v 2.550702 -4.984455 10.110419
v 2.689371 -4.921248 10.075440
v 2.874862 -4.702502 10.075440
v 2.914557 -4.555369 10.110419
v 2.916384 -4.390299 10.167219
v 2.880278 -4.213636 10.243660
v 2.807620 -4.032170 10.336806
v 2.701205 -3.852872 10.443072
v 2.565124 -3.682635 10.558378
v 2.404603 -3.527999 10.678294
v 2.225814 -3.394908 10.798208
v 2.035626 -3.288476 10.913517
v 1.841350 -3.212795 11.019780
v 1.650448 -3.170770 11.112928
v 1.470259 -3.164019 11.189368
v 1.307708 -3.192799 11.246169
v 1.169040 -3.256006 11.281148
v 1.394504 -3.819406 11.653488
v 1.339548 -3.949918 11.634270
v 1.311662 -4.089500 11.603065
v 1.311916 -4.232787 11.561069
v 1.340306 -4.374277 11.509892
v 1.395730 -4.508523 11.451511
v 1.476071 -4.630376 11.388160
v 1.578233 -4.735148 11.322279
v 1.698293 -4.818815 11.256396
v 1.831636 -4.878160 11.193048
v 1.973138 -4.910903 11.134665
v 2.117363 -4.915786 11.083490
v 2.258765 -4.892622 11.041493
v 2.391913 -4.842299 11.010287
v 2.511690 -4.766752 10.991070
v 2.693405 -4.552459 10.991070
v 2.748362 -4.421947 11.010287
v 2.776248 -4.282366 11.041493
v 2.775994 -4.139078 11.083490
v 2.747606 -3.997590 11.134665
v 2.692178 -3.863341 11.193048
v 2.611840 -3.741489 11.256396
v 2.509677 -3.636716 11.322279
v 2.389617 -3.553050 11.388160
v 2.256273 -3.493704 11.451511
v 2.114773 -3.460963 11.509892
v 1.970547 -3.456078 11.561069
v 1.829145 -3.479244 11.603065
v 1.695997 -3.529566 11.634270
v 1.576220 -3.605112 11.653488
v 1.818845 -4.090737 11.674891
v 1.790294 -4.158542 11.664907
v 1.775805 -4.231058 11.648694
v 1.775938 -4.305501 11.626877
v 1.790687 -4.379008 11.600288
v 1.819482 -4.448753 11.569959
v 1.861220 -4.512059 11.537045
v 1.914296 -4.566491 11.502819
v 1.976671 -4.609958 11.468591
v 2.045947 -4.640790 11.435679
v 2.119461 -4.657800 11.405348
v 2.194390 -4.660337 11.378762
v 2.267852 -4.648303 11.356943
v 2.337026 -4.622159 11.340731
v 2.399253 -4.582910 11.330747
v 2.493660 -4.471579 11.330747
v 2.522212 -4.403774 11.340731
v 2.536699 -4.331258 11.356943
v 2.536567 -4.256815 11.378762
v 2.521819 -4.183309 11.405348
v 2.493022 -4.113563 11.435679
v 2.451284 -4.050257 11.468591
v 2.398208 -3.995825 11.502819
v 2.335834 -3.952358 11.537045
v 2.266557 -3.921526 11.569959
v 2.193044 -3.904516 11.600288
v 2.118114 -3.901978 11.626877
v 2.044653 -3.914013 11.648694
v 1.975479 -3.940158 11.664907
v 1.913251 -3.979406 11.674891
v 2.082155 -4.254198 11.719209
v 2.071453 -4.279616 11.715466
v 2.066021 -4.306801 11.709389
v 2.066071 -4.334706 11.701210
v 2.071600 -4.362263 11.691242
v 2.082394 -4.388408 11.679873
v 2.098041 -4.412139 11.667534
v 2.117938 -4.432545 11.654704
v 2.141320 -4.448839 11.641872
v 2.167289 -4.460397 11.629535
v 2.194848 -4.466774 11.618164
v 2.222936 -4.467725 11.608198
v 2.250476 -4.463213 11.600019
v 2.276407 -4.453413 11.593942
v 2.299734 -4.438700 11.590199
v 2.335124 -4.396965 11.590199
v 2.345827 -4.371547 11.593942
v 2.351258 -4.344362 11.600019
v 2.351209 -4.316456 11.608198
v 2.345680 -4.288900 11.618164
v 2.334885 -4.262755 11.629535
v 2.319239 -4.239024 11.641872
v 2.299342 -4.218618 11.654704
v 2.275960 -4.202324 11.667534
v 2.249990 -4.190765 11.679873
v 2.222432 -4.184389 11.691242
v 2.194344 -4.183438 11.701210
v 2.166804 -4.187949 11.709389
v 2.140873 -4.197750 11.715466
v 2.117546 -4.212463 11.719209
v 0.717216 -4.168607 11.692593
v 0.763951 -4.285331 11.632678
v 0.832399 -4.400659 11.564325
v 0.931914 -4.341743 11.980846
v 0.950174 -4.432753 11.947929
v 0.985825 -4.519104 11.910378
v 0.410047 -4.857023 12.527080
v 0.417030 -4.874464 12.518128
v 0.427257 -4.891696 12.507915
v 0.442127 -4.882892 12.570151
v 0.444855 -4.896491 12.565232
v 0.450182 -4.909394 12.559622
v 2.844139 -5.220737 10.006274
v 2.952298 -5.201587 9.968480
v 3.044566 -5.159531 9.945207
v 3.167988 -5.013981 9.945208
v 3.194400 -4.916081 9.968481
v 3.195617 -4.806246 10.006275
v 2.758049 -5.140483 10.588000
v 2.846643 -5.106999 10.567236
v 2.926340 -5.056732 10.554450
v 3.047250 -4.914145 10.554450
v 3.083817 -4.827305 10.567236
v 3.102372 -4.734430 10.588000
v 3.379799 -5.426863 9.984224
v 3.400160 -5.410469 9.960550
v 3.420491 -5.391185 9.945972
v 3.457963 -5.346994 9.945972
v 3.473665 -5.323786 9.960550
v 3.486511 -5.301019 9.984224
v 3.466419 -5.498112 10.125261
v 3.485852 -5.481616 10.110537
v 3.505451 -5.462456 10.101469
v 3.542161 -5.419165 10.101470
v 3.557860 -5.396698 10.110538
v 3.570959 -5.374830 10.125262
v -0.267887 4.267893 9.070918
v -0.267887 0.623616 9.331201
v -0.525477 4.260540 8.966485
v -0.525477 0.616263 9.226768
v -0.762874 4.248599 8.796896
v -0.762874 0.604322 9.057178
v -0.970954 4.232529 8.568667
v -0.970954 0.588252 8.828950
v -1.141721 3.831023 8.290571
v -1.141721 0.568671 8.550853
v -1.268612 3.808684 7.973292
v -1.268612 0.546332 8.233575
v -1.346752 3.784443 7.629025
v -1.346751 0.522092 7.889307
v -1.373136 3.592250 7.270999
v -1.373136 0.496883 7.531281
v -1.346751 3.483586 6.912972
v -1.346751 0.471674 7.173254
v -1.268612 3.459346 6.568705
v -1.268612 0.447434 6.828987
v -1.141721 3.437007 6.251426
v -1.141721 0.425094 6.511708
v -0.970954 3.417426 5.973329
v -0.970954 0.405513 6.233611
v -0.762874 3.401356 5.745101
v -0.762874 0.389444 6.005383
v -0.525477 3.389415 5.575511
v -0.525477 0.377503 5.835793
v -0.267886 3.382062 5.471079
v -0.267886 0.370150 5.731360
v 0.267884 3.475113 5.471079
v 0.267884 0.370150 5.731360
v 0.525475 3.771340 5.575511
v 0.525475 0.377503 5.835793
v 0.762872 4.033720 5.745101
v 0.762872 0.389444 6.005383
v 0.970952 4.049790 5.973329
v 0.970952 0.405513 6.233611
v 1.141718 4.069371 6.251426
v 1.141719 0.425094 6.511708
v 1.268610 4.091711 6.568705
v 1.268610 0.447434 6.828987
v 1.346749 4.115951 6.912972
v 1.346749 0.471674 7.173254
v 1.373133 4.141160 7.270999
v 1.373133 0.496883 7.531281
v 1.346749 4.166368 7.629025
v 1.346749 0.522092 7.889307
v 1.268609 4.190609 7.973292
v 1.268610 0.546332 8.233575
v 1.141718 4.212949 8.290571
v 1.141718 0.568671 8.550853
v 0.970951 4.232529 8.568667
v 0.970951 0.588252 8.828950
v 0.762871 4.248599 8.796896
v 0.762871 0.604322 9.057178
v 0.525474 4.260540 8.966485
v 0.525474 0.616263 9.226768
v 0.267884 4.267893 9.070918
v 0.267884 0.623616 9.331201
v -0.200938 6.165076 8.253363
v -0.394152 6.159560 8.197171
v -0.572219 6.150604 8.105923
v -0.728297 6.138550 7.983121
v -0.856386 6.123863 7.833487
v -0.951565 6.107106 7.662772
v -1.010176 6.088924 7.477534
v -1.029966 6.070015 7.284894
v -1.010176 6.051107 7.092253
v -0.951565 6.032925 6.907016
v -0.856386 6.016168 6.736301
v -0.728296 6.001481 6.586668
v -0.572219 5.989427 6.463867
v -0.394152 5.980470 6.372617
v -0.200937 5.974955 6.316425
v 0.200935 5.974955 6.316425
v 0.394150 5.980470 6.372617
v 0.572217 5.989427 6.463867
v 0.728295 6.001481 6.586668
v 0.856384 6.016168 6.736301
v 0.951563 6.032925 6.907016
v 1.010174 6.051107 7.092253
v 1.029964 6.070015 7.284894
v 1.010174 6.088924 7.477534
v 0.951563 6.107106 7.662772
v 0.856384 6.123863 7.833487
v 0.728294 6.138551 7.983121
v 0.572217 6.150604 8.105923
v 0.394149 6.159561 8.197171
v 0.200935 6.165076 8.253363
v -0.043595 6.482427 8.039850
v -0.085513 6.481231 8.027659
v -0.124144 6.479288 8.007863
v -0.158005 6.476673 7.981220
v -0.185795 6.473486 7.948758
v -0.206444 6.469851 7.911721
v -0.219159 6.465906 7.871533
v -0.223453 6.461804 7.829740
v -0.219159 6.457702 7.787946
v -0.206444 6.453757 7.747758
v -0.185794 6.450122 7.710721
v -0.158005 6.446935 7.678259
v -0.124144 6.444320 7.651618
v -0.085512 6.442377 7.631821
v -0.043594 6.441181 7.619629
v 0.043592 6.441181 7.619629
v 0.085510 6.442377 7.631821
v 0.124142 6.444320 7.651618
v 0.158003 6.446935 7.678259
v 0.185792 6.450122 7.710721
v 0.206441 6.453757 7.747758
v 0.219157 6.457702 7.787946
v 0.223451 6.461804 7.829740
v 0.219157 6.465906 7.871533
v 0.206441 6.469851 7.911721
v 0.185792 6.473486 7.948758
v 0.158003 6.476673 7.981220
v 0.124142 6.479288 8.007863
v 0.085510 6.481231 8.027659
v 0.043592 6.482427 8.039850
v -0.221807 -2.074625 9.332670
v -0.435088 -2.081978 9.228237
v -0.631649 -2.093919 9.058648
v -0.803936 -2.109989 8.830420
v -0.945328 -2.129570 8.552322
v -1.050392 -2.151910 8.235044
v -1.115090 -2.176150 7.890776
v -1.136936 -2.201359 7.532750
v -1.115090 -2.226567 7.174724
v -1.050392 -2.250808 6.830456
v -0.945328 -2.273147 6.513177
v -0.803935 -2.292728 6.235079
v -0.631648 -2.308798 6.006852
v -0.435087 -2.320739 5.837262
v -0.221806 -2.328092 5.732830
v 0.221804 -2.328092 5.732830
v 0.435085 -2.320739 5.837262
v 0.631646 -2.308798 6.006852
v 0.803933 -2.292728 6.235079
v 0.945326 -2.273147 6.513177
v 1.050390 -2.250807 6.830456
v 1.115088 -2.226567 7.174724
v 1.136934 -2.201359 7.532750
v 1.115088 -2.176150 7.890776
v 1.050390 -2.151910 8.235044
v 0.945325 -2.129570 8.552322
v 0.803933 -2.109989 8.830420
v 0.631646 -2.093919 9.058648
v 0.435085 -2.081978 9.228237
v 0.221804 -2.074625 9.332670
v -0.407016 -2.797845 9.463747
v -0.514313 -2.682533 9.437419
v -0.628554 -2.581039 9.359450
v -0.745351 -2.497262 9.232836
v -0.860215 -2.434423 9.062443
v -0.968732 -2.394937 8.854815
v -1.066732 -2.380320 8.617938
v -1.150449 -2.391135 8.360909
v -1.216664 -2.426966 8.093610
v -1.262834 -2.486435 7.826309
v -1.287184 -2.567259 7.569282
v -1.288780 -2.666330 7.332403
v -1.267558 -2.779841 7.124776
v -1.224336 -2.903430 6.954382
v -1.160773 -3.032348 6.827768
v -1.079314 -3.161641 6.749800
v -0.983086 -3.286339 6.723474
v -0.875791 -3.401651 6.749800
v -0.761549 -3.503145 6.827768
v -0.644751 -3.586921 6.954382
v -0.529887 -3.649761 7.124776
v -0.421371 -3.689247 7.332402
v -0.323371 -3.703863 7.569281
v -0.239655 -3.693048 7.826308
v -0.173439 -3.657218 8.093610
v -0.127269 -3.597748 8.360909
v -0.102919 -3.516925 8.617938
v -0.101323 -3.417854 8.854815
v -0.122544 -3.304343 9.062443
v -0.165767 -3.180753 9.232836
v -0.229330 -3.051836 9.359450
v -0.310790 -2.922543 9.437419
v -0.632529 -2.989074 9.578918
v -0.718478 -2.906778 9.562486
v -0.819929 -2.843591 9.513824
v -0.932985 -2.801942 9.434801
v -1.053299 -2.783430 9.328455
v -1.176248 -2.788768 9.198870
v -1.297108 -2.817749 9.051030
v -1.411234 -2.869262 8.890613
v -1.514240 -2.941324 8.723784
v -1.602168 -3.031169 8.556955
v -1.671639 -3.135343 8.396539
v -1.719983 -3.249841 8.248697
v -1.745342 -3.370266 8.119113
v -1.746741 -3.491988 8.012767
v -1.724127 -3.610329 7.933743
v -1.678369 -3.720743 7.885081
v -1.611225 -3.818986 7.868649
v -1.525277 -3.901282 7.885081
v -1.423825 -3.964469 7.933743
v -1.310770 -4.006119 8.012767
v -1.190456 -4.024631 8.119113
v -1.067507 -4.019293 8.248697
v -0.946647 -3.990311 8.396539
v -0.832520 -3.938798 8.556955
v -0.729514 -3.866735 8.723784
v -0.641586 -3.776891 8.890613
v -0.572116 -3.672717 9.051030
v -0.523772 -3.558218 9.198870
v -0.498413 -3.437794 9.328455
v -0.497014 -3.316072 9.434801
v -0.519627 -3.197731 9.513824
v -0.565386 -3.087317 9.562486
v -0.836766 -3.162262 9.907811
v -0.912410 -3.096468 9.899649
v -1.008242 -3.052787 9.875475
v -1.120580 -3.032897 9.836221
v -1.245107 -3.037563 9.783394
v -1.377037 -3.066606 9.719021
v -1.511300 -3.118909 9.645582
v -1.642737 -3.192462 9.565893
v -1.766296 -3.284440 9.483023
v -1.877230 -3.391307 9.400149
v -1.971275 -3.508957 9.320462
v -2.044818 -3.632868 9.247022
v -2.095030 -3.758277 9.182651
v -2.119984 -3.880367 9.129823
v -2.118720 -3.994446 9.090569
v -2.091287 -4.096128 9.066395
v -2.038739 -4.181507 9.058233
v -1.963096 -4.247302 9.066395
v -1.867264 -4.290983 9.090569
v -1.754925 -4.310873 9.129823
v -1.630399 -4.306207 9.182651
v -1.498469 -4.277165 9.247022
v -1.364205 -4.224861 9.320462
v -1.232769 -4.151307 9.400149
v -1.109209 -4.059329 9.483023
v -0.998275 -3.952462 9.565893
v -0.904230 -3.834813 9.645582
v -0.830689 -3.710903 9.719021
v -0.780476 -3.585492 9.783394
v -0.755522 -3.463402 9.836221
v -0.756786 -3.349324 9.875475
v -0.784219 -3.247641 9.899649
v -1.111380 -3.395128 10.528219
v -1.185120 -3.330990 10.520262
v -1.278540 -3.288408 10.496696
v -1.388050 -3.269019 10.458431
v -1.509442 -3.273567 10.406933
v -1.638052 -3.301879 10.344180
v -1.768935 -3.352865 10.272591
v -1.897064 -3.424568 10.194907
v -2.017514 -3.514231 10.114122
v -2.125655 -3.618408 10.033336
v -2.217333 -3.733096 9.955654
v -2.289024 -3.853888 9.884063
v -2.337973 -3.976142 9.821311
v -2.362298 -4.095158 9.769814
v -2.361067 -4.206366 9.731547
v -2.334324 -4.305488 9.707982
v -2.283099 -4.388718 9.700026
v -2.209359 -4.452857 9.707982
v -2.115939 -4.495438 9.731547
v -2.006428 -4.514828 9.769814
v -1.885037 -4.510279 9.821311
v -1.756428 -4.481968 9.884063
v -1.625543 -4.430981 9.955654
v -1.497415 -4.359278 10.033336
v -1.376965 -4.269616 10.114122
v -1.268824 -4.165438 10.194907
v -1.177146 -4.050750 10.272591
v -1.105456 -3.929959 10.344180
v -1.056506 -3.807705 10.406933
v -1.032180 -3.688688 10.458431
v -1.033413 -3.577481 10.496696
v -1.060155 -3.478358 10.520262
v -1.262481 -0.558541 7.531970
v -1.238223 -0.583750 7.173943
v 0.246297 -0.685274 5.732049
v 0.483129 -0.677921 5.836482
v 1.166378 -0.509092 8.234263
v 1.049712 -0.486752 8.551542
v -0.892709 -0.467171 8.829639
v -1.049715 -0.486752 8.551542
v -0.701397 -0.665980 6.006071
v -0.483131 -0.677921 5.836482
v 1.166378 -0.607990 6.829676
v 1.238220 -0.583750 7.173943
v -0.246299 -0.431808 9.331889
v 0.246296 -0.431808 9.331889
v -1.166380 -0.607990 6.829676
v 0.701395 -0.665980 6.006071
v 0.892707 -0.467171 8.829639
v -1.166380 -0.509092 8.234263
v -0.246299 -0.685274 5.732049
v 1.262478 -0.558541 7.531970
v -0.483132 -0.439161 9.227456
v -1.049715 -0.630330 6.512396
v 0.892707 -0.649911 6.234299
v 0.701395 -0.451102 9.057867
v -1.238223 -0.533332 7.889996
v 1.238220 -0.533332 7.889996
v -0.701398 -0.451102 9.057867
v -0.892709 -0.649911 6.234299
v 1.049712 -0.630330 6.512396
v 0.483129 -0.439161 9.227456
v -1.333857 -1.690128 6.852843
v -1.342469 -1.822385 6.437070
v -1.197981 -1.943393 6.211080
v -1.013786 -2.038551 5.978127
v -0.738075 -2.131548 5.831353
v -0.591826 -2.181252 5.794148
v -1.363100 -0.987026 6.829084
v -0.960859 -1.126092 5.771637
v -0.559249 -0.876349 5.799428
v -1.411991 -0.976207 6.562932
v -1.306526 -0.985244 6.137704
v -1.233191 -1.032036 5.999865
v -0.779192 -1.512836 4.425963
v -0.605370 -1.571466 4.333429
v -0.513166 -1.602802 4.309974
v -0.745824 -0.937575 4.295781
v -0.492628 -0.780124 4.313302
v -0.917516 -0.878277 4.439667
v -0.744573 -1.633659 1.535026
v -0.673402 -1.657665 1.497138
v -0.635650 -1.670496 1.487534
v -0.730911 -1.398120 1.481723
v -0.627240 -1.333652 1.488897
v -0.801210 -1.373841 1.540637
v -0.723010 -1.759091 0.582270
v -0.579724 -1.789485 0.505992
v -0.503719 -1.805730 0.486657
v -0.695504 -1.460870 0.474958
v -0.486789 -1.379246 0.489400
v -0.837033 -1.430130 0.593566
v -0.874865 -2.204520 0.005402
v -0.756385 -2.247261 0.007043
v -0.440366 -2.270106 0.008329
v -0.919198 -1.785151 -0.010212
v -0.416558 -1.670369 0.029968
v -1.035208 -1.741923 0.021287
v -0.047105 6.750606 7.800552
v -0.092399 6.742685 7.797676
v -0.134142 6.729823 7.793003
v -0.170730 6.712513 7.786715
v -0.200756 6.691420 7.779054
v -0.223068 6.667356 7.770312
v -0.236808 6.641245 7.760828
v -0.241447 6.614090 7.750963
v -0.236808 6.586935 7.741099
v -0.223068 6.560824 7.731615
v -0.200756 6.536760 7.722873
v -0.170730 6.515667 7.715211
v -0.134142 6.498358 7.708924
v -0.092399 6.485495 7.704252
v -0.047105 6.477574 7.701374
v 0.047103 6.477574 7.701374
v 0.092396 6.485495 7.704252
v 0.134139 6.498358 7.708924
v 0.170727 6.515667 7.715211
v 0.200754 6.536760 7.722873
v 0.223066 6.560824 7.731615
v 0.236806 6.586935 7.741099
v 0.241445 6.614090 7.750963
v 0.236806 6.641245 7.760828
v 0.223066 6.667356 7.770312
v 0.200754 6.691420 7.779054
v 0.170727 6.712513 7.786715
v 0.134139 6.729823 7.793003
v 0.092396 6.742685 7.797676
v 0.047103 6.750606 7.800552
v -0.047105 6.983331 7.435684
v -0.092399 6.974967 7.434653
v -0.134141 6.961385 7.432980
v -0.170729 6.943107 7.430728
v -0.200756 6.920834 7.427985
v -0.223068 6.895424 7.424855
v -0.236808 6.867851 7.421458
v -0.241447 6.839177 7.417925
v -0.236808 6.810503 7.414393
v -0.223068 6.782931 7.410996
v -0.200756 6.757520 7.407866
v -0.170729 6.735248 7.405121
v -0.134141 6.716969 7.402870
v -0.092399 6.703387 7.401196
v -0.047105 6.695023 7.400166
v 0.047103 6.695023 7.400166
v 0.092396 6.703387 7.401196
v 0.134139 6.716969 7.402870
v 0.170727 6.735248 7.405121
v 0.200754 6.757520 7.407866
v 0.223066 6.782931 7.410996
v 0.236806 6.810503 7.414393
v 0.241445 6.839177 7.417925
v 0.236806 6.867851 7.421458
v 0.223066 6.895424 7.424855
v 0.200754 6.920834 7.427985
v 0.170727 6.943107 7.430728
v 0.134139 6.961385 7.432980
v 0.092396 6.974967 7.434653
v 0.047103 6.983331 7.435684
v -0.074057 7.175240 6.909869
v -0.145267 7.162089 6.908248
v -0.210895 7.140737 6.905618
v -0.268418 7.111999 6.902078
v -0.315626 7.076982 6.897764
v -0.350705 7.037032 6.892844
v -0.372306 6.993683 6.887503
v -0.379600 6.948602 6.881948
v -0.372306 6.903521 6.876395
v -0.350705 6.860172 6.871055
v -0.315626 6.820222 6.866133
v -0.268418 6.785205 6.861819
v -0.210895 6.756468 6.858279
v -0.145267 6.735115 6.855649
v -0.074057 6.721964 6.854028
v 0.074055 6.721964 6.854028
v 0.145265 6.735115 6.855649
v 0.210893 6.756468 6.858279
v 0.268416 6.785205 6.861819
v 0.315624 6.820222 6.866133
v 0.350703 6.860172 6.871055
v 0.372304 6.903521 6.876395
v 0.379598 6.948602 6.881948
v 0.372304 6.993683 6.887503
v 0.350703 7.037032 6.892844
v 0.315624 7.076982 6.897764
v 0.268416 7.111999 6.902078
v 0.210893 7.140737 6.905618
v 0.145265 7.162089 6.908248
v 0.074055 7.175240 6.909869
v -0.074057 7.225976 6.498027
v -0.145267 7.212826 6.496407
v -0.210895 7.191473 6.493776
v -0.268418 7.162735 6.490236
v -0.315626 7.127718 6.485922
v -0.350705 7.087769 6.481002
v -0.372306 7.044419 6.475661
v -0.379600 6.999339 6.470106
v -0.372306 6.954257 6.464553
v -0.350705 6.910909 6.459212
v -0.315626 6.870959 6.454291
v -0.268418 6.835942 6.449977
v -0.210895 6.807205 6.446437
v -0.145267 6.785851 6.443806
v -0.074057 6.772700 6.442186
v 0.074055 6.772700 6.442186
v 0.145265 6.785851 6.443806
v 0.210893 6.807205 6.446437
v 0.268416 6.835942 6.449977
v 0.315624 6.870959 6.454291
v 0.350703 6.910909 6.459212
v 0.372304 6.954257 6.464553
v 0.379598 6.999339 6.470106
v 0.372304 7.044419 6.475661
v 0.350703 7.087769 6.481002
v 0.315624 7.127718 6.485922
v 0.268416 7.162735 6.490236
v 0.210893 7.191473 6.493776
v 0.145265 7.212826 6.496407
v 0.074055 7.225976 6.498027
v -0.061983 7.203252 6.148679
v -0.121583 7.192246 6.147323
v -0.176510 7.174375 6.145121
v -0.224655 7.150322 6.142158
v -0.264166 7.121015 6.138547
v -0.293525 7.087579 6.134429
v -0.311604 7.051297 6.129960
v -0.317709 7.013567 6.125310
v -0.311604 6.975835 6.120663
v -0.293525 6.939555 6.116193
v -0.264166 6.906118 6.112073
v -0.224655 6.876811 6.108463
v -0.176510 6.852759 6.105500
v -0.121583 6.834888 6.103299
v -0.061983 6.823880 6.101943
v 0.061981 6.823880 6.101943
v 0.121581 6.834888 6.103299
v 0.176508 6.852759 6.105500
v 0.224653 6.876811 6.108463
v 0.264164 6.906118 6.112073
v 0.293523 6.939555 6.116193
v 0.311602 6.975835 6.120663
v 0.317707 7.013567 6.125310
v 0.311602 7.051297 6.129960
v 0.293523 7.087579 6.134429
v 0.264164 7.121015 6.138547
v 0.224653 7.150322 6.142158
v 0.176508 7.174375 6.145121
v 0.121581 7.192246 6.147323
v 0.061981 7.203252 6.148679
v -0.045309 7.305921 5.782964
v -0.088877 7.297875 5.781973
v -0.129028 7.284812 5.780364
v -0.164222 7.267230 5.778198
v -0.193104 7.245806 5.775558
v -0.214566 7.221364 5.772548
v -0.227782 7.194842 5.769280
v -0.232244 7.167262 5.765882
v -0.227782 7.139680 5.762485
v -0.214566 7.113159 5.759217
v -0.193104 7.088717 5.756206
v -0.164222 7.067293 5.753567
v -0.129028 7.049712 5.751401
v -0.088877 7.036647 5.749792
v -0.045309 7.028601 5.748800
v 0.045308 7.028601 5.748800
v 0.088875 7.036647 5.749792
v 0.129027 7.049712 5.751401
v 0.164220 7.067293 5.753567
v 0.193103 7.088717 5.756206
v 0.214564 7.113159 5.759217
v 0.227780 7.139680 5.762485
v 0.232243 7.167262 5.765882
v 0.227780 7.194842 5.769280
v 0.214564 7.221364 5.772548
v 0.193103 7.245806 5.775558
v 0.164220 7.267230 5.778198
v 0.129027 7.284812 5.780364
v 0.088875 7.297875 5.781973
v 0.045308 7.305921 5.782964
v -0.017463 7.396175 5.482361
v -0.034254 7.393074 5.481979
v -0.049728 7.388040 5.481359
v -0.063292 7.381263 5.480525
v -0.074424 7.373006 5.479507
v -0.082695 7.363586 5.478347
v -0.087788 7.353365 5.477087
v -0.089508 7.342735 5.475778
v -0.087788 7.332105 5.474468
v -0.082695 7.321884 5.473209
v -0.074424 7.312464 5.472049
v -0.063292 7.304207 5.471031
v -0.049728 7.297431 5.470197
v -0.034254 7.292396 5.469576
v -0.017463 7.289295 5.469194
v 0.017461 7.289295 5.469194
v 0.034252 7.292396 5.469576
v 0.049727 7.297431 5.470197
v 0.063290 7.304207 5.471031
v 0.074422 7.312464 5.472049
v 0.082693 7.321884 5.473209
v 0.087787 7.332105 5.474468
v 0.089507 7.342735 5.475778
v 0.087787 7.353365 5.477087
v 0.082693 7.363586 5.478347
v 0.074422 7.373006 5.479507
v 0.063290 7.381263 5.480525
v 0.049727 7.388040 5.481359
v 0.034252 7.393074 5.481979
v 0.017461 7.396175 5.482361
v -1.274745 4.120804 7.963002
v -1.379408 4.102378 7.701303
v -1.443859 4.082384 7.417344
v -1.465621 3.896121 7.122036
v -1.443859 3.790359 6.826728
v -1.379408 3.770365 6.542769
v -1.274745 3.751939 6.281071
v -1.133893 3.735788 6.051691
v -0.962264 3.722534 5.863444
v -0.766454 3.712685 5.723562
v -1.039395 5.985841 7.585988
v -1.117900 5.972020 7.445179
v -1.166244 5.957023 7.292391
v -1.182568 5.941427 7.133497
v -1.166244 5.925830 6.974604
v -1.117900 5.910833 6.821815
v -1.039395 5.897012 6.681006
v -0.933744 5.884898 6.557585
v -0.805008 5.874956 6.456297
v -0.658134 5.867568 6.381032
v -1.245403 4.395750 5.125276
v -1.032866 4.387935 5.014276
v -0.790386 4.382126 4.931795
v -0.997548 5.662976 5.423578
v -0.838129 5.657113 5.363853
v -0.656247 5.652757 5.319473
v -0.887382 5.723027 3.690806
v -0.802940 5.733611 3.647881
v -0.706600 5.741476 3.615984
v -0.788908 6.165809 3.958169
v -0.725569 6.170877 3.934870
v -0.653306 6.174643 3.917558
v -0.919549 5.607938 3.442588
v -0.845892 5.572315 3.393692
v -0.759159 5.535967 3.354747
v -0.672471 6.072893 3.444857
v -0.615963 6.047843 3.417294
v -0.549970 6.021819 3.394855
v -0.843961 5.520194 1.343900
v -0.798797 5.498352 1.313919
v -0.745616 5.476065 1.290040
v -0.692463 5.805284 1.345291
v -0.657815 5.789924 1.328391
v -0.617351 5.773968 1.314632
v -0.878143 5.341889 0.533856
v -0.811286 5.309556 0.489473
v -0.732560 5.276563 0.454124
v -0.797458 5.763921 0.535915
v -0.746168 5.741184 0.510897
v -0.686267 5.717564 0.490529
v -0.932964 4.883412 -0.021386
v -0.760515 4.846261 -0.029723
v -0.574803 4.808352 -0.022443
v -0.781916 5.368331 0.024776
v -0.658883 5.342206 0.027509
v -0.524277 5.315065 0.039647
v -1.183446 -3.456239 10.703493
v -1.257186 -3.392101 10.695536
v -1.350606 -3.349519 10.671970
v -1.460117 -3.330129 10.633704
v -1.581509 -3.334678 10.582207
v -1.710119 -3.362990 10.519454
v -1.841001 -3.413976 10.447865
v -1.969130 -3.485678 10.370181
v -2.089580 -3.575341 10.289396
v -2.197721 -3.679518 10.208610
v -2.289399 -3.794206 10.130928
v -2.361091 -3.914999 10.059337
v -2.410039 -4.037252 9.996585
v -2.434364 -4.156269 9.945086
v -2.433133 -4.267476 9.906820
v -2.406390 -4.366599 9.883255
v -2.355165 -4.449829 9.875299
v -2.281426 -4.513967 9.883255
v -2.188005 -4.556549 9.906820
v -2.078495 -4.575938 9.945086
v -1.957103 -4.571390 9.996585
v -1.828495 -4.543079 10.059337
v -1.697609 -4.492091 10.130928
v -1.569481 -4.420389 10.208610
v -1.449031 -4.330726 10.289396
v -1.340890 -4.226549 10.370181
v -1.249212 -4.111860 10.447865
v -1.177522 -3.991070 10.519454
v -1.128573 -3.868815 10.582207
v -1.104247 -3.749799 10.633704
v -1.105479 -3.638592 10.671970
v -1.132222 -3.539469 10.695536
v -1.059587 -3.351209 11.292958
v -1.169043 -3.256006 11.281148
v -1.307711 -3.192799 11.246169
v -1.470263 -3.164019 11.189368
v -1.650451 -3.170770 11.112928
v -1.841353 -3.212795 11.019780
v -2.035630 -3.288476 10.913517
v -2.225817 -3.394908 10.798208
v -2.404606 -3.527999 10.678294
v -2.565127 -3.682635 10.558378
v -2.701208 -3.852872 10.443072
v -2.807624 -4.032170 10.336806
v -2.880280 -4.213636 10.243660
v -2.916387 -4.390298 10.167219
v -2.914560 -4.555369 10.110419
v -2.874865 -4.702502 10.075440
v -2.798828 -4.826044 10.063631
v -2.689373 -4.921248 10.075440
v -2.550705 -4.984455 10.110419
v -2.388153 -5.013235 10.167219
v -2.207964 -5.006484 10.243660
v -2.017064 -4.964459 10.336806
v -1.822785 -4.888777 10.443072
v -1.632598 -4.782345 10.558378
v -1.453809 -4.649254 10.678294
v -1.293288 -4.494619 10.798208
v -1.157206 -4.324381 10.913517
v -1.050794 -4.145085 11.019780
v -0.978135 -3.963618 11.112928
v -0.942028 -3.786955 11.189368
v -0.943856 -3.621885 11.246169
v -0.983552 -3.474752 11.281148
v -1.474422 -3.702979 11.659976
v -1.576224 -3.605112 11.653488
v -1.696001 -3.529566 11.634270
v -1.829148 -3.479244 11.603065
v -1.970550 -3.456078 11.561069
v -2.114777 -3.460963 11.509892
v -2.256276 -3.493704 11.451511
v -2.389621 -3.553050 11.388160
v -2.509680 -3.636716 11.322279
v -2.611843 -3.741489 11.256396
v -2.692182 -3.863341 11.193048
v -2.747609 -3.997590 11.134665
v -2.775997 -4.139078 11.083490
v -2.776252 -4.282366 11.041493
v -2.748365 -4.421947 11.010287
v -2.693409 -4.552459 10.991070
v -2.613493 -4.668885 10.984583
v -2.511693 -4.766752 10.991070
v -2.391917 -4.842299 11.010287
v -2.258769 -4.892622 11.041493
v -2.117367 -4.915786 11.083490
v -1.973141 -4.910903 11.134665
v -1.831639 -4.878160 11.193048
v -1.698296 -4.818816 11.256396
v -1.578236 -4.735148 11.322279
v -1.476074 -4.630376 11.388160
v -1.395734 -4.508523 11.451511
v -1.340309 -4.374276 11.509892
v -1.311919 -4.232787 11.561069
v -1.311665 -4.089500 11.603065
v -1.339552 -3.949918 11.634270
v -1.394508 -3.819406 11.653488
v -1.860365 -4.030251 11.678262
v -1.913254 -3.979406 11.674891
v -1.975482 -3.940158 11.664907
v -2.044656 -3.914013 11.648694
v -2.118118 -3.901978 11.626877
v -2.193048 -3.904516 11.600288
v -2.266561 -3.921526 11.569959
v -2.335837 -3.952358 11.537045
v -2.398211 -3.995825 11.502819
v -2.451287 -4.050257 11.468591
v -2.493026 -4.113563 11.435679
v -2.521822 -4.183309 11.405348
v -2.536570 -4.256815 11.378762
v -2.536702 -4.331258 11.356943
v -2.522215 -4.403774 11.340731
v -2.493663 -4.471579 11.330747
v -2.452145 -4.532065 11.327376
v -2.399257 -4.582911 11.330747
v -2.337030 -4.622159 11.340731
v -2.267856 -4.648303 11.356943
v -2.194393 -4.660337 11.378762
v -2.119464 -4.657800 11.405348
v -2.045950 -4.640790 11.435679
v -1.976674 -4.609958 11.468591
v -1.914300 -4.566491 11.502819
v -1.861224 -4.512059 11.537045
v -1.819485 -4.448753 11.569959
v -1.790690 -4.379007 11.600288
v -1.775941 -4.305501 11.626877
v -1.775809 -4.231058 11.648694
v -1.790297 -4.158542 11.664907
v -1.818848 -4.090737 11.674891
v -2.097723 -4.231523 11.720473
v -2.117549 -4.212463 11.719209
v -2.140876 -4.197750 11.715466
v -2.166807 -4.187949 11.709389
v -2.194346 -4.183438 11.701210
v -2.222435 -4.184389 11.691242
v -2.249994 -4.190765 11.679873
v -2.275963 -4.202324 11.667534
v -2.299346 -4.218618 11.654704
v -2.319242 -4.239024 11.641872
v -2.334889 -4.262755 11.629535
v -2.345684 -4.288900 11.618164
v -2.351212 -4.316456 11.608198
v -2.351262 -4.344362 11.600019
v -2.345831 -4.371547 11.593942
v -2.335128 -4.396965 11.590199
v -2.319564 -4.419640 11.588936
v -2.299737 -4.438700 11.590199
v -2.276411 -4.453413 11.593942
v -2.250479 -4.463213 11.600019
v -2.222940 -4.467725 11.608198
v -2.194851 -4.466774 11.618164
v -2.167293 -4.460397 11.629535
v -2.141323 -4.448839 11.641872
v -2.117941 -4.432545 11.654704
v -2.098044 -4.412139 11.667534
v -2.082397 -4.388408 11.679873
v -2.071603 -4.362263 11.691242
v -2.066074 -4.334706 11.701210
v -2.066025 -4.306801 11.709389
v -2.071456 -4.279616 11.715466
v -2.082159 -4.254198 11.719209
v -1.810045 -2.879861 11.692593
v -1.932838 -2.906893 11.632678
v -2.057801 -2.955573 11.564325
v -2.015940 -3.063379 11.980846
v -2.108711 -3.066520 11.947929
v -2.199727 -3.087580 11.910378
v -2.049258 -1.977136 12.527080
v -2.067607 -1.981175 12.518128
v -2.086278 -1.988449 12.507915
v -2.080024 -2.004558 12.570151
v -2.093885 -2.005027 12.565232
v -2.107485 -2.008174 12.559622
v -3.195620 -4.806246 10.006273
v -3.194403 -4.916081 9.968479
v -3.167991 -5.013981 9.945206
v -3.117397 -5.096183 9.937348
v -3.044568 -5.159531 9.945207
v -2.952300 -5.201587 9.968480
v -2.844141 -5.220737 10.006274
v -3.102376 -4.734430 10.588000
v -3.083820 -4.827305 10.567236
v -3.047253 -4.914145 10.554450
v -2.994079 -4.991613 10.550133
v -2.926342 -5.056732 10.554450
v -2.846646 -5.106999 10.567236
v -2.758052 -5.140483 10.588000
v -3.486513 -5.301019 9.984222
v -3.473668 -5.323786 9.960548
v -3.457965 -5.346994 9.945971
v -3.440010 -5.369752 9.941049
v -3.420493 -5.391185 9.945971
v -3.400162 -5.410469 9.960548
v -3.379801 -5.426863 9.984222
v -3.570961 -5.374830 10.125260
v -3.557862 -5.396698 10.110536
v -3.542164 -5.419166 10.101468
v -3.524467 -5.441369 10.098406
v -3.505454 -5.462456 10.101467
v -3.485854 -5.481616 10.110535
v -3.466421 -5.498112 10.125259
v 0.267884 4.267893 9.070918
v 0.267884 0.623616 9.331201
v 0.525474 4.260540 8.966485
v 0.525475 0.616263 9.226768
v 0.762871 4.248599 8.796896
v 0.762871 0.604322 9.057178
v 0.970951 4.232529 8.568667
v 0.970952 0.588252 8.828950
v 1.141718 3.831023 8.290571
v 1.141718 0.568671 8.550853
v 1.268610 3.808684 7.973292
v 1.268610 0.546332 8.233575
v 1.346749 3.784443 7.629025
v 1.346749 0.522092 7.889307
v 1.373133 3.592250 7.270999
v 1.373133 0.496883 7.531281
v 1.346749 3.483587 6.912972
v 1.346749 0.471674 7.173254
v 1.268610 3.459347 6.568705
v 1.268610 0.447434 6.828987
v 1.141719 3.437007 6.251426
v 1.141719 0.425094 6.511708
v 0.970952 3.417426 5.973329
v 0.970952 0.405513 6.233611
v 0.762872 3.401356 5.745101
v 0.762872 0.389444 6.005383
v 0.525475 3.389415 5.575511
v 0.525475 0.377503 5.835793
v 0.267884 3.382062 5.471079
v 0.267884 0.370150 5.731360
v -0.267886 3.475113 5.471079
v -0.267886 0.370150 5.731360
v -0.525477 3.771340 5.575511
v -0.525477 0.377503 5.835793
v -0.762874 4.033720 5.745101
v -0.762873 0.389444 6.005383
v -0.970954 4.049790 5.973329
v -0.970954 0.405513 6.233611
v -1.141721 4.069371 6.251426
v -1.141720 0.425094 6.511708
v -1.268612 4.091711 6.568705
v -1.268612 0.447434 6.828987
v -1.346751 4.115951 6.912972
v -1.346751 0.471674 7.173254
v -1.373136 4.141160 7.270999
v -1.373136 0.496883 7.531281
v -1.346751 4.166368 7.629025
v -1.346751 0.522092 7.889307
v -1.268612 4.190609 7.973292
v -1.268612 0.546332 8.233575
v -1.141721 4.212948 8.290571
v -1.141721 0.568671 8.550853
v -0.970954 4.232529 8.568667
v -0.970954 0.588252 8.828950
v -0.762874 4.248599 8.796896
v -0.762874 0.604322 9.057178
v -0.525477 4.260540 8.966485
v -0.525477 0.616263 9.226768
v -0.267887 4.267893 9.070918
v -0.267887 0.623616 9.331201
v 0.200935 6.165076 8.253363
v 0.394149 6.159561 8.197171
v 0.572217 6.150604 8.105923
v 0.728294 6.138551 7.983121
v 0.856383 6.123863 7.833487
v 0.951562 6.107106 7.662772
v 1.010173 6.088924 7.477534
v 1.029964 6.070015 7.284894
v 1.010173 6.051107 7.092253
v 0.951563 6.032925 6.907016
v 0.856384 6.016168 6.736301
v 0.728294 6.001481 6.586668
v 0.572217 5.989427 6.463867
v 0.394149 5.980470 6.372617
v 0.200935 5.974955 6.316425
v -0.200938 5.974955 6.316425
v -0.394152 5.980470 6.372617
v -0.572219 5.989427 6.463867
v -0.728297 6.001481 6.586668
v -0.856386 6.016168 6.736301
v -0.951565 6.032925 6.907016
v -1.010176 6.051107 7.092253
v -1.029967 6.070015 7.284894
v -1.010176 6.088924 7.477534
v -0.951565 6.107106 7.662772
v -0.856386 6.123863 7.833487
v -0.728297 6.138550 7.983121
v -0.572220 6.150604 8.105923
v -0.394152 6.159560 8.197171
v -0.200938 6.165076 8.253363
v 0.043592 6.482427 8.039850
v 0.085510 6.481231 8.027659
v 0.124142 6.479288 8.007863
v 0.158003 6.476673 7.981220
v 0.185792 6.473486 7.948758
v 0.206441 6.469851 7.911721
v 0.219157 6.465906 7.871533
v 0.223450 6.461804 7.829740
v 0.219157 6.457702 7.787946
v 0.206441 6.453757 7.747758
v 0.185792 6.450122 7.710721
v 0.158003 6.446935 7.678259
v 0.124142 6.444320 7.651618
v 0.085510 6.442377 7.631821
v 0.043592 6.441181 7.619629
v -0.043595 6.441181 7.619629
v -0.085513 6.442377 7.631821
v -0.124145 6.444320 7.651618
v -0.158006 6.446935 7.678259
v -0.185795 6.450122 7.710721
v -0.206444 6.453757 7.747758
v -0.219160 6.457702 7.787946
v -0.223453 6.461804 7.829740
v -0.219160 6.465906 7.871533
v -0.206444 6.469851 7.911721
v -0.185795 6.473486 7.948758
v -0.158006 6.476673 7.981220
v -0.124145 6.479288 8.007863
v -0.085513 6.481231 8.027659
v -0.043595 6.482427 8.039850
v 0.221804 -2.074625 9.332670
v 0.435085 -2.081978 9.228237
v 0.631646 -2.093919 9.058648
v 0.803933 -2.109989 8.830420
v 0.945326 -2.129570 8.552322
v 1.050390 -2.151910 8.235044
v 1.115088 -2.176150 7.890776
v 1.136934 -2.201359 7.532750
v 1.115088 -2.226567 7.174724
v 1.050390 -2.250807 6.830456
v 0.945326 -2.273147 6.513177
v 0.803934 -2.292728 6.235079
v 0.631647 -2.308798 6.006852
v 0.435086 -2.320739 5.837262
v 0.221804 -2.328092 5.732830
v -0.221806 -2.328092 5.732830
v -0.435087 -2.320739 5.837262
v -0.631648 -2.308798 6.006852
v -0.803935 -2.292728 6.235079
v -0.945328 -2.273147 6.513177
v -1.050392 -2.250808 6.830456
v -1.115090 -2.226567 7.174724
v -1.136936 -2.201359 7.532750
v -1.115090 -2.176150 7.890776
v -1.050392 -2.151910 8.235044
v -0.945328 -2.129570 8.552322
v -0.803936 -2.109989 8.830420
v -0.631648 -2.093919 9.058648
v -0.435087 -2.081978 9.228237
v -0.221806 -2.074625 9.332670
v -0.310789 -2.922543 9.437419
v -0.229330 -3.051836 9.359450
v -0.165767 -3.180754 9.232836
v -0.122544 -3.304343 9.062443
v -0.101323 -3.417855 8.854815
v -0.102918 -3.516925 8.617938
v -0.127269 -3.597748 8.360909
v -0.173439 -3.657218 8.093610
v -0.239655 -3.693048 7.826308
v -0.323371 -3.703863 7.569281
v -0.421370 -3.689247 7.332402
v -0.529887 -3.649761 7.124776
v -0.644751 -3.586922 6.954382
v -0.761549 -3.503145 6.827768
v -0.875790 -3.401651 6.749800
v -1.079313 -3.161641 6.749800
v -1.160773 -3.032348 6.827768
v -1.224336 -2.903430 6.954382
v -1.267558 -2.779841 7.124776
v -1.288780 -2.666330 7.332403
v -1.287184 -2.567259 7.569282
v -1.262834 -2.486436 7.826309
v -1.216664 -2.426966 8.093610
v -1.150448 -2.391135 8.360909
v -1.066732 -2.380320 8.617938
v -0.968732 -2.394937 8.854815
v -0.860215 -2.434423 9.062443
v -0.745351 -2.497262 9.232836
v -0.628554 -2.581039 9.359450
v -0.514312 -2.682533 9.437419
v -0.565385 -3.087317 9.562486
v -0.519627 -3.197731 9.513824
v -0.497014 -3.316073 9.434801
v -0.498413 -3.437794 9.328455
v -0.523772 -3.558218 9.198870
v -0.572115 -3.672718 9.051030
v -0.641586 -3.776891 8.890613
v -0.729514 -3.866735 8.723784
v -0.832520 -3.938799 8.556955
v -0.946646 -3.990311 8.396539
v -1.067507 -4.019293 8.248697
v -1.190456 -4.024631 8.119113
v -1.310770 -4.006119 8.012767
v -1.423825 -3.964469 7.933743
v -1.525277 -3.901282 7.885081
v -1.678369 -3.720743 7.885081
v -1.724127 -3.610330 7.933743
v -1.746741 -3.491988 8.012767
v -1.745341 -3.370266 8.119113
v -1.719983 -3.249842 8.248697
v -1.671639 -3.135343 8.396539
v -1.602168 -3.031169 8.556955
v -1.514240 -2.941324 8.723784
v -1.411234 -2.869262 8.890613
v -1.297108 -2.817749 9.051030
v -1.176248 -2.788768 9.198870
v -1.053299 -2.783430 9.328455
v -0.932985 -2.801942 9.434801
v -0.819929 -2.843591 9.513824
v -0.718478 -2.906778 9.562486
v -0.784218 -3.247642 9.899649
v -0.756785 -3.349324 9.875475
v -0.755522 -3.463403 9.836221
v -0.780476 -3.585492 9.783394
v -0.830689 -3.710903 9.719021
v -0.904230 -3.834813 9.645582
v -0.998275 -3.952462 9.565893
v -1.109209 -4.059329 9.483023
v -1.232768 -4.151308 9.400149
v -1.364205 -4.224861 9.320462
v -1.498469 -4.277165 9.247022
v -1.630399 -4.306207 9.182651
v -1.754925 -4.310873 9.129823
v -1.867263 -4.290984 9.090569
v -1.963096 -4.247302 9.066395
v -2.091287 -4.096128 9.066395
v -2.118720 -3.994446 9.090569
v -2.119983 -3.880368 9.129823
v -2.095030 -3.758278 9.182651
v -2.044818 -3.632868 9.247022
v -1.971275 -3.508957 9.320462
v -1.877230 -3.391307 9.400149
v -1.766296 -3.284441 9.483023
v -1.642737 -3.192463 9.565893
v -1.511300 -3.118909 9.645582
v -1.377037 -3.066606 9.719021
v -1.245107 -3.037563 9.783394
v -1.120580 -3.032897 9.836221
v -1.008242 -3.052787 9.875475
v -0.912410 -3.096468 9.899649
v -1.060154 -3.478359 10.520262
v -1.033412 -3.577482 10.496696
v -1.032180 -3.688689 10.458431
v -1.056506 -3.807705 10.406933
v -1.105455 -3.929959 10.344180
v -1.177145 -4.050750 10.272591
v -1.268823 -4.165439 10.194907
v -1.376965 -4.269616 10.114122
v -1.497415 -4.359279 10.033336
v -1.625543 -4.430981 9.955654
v -1.756428 -4.481968 9.884063
v -1.885037 -4.510280 9.821311
v -2.006428 -4.514828 9.769814
v -2.115939 -4.495438 9.731547
v -2.209359 -4.452857 9.707982
v -2.334324 -4.305489 9.707982
v -2.361066 -4.206366 9.731547
v -2.362298 -4.095158 9.769814
v -2.337972 -3.976142 9.821311
v -2.289024 -3.853889 9.884063
v -2.217333 -3.733096 9.955654
v -2.125655 -3.618408 10.033336
v -2.017513 -3.514231 10.114122
v -1.897064 -3.424568 10.194907
v -1.768935 -3.352865 10.272591
v -1.638052 -3.301879 10.344180
v -1.509442 -3.273567 10.406933
v -1.388050 -3.269019 10.458431
v -1.278539 -3.288408 10.496696
v -1.185119 -3.330990 10.520262
v 1.262478 -0.558541 7.531970
v 1.238220 -0.583750 7.173943
v -0.246298 -0.685274 5.732049
v -0.483131 -0.677921 5.836482
v -1.166380 -0.509092 8.234263
v -1.049715 -0.486752 8.551542
v 0.892707 -0.467171 8.829639
v 1.049712 -0.486752 8.551542
v 0.701395 -0.665980 6.006071
v 0.483129 -0.677921 5.836482
v -1.166380 -0.607990 6.829676
v -1.238222 -0.583750 7.173943
v 0.246296 -0.431808 9.331889
v -0.246299 -0.431808 9.331889
v 1.166378 -0.607990 6.829676
v -0.701397 -0.665980 6.006071
v -0.892709 -0.467172 8.829639
v 1.166378 -0.509092 8.234263
v 0.246297 -0.685274 5.732049
v -1.262481 -0.558541 7.531970
v 0.483129 -0.439161 9.227456
v 1.049713 -0.630330 6.512396
v -0.892709 -0.649911 6.234299
v -0.701397 -0.451102 9.057867
v 1.238220 -0.533332 7.889996
v -1.238222 -0.533332 7.889996
v 0.701395 -0.451102 9.057867
v 0.892707 -0.649911 6.234299
v -1.049714 -0.630330 6.512396
v -0.483131 -0.439161 9.227456
v 1.333855 -1.690128 6.852843
v 1.342467 -1.822385 6.437070
v 1.197979 -1.943393 6.211080
v 1.013784 -2.038551 5.978127
v 0.738074 -2.131548 5.831353
v 0.591824 -2.181252 5.794148
v 1.363098 -0.987025 6.829084
v 0.960857 -1.126092 5.771637
v 0.559247 -0.876349 5.799428
v 1.411989 -0.976206 6.562932
v 1.306524 -0.985244 6.137704
v 1.233189 -1.032036 5.999865
v 0.779190 -1.512836 4.425963
v 0.605368 -1.571466 4.333429
v 0.513165 -1.602802 4.309974
v 0.745823 -0.937575 4.295781
v 0.492627 -0.780123 4.313302
v 0.917515 -0.878277 4.439667
v 0.744573 -1.633659 1.535026
v 0.673402 -1.657665 1.497138
v 0.635649 -1.670496 1.487534
v 0.730911 -1.398120 1.481723
v 0.627240 -1.333652 1.488897
v 0.801209 -1.373841 1.540637
v 0.723010 -1.759090 0.582270
v 0.579724 -1.789485 0.505992
v 0.503719 -1.805730 0.486657
v 0.695504 -1.460870 0.474958
v 0.486789 -1.379246 0.489401
v 0.837033 -1.430129 0.593566
v 0.874865 -2.204520 0.005402
v 0.756385 -2.247261 0.007043
v 0.440366 -2.270106 0.008330
v 0.919198 -1.785151 -0.010211
v 0.416559 -1.670369 0.029968
v 1.035208 -1.741923 0.021288
v 0.047102 6.750606 7.800552
v 0.092396 6.742685 7.797676
v 0.134139 6.729823 7.793003
v 0.170727 6.712513 7.786715
v 0.200754 6.691420 7.779054
v 0.223066 6.667356 7.770312
v 0.236805 6.641245 7.760828
v 0.241445 6.614090 7.750963
v 0.236805 6.586935 7.741099
v 0.223066 6.560824 7.731615
v 0.200754 6.536760 7.722873
v 0.170727 6.515667 7.715211
v 0.134139 6.498358 7.708924
v 0.092396 6.485495 7.704252
v 0.047102 6.477574 7.701374
v -0.047105 6.477574 7.701374
v -0.092399 6.485495 7.704252
v -0.134142 6.498358 7.708924
v -0.170730 6.515667 7.715211
v -0.200756 6.536760 7.722873
v -0.223069 6.560824 7.731615
v -0.236808 6.586935 7.741099
v -0.241448 6.614090 7.750963
v -0.236808 6.641245 7.760828
v -0.223069 6.667356 7.770312
v -0.200757 6.691420 7.779054
v -0.170730 6.712513 7.786715
v -0.134142 6.729823 7.793003
v -0.092399 6.742685 7.797676
v -0.047105 6.750606 7.800552
v 0.047102 6.983331 7.435684
v 0.092396 6.974967 7.434653
v 0.134139 6.961385 7.432980
v 0.170727 6.943107 7.430728
v 0.200754 6.920834 7.427985
v 0.223066 6.895424 7.424855
v 0.236805 6.867851 7.421458
v 0.241445 6.839177 7.417925
v 0.236805 6.810503 7.414393
v 0.223066 6.782931 7.410996
v 0.200754 6.757520 7.407866
v 0.170727 6.735248 7.405121
v 0.134139 6.716969 7.402870
v 0.092396 6.703387 7.401196
v 0.047102 6.695023 7.400166
v -0.047105 6.695023 7.400166
v -0.092399 6.703387 7.401196
v -0.134142 6.716969 7.402870
v -0.170730 6.735248 7.405121
v -0.200757 6.757520 7.407866
v -0.223069 6.782931 7.410996
v -0.236808 6.810503 7.414393
v -0.241448 6.839177 7.417925
v -0.236808 6.867851 7.421458
v -0.223069 6.895424 7.424855
v -0.200757 6.920834 7.427985
v -0.170730 6.943107 7.430728
v -0.134142 6.961385 7.432980
v -0.092399 6.974967 7.434653
v -0.047105 6.983331 7.435684
v 0.074055 7.175240 6.909869
v 0.145265 7.162089 6.908248
v 0.210893 7.140737 6.905618
v 0.268416 7.111999 6.902078
v 0.315624 7.076982 6.897764
v 0.350703 7.037032 6.892844
v 0.372304 6.993683 6.887503
v 0.379598 6.948602 6.881948
v 0.372304 6.903521 6.876395
v 0.350703 6.860172 6.871055
v 0.315624 6.820222 6.866133
v 0.268416 6.785205 6.861819
v 0.210893 6.756468 6.858279
v 0.145265 6.735115 6.855649
v 0.074055 6.721964 6.854028
v -0.074058 6.721964 6.854028
v -0.145268 6.735115 6.855649
v -0.210895 6.756468 6.858279
v -0.268419 6.785205 6.861819
v -0.315627 6.820222 6.866133
v -0.350705 6.860172 6.871055
v -0.372307 6.903521 6.876395
v -0.379601 6.948602 6.881948
v -0.372307 6.993683 6.887503
v -0.350705 7.037032 6.892844
v -0.315627 7.076982 6.897764
v -0.268419 7.111999 6.902078
v -0.210895 7.140737 6.905618
v -0.145268 7.162089 6.908248
v -0.074058 7.175240 6.909869
v 0.074055 7.225976 6.498027
v 0.145265 7.212826 6.496407
v 0.210893 7.191473 6.493776
v 0.268416 7.162735 6.490236
v 0.315624 7.127718 6.485922
v 0.350703 7.087769 6.481002
v 0.372304 7.044419 6.475661
v 0.379598 6.999339 6.470106
v 0.372304 6.954257 6.464553
v 0.350703 6.910909 6.459212
v 0.315624 6.870959 6.454291
v 0.268416 6.835942 6.449977
v 0.210893 6.807205 6.446437
v 0.145265 6.785851 6.443806
v 0.074055 6.772700 6.442186
v -0.074057 6.772700 6.442186
v -0.145268 6.785851 6.443806
v -0.210895 6.807205 6.446437
v -0.268418 6.835942 6.449977
v -0.315627 6.870959 6.454291
v -0.350705 6.910909 6.459212
v -0.372307 6.954257 6.464553
v -0.379601 6.999339 6.470106
v -0.372307 7.044419 6.475661
v -0.350705 7.087769 6.481002
v -0.315627 7.127718 6.485922
v -0.268419 7.162735 6.490236
v -0.210895 7.191473 6.493776
v -0.145268 7.212826 6.496407
v -0.074057 7.225976 6.498027
v 0.061981 7.203252 6.148679
v 0.121580 7.192246 6.147323
v 0.176508 7.174375 6.145121
v 0.224652 7.150322 6.142158
v 0.264163 7.121015 6.138547
v 0.293523 7.087579 6.134429
v 0.311602 7.051297 6.129960
v 0.317707 7.013567 6.125310
v 0.311602 6.975835 6.120663
v 0.293523 6.939555 6.116193
v 0.264163 6.906118 6.112073
v 0.224652 6.876811 6.108463
v 0.176508 6.852759 6.105500
v 0.121580 6.834888 6.103299
v 0.061981 6.823880 6.101943
v -0.061983 6.823880 6.101943
v -0.121583 6.834888 6.103299
v -0.176510 6.852759 6.105500
v -0.224655 6.876811 6.108463
v -0.264166 6.906118 6.112073
v -0.293525 6.939555 6.116193
v -0.311605 6.975835 6.120663
v -0.317709 7.013567 6.125310
v -0.311605 7.051297 6.129960
v -0.293525 7.087579 6.134429
v -0.264166 7.121015 6.138547
v -0.224655 7.150322 6.142158
v -0.176510 7.174375 6.145121
v -0.121583 7.192246 6.147323
v -0.061983 7.203252 6.148679
v 0.045307 7.305921 5.782964
v 0.088875 7.297875 5.781973
v 0.129026 7.284812 5.780364
v 0.164220 7.267230 5.778198
v 0.193102 7.245806 5.775558
v 0.214564 7.221364 5.772548
v 0.227780 7.194842 5.769280
v 0.232242 7.167262 5.765882
v 0.227780 7.139680 5.762485
v 0.214564 7.113159 5.759217
v 0.193102 7.088717 5.756206
v 0.164220 7.067293 5.753567
v 0.129026 7.049712 5.751401
v 0.088875 7.036647 5.749792
v 0.045307 7.028601 5.748800
v -0.045310 7.028601 5.748800
v -0.088877 7.036647 5.749792
v -0.129029 7.049712 5.751401
v -0.164222 7.067293 5.753567
v -0.193105 7.088717 5.756206
v -0.214566 7.113159 5.759217
v -0.227782 7.139680 5.762485
v -0.232245 7.167262 5.765882
v -0.227782 7.194842 5.769280
v -0.214566 7.221364 5.772548
v -0.193105 7.245806 5.775558
v -0.164222 7.267230 5.778198
v -0.129029 7.284812 5.780364
v -0.088877 7.297875 5.781973
v -0.045310 7.305921 5.782964
v 0.017461 7.396175 5.482361
v 0.034252 7.393074 5.481979
v 0.049726 7.388040 5.481359
v 0.063290 7.381263 5.480525
v 0.074422 7.373006 5.479507
v 0.082693 7.363586 5.478347
v 0.087786 7.353365 5.477087
v 0.089506 7.342735 5.475778
v 0.087786 7.332105 5.474468
v 0.082693 7.321884 5.473209
v 0.074422 7.312464 5.472049
v 0.063290 7.304207 5.471031
v 0.049726 7.297431 5.470197
v 0.034252 7.292396 5.469576
v 0.017461 7.289295 5.469194
v -0.017463 7.289295 5.469194
v -0.034254 7.292396 5.469576
v -0.049729 7.297431 5.470197
v -0.063292 7.304207 5.471031
v -0.074424 7.312464 5.472049
v -0.082695 7.321884 5.473209
v -0.087789 7.332105 5.474468
v -0.089509 7.342735 5.475778
v -0.087789 7.353365 5.477087
v -0.082695 7.363586 5.478347
v -0.074424 7.373006 5.479507
v -0.063292 7.381263 5.480525
v -0.049729 7.388040 5.481359
v -0.034254 7.393074 5.481979
v -0.017463 7.396175 5.482361
v 1.274743 4.120804 7.963002
v 1.379405 4.102378 7.701303
v 1.443857 4.082384 7.417344
v 1.465619 3.896121 7.122036
v 1.443857 3.790359 6.826728
v 1.379406 3.770365 6.542769
v 1.274743 3.751939 6.281071
v 1.133891 3.735788 6.051691
v 0.962262 3.722534 5.863444
v 0.766452 3.712685 5.723562
v 1.039392 5.985841 7.585988
v 1.117898 5.972020 7.445179
v 1.166242 5.957023 7.292391
v 1.182565 5.941427 7.133497
v 1.166242 5.925830 6.974604
v 1.117898 5.910833 6.821815
v 1.039393 5.897012 6.681006
v 0.933742 5.884898 6.557585
v 0.805006 5.874956 6.456297
v 0.658132 5.867568 6.381032
v 1.245401 4.395750 5.125276
v 1.032865 4.387935 5.014276
v 0.790384 4.382126 4.931795
v 0.997546 5.662976 5.423578
v 0.838127 5.657113 5.363853
v 0.656246 5.652757 5.319473
v 0.887381 5.723027 3.690806
v 0.802938 5.733611 3.647881
v 0.706599 5.741476 3.615984
v 0.788906 6.165809 3.958169
v 0.725567 6.170877 3.934870
v 0.653304 6.174643 3.917558
v 0.919547 5.607938 3.442589
v 0.845891 5.572315 3.393692
v 0.759157 5.535967 3.354747
v 0.672469 6.072893 3.444857
v 0.615962 6.047843 3.417294
v 0.549969 6.021819 3.394855
v 0.843960 5.520194 1.343900
v 0.798797 5.498352 1.313919
v 0.745616 5.476065 1.290040
v 0.692462 5.805284 1.345291
v 0.657814 5.789924 1.328391
v 0.617350 5.773968 1.314632
v 0.878143 5.341889 0.533856
v 0.811286 5.309556 0.489474
v 0.732559 5.276563 0.454124
v 0.797458 5.763921 0.535915
v 0.746167 5.741184 0.510897
v 0.686266 5.717564 0.490529
v 0.932964 4.883412 -0.021386
v 0.760515 4.846261 -0.029722
v 0.574803 4.808352 -0.022443
v 0.781915 5.368331 0.024776
v 0.658882 5.342206 0.027509
v 0.524277 5.315065 0.039647
v -1.132221 -3.539469 10.695536
v -1.105479 -3.638592 10.671970
v -1.104247 -3.749799 10.633704
v -1.128572 -3.868816 10.582207
v -1.177522 -3.991070 10.519454
v -1.249212 -4.111861 10.447865
v -1.340890 -4.226549 10.370181
v -1.449031 -4.330726 10.289396
v -1.569481 -4.420390 10.208610
v -1.697609 -4.492091 10.130928
v -1.828494 -4.543079 10.059337
v -1.957103 -4.571390 9.996585
v -2.078495 -4.575938 9.945086
v -2.188005 -4.556549 9.906820
v -2.281426 -4.513967 9.883255
v -2.406390 -4.366599 9.883255
v -2.433133 -4.267476 9.906820
v -2.434364 -4.156269 9.945086
v -2.410039 -4.037252 9.996585
v -2.361090 -3.914999 10.059337
v -2.289399 -3.794207 10.130928
v -2.197721 -3.679519 10.208610
v -2.089580 -3.575341 10.289396
v -1.969130 -3.485679 10.370181
v -1.841001 -3.413976 10.447865
v -1.710118 -3.362990 10.519454
v -1.581508 -3.334678 10.582207
v -1.460116 -3.330130 10.633704
v -1.350606 -3.349519 10.671970
v -1.257186 -3.392101 10.695536
v -0.983552 -3.474752 11.281148
v -0.943856 -3.621885 11.246169
v -0.942028 -3.786955 11.189368
v -0.978135 -3.963618 11.112928
v -1.050794 -4.145086 11.019780
v -1.157207 -4.324381 10.913517
v -1.293288 -4.494619 10.798208
v -1.453809 -4.649254 10.678294
v -1.632598 -4.782346 10.558378
v -1.822785 -4.888777 10.443072
v -2.017064 -4.964459 10.336806
v -2.207964 -5.006484 10.243660
v -2.388152 -5.013235 10.167219
v -2.550705 -4.984455 10.110419
v -2.689373 -4.921248 10.075440
v -2.874865 -4.702502 10.075440
v -2.914560 -4.555369 10.110419
v -2.916387 -4.390299 10.167219
v -2.880280 -4.213636 10.243660
v -2.807624 -4.032170 10.336806
v -2.701209 -3.852872 10.443072
v -2.565127 -3.682635 10.558378
v -2.404606 -3.527999 10.678294
v -2.225817 -3.394908 10.798208
v -2.035630 -3.288476 10.913517
v -1.841353 -3.212795 11.019780
v -1.650451 -3.170770 11.112928
v -1.470262 -3.164019 11.189368
v -1.307711 -3.192799 11.246169
v -1.169043 -3.256006 11.281148
v -1.394508 -3.819406 11.653488
v -1.339552 -3.949918 11.634270
v -1.311665 -4.089500 11.603065
v -1.311919 -4.232787 11.561069
v -1.340309 -4.374277 11.509892
v -1.395734 -4.508523 11.451511
v -1.476074 -4.630376 11.388160
v -1.578236 -4.735148 11.322279
v -1.698296 -4.818815 11.256396
v -1.831639 -4.878160 11.193048
v -1.973141 -4.910903 11.134665
v -2.117367 -4.915786 11.083490
v -2.258769 -4.892622 11.041493
v -2.391917 -4.842299 11.010287
v -2.511693 -4.766752 10.991070
v -2.693409 -4.552459 10.991070
v -2.748365 -4.421947 11.010287
v -2.776252 -4.282366 11.041493
v -2.775997 -4.139078 11.083490
v -2.747609 -3.997590 11.134665
v -2.692182 -3.863341 11.193048
v -2.611843 -3.741489 11.256396
v -2.509680 -3.636716 11.322279
v -2.389621 -3.553050 11.388160
v -2.256276 -3.493704 11.451511
v -2.114776 -3.460963 11.509892
v -1.970550 -3.456078 11.561069
v -1.829148 -3.479244 11.603065
v -1.696001 -3.529566 11.634270
v -1.576224 -3.605112 11.653488
v -1.818848 -4.090737 11.674891
v -1.790297 -4.158542 11.664907
v -1.775809 -4.231058 11.648694
v -1.775941 -4.305501 11.626877
v -1.790690 -4.379008 11.600288
v -1.819485 -4.448753 11.569959
v -1.861224 -4.512059 11.537045
v -1.914300 -4.566491 11.502819
v -1.976674 -4.609958 11.468591
v -2.045950 -4.640790 11.435679
v -2.119464 -4.657800 11.405348
v -2.194393 -4.660337 11.378762
v -2.267856 -4.648303 11.356943
v -2.337030 -4.622159 11.340731
v -2.399257 -4.582910 11.330747
v -2.493663 -4.471579 11.330747
v -2.522215 -4.403774 11.340731
v -2.536702 -4.331258 11.356943
v -2.536570 -4.256815 11.378762
v -2.521822 -4.183309 11.405348
v -2.493026 -4.113563 11.435679
v -2.451287 -4.050257 11.468591
v -2.398211 -3.995825 11.502819
v -2.335837 -3.952358 11.537045
v -2.266561 -3.921526 11.569959
v -2.193048 -3.904516 11.600288
v -2.118118 -3.901978 11.626877
v -2.044656 -3.914013 11.648694
v -1.975482 -3.940158 11.664907
v -1.913254 -3.979406 11.674891
v -2.082159 -4.254198 11.719209
v -2.071456 -4.279616 11.715466
v -2.066025 -4.306801 11.709389
v -2.066074 -4.334706 11.701210
v -2.071603 -4.362263 11.691242
v -2.082397 -4.388408 11.679873
v -2.098044 -4.412139 11.667534
v -2.117941 -4.432545 11.654704
v -2.141323 -4.448839 11.641872
v -2.167293 -4.460397 11.629535
v -2.194851 -4.466774 11.618164
v -2.222940 -4.467725 11.608198
v -2.250479 -4.463213 11.600019
v -2.276411 -4.453413 11.593942
v -2.299737 -4.438700 11.590199
v -2.335128 -4.396965 11.590199
v -2.345831 -4.371547 11.593942
v -2.351262 -4.344362 11.600019
v -2.351212 -4.316456 11.608198
v -2.345684 -4.288900 11.618164
v -2.334889 -4.262755 11.629535
v -2.319242 -4.239024 11.641872
v -2.299346 -4.218618 11.654704
v -2.275963 -4.202324 11.667534
v -2.249994 -4.190765 11.679873
v -2.222435 -4.184389 11.691242
v -2.194347 -4.183438 11.701210
v -2.166807 -4.187949 11.709389
v -2.140876 -4.197750 11.715466
v -2.117549 -4.212463 11.719209
v -0.717219 -4.168607 11.692593
v -0.763954 -4.285331 11.632678
v -0.832402 -4.400659 11.564325
v -0.931917 -4.341743 11.980846
v -0.950178 -4.432753 11.947929
v -0.985828 -4.519104 11.910378
v -0.410050 -4.857023 12.527080
v -0.417033 -4.874464 12.518128
v -0.427261 -4.891696 12.507915
v -0.442130 -4.882892 12.570151
v -0.444859 -4.896491 12.565232
v -0.450186 -4.909394 12.559622
v -2.844141 -5.220737 10.006274
v -2.952301 -5.201587 9.968480
v -3.044568 -5.159531 9.945207
v -3.167991 -5.013981 9.945206
v -3.194403 -4.916081 9.968479
v -3.195620 -4.806246 10.006273
v -2.758052 -5.140483 10.588000
v -2.846646 -5.106999 10.567236
v -2.926343 -5.056732 10.554450
v -3.047253 -4.914145 10.554450
v -3.083820 -4.827305 10.567236
v -3.102376 -4.734430 10.588000
v -3.379802 -5.426863 9.984222
v -3.400162 -5.410469 9.960548
v -3.420493 -5.391185 9.945971
v -3.457966 -5.346994 9.945971
v -3.473668 -5.323786 9.960548
v -3.486513 -5.301019 9.984222
v -3.466421 -5.498112 10.125259
v -3.485854 -5.481616 10.110535
v -3.505454 -5.462456 10.101467
v -3.542164 -5.419165 10.101468
v -3.557862 -5.396698 10.110536
v -3.570961 -5.374830 10.125260
vn -0.0000 0.2381 0.9712
vn -0.0000 0.0349 0.9994
vn 0.2499 0.2321 0.9401
vn 0.2567 0.0307 0.9660
vn 0.4729 0.2151 0.8545
vn 0.4824 0.0220 0.8757
vn 0.6542 0.1904 0.7320
vn 0.6652 0.0099 0.7466
vn 0.8330 0.1664 0.5277
vn 0.8002 -0.0045 0.5997
vn 0.9010 0.0685 0.4283
vn 0.8933 -0.0184 0.4491
vn 0.9491 -0.0113 0.3149
vn 0.9537 -0.0321 0.2990
vn 0.9784 -0.0901 0.1862
vn 0.9876 -0.0433 0.1512
vn 0.9920 -0.1129 0.0560
vn 0.9987 -0.0517 0.0053
vn 0.9811 -0.1569 -0.1133
vn 0.9883 -0.0574 -0.1410
vn 0.9407 -0.1882 -0.2823
vn 0.9553 -0.0603 -0.2894
vn 0.8798 -0.1816 -0.4392
vn 0.8956 -0.0604 -0.4407
vn 0.7857 -0.1495 -0.6003
vn 0.8028 -0.0583 -0.5934
vn 0.6473 -0.0861 -0.7574
vn 0.6686 -0.0546 -0.7416
vn 0.4375 0.0663 -0.8968
vn 0.4867 -0.0501 -0.8722
vn 0.2485 0.1119 -0.9621
vn 0.2585 -0.0462 -0.9649
vn -0.0000 0.0940 -0.9956
vn -0.0000 -0.0445 -0.9990
vn -0.2126 0.0946 -0.9726
vn -0.2588 -0.0455 -0.9649
vn -0.3430 0.1447 -0.9281
vn -0.4874 -0.0474 -0.8719
vn -0.5582 0.1865 -0.8085
vn -0.6689 -0.0500 -0.7417
vn -0.7835 0.1239 -0.6089
vn -0.8026 -0.0539 -0.5941
vn -0.8817 0.1083 -0.4593
vn -0.8956 -0.0571 -0.4413
vn -0.9465 0.0959 -0.3081
vn -0.9553 -0.0581 -0.2899
vn -0.9835 0.0888 -0.1577
vn -0.9883 -0.0563 -0.1414
vn -0.9960 0.0884 -0.0085
vn -0.9987 -0.0517 0.0049
vn -0.9855 0.0952 0.1405
vn -0.9875 -0.0440 0.1511
vn -0.9498 0.1124 0.2919
vn -0.9537 -0.0334 0.2988
vn -0.8871 0.1363 0.4410
vn -0.8933 -0.0203 0.4490
vn -0.7907 0.1627 0.5902
vn -0.7998 -0.0054 0.6003
vn -0.6542 0.1904 0.7320
vn -0.6652 0.0099 0.7466
vn -0.4729 0.2151 0.8545
vn -0.4824 0.0220 0.8757
vn -0.2499 0.2321 0.9401
vn -0.2567 0.0307 0.9660
vn -0.0000 0.4929 0.8701
vn 0.1812 0.4996 0.8471
vn 0.3486 0.5175 0.7815
vn 0.4942 0.5401 0.6812
vn 0.6084 0.5663 0.5561
vn 0.6989 0.5838 0.4132
vn 0.6974 0.6651 0.2671
vn 0.5962 0.8003 0.0639
vn 0.5083 0.8580 -0.0742
vn 0.4391 0.8815 -0.1739
vn 0.3824 0.8883 -0.2543
vn 0.3331 0.8842 -0.3274
vn 0.2874 0.8688 -0.4033
vn 0.2405 0.8354 -0.4942
vn 0.1829 0.7082 -0.6820
vn 0.1279 0.6814 -0.7206
vn -0.0000 0.6864 -0.7272
vn -0.1188 0.6923 -0.7118
vn -0.2396 0.6977 -0.6751
vn -0.3661 0.6906 -0.6237
vn -0.4848 0.6731 -0.5585
vn -0.5938 0.6545 -0.4680
vn -0.6855 0.6370 -0.3526
vn -0.7523 0.6225 -0.2159
vn -0.7886 0.6116 -0.0642
vn -0.7917 0.6035 0.0950
vn -0.7627 0.5924 0.2595
vn -0.7044 0.5775 0.4126
vn -0.6135 0.5611 0.5557
vn -0.4942 0.5401 0.6812
vn -0.3486 0.5175 0.7815
vn -0.1812 0.4996 0.8471
vn -0.0000 0.6262 0.7797
vn 0.1459 0.6292 0.7634
vn 0.2867 0.6372 0.7154
vn 0.4175 0.6463 0.6388
vn 0.5350 0.6499 0.5398
vn 0.6394 0.6411 0.4245
vn 0.7305 0.6139 0.2992
vn 0.8133 0.5629 0.1476
vn 0.8519 0.5231 -0.0252
vn 0.8386 0.5015 -0.2129
vn 0.7533 0.5247 -0.3966
vn 0.5774 0.6251 -0.5253
vn 0.3528 0.7727 -0.5277
vn 0.1881 0.8712 -0.4534
vn 0.0977 0.9149 -0.3917
vn 0.0450 0.9315 -0.3611
vn -0.0000 0.9358 -0.3526
vn -0.0450 0.9315 -0.3611
vn -0.0977 0.9149 -0.3917
vn -0.1881 0.8713 -0.4534
vn -0.3528 0.7727 -0.5277
vn -0.5774 0.6251 -0.5253
vn -0.7533 0.5247 -0.3966
vn -0.8386 0.5015 -0.2129
vn -0.8519 0.5231 -0.0252
vn -0.8133 0.5629 0.1476
vn -0.7305 0.6139 0.2992
vn -0.6394 0.6411 0.4245
vn -0.5350 0.6499 0.5398
vn -0.4175 0.6463 0.6388
vn -0.2867 0.6372 0.7154
vn -0.1459 0.6292 0.7634
vn -0.0000 0.0432 0.9991
vn 0.2750 0.1358 0.9518
vn 0.5331 0.2021 0.8215
vn 0.7131 0.2263 0.6635
vn 0.8309 0.2296 0.5068
vn 0.9059 0.2209 0.3612
vn 0.9525 0.2037 0.2262
vn 0.9790 0.1782 0.0994
vn 0.9890 0.1459 -0.0229
vn 0.9963 0.0345 -0.0785
vn 0.9598 -0.1914 -0.2051
vn 0.8698 -0.3536 -0.3441
vn 0.7551 -0.4635 -0.4636
vn 0.6160 -0.5339 -0.5792
vn 0.3957 -0.3677 -0.8416
vn 0.2680 -0.3261 -0.9066
vn -0.0000 -0.3797 -0.9251
vn -0.2891 -0.4103 -0.8649
vn -0.5130 -0.4329 -0.7413
vn -0.6663 -0.4398 -0.6022
vn -0.7728 -0.4356 -0.4616
vn -0.8417 -0.4277 -0.3297
vn -0.8850 -0.4169 -0.2073
vn -0.9104 -0.4034 -0.0919
vn -0.9219 -0.3870 0.0203
vn -0.9207 -0.3669 0.1331
vn -0.9056 -0.3422 0.2506
vn -0.8724 -0.3112 0.3768
vn -0.8131 -0.2714 0.5150
vn -0.7140 -0.2190 0.6650
vn -0.5563 -0.1492 0.8174
vn -0.3242 -0.0591 0.9441
vn -0.2048 0.1536 0.9667
vn 0.0630 0.3573 0.9319
vn 0.3180 0.4884 0.8126
vn 0.4990 0.5553 0.6653
vn 0.6241 0.5800 0.5236
vn 0.7106 0.5811 0.3967
vn 0.7722 0.5684 0.2840
vn 0.8178 0.5460 0.1819
vn 0.8537 0.5138 0.0852
vn 0.8830 0.4693 -0.0098
vn 0.9059 0.4099 -0.1062
vn 0.9204 0.3321 -0.2064
vn 0.9214 0.2308 -0.3127
vn 0.8997 0.0995 -0.4251
vn 0.8398 -0.0670 -0.5387
vn 0.7226 -0.2658 -0.6381
vn 0.5387 -0.4751 -0.6958
vn 0.3091 -0.6573 -0.6873
vn 0.0651 -0.7819 -0.6200
vn -0.1300 -0.8432 -0.5216
vn -0.2808 -0.8697 -0.4059
vn -0.3948 -0.8705 -0.2937
vn -0.4810 -0.8564 -0.1875
vn -0.5467 -0.8329 -0.0860
vn -0.5970 -0.8021 0.0137
vn -0.6350 -0.7639 0.1149
vn -0.6620 -0.7161 0.2212
vn -0.6770 -0.6545 0.3365
vn -0.6758 -0.5719 0.4650
vn -0.6485 -0.4575 0.6085
vn -0.5759 -0.2977 0.7614
vn -0.4317 -0.0864 0.8979
vn -0.4486 0.3804 0.8087
vn -0.2017 0.6039 0.7711
vn 0.0467 0.7330 0.6786
vn 0.2523 0.7839 0.5673
vn 0.4088 0.7889 0.4589
vn 0.5265 0.7703 0.3598
vn 0.6175 0.7389 0.2696
vn 0.6908 0.6987 0.1861
vn 0.7524 0.6500 0.1064
vn 0.8063 0.5909 0.0281
vn 0.8540 0.5177 -0.0513
vn 0.8953 0.4249 -0.1342
vn 0.9264 0.3041 -0.2222
vn 0.9379 0.1452 -0.3149
vn 0.9117 -0.0600 -0.4064
vn 0.8224 -0.3056 -0.4798
vn 0.6565 -0.5567 -0.5090
vn 0.4359 -0.7614 -0.4798
vn 0.2082 -0.8896 -0.4064
vn 0.0100 -0.9491 -0.3149
vn -0.1486 -0.9636 -0.2222
vn -0.2729 -0.9527 -0.1342
vn -0.3712 -0.9271 -0.0513
vn -0.4512 -0.8920 0.0281
vn -0.5183 -0.8486 0.1064
vn -0.5764 -0.7957 0.1861
vn -0.6281 -0.7299 0.2696
vn -0.6739 -0.6453 0.3598
vn -0.7115 -0.5322 0.4589
vn -0.7321 -0.3770 0.5673
vn -0.7155 -0.1659 0.6786
vn -0.6287 0.1002 0.7711
vn -0.6271 0.5318 0.5692
vn -0.3821 0.7486 0.5418
vn -0.1285 0.8707 0.4747
vn 0.0889 0.9147 0.3943
vn 0.2609 0.9122 0.3161
vn 0.3955 0.8853 0.2445
vn 0.5035 0.8452 0.1790
vn 0.5934 0.7962 0.1179
vn 0.6712 0.7389 0.0591
vn 0.7408 0.6718 0.0006
vn 0.8044 0.5910 -0.0595
vn 0.8625 0.4907 -0.1235
vn 0.9121 0.3616 -0.1931
vn 0.9441 0.1912 -0.2687
vn 0.9377 -0.0322 -0.3458
vn 0.8600 -0.3043 -0.4097
vn 0.6865 -0.5822 -0.4357
vn 0.4407 -0.7987 -0.4097
vn 0.1850 -0.9199 -0.3458
vn -0.0343 -0.9626 -0.2687
vn -0.2076 -0.9590 -0.1931
vn -0.3431 -0.9311 -0.1235
vn -0.4516 -0.8902 -0.0595
vn -0.5417 -0.8406 0.0006
vn -0.6193 -0.7829 0.0591
vn -0.6885 -0.7156 0.1179
vn -0.7516 -0.6349 0.1790
vn -0.8088 -0.5349 0.2445
vn -0.8573 -0.4064 0.3161
vn -0.8878 -0.2372 0.3943
vn -0.8800 -0.0155 0.4747
vn -0.8010 0.2546 0.5418
vn -0.6656 0.5644 0.4883
vn -0.4186 0.7819 0.4619
vn -0.1622 0.9032 0.3973
vn 0.0576 0.9457 0.3200
vn 0.2316 0.9413 0.2455
vn 0.3682 0.9125 0.1782
vn 0.4782 0.8704 0.1175
vn 0.5701 0.8193 0.0615
vn 0.6500 0.7599 0.0079
vn 0.7216 0.6908 -0.0456
vn 0.7873 0.6082 -0.1010
vn 0.8473 0.5062 -0.1605
vn 0.8988 0.3756 -0.2261
vn 0.9324 0.2038 -0.2984
vn 0.9276 -0.0209 -0.3730
vn 0.8508 -0.2945 -0.4353
vn 0.6770 -0.5741 -0.4606
vn 0.4296 -0.7912 -0.4353
vn 0.1722 -0.9117 -0.3730
vn -0.0487 -0.9532 -0.2984
vn -0.2236 -0.9481 -0.2261
vn -0.3609 -0.9187 -0.1605
vn -0.4714 -0.8761 -0.1010
vn -0.5636 -0.8248 -0.0456
vn -0.6435 -0.7654 0.0079
vn -0.7151 -0.6963 0.0615
vn -0.7805 -0.6140 0.1175
vn -0.8401 -0.5124 0.1782
vn -0.8908 -0.3823 0.2455
vn -0.9235 -0.2114 0.3200
vn -0.9176 0.0124 0.3973
vn -0.8398 0.2852 0.4619
vn 0.9960 -0.0896 0.0057
vn 0.9979 -0.0103 -0.0633
vn -0.2755 -0.0061 -0.9613
vn -0.5126 -0.0184 -0.8584
vn -0.9568 -0.0797 0.2798
vn -0.9036 -0.0679 0.4231
vn 0.8188 -0.0525 0.5717
vn 0.9036 -0.0679 0.4231
vn 0.5982 0.3004 -0.7429
vn 0.4522 0.0711 -0.8891
vn -0.9595 -0.0795 -0.2703
vn -0.9876 -0.0870 -0.1305
vn -0.0000 0.0006 1.0000
vn 0.2747 -0.0032 0.9615
vn -0.2747 -0.0032 0.9615
vn 0.9393 0.2438 -0.2416
vn -0.6942 -0.0349 -0.7190
vn -0.8188 -0.0525 0.5717
vn 0.9568 -0.0797 0.2798
vn 0.2755 -0.0061 -0.9613
vn -0.9960 -0.0896 0.0057
vn 0.5096 -0.0165 0.8602
vn 0.8458 0.3611 -0.3928
vn -0.8221 -0.0522 -0.5670
vn -0.6915 -0.0351 0.7216
vn 0.9861 -0.0871 0.1415
vn -0.0000 -0.0015 -1.0000
vn -0.9861 -0.0871 0.1415
vn 0.6915 -0.0351 0.7216
vn 0.7346 0.3937 -0.5526
vn -0.9069 -0.0676 -0.4158
vn -0.5096 -0.0165 0.8602
vn 0.9513 -0.1861 0.2459
vn 0.9270 -0.3391 -0.1602
vn 0.8088 -0.4580 -0.3690
vn 0.7217 -0.5929 -0.3572
vn 0.4471 -0.8028 -0.3944
vn -0.0050 -0.6397 -0.7686
vn 0.9644 0.1538 0.2151
vn 0.1010 0.9688 -0.2264
vn -0.1735 0.4995 -0.8488
vn 0.9505 0.3030 -0.0685
vn 0.8287 0.3794 -0.4115
vn 0.7789 0.3679 -0.5079
vn 0.7902 -0.5851 -0.1821
vn 0.3637 -0.9199 -0.1467
vn -0.6289 -0.7699 -0.1088
vn 0.1609 0.9846 -0.0682
vn -0.4875 0.8717 -0.0501
vn 0.5698 0.8217 -0.0136
vn 0.7368 -0.6743 0.0495
vn 0.2873 -0.9547 0.0771
vn -0.5596 -0.8221 0.1047
vn 0.1337 0.9843 -0.1155
vn -0.4806 0.8722 -0.0914
vn 0.7083 0.6984 -0.1027
vn 0.5729 -0.7407 0.3510
vn 0.0494 -0.9115 0.4084
vn -0.7117 -0.5614 0.4222
vn 0.1853 0.9194 -0.3469
vn -0.5472 0.8202 -0.1669
vn 0.7095 0.7046 -0.0107
vn 0.5985 -0.7265 -0.3377
vn 0.1734 -0.9163 -0.3610
vn -0.5370 -0.7805 -0.3202
vn 0.0748 0.3582 -0.9306
vn -0.6560 0.4455 -0.6092
vn 0.8297 0.3406 -0.4422
vn -0.0000 0.7627 0.6468
vn 0.1150 0.7559 0.6445
vn 0.2335 0.7351 0.6365
vn 0.3598 0.6975 0.6198
vn 0.4969 0.6370 0.5893
vn 0.6454 0.5440 0.5362
vn 0.7952 0.4125 0.4443
vn 0.9328 0.2231 0.2831
vn 0.9970 -0.0091 0.0771
vn 0.9577 -0.2296 -0.1734
vn 0.8199 -0.3706 -0.4364
vn 0.6249 -0.3827 -0.6804
vn 0.4191 -0.2581 -0.8705
vn 0.2464 -0.0788 -0.9660
vn 0.1302 0.0502 -0.9902
vn 0.0591 0.1192 -0.9911
vn -0.0000 0.1418 -0.9899
vn -0.0591 0.1192 -0.9911
vn -0.1302 0.0502 -0.9902
vn -0.2464 -0.0788 -0.9660
vn -0.4191 -0.2581 -0.8705
vn -0.6249 -0.3827 -0.6804
vn -0.8199 -0.3706 -0.4364
vn -0.9577 -0.2296 -0.1734
vn -0.9970 -0.0091 0.0771
vn -0.9328 0.2231 0.2831
vn -0.7952 0.4125 0.4443
vn -0.6454 0.5440 0.5362
vn -0.4969 0.6370 0.5893
vn -0.3598 0.6975 0.6198
vn -0.2335 0.7351 0.6365
vn -0.1150 0.7559 0.6445
vn -0.0000 0.8966 0.4428
vn 0.1138 0.8901 0.4413
vn 0.2316 0.8693 0.4367
vn 0.3572 0.8304 0.4275
vn 0.4938 0.7663 0.4111
vn 0.6418 0.6648 0.3823
vn 0.7936 0.5094 0.3328
vn 0.9245 0.2858 0.2524
vn 0.9904 0.0026 0.1380
vn 0.9566 -0.2914 0.0066
vn 0.8373 -0.5354 -0.1107
vn 0.6808 -0.7054 -0.1972
vn 0.5231 -0.8132 -0.2551
vn 0.3772 -0.8788 -0.2922
vn 0.2439 -0.9172 -0.3152
vn 0.1197 -0.9372 -0.3277
vn -0.0000 -0.9434 -0.3318
vn -0.1197 -0.9372 -0.3277
vn -0.2439 -0.9172 -0.3152
vn -0.3772 -0.8788 -0.2922
vn -0.5231 -0.8132 -0.2551
vn -0.6808 -0.7054 -0.1972
vn -0.8373 -0.5354 -0.1107
vn -0.9566 -0.2914 0.0066
vn -0.9904 0.0026 0.1380
vn -0.9245 0.2858 0.2524
vn -0.7936 0.5094 0.3328
vn -0.6418 0.6648 0.3823
vn -0.4938 0.7663 0.4111
vn -0.3572 0.8304 0.4275
vn -0.2316 0.8693 0.4367
vn -0.1138 0.8901 0.4413
vn -0.0000 0.9720 0.2350
vn 0.1214 0.9645 0.2346
vn 0.2468 0.9405 0.2335
vn 0.3799 0.8957 0.2310
vn 0.5233 0.8217 0.2258
vn 0.6754 0.7052 0.2157
vn 0.8252 0.5294 0.1970
vn 0.9441 0.2848 0.1659
vn 0.9925 -0.0114 0.1220
vn 0.9485 -0.3085 0.0713
vn 0.8317 -0.5548 0.0233
vn 0.6817 -0.7314 -0.0155
vn 0.5283 -0.8479 -0.0438
vn 0.3835 -0.9214 -0.0631
vn 0.2491 -0.9655 -0.0754
vn 0.1225 -0.9891 -0.0822
vn -0.0000 -0.9964 -0.0844
vn -0.1225 -0.9891 -0.0822
vn -0.2491 -0.9655 -0.0754
vn -0.3835 -0.9214 -0.0631
vn -0.5283 -0.8479 -0.0438
vn -0.6817 -0.7314 -0.0155
vn -0.8317 -0.5548 0.0233
vn -0.9485 -0.3085 0.0713
vn -0.9925 -0.0114 0.1220
vn -0.9441 0.2848 0.1659
vn -0.8252 0.5294 0.1970
vn -0.6754 0.7052 0.2157
vn -0.5233 0.8217 0.2258
vn -0.3799 0.8957 0.2310
vn -0.2468 0.9405 0.2335
vn -0.1214 0.9645 0.2346
vn -0.0000 0.9996 0.0281
vn 0.1215 0.9922 0.0269
vn 0.2470 0.9687 0.0229
vn 0.3804 0.9247 0.0159
vn 0.5241 0.8516 0.0049
vn 0.6769 0.7360 -0.0110
vn 0.8275 0.5605 -0.0328
vn 0.9474 0.3144 -0.0595
vn 0.9961 0.0146 -0.0873
vn 0.9514 -0.2874 -0.1103
vn 0.8333 -0.5385 -0.1251
vn 0.6824 -0.7188 -0.1326
vn 0.5284 -0.8381 -0.1357
vn 0.3834 -0.9134 -0.1367
vn 0.2490 -0.9588 -0.1368
vn 0.1224 -0.9830 -0.1366
vn -0.0000 -0.9906 -0.1366
vn -0.1224 -0.9830 -0.1366
vn -0.2490 -0.9588 -0.1368
vn -0.3834 -0.9134 -0.1367
vn -0.5284 -0.8381 -0.1357
vn -0.6824 -0.7188 -0.1326
vn -0.8333 -0.5384 -0.1251
vn -0.9514 -0.2874 -0.1103
vn -0.9961 0.0146 -0.0873
vn -0.9474 0.3144 -0.0595
vn -0.8275 0.5605 -0.0328
vn -0.6769 0.7360 -0.0110
vn -0.5241 0.8516 0.0049
vn -0.3804 0.9247 0.0159
vn -0.2470 0.9687 0.0229
vn -0.1215 0.9922 0.0269
vn -0.0000 0.9948 0.1017
vn 0.1228 0.9875 0.0985
vn 0.2497 0.9643 0.0883
vn 0.3847 0.9204 0.0698
vn 0.5301 0.8470 0.0405
vn 0.6837 0.7298 -0.0026
vn 0.8321 0.5513 -0.0614
vn 0.9437 0.3032 -0.1324
vn 0.9792 0.0079 -0.2028
vn 0.9241 -0.2813 -0.2585
vn 0.8038 -0.5169 -0.2944
vn 0.6568 -0.6855 -0.3143
vn 0.5088 -0.7975 -0.3242
vn 0.3696 -0.8691 -0.3287
vn 0.2403 -0.9126 -0.3307
vn 0.1182 -0.9360 -0.3314
vn -0.0000 -0.9434 -0.3316
vn -0.1182 -0.9360 -0.3314
vn -0.2403 -0.9126 -0.3307
vn -0.3696 -0.8691 -0.3287
vn -0.5088 -0.7975 -0.3242
vn -0.6568 -0.6855 -0.3143
vn -0.8038 -0.5169 -0.2944
vn -0.9241 -0.2813 -0.2585
vn -0.9792 0.0079 -0.2028
vn -0.9437 0.3032 -0.1324
vn -0.8321 0.5513 -0.0614
vn -0.6837 0.7298 -0.0026
vn -0.5301 0.8470 0.0405
vn -0.3847 0.9204 0.0698
vn -0.2497 0.9643 0.0883
vn -0.1228 0.9875 0.0985
vn -0.0000 0.9614 0.2752
vn 0.1214 0.9554 0.2691
vn 0.2475 0.9361 0.2499
vn 0.3825 0.8987 0.2147
vn 0.5292 0.8336 0.1584
vn 0.6842 0.7255 0.0743
vn 0.8303 0.5557 -0.0415
vn 0.9309 0.3173 -0.1808
vn 0.9470 0.0377 -0.3191
vn 0.8735 -0.2279 -0.4302
vn 0.7446 -0.4371 -0.5044
vn 0.5999 -0.5829 -0.5481
vn 0.4607 -0.6785 -0.5722
vn 0.3330 -0.7394 -0.5851
vn 0.2159 -0.7765 -0.5919
vn 0.1061 -0.7966 -0.5952
vn -0.0000 -0.8029 -0.5961
vn -0.1061 -0.7966 -0.5952
vn -0.2159 -0.7765 -0.5919
vn -0.3330 -0.7394 -0.5851
vn -0.4607 -0.6785 -0.5722
vn -0.5999 -0.5829 -0.5481
vn -0.7446 -0.4371 -0.5044
vn -0.8735 -0.2279 -0.4302
vn -0.9470 0.0377 -0.3191
vn -0.9309 0.3173 -0.1808
vn -0.8303 0.5557 -0.0415
vn -0.6842 0.7255 0.0743
vn -0.5292 0.8336 0.1584
vn -0.3825 0.8987 0.2147
vn -0.2475 0.9361 0.2499
vn -0.1214 0.9554 0.2691
vn -0.0000 0.8459 -0.5334
vn 0.0909 0.8392 -0.5362
vn 0.1835 0.8179 -0.5453
vn 0.2791 0.7790 -0.5615
vn 0.3768 0.7165 -0.5871
vn 0.4723 0.6221 -0.6245
vn 0.5529 0.4873 -0.6759
vn 0.5963 0.3133 -0.7391
vn 0.5817 0.1234 -0.8040
vn 0.5144 -0.0435 -0.8564
vn 0.4231 -0.1645 -0.8910
vn 0.3322 -0.2431 -0.9114
vn 0.2510 -0.2924 -0.9228
vn 0.1797 -0.3230 -0.9292
vn 0.1159 -0.3415 -0.9327
vn 0.0568 -0.3514 -0.9345
vn -0.0000 -0.3546 -0.9350
vn -0.0568 -0.3514 -0.9345
vn -0.1159 -0.3415 -0.9327
vn -0.1797 -0.3230 -0.9292
vn -0.2510 -0.2924 -0.9228
vn -0.3322 -0.2431 -0.9114
vn -0.4231 -0.1645 -0.8910
vn -0.5145 -0.0435 -0.8564
vn -0.5817 0.1234 -0.8040
vn -0.5963 0.3133 -0.7392
vn -0.5529 0.4873 -0.6759
vn -0.4723 0.6221 -0.6245
vn -0.3768 0.7165 -0.5871
vn -0.2790 0.7790 -0.5615
vn -0.1835 0.8179 -0.5453
vn -0.0909 0.8392 -0.5362
vn 0.8961 0.1220 0.4268
vn 0.9592 0.0308 0.2812
vn 0.9908 0.0096 0.1352
vn 0.9975 -0.0673 0.0197
vn 0.9852 -0.1102 -0.1314
vn 0.9515 -0.0937 -0.2931
vn 0.8940 -0.0713 -0.4424
vn 0.8759 -0.1939 -0.4418
vn 0.6169 -0.4804 -0.6234
vn 0.2520 -0.1670 -0.9532
vn 0.8487 0.2576 0.4619
vn 0.8649 0.3995 0.3038
vn 0.8721 0.4759 0.1136
vn 0.8592 0.5078 -0.0621
vn 0.8227 0.5224 -0.2242
vn 0.7603 0.5313 -0.3736
vn 0.6750 0.5355 -0.5075
vn 0.6240 0.6410 -0.4469
vn 0.2052 0.9015 -0.3811
vn 0.0201 0.7308 -0.6823
vn 0.8802 -0.3572 -0.3126
vn 0.3083 -0.6994 -0.6448
vn -0.5487 -0.6074 -0.5744
vn 0.7175 0.6962 0.0204
vn -0.0592 0.9945 0.0860
vn -0.8171 0.5737 0.0571
vn 0.9121 -0.2326 -0.3376
vn -0.0247 -0.9898 -0.1406
vn -0.7924 -0.6048 0.0800
vn 0.5716 0.8199 0.0325
vn 0.0451 0.9976 0.0533
vn -0.6516 0.7581 0.0289
vn 0.8523 -0.4393 0.2839
vn 0.2354 -0.9212 0.3098
vn -0.3575 -0.9068 0.2232
vn 0.3350 0.9236 -0.1864
vn -0.3183 0.9346 -0.1586
vn -0.9290 0.3699 -0.0048
vn 0.9437 -0.3238 0.0672
vn 0.3462 -0.9297 0.1259
vn -0.4445 -0.8904 0.0977
vn 0.3343 0.9401 -0.0666
vn -0.3456 0.9322 -0.1074
vn -0.9204 0.3818 -0.0843
vn 0.8917 -0.4270 0.1499
vn 0.1388 -0.8776 0.4589
vn -0.5646 -0.6149 0.5506
vn 0.4765 0.8449 -0.2428
vn -0.2159 0.8989 -0.3812
vn -0.7391 0.6160 -0.2725
vn 0.7044 -0.6055 -0.3704
vn 0.1657 -0.8605 -0.4817
vn -0.5160 -0.7975 -0.3126
vn 0.4386 0.5093 -0.7404
vn -0.1452 0.4675 -0.8720
vn -0.8436 0.2674 -0.4657
vn -0.7591 0.6437 0.0967
vn -0.5236 0.8478 0.0838
vn -0.2744 0.9603 0.0510
vn -0.0565 0.9984 0.0089
vn 0.1185 0.9923 -0.0353
vn 0.2569 0.9632 -0.0795
vn 0.3679 0.9216 -0.1240
vn 0.4593 0.8719 -0.1698
vn 0.5367 0.8150 -0.2185
vn 0.6036 0.7496 -0.2718
vn 0.6617 0.6724 -0.3317
vn 0.7109 0.5782 -0.4004
vn 0.7477 0.4588 -0.4800
vn 0.7633 0.3032 -0.5705
vn 0.7395 0.1006 -0.6656
vn 0.6499 -0.1473 -0.7456
vn 0.4788 -0.4060 -0.7784
vn 0.2515 -0.6171 -0.7456
vn 0.0216 -0.7460 -0.6656
vn -0.1744 -0.8026 -0.5705
vn -0.3304 -0.8127 -0.4800
vn -0.4542 -0.7958 -0.4004
vn -0.5552 -0.7627 -0.3317
vn -0.6409 -0.7179 -0.2718
vn -0.7163 -0.6626 -0.2185
vn -0.7851 -0.5956 -0.1698
vn -0.8491 -0.5135 -0.1240
vn -0.9082 -0.4108 -0.0795
vn -0.9596 -0.2791 -0.0353
vn -0.9942 -0.1074 0.0089
vn -0.9922 0.1137 0.0510
vn -0.9220 0.3780 0.0838
vn -0.7132 0.6048 0.3544
vn -0.4830 0.8124 0.3267
vn -0.2439 0.9357 0.2548
vn -0.0359 0.9863 0.1608
vn -0.1048 0.9913 -0.0800
vn 0.0815 0.9191 -0.3855
vn 0.3923 0.8831 -0.2573
vn 0.4608 0.8725 -0.1627
vn 0.5505 0.8093 -0.2048
vn 0.6366 0.7336 -0.2379
vn 0.7199 0.6412 -0.2656
vn 0.7986 0.5260 -0.2925
vn 0.8663 0.3801 -0.3241
vn 0.7674 0.4391 -0.4672
vn 0.1824 0.2556 -0.9494
vn 0.0847 0.1331 -0.9875
vn -0.0149 0.0126 -0.9998
vn -0.1175 -0.1054 -0.9875
vn -0.2223 -0.2217 -0.9494
vn -0.3078 -0.8289 -0.4672
vn -0.2334 -0.9168 -0.3241
vn -0.3885 -0.8738 -0.2925
vn -0.5149 -0.8150 -0.2656
vn -0.6197 -0.7479 -0.2379
vn -0.7085 -0.6753 -0.2048
vn -0.7854 -0.5972 -0.1627
vn -0.8548 -0.5095 -0.0987
vn -0.9096 -0.4150 -0.0222
vn -0.9549 -0.2898 0.0648
vn -0.9789 -0.1258 0.1608
vn -0.9630 0.0877 0.2548
vn -0.8804 0.3437 0.3267
vn -0.2506 0.2125 0.9445
vn -0.1437 0.3367 0.9306
vn -0.0317 0.4545 0.8902
vn 0.0905 0.5565 0.8259
vn -0.0617 -0.0084 0.9981
vn 0.2936 -0.3130 0.9032
vn 0.7312 0.3942 0.5568
vn 0.6061 0.6158 0.5033
vn 0.7140 0.5460 0.4383
vn 0.8061 0.4447 0.3905
vn 0.8776 0.3155 0.3609
vn 0.9228 0.1641 0.3487
vn 0.9366 -0.0000 0.3503
vn 0.8970 -0.0949 0.4316
vn 0.6853 -0.3249 0.6518
vn 0.6348 -0.4114 0.6540
vn 0.5767 -0.4890 0.6544
vn 0.5096 -0.5591 0.6540
vn 0.4325 -0.6229 0.6518
vn 0.2403 -0.8695 0.4316
vn 0.1531 -0.9240 0.3503
vn -0.0111 -0.9372 0.3487
vn -0.1678 -0.9174 0.3609
vn -0.3070 -0.8679 0.3905
vn -0.4220 -0.7936 0.4383
vn -0.5085 -0.6986 0.5033
vn -0.5740 -0.5783 0.5797
vn -0.6001 -0.4573 0.6563
vn -0.5857 -0.3207 0.7444
vn -0.5342 -0.1802 0.8259
vn -0.4536 -0.0430 0.8902
vn -0.3557 0.0868 0.9306
vn -0.0628 0.0532 0.9966
vn 0.0132 0.1304 0.9914
vn 0.0985 0.1941 0.9760
vn 0.1898 0.2419 0.9516
vn 0.2837 0.2721 0.9195
vn 0.3770 0.2837 0.8817
vn 0.4668 0.2766 0.8400
vn 0.5504 0.2509 0.7963
vn 0.6253 0.2073 0.7523
vn 0.6892 0.1469 0.7095
vn 0.7397 0.0709 0.6692
vn 0.7743 -0.0187 0.6325
vn 0.7907 -0.1193 0.6005
vn 0.7864 -0.2273 0.5743
vn 0.7602 -0.3381 0.5548
vn 0.7118 -0.4460 0.5427
vn 0.6426 -0.5449 0.5386
vn 0.5563 -0.6293 0.5427
vn 0.4578 -0.6947 0.5548
vn 0.3528 -0.7387 0.5743
vn 0.2469 -0.7605 0.6005
vn 0.1450 -0.7609 0.6325
vn 0.0509 -0.7414 0.6692
vn -0.0323 -0.7040 0.7095
vn -0.1023 -0.6508 0.7523
vn -0.1576 -0.5840 0.7963
vn -0.1966 -0.5057 0.8400
vn -0.2183 -0.4183 0.8817
vn -0.2220 -0.3244 0.9195
vn -0.2076 -0.2268 0.9516
vn -0.1754 -0.1289 0.9760
vn -0.1265 -0.0344 0.9914
vn 0.0960 -0.0815 0.9920
vn 0.1430 -0.0348 0.9891
vn 0.1960 0.0022 0.9806
vn 0.2522 0.0282 0.9673
vn 0.3091 0.0425 0.9501
vn 0.3644 0.0454 0.9301
vn 0.4163 0.0373 0.9085
vn 0.4634 0.0191 0.8860
vn 0.5046 -0.0086 0.8633
vn 0.5388 -0.0449 0.8412
vn 0.5651 -0.0888 0.8202
vn 0.5823 -0.1394 0.8009
vn 0.5895 -0.1952 0.7838
vn 0.5856 -0.2546 0.7696
vn 0.5701 -0.3151 0.7588
vn 0.5429 -0.3738 0.7520
vn 0.5047 -0.4279 0.7498
vn 0.4576 -0.4745 0.7520
vn 0.4040 -0.5109 0.7588
vn 0.3469 -0.5362 0.7696
vn 0.2889 -0.5497 0.7838
vn 0.2327 -0.5517 0.8009
vn 0.1800 -0.5430 0.8202
vn 0.1324 -0.5242 0.8412
vn 0.0910 -0.4964 0.8633
vn 0.0569 -0.4603 0.8860
vn 0.0312 -0.4168 0.9085
vn 0.0147 -0.3669 0.9301
vn 0.0085 -0.3119 0.9501
vn 0.0134 -0.2534 0.9673
vn 0.0298 -0.1937 0.9806
vn 0.0577 -0.1354 0.9891
vn -0.9111 0.3995 -0.1017
vn -0.0643 0.8039 -0.5912
vn 0.5798 0.6747 -0.4568
vn -0.3553 -0.5460 0.7587
vn 0.2159 -0.6084 0.7637
vn 0.8399 -0.3308 0.4302
vn -0.6092 0.7747 0.1697
vn 0.1375 0.9575 -0.2537
vn 0.5074 0.7643 -0.3980
vn -0.2169 0.2345 0.9476
vn 0.3975 0.3651 0.8419
vn 0.7817 0.2639 0.5651
vn 0.5470 0.5653 -0.6174
vn 0.1503 0.2791 -0.9484
vn 0.0096 0.1792 -0.9838
vn -0.0943 0.0800 -0.9923
vn -0.1752 -0.0387 -0.9838
vn -0.2508 -0.1939 -0.9484
vn -0.4683 -0.6321 -0.6174
vn 0.8563 0.1706 0.4875
vn 0.5120 -0.3110 0.8007
vn 0.4835 -0.3504 0.8022
vn 0.4553 -0.3861 0.8023
vn 0.4247 -0.4197 0.8022
vn 0.3905 -0.4543 0.8007
vn -0.0283 -0.8726 0.4875
vn 0.8029 0.3222 -0.5015
vn 0.6786 0.1175 -0.7251
vn 0.5315 -0.0696 -0.8442
vn 0.3457 -0.2931 -0.8914
vn 0.1555 -0.5130 -0.8442
vn -0.0050 -0.6887 -0.7251
vn -0.1866 -0.8448 -0.5015
vn 0.9131 -0.2306 0.3363
vn 0.8125 -0.5597 0.1630
vn 0.7867 -0.6007 0.1423
vn 0.7555 -0.6407 0.1369
vn 0.7212 -0.6779 0.1423
vn 0.6850 -0.7101 0.1630
vn 0.3767 -0.8631 0.3363
vn -0.8330 0.1664 0.5277
vn -0.8002 -0.0045 0.5997
vn -0.9010 0.0685 0.4283
vn -0.8933 -0.0184 0.4491
vn -0.9491 -0.0113 0.3149
vn -0.9537 -0.0321 0.2990
vn -0.9784 -0.0901 0.1862
vn -0.9876 -0.0433 0.1512
vn -0.9920 -0.1129 0.0560
vn -0.9987 -0.0517 0.0053
vn -0.9811 -0.1569 -0.1133
vn -0.9883 -0.0574 -0.1410
vn -0.9407 -0.1882 -0.2823
vn -0.9553 -0.0603 -0.2894
vn -0.8798 -0.1816 -0.4392
vn -0.8956 -0.0604 -0.4407
vn -0.7857 -0.1495 -0.6003
vn -0.8028 -0.0583 -0.5934
vn -0.6473 -0.0861 -0.7574
vn -0.6686 -0.0546 -0.7416
vn -0.4375 0.0663 -0.8968
vn -0.4867 -0.0501 -0.8722
vn -0.2485 0.1119 -0.9621
vn -0.2585 -0.0462 -0.9649
vn 0.2126 0.0946 -0.9726
vn 0.2588 -0.0455 -0.9649
vn 0.3430 0.1447 -0.9281
vn 0.4874 -0.0474 -0.8719
vn 0.5582 0.1865 -0.8085
vn 0.6689 -0.0500 -0.7417
vn 0.7835 0.1239 -0.6089
vn 0.8026 -0.0539 -0.5941
vn 0.8817 0.1083 -0.4593
vn 0.8956 -0.0571 -0.4413
vn 0.9465 0.0959 -0.3081
vn 0.9553 -0.0581 -0.2899
vn 0.9835 0.0888 -0.1577
vn 0.9883 -0.0563 -0.1414
vn 0.9960 0.0884 -0.0085
vn 0.9987 -0.0517 0.0050
vn 0.9855 0.0952 0.1405
vn 0.9875 -0.0440 0.1511
vn 0.9498 0.1124 0.2919
vn 0.9537 -0.0334 0.2988
vn 0.8871 0.1363 0.4410
vn 0.8933 -0.0203 0.4490
vn 0.7907 0.1627 0.5902
vn 0.7998 -0.0054 0.6003
vn -0.6084 0.5663 0.5561
vn -0.6989 0.5838 0.4132
vn -0.6974 0.6651 0.2671
vn -0.5962 0.8003 0.0639
vn -0.5083 0.8580 -0.0742
vn -0.4391 0.8815 -0.1739
vn -0.3824 0.8883 -0.2543
vn -0.3331 0.8842 -0.3274
vn -0.2874 0.8688 -0.4033
vn -0.2405 0.8354 -0.4942
vn -0.1829 0.7082 -0.6820
vn -0.1279 0.6814 -0.7206
vn 0.1188 0.6923 -0.7118
vn 0.2396 0.6977 -0.6751
vn 0.3661 0.6906 -0.6237
vn 0.4848 0.6731 -0.5585
vn 0.5938 0.6545 -0.4680
vn 0.6855 0.6370 -0.3526
vn 0.7523 0.6225 -0.2159
vn 0.7886 0.6116 -0.0642
vn 0.7917 0.6035 0.0950
vn 0.7627 0.5924 0.2595
vn 0.7044 0.5775 0.4126
vn 0.6135 0.5611 0.5557
vn -0.1881 0.8712 -0.4534
vn -0.8822 -0.4705 -0.0188
vn -0.7674 -0.6310 -0.1142
vn -0.6597 -0.7202 -0.2146
vn -0.5752 -0.7581 -0.3074
vn -0.4988 -0.7571 -0.4219
vn -0.3724 -0.5462 -0.7503
vn 0.5171 -0.2486 -0.8190
vn 0.7062 -0.1581 -0.6901
vn 0.8344 -0.0713 -0.5466
vn 0.9143 0.0019 -0.4050
vn 0.9606 0.0603 -0.2713
vn 0.9836 0.1072 -0.1451
vn 0.6241 0.5799 0.5236
vn -0.6288 0.1002 0.7711
vn -0.3432 -0.9311 -0.1235
vn -0.9979 -0.0103 -0.0633
vn 0.5126 -0.0184 -0.8584
vn -0.5982 0.3004 -0.7429
vn -0.4522 0.0711 -0.8891
vn 0.9595 -0.0795 -0.2703
vn 0.9876 -0.0870 -0.1305
vn -0.9393 0.2438 -0.2416
vn 0.6942 -0.0349 -0.7190
vn -0.8458 0.3611 -0.3928
vn 0.8221 -0.0522 -0.5670
vn -0.7346 0.3937 -0.5526
vn 0.9069 -0.0676 -0.4158
vn -0.9513 -0.1861 0.2459
vn -0.9270 -0.3391 -0.1602
vn -0.8088 -0.4580 -0.3690
vn -0.7217 -0.5929 -0.3572
vn -0.4471 -0.8028 -0.3944
vn 0.0050 -0.6397 -0.7686
vn -0.9644 0.1538 0.2151
vn -0.1010 0.9688 -0.2264
vn 0.1735 0.4995 -0.8488
vn -0.9505 0.3030 -0.0685
vn -0.8287 0.3794 -0.4115
vn -0.7789 0.3679 -0.5079
vn -0.7902 -0.5851 -0.1821
vn -0.3637 -0.9199 -0.1467
vn 0.6289 -0.7699 -0.1088
vn -0.1609 0.9846 -0.0682
vn 0.4875 0.8717 -0.0501
vn -0.5698 0.8217 -0.0136
vn -0.7368 -0.6743 0.0495
vn -0.2873 -0.9547 0.0771
vn 0.5596 -0.8221 0.1047
vn -0.1337 0.9843 -0.1155
vn 0.4806 0.8722 -0.0914
vn -0.7083 0.6984 -0.1027
vn -0.5729 -0.7407 0.3510
vn -0.0494 -0.9115 0.4084
vn 0.7117 -0.5614 0.4222
vn -0.1853 0.9194 -0.3469
vn 0.5472 0.8202 -0.1669
vn -0.7095 0.7046 -0.0107
vn -0.5985 -0.7265 -0.3377
vn -0.1734 -0.9163 -0.3610
vn 0.5370 -0.7805 -0.3202
vn -0.0748 0.3582 -0.9306
vn 0.6560 0.4455 -0.6092
vn -0.8297 0.3406 -0.4422
vn 0.3772 -0.8788 -0.2923
vn 0.8333 -0.5384 -0.1251
vn 0.2474 0.9361 0.2499
vn -0.2510 -0.2923 -0.9228
vn 0.4722 0.6221 -0.6245
vn 0.2790 0.7790 -0.5615
vn 0.1836 0.8179 -0.5453
vn -0.8961 0.1220 0.4268
vn -0.9592 0.0308 0.2812
vn -0.9908 0.0096 0.1352
vn -0.9975 -0.0673 0.0197
vn -0.9852 -0.1102 -0.1314
vn -0.9515 -0.0937 -0.2931
vn -0.8940 -0.0713 -0.4424
vn -0.8759 -0.1939 -0.4418
vn -0.6169 -0.4804 -0.6234
vn -0.2520 -0.1670 -0.9532
vn -0.8487 0.2576 0.4619
vn -0.8649 0.3995 0.3038
vn -0.8721 0.4759 0.1136
vn -0.8592 0.5078 -0.0621
vn -0.8227 0.5224 -0.2242
vn -0.7603 0.5313 -0.3736
vn -0.6750 0.5355 -0.5075
vn -0.6240 0.6410 -0.4469
vn -0.2052 0.9015 -0.3811
vn -0.0201 0.7308 -0.6823
vn -0.8802 -0.3572 -0.3126
vn -0.3083 -0.6994 -0.6448
vn 0.5487 -0.6074 -0.5744
vn -0.7175 0.6962 0.0204
vn 0.0592 0.9945 0.0860
vn 0.8171 0.5737 0.0571
vn -0.9121 -0.2326 -0.3376
vn 0.0247 -0.9898 -0.1406
vn 0.7924 -0.6048 0.0800
vn -0.5716 0.8199 0.0325
vn -0.0451 0.9976 0.0533
vn 0.6516 0.7581 0.0289
vn -0.8523 -0.4393 0.2839
vn -0.2354 -0.9212 0.3098
vn 0.3575 -0.9068 0.2232
vn -0.3350 0.9236 -0.1864
vn 0.3183 0.9346 -0.1586
vn 0.9290 0.3699 -0.0048
vn -0.9437 -0.3238 0.0672
vn -0.3462 -0.9297 0.1259
vn 0.4445 -0.8904 0.0977
vn -0.3343 0.9401 -0.0666
vn 0.3456 0.9322 -0.1074
vn 0.9204 0.3818 -0.0843
vn -0.8917 -0.4270 0.1499
vn -0.1388 -0.8776 0.4589
vn 0.5646 -0.6149 0.5506
vn -0.4765 0.8449 -0.2428
vn 0.2159 0.8989 -0.3812
vn 0.7391 0.6160 -0.2725
vn -0.7044 -0.6055 -0.3704
vn -0.1657 -0.8605 -0.4817
vn 0.5160 -0.7975 -0.3126
vn -0.4386 0.5093 -0.7404
vn 0.1452 0.4675 -0.8720
vn 0.8436 0.2674 -0.4657
vn -0.7164 -0.6626 -0.2185
vn 0.6035 0.7496 -0.2718
vn -0.9951 -0.0586 -0.0800
vn -0.8934 -0.2306 -0.3855
vn -0.8072 -0.5313 -0.2573
vn 0.3630 0.9266 -0.0987
vn 0.2608 0.9651 -0.0222
vn 0.1299 0.9894 0.0648
vn -0.0018 0.0623 0.9981
vn 0.3568 -0.2385 0.9032
vn -0.2694 -0.7857 0.5568
vn 0.4767 0.6608 0.5797
vn 0.3530 0.6668 0.6563
vn 0.2207 0.6302 0.7444
vn -0.2220 -0.3243 0.9195
vn 0.0086 -0.3119 0.9501
vn 0.1800 -0.5429 0.8202
vn 0.3468 -0.5362 0.7695
vn 0.4040 -0.5110 0.7588
vn 0.5701 -0.3150 0.7588
vn 0.5856 -0.2545 0.7696
vn 0.5046 -0.0087 0.8633
vn 0.4634 0.0190 0.8860
vn -0.7015 0.7113 0.0453
vn -0.8738 -0.1732 -0.4544
vn -0.6069 -0.6614 -0.4406
vn 0.4270 0.5411 0.7245
vn 0.7652 -0.0305 0.6430
vn 0.6612 -0.6886 0.2975
vn -0.9030 0.2862 0.3203
vn -0.9189 -0.3815 -0.1004
vn -0.5333 -0.7776 -0.3329
vn -0.1389 0.0631 0.9883
vn -0.1287 -0.4249 0.8960
vn 0.0910 -0.8327 0.5461
vn -0.0283 -0.8726 0.4876
vn 0.6786 0.1175 -0.7250
vn -0.2750 0.1358 0.9518
vn -0.5331 0.2021 0.8215
vn -0.7131 0.2263 0.6635
vn -0.8309 0.2296 0.5068
vn -0.9059 0.2209 0.3612
vn -0.9525 0.2037 0.2262
vn -0.9790 0.1782 0.0994
vn -0.9890 0.1459 -0.0229
vn -0.9963 0.0345 -0.0785
vn -0.9598 -0.1914 -0.2051
vn -0.8698 -0.3536 -0.3441
vn -0.7551 -0.4635 -0.4636
vn -0.6160 -0.5339 -0.5792
vn -0.3957 -0.3677 -0.8416
vn -0.2680 -0.3261 -0.9066
vn 0.2891 -0.4103 -0.8649
vn 0.5130 -0.4329 -0.7413
vn 0.6663 -0.4398 -0.6022
vn 0.7728 -0.4356 -0.4616
vn 0.8417 -0.4277 -0.3297
vn 0.8850 -0.4169 -0.2073
vn 0.9104 -0.4034 -0.0919
vn 0.9219 -0.3870 0.0203
vn 0.9207 -0.3669 0.1331
vn 0.9056 -0.3422 0.2506
vn 0.8724 -0.3112 0.3768
vn 0.8131 -0.2714 0.5150
vn 0.7140 -0.2190 0.6650
vn 0.5563 -0.1492 0.8174
vn 0.3242 -0.0591 0.9441
vn 0.2048 0.1536 0.9667
vn -0.0630 0.3573 0.9319
vn -0.3180 0.4884 0.8126
vn -0.4990 0.5553 0.6653
vn -0.6241 0.5799 0.5236
vn -0.7106 0.5811 0.3967
vn -0.7722 0.5684 0.2840
vn -0.8178 0.5460 0.1819
vn -0.8537 0.5138 0.0852
vn -0.8830 0.4693 -0.0098
vn -0.9059 0.4099 -0.1062
vn -0.9204 0.3321 -0.2064
vn -0.9214 0.2308 -0.3127
vn -0.8997 0.0995 -0.4251
vn -0.8398 -0.0670 -0.5387
vn -0.7226 -0.2658 -0.6381
vn -0.5387 -0.4751 -0.6958
vn -0.3091 -0.6573 -0.6873
vn -0.0651 -0.7819 -0.6200
vn 0.1300 -0.8432 -0.5216
vn 0.2808 -0.8697 -0.4059
vn 0.3948 -0.8705 -0.2937
vn 0.4810 -0.8564 -0.1875
vn 0.5467 -0.8329 -0.0860
vn 0.5970 -0.8021 0.0137
vn 0.6350 -0.7639 0.1149
vn 0.6620 -0.7161 0.2212
vn 0.6770 -0.6545 0.3365
vn 0.6758 -0.5719 0.4650
vn 0.6485 -0.4575 0.6085
vn 0.5759 -0.2977 0.7614
vn 0.4317 -0.0864 0.8979
vn 0.4486 0.3804 0.8087
vn 0.2017 0.6039 0.7711
vn -0.0467 0.7330 0.6786
vn -0.2523 0.7839 0.5673
vn -0.4088 0.7889 0.4589
vn -0.5265 0.7703 0.3598
vn -0.6175 0.7389 0.2696
vn -0.6908 0.6987 0.1861
vn -0.7524 0.6500 0.1064
vn -0.8063 0.5909 0.0281
vn -0.8540 0.5177 -0.0513
vn -0.8953 0.4249 -0.1342
vn -0.9264 0.3041 -0.2222
vn -0.9379 0.1452 -0.3149
vn -0.9117 -0.0600 -0.4064
vn -0.8224 -0.3056 -0.4798
vn -0.6565 -0.5567 -0.5090
vn -0.4359 -0.7614 -0.4798
vn -0.2082 -0.8896 -0.4064
vn -0.0100 -0.9491 -0.3149
vn 0.1486 -0.9636 -0.2222
vn 0.2729 -0.9527 -0.1342
vn 0.3712 -0.9271 -0.0513
vn 0.4512 -0.8920 0.0281
vn 0.5183 -0.8486 0.1064
vn 0.5764 -0.7957 0.1861
vn 0.6281 -0.7299 0.2696
vn 0.6739 -0.6453 0.3598
vn 0.7115 -0.5322 0.4589
vn 0.7321 -0.3770 0.5673
vn 0.7155 -0.1659 0.6786
vn 0.6287 0.1002 0.7711
vn 0.6271 0.5318 0.5692
vn 0.3821 0.7486 0.5418
vn 0.1285 0.8707 0.4747
vn -0.0889 0.9147 0.3943
vn -0.2609 0.9122 0.3161
vn -0.3955 0.8853 0.2445
vn -0.5035 0.8452 0.1790
vn -0.5934 0.7962 0.1179
vn -0.6712 0.7389 0.0591
vn -0.7408 0.6718 0.0006
vn -0.8044 0.5910 -0.0595
vn -0.8625 0.4907 -0.1235
vn -0.9121 0.3616 -0.1931
vn -0.9441 0.1912 -0.2687
vn -0.9377 -0.0322 -0.3458
vn -0.8600 -0.3043 -0.4097
vn -0.6865 -0.5822 -0.4357
vn -0.4407 -0.7987 -0.4097
vn -0.1850 -0.9199 -0.3458
vn 0.0343 -0.9626 -0.2687
vn 0.2076 -0.9590 -0.1931
vn 0.3431 -0.9311 -0.1235
vn 0.4516 -0.8902 -0.0595
vn 0.5417 -0.8406 0.0006
vn 0.6193 -0.7829 0.0591
vn 0.6885 -0.7156 0.1179
vn 0.7516 -0.6349 0.1790
vn 0.8088 -0.5349 0.2445
vn 0.8573 -0.4064 0.3161
vn 0.8878 -0.2372 0.3943
vn 0.8800 -0.0155 0.4747
vn 0.8010 0.2546 0.5418
vn 0.6656 0.5644 0.4883
vn 0.4186 0.7819 0.4619
vn 0.1622 0.9032 0.3973
vn -0.0576 0.9457 0.3200
vn -0.2316 0.9413 0.2455
vn -0.3682 0.9125 0.1782
vn -0.4782 0.8704 0.1175
vn -0.5701 0.8193 0.0615
vn -0.6500 0.7599 0.0078
vn -0.7216 0.6908 -0.0456
vn -0.7873 0.6082 -0.1010
vn -0.8473 0.5062 -0.1605
vn -0.8988 0.3756 -0.2261
vn -0.9324 0.2038 -0.2984
vn -0.9276 -0.0209 -0.3730
vn -0.8508 -0.2945 -0.4353
vn -0.6770 -0.5741 -0.4606
vn -0.4296 -0.7912 -0.4353
vn -0.1722 -0.9117 -0.3730
vn 0.0487 -0.9532 -0.2984
vn 0.2236 -0.9481 -0.2261
vn 0.3609 -0.9187 -0.1605
vn 0.4714 -0.8761 -0.1010
vn 0.5636 -0.8248 -0.0456
vn 0.6435 -0.7654 0.0079
vn 0.7151 -0.6963 0.0615
vn 0.7805 -0.6140 0.1175
vn 0.8401 -0.5124 0.1782
vn 0.8908 -0.3823 0.2455
vn 0.9235 -0.2114 0.3200
vn 0.9176 0.0124 0.3973
vn 0.8398 0.2852 0.4619
vn 0.7591 0.6437 0.0967
vn 0.5236 0.8478 0.0838
vn 0.2744 0.9603 0.0510
vn 0.0565 0.9984 0.0089
vn -0.1185 0.9923 -0.0353
vn -0.2569 0.9632 -0.0795
vn -0.3679 0.9216 -0.1240
vn -0.4593 0.8719 -0.1698
vn -0.5367 0.8150 -0.2185
vn -0.6036 0.7496 -0.2718
vn -0.6617 0.6724 -0.3317
vn -0.7109 0.5782 -0.4004
vn -0.7477 0.4588 -0.4800
vn -0.7633 0.3032 -0.5705
vn -0.7395 0.1006 -0.6656
vn -0.6499 -0.1473 -0.7456
vn -0.4788 -0.4060 -0.7784
vn -0.2515 -0.6171 -0.7456
vn -0.0216 -0.7460 -0.6656
vn 0.1744 -0.8026 -0.5705
vn 0.3304 -0.8127 -0.4800
vn 0.4542 -0.7958 -0.4004
vn 0.5552 -0.7627 -0.3317
vn 0.6409 -0.7179 -0.2718
vn 0.7163 -0.6626 -0.2185
vn 0.7851 -0.5956 -0.1698
vn 0.8491 -0.5135 -0.1240
vn 0.9082 -0.4108 -0.0795
vn 0.9596 -0.2791 -0.0353
vn 0.9942 -0.1074 0.0089
vn 0.9922 0.1137 0.0510
vn 0.9220 0.3780 0.0838
vn 0.7132 0.6048 0.3544
vn 0.4830 0.8124 0.3267
vn 0.2439 0.9357 0.2548
vn 0.0359 0.9863 0.1608
vn 0.1048 0.9913 -0.0800
vn -0.0815 0.9191 -0.3855
vn -0.3923 0.8831 -0.2573
vn -0.4608 0.8725 -0.1627
vn -0.5505 0.8093 -0.2048
vn -0.6366 0.7336 -0.2379
vn -0.7199 0.6412 -0.2656
vn -0.7986 0.5260 -0.2925
vn -0.8663 0.3801 -0.3241
vn -0.7674 0.4391 -0.4672
vn -0.1824 0.2556 -0.9494
vn -0.0847 0.1331 -0.9875
vn 0.0149 0.0126 -0.9998
vn 0.1175 -0.1054 -0.9875
vn 0.2223 -0.2217 -0.9494
vn 0.3078 -0.8289 -0.4672
vn 0.2334 -0.9168 -0.3241
vn 0.3885 -0.8738 -0.2925
vn 0.5149 -0.8150 -0.2656
vn 0.6197 -0.7479 -0.2379
vn 0.7085 -0.6753 -0.2048
vn 0.7854 -0.5972 -0.1627
vn 0.8548 -0.5095 -0.0987
vn 0.9096 -0.4150 -0.0222
vn 0.9549 -0.2898 0.0648
vn 0.9789 -0.1258 0.1608
vn 0.9630 0.0877 0.2548
vn 0.8804 0.3437 0.3267
vn 0.2506 0.2125 0.9445
vn 0.1437 0.3367 0.9306
vn 0.0317 0.4545 0.8902
vn -0.0905 0.5565 0.8259
vn 0.0617 -0.0084 0.9981
vn -0.2936 -0.3130 0.9032
vn -0.7312 0.3942 0.5568
vn -0.6061 0.6158 0.5033
vn -0.7140 0.5460 0.4383
vn -0.8061 0.4447 0.3905
vn -0.8776 0.3155 0.3609
vn -0.9228 0.1641 0.3487
vn -0.9366 -0.0000 0.3503
vn -0.8970 -0.0949 0.4316
vn -0.6853 -0.3249 0.6518
vn -0.6348 -0.4114 0.6540
vn -0.5767 -0.4890 0.6544
vn -0.5096 -0.5591 0.6540
vn -0.4325 -0.6229 0.6518
vn -0.2403 -0.8695 0.4316
vn -0.1531 -0.9240 0.3503
vn 0.0111 -0.9372 0.3487
vn 0.1678 -0.9174 0.3609
vn 0.3070 -0.8679 0.3905
vn 0.4220 -0.7936 0.4383
vn 0.5085 -0.6986 0.5033
vn 0.5740 -0.5783 0.5797
vn 0.6001 -0.4573 0.6563
vn 0.5857 -0.3207 0.7444
vn 0.5342 -0.1802 0.8259
vn 0.4536 -0.0430 0.8902
vn 0.3557 0.0868 0.9306
vn 0.0628 0.0532 0.9966
vn -0.0132 0.1304 0.9914
vn -0.0985 0.1941 0.9760
vn -0.1898 0.2419 0.9516
vn -0.2837 0.2721 0.9195
vn -0.3770 0.2837 0.8817
vn -0.4668 0.2766 0.8400
vn -0.5504 0.2509 0.7963
vn -0.6253 0.2073 0.7523
vn -0.6892 0.1469 0.7095
vn -0.7397 0.0709 0.6692
vn -0.7743 -0.0187 0.6325
vn -0.7907 -0.1193 0.6005
vn -0.7864 -0.2273 0.5743
vn -0.7602 -0.3381 0.5548
vn -0.7118 -0.4460 0.5427
vn -0.6426 -0.5449 0.5386
vn -0.5563 -0.6293 0.5427
vn -0.4578 -0.6947 0.5548
vn -0.3528 -0.7387 0.5743
vn -0.2469 -0.7605 0.6005
vn -0.1450 -0.7609 0.6325
vn -0.0509 -0.7414 0.6692
vn 0.0323 -0.7040 0.7095
vn 0.1023 -0.6508 0.7523
vn 0.1576 -0.5840 0.7963
vn 0.1966 -0.5057 0.8400
vn 0.2183 -0.4183 0.8817
vn 0.2220 -0.3243 0.9195
vn 0.2076 -0.2268 0.9516
vn 0.1754 -0.1289 0.9760
vn 0.1265 -0.0344 0.9914
vn -0.0960 -0.0816 0.9920
vn -0.1430 -0.0348 0.9891
vn -0.1960 0.0022 0.9806
vn -0.2522 0.0282 0.9673
vn -0.3091 0.0425 0.9501
vn -0.3644 0.0454 0.9301
vn -0.4163 0.0373 0.9085
vn -0.4634 0.0190 0.8860
vn -0.5046 -0.0086 0.8633
vn -0.5388 -0.0449 0.8412
vn -0.5651 -0.0888 0.8202
vn -0.5823 -0.1394 0.8009
vn -0.5895 -0.1952 0.7838
vn -0.5857 -0.2545 0.7696
vn -0.5701 -0.3150 0.7588
vn -0.5429 -0.3738 0.7520
vn -0.5047 -0.4279 0.7498
vn -0.4576 -0.4745 0.7520
vn -0.4040 -0.5109 0.7588
vn -0.3468 -0.5362 0.7695
vn -0.2889 -0.5497 0.7838
vn -0.2327 -0.5517 0.8009
vn -0.1800 -0.5430 0.8202
vn -0.1324 -0.5242 0.8412
vn -0.0910 -0.4964 0.8633
vn -0.0569 -0.4603 0.8860
vn -0.0312 -0.4168 0.9085
vn -0.0147 -0.3669 0.9301
vn -0.0086 -0.3119 0.9501
vn -0.0134 -0.2534 0.9673
vn -0.0298 -0.1937 0.9806
vn -0.0577 -0.1354 0.9891
vn 0.9111 0.3995 -0.1017
vn 0.0643 0.8039 -0.5912
vn -0.5798 0.6747 -0.4568
vn 0.3553 -0.5460 0.7587
vn -0.2159 -0.6084 0.7637
vn -0.8399 -0.3308 0.4302
vn 0.6092 0.7747 0.1697
vn -0.1375 0.9575 -0.2537
vn -0.5074 0.7643 -0.3980
vn 0.2169 0.2345 0.9476
vn -0.3975 0.3651 0.8419
vn -0.7817 0.2639 0.5651
vn -0.5470 0.5653 -0.6174
vn -0.1503 0.2791 -0.9484
vn -0.0096 0.1792 -0.9838
vn 0.0943 0.0800 -0.9923
vn 0.1752 -0.0387 -0.9838
vn 0.2508 -0.1938 -0.9484
vn 0.4683 -0.6321 -0.6174
vn -0.8563 0.1706 0.4875
vn -0.5120 -0.3110 0.8007
vn -0.4835 -0.3504 0.8022
vn -0.4553 -0.3861 0.8023
vn -0.4247 -0.4197 0.8022
vn -0.3905 -0.4543 0.8007
vn 0.0283 -0.8726 0.4875
vn -0.8029 0.3222 -0.5015
vn -0.6786 0.1175 -0.7251
vn -0.5315 -0.0696 -0.8442
vn -0.3457 -0.2931 -0.8914
vn -0.1555 -0.5130 -0.8442
vn 0.0050 -0.6887 -0.7250
vn 0.1866 -0.8448 -0.5015
vn -0.9131 -0.2306 0.3363
vn -0.8125 -0.5597 0.1630
vn -0.7867 -0.6007 0.1423
vn -0.7555 -0.6407 0.1369
vn -0.7212 -0.6779 0.1423
vn -0.6850 -0.7101 0.1630
vn -0.3767 -0.8631 0.3363
vn 0.8822 -0.4705 -0.0188
vn 0.7674 -0.6310 -0.1142
vn 0.6597 -0.7202 -0.2146
vn 0.5752 -0.7581 -0.3074
vn 0.4988 -0.7571 -0.4219
vn 0.3724 -0.5462 -0.7503
vn -0.5171 -0.2486 -0.8190
vn -0.7062 -0.1581 -0.6901
vn -0.8344 -0.0713 -0.5466
vn -0.9143 0.0019 -0.4050
vn -0.9606 0.0603 -0.2713
vn -0.9836 0.1072 -0.1451
vn 0.3432 -0.9311 -0.1235
vn 0.7164 -0.6626 -0.2185
vn 0.9951 -0.0586 -0.0800
vn 0.8934 -0.2306 -0.3855
vn 0.8072 -0.5313 -0.2573
vn -0.3630 0.9266 -0.0987
vn -0.2608 0.9651 -0.0222
vn -0.1299 0.9894 0.0648
vn 0.0018 0.0623 0.9981
vn -0.3568 -0.2385 0.9032
vn 0.2694 -0.7857 0.5568
vn -0.4767 0.6608 0.5797
vn -0.3530 0.6668 0.6563
vn -0.2207 0.6302 0.7444
vn -0.5856 -0.2545 0.7696
vn 0.7015 0.7113 0.0453
vn 0.8738 -0.1732 -0.4544
vn 0.6069 -0.6614 -0.4406
vn -0.4270 0.5411 0.7245
vn -0.7652 -0.0305 0.6430
vn -0.6612 -0.6886 0.2975
vn 0.9030 0.2862 0.3203
vn 0.9189 -0.3815 -0.1004
vn 0.5334 -0.7776 -0.3329
vn 0.1389 0.0631 0.9883
vn 0.1287 -0.4249 0.8960
vn -0.0910 -0.8327 0.5461
vn 0.2508 -0.1939 -0.9484
vn 0.0283 -0.8726 0.4876
vn 0.0050 -0.6887 -0.7251
vn -0.6786 0.1175 -0.7250
vt 1.000000 0.500000
vt 0.968750 1.000000
vt 0.968750 0.500000
vt 0.937500 1.000000
vt 0.937500 0.500000
vt 0.906250 1.000000
vt 0.906250 0.500000
vt 0.875000 1.000000
vt 0.875000 0.500000
vt 0.843750 0.500000
vt 0.812500 1.000000
vt 0.812500 0.500000
vt 0.781250 1.000000
vt 0.781250 0.500000
vt 0.750000 0.500000
vt 0.750000 1.000000
vt 0.718750 0.500000
vt 0.687500 1.000000
vt 0.687500 0.500000
vt 0.656250 1.000000
vt 0.656250 0.500000
vt 0.625000 1.000000
vt 0.625000 0.500000
vt 0.593750 1.000000
vt 0.593750 0.500000
vt 0.562500 1.000000
vt 0.562500 0.500000
vt 0.531250 1.000000
vt 0.531250 0.500000
vt 0.500000 1.000000
vt 0.500000 0.500000
vt 0.468750 1.000000
vt 0.468750 0.500000
vt 0.437500 1.000000
vt 0.437500 0.500000
vt 0.406250 1.000000
vt 0.406250 0.500000
vt 0.375000 0.500000
vt 0.375000 1.000000
vt 0.343750 0.500000
vt 0.343750 1.000000
vt 0.312500 0.500000
vt 0.312500 1.000000
vt 0.281250 0.500000
vt 0.281250 1.000000
vt 0.250000 0.500000
vt 0.250000 1.000000
vt 0.218750 0.500000
vt 0.218750 1.000000
vt 0.187500 0.500000
vt 0.187500 1.000000
vt 0.156250 0.500000
vt 0.156250 1.000000
vt 0.125000 0.500000
vt 0.125000 1.000000
vt 0.093750 0.500000
vt 0.093750 1.000000
vt 0.062500 0.500000
vt 0.718750 1.000000
vt 0.062500 1.000000
vt 0.031250 0.500000
vt 0.031250 1.000000
vt 0.000000 0.500000
vt 0.468750 1.000000
vt 0.437500 1.000000
vt 0.843750 1.000000
vt 1.000000 1.000000
vt 0.000000 1.000000
vt 0.093750 1.000000
vt 0.781250 1.000000
vt 0.218750 1.000000
vt 0.593750 1.000000
vt 0.875000 1.000000
vt 0.616663 0.449553
vt 0.658156 0.471731
vt 0.616663 0.050447
vt 0.419706 0.419706
vt 0.383337 0.449553
vt 0.080294 0.419706
vt 0.883337 0.449553
vt 0.841844 0.471731
vt 0.883337 0.050447
vt 0.158156 0.471731
vt 0.203178 0.485388
vt 0.296822 0.485388
vt 0.703178 0.485388
vt 0.750000 0.490000
vt 0.750000 0.010000
vt 0.796822 0.485388
vt 0.796822 0.014612
vt 0.841844 0.028269
vt 0.919706 0.419706
vt 0.919706 0.080294
vt 0.949553 0.383337
vt 0.949553 0.116663
vt 0.971731 0.341844
vt 0.985388 0.296822
vt 0.971731 0.158156
vt 0.990000 0.250000
vt 0.985388 0.203178
vt 0.703178 0.014612
vt 0.658156 0.028269
vt 0.580294 0.080294
vt 0.580294 0.419706
vt 0.550447 0.116663
vt 0.550447 0.383337
vt 0.528269 0.158156
vt 0.514612 0.203178
vt 0.528269 0.341844
vt 0.510000 0.250000
vt 0.514612 0.296822
vt 0.341844 0.471731
vt 0.250000 0.490000
vt 0.116663 0.449553
vt 0.050447 0.383337
vt 0.028269 0.341844
vt 0.449553 0.383337
vt 0.014612 0.296822
vt 0.485388 0.296822
vt 0.010000 0.250000
vt 0.490000 0.250000
vt 0.014612 0.203178
vt 0.485388 0.203178
vt 0.028269 0.158156
vt 0.471731 0.158156
vt 0.050447 0.116663
vt 0.080294 0.080294
vt 0.449553 0.116663
vt 0.116663 0.050447
vt 0.419706 0.080294
vt 0.158156 0.028269
vt 0.383337 0.050447
vt 0.203178 0.014612
vt 0.341844 0.028269
vt 0.250000 0.010000
vt 0.296822 0.014612
vt 0.471731 0.341844
s 1
f 1/1/1 4/2/4 3/3/3
f 3/3/3 6/4/6 5/5/5
f 5/5/5 8/6/8 7/7/7
f 7/7/7 10/8/10 9/9/9
f 10/8/10 11/10/11 9/9/9
f 11/10/11 14/11/14 13/12/13
f 13/12/13 16/13/16 15/14/15
f 16/13/16 17/15/17 15/14/15
f 18/16/18 19/17/19 17/15/17
f 19/17/19 22/18/22 21/19/21
f 21/19/21 24/20/24 23/21/23
f 23/21/23 26/22/26 25/23/25
f 25/23/25 28/24/28 27/25/27
f 27/25/27 30/26/30 29/27/29
f 29/27/29 32/28/32 31/29/31
f 31/29/31 34/30/34 33/31/33
f 33/31/33 36/32/36 35/33/35
f 35/33/35 38/34/38 37/35/37
f 37/35/37 40/36/40 39/37/39
f 40/36/40 41/38/41 39/37/39
f 42/39/42 43/40/43 41/38/41
f 44/41/44 45/42/45 43/40/43
f 46/43/46 47/44/47 45/42/45
f 48/45/48 49/46/49 47/44/47
f 50/47/50 51/48/51 49/46/49
f 52/49/52 53/50/53 51/48/51
f 54/51/54 55/52/55 53/50/53
f 56/53/56 57/54/57 55/52/55
f 58/55/58 59/56/59 57/54/57
f 60/57/60 61/58/61 59/56/59
f 290/59/290 137/16/137 138/59/138
f 62/60/62 63/61/63 61/58/61
f 64/62/64 1/63/1 63/61/63
f 79/27/79 590/27/590 29/27/29
f 90/48/90 121/46/121 89/46/89
f 43/40/43 85/38/85 41/38/41
f 59/56/59 95/58/95 94/56/94
f 74/17/74 594/15/594 595/17/595
f 35/33/35 81/31/81 33/31/33
f 53/50/53 90/48/90 51/48/51
f 9/9/9 68/7/68 7/7/7
f 25/23/25 589/25/589 588/23/588
f 45/42/45 86/40/86 43/40/43
f 61/58/61 96/61/96 95/58/95
f 70/10/70 581/10/581 591/10/591
f 37/35/37 82/33/82 35/33/35
f 53/50/53 92/52/92 91/50/91
f 9/9/9 70/10/70 69/9/69
f 17/15/17 583/14/583 15/14/15
f 47/44/47 87/42/87 45/42/45
f 3/3/3 65/1/65 1/1/1
f 63/61/63 65/63/65 96/61/96
f 73/15/73 593/14/593 594/15/594
f 39/37/39 83/35/83 37/35/37
f 55/52/55 93/54/93 92/52/92
f 72/14/72 592/12/592 593/14/593
f 29/27/29 80/29/80 79/27/79
f 49/46/49 88/44/88 47/44/47
f 5/5/5 66/3/66 3/3/3
f 21/19/21 585/17/585 19/17/19
f 41/38/41 84/37/84 39/37/39
f 57/54/57 94/56/94 93/54/93
f 78/25/78 600/27/600 79/27/79
f 31/29/31 81/31/81 80/29/80
f 51/48/51 89/46/89 49/46/49
f 7/7/7 67/5/67 5/5/5
f 106/17/106 367/19/367 366/17/366
f 76/21/76 109/23/109 108/21/108
f 91/50/91 122/48/122 90/48/90
f 77/23/77 110/25/110 109/23/109
f 92/52/92 123/50/123 91/50/91
f 78/25/78 111/27/111 110/25/110
f 65/1/65 98/3/98 97/1/97
f 93/54/93 124/52/124 92/52/92
f 79/27/79 112/29/112 111/27/111
f 66/3/66 99/5/99 98/3/98
f 94/56/94 125/54/125 93/54/93
f 80/29/80 113/31/113 112/29/112
f 67/5/67 100/7/100 99/5/99
f 95/58/95 126/56/126 94/56/94
f 82/33/82 113/31/113 81/31/81
f 68/7/68 101/9/101 100/7/100
f 96/61/96 127/58/127 95/58/95
f 83/35/83 114/33/114 82/33/82
f 69/9/69 102/10/102 101/9/101
f 65/63/65 128/61/128 96/61/96
f 84/37/84 115/35/115 83/35/83
f 70/10/70 103/12/103 102/10/102
f 85/38/85 116/37/116 84/37/84
f 71/12/71 104/14/104 103/12/103
f 86/40/86 117/38/117 85/38/85
f 72/14/72 105/15/105 104/14/104
f 87/42/87 118/40/118 86/40/86
f 73/15/73 106/17/106 105/15/105
f 88/44/88 119/42/119 87/42/87
f 74/17/74 107/19/107 106/17/106
f 89/46/89 120/44/120 88/44/88
f 75/19/75 108/21/108 107/19/107
f 159/60/159 190/57/190 191/60/191
f 291/64/291 147/34/147 292/65/292
f 293/51/293 156/53/156 294/53/294
f 296/66/296 133/8/133 134/66/134
f 141/22/141 323/20/323 140/20/140
f 299/43/299 152/45/152 300/45/300
f 302/2/302 129/67/129 130/2/130
f 303/62/303 129/68/129 301/68/301
f 311/20/311 330/18/330 331/20/331
f 292/65/292 148/36/148 305/36/305
f 294/53/294 157/55/157 306/55/306
f 307/11/307 134/66/134 135/11/135
f 308/28/308 143/26/143 144/28/144
f 300/45/300 153/47/153 309/47/309
f 310/4/310 130/2/130 131/4/131
f 318/22/318 331/20/331 332/22/332
f 305/36/305 149/39/149 312/39/312
f 306/55/306 158/57/158 313/69/313
f 314/70/314 135/11/135 136/13/136
f 315/30/315 144/28/144 145/30/145
f 309/47/309 154/49/154 316/71/316
f 317/6/317 131/4/131 132/6/132
f 297/72/297 332/22/332 328/72/328
f 312/39/312 150/41/150 319/41/319
f 313/69/313 159/60/159 320/60/320
f 289/16/289 136/13/136 137/16/137
f 315/30/315 146/32/146 291/64/291
f 316/71/316 155/51/155 293/51/293
f 295/73/295 132/6/132 133/8/133
f 140/20/140 322/18/322 139/18/139
f 319/41/319 151/43/151 299/43/299
f 320/60/320 160/62/160 303/62/303
f 178/32/178 209/30/209 210/32/210
f 145/30/145 178/32/178 146/32/146
f 132/6/132 165/8/165 133/8/133
f 160/62/160 191/60/191 192/62/192
f 146/32/146 179/34/179 147/34/147
f 133/8/133 166/66/166 134/66/134
f 129/68/129 192/62/192 161/68/161
f 148/36/148 179/34/179 180/36/180
f 134/66/134 167/11/167 135/11/135
f 149/39/149 180/36/180 181/39/181
f 135/11/135 168/13/168 136/13/136
f 150/41/150 181/39/181 182/41/182
f 136/13/136 169/16/169 137/16/137
f 151/43/151 182/41/182 183/43/183
f 137/16/137 170/59/170 138/59/138
f 152/45/152 183/43/183 184/45/184
f 138/59/138 171/18/171 139/18/139
f 153/47/153 184/45/184 185/47/185
f 139/18/139 172/20/172 140/20/140
f 154/49/154 185/47/185 186/49/186
f 140/20/140 173/22/173 141/22/141
f 155/51/155 186/49/186 187/51/187
f 141/22/141 174/24/174 142/24/142
f 156/53/156 187/51/187 188/53/188
f 142/24/142 175/26/175 143/26/143
f 130/2/130 161/67/161 162/2/162
f 157/55/157 188/53/188 189/55/189
f 143/26/143 176/28/176 144/28/144
f 130/2/130 163/4/163 131/4/131
f 158/57/158 189/55/189 190/57/190
f 144/28/144 177/30/177 145/30/145
f 131/4/131 164/6/164 132/6/132
f 213/39/213 244/36/244 245/39/245
f 164/6/164 197/8/197 165/8/165
f 192/62/192 223/60/223 224/62/224
f 179/34/179 210/32/210 211/34/211
f 165/8/165 198/66/198 166/66/166
f 161/68/161 224/62/224 193/68/193
f 180/36/180 211/34/211 212/36/212
f 166/66/166 199/11/199 167/11/167
f 181/39/181 212/36/212 213/39/213
f 167/11/167 200/13/200 168/13/168
f 182/41/182 213/39/213 214/41/214
f 168/13/168 201/16/201 169/16/169
f 183/43/183 214/41/214 215/43/215
f 169/16/169 202/59/202 170/59/170
f 184/45/184 215/43/215 216/45/216
f 170/59/170 203/18/203 171/18/171
f 185/47/185 216/45/216 217/47/217
f 171/18/171 204/20/204 172/20/172
f 186/49/186 217/47/217 218/49/218
f 172/20/172 205/22/205 173/22/173
f 187/51/187 218/49/218 219/51/219
f 173/22/173 206/24/206 174/24/174
f 188/53/188 219/51/219 220/53/220
f 174/24/174 207/26/207 175/26/175
f 161/67/161 194/2/194 162/2/162
f 189/55/189 220/53/220 221/55/221
f 175/26/175 208/28/208 176/28/176
f 162/2/162 195/4/195 163/4/163
f 190/57/190 221/55/221 222/57/222
f 176/28/176 209/30/209 177/30/177
f 163/4/163 196/6/196 164/6/164
f 191/60/191 222/57/222 223/60/223
f 248/45/248 279/43/279 280/45/280
f 199/11/199 232/13/232 200/13/200
f 214/41/214 245/39/245 246/41/246
f 200/13/200 233/16/233 201/16/201
f 215/43/215 246/41/246 247/43/247
f 201/16/201 234/59/234 202/59/202
f 216/45/216 247/43/247 248/45/248
f 202/59/202 235/18/235 203/18/203
f 217/47/217 248/45/248 249/47/249
f 203/18/203 236/20/236 204/20/204
f 218/49/218 249/47/249 250/49/250
f 204/20/204 237/22/237 205/22/205
f 219/51/219 250/49/250 251/51/251
f 205/22/205 238/24/238 206/24/206
f 220/53/220 251/51/251 252/53/252
f 206/24/206 239/26/239 207/26/207
f 193/67/193 226/2/226 194/2/194
f 221/55/221 252/53/252 253/55/253
f 207/26/207 240/28/240 208/28/208
f 194/2/194 227/4/227 195/4/195
f 222/57/222 253/55/253 254/57/254
f 208/28/208 241/30/241 209/30/209
f 195/4/195 228/6/228 196/6/196
f 223/60/223 254/57/254 255/60/255
f 210/32/210 241/30/241 242/32/242
f 196/6/196 229/8/229 197/8/197
f 224/62/224 255/60/255 256/62/256
f 211/34/211 242/32/242 243/34/243
f 197/8/197 230/66/230 198/66/198
f 193/68/193 256/62/256 225/68/225
f 212/36/212 243/34/243 244/36/244
f 198/66/198 231/11/231 199/11/199
f 280/45/280 659/43/659 660/45/660
f 234/59/234 267/18/267 235/18/235
f 249/47/249 280/45/280 281/47/281
f 235/18/235 268/20/268 236/20/236
f 249/47/249 282/49/282 250/49/250
f 236/20/236 269/22/269 237/22/237
f 250/49/250 283/51/283 251/51/251
f 237/22/237 270/24/270 238/24/238
f 251/51/251 284/53/284 252/53/252
f 238/24/238 271/26/271 239/26/239
f 226/2/226 257/67/257 258/2/258
f 252/53/252 285/55/285 253/55/253
f 239/26/239 272/28/272 240/28/240
f 227/4/227 258/2/258 259/4/259
f 253/55/253 286/57/286 254/57/254
f 240/28/240 273/30/273 241/30/241
f 228/6/228 259/4/259 260/6/260
f 254/57/254 287/60/287 255/60/255
f 242/32/242 273/30/273 274/32/274
f 229/8/229 260/6/260 261/8/261
f 255/60/255 288/62/288 256/62/256
f 243/34/243 274/32/274 275/34/275
f 230/66/230 261/8/261 262/66/262
f 256/62/256 257/68/257 225/68/225
f 244/36/244 275/34/275 276/36/276
f 231/11/231 262/66/262 263/11/263
f 245/39/245 276/36/276 277/39/277
f 232/13/232 263/11/263 264/13/264
f 246/41/246 277/39/277 278/41/278
f 233/16/233 264/13/264 265/16/265
f 247/43/247 278/41/278 279/43/279
f 233/16/233 266/59/266 234/59/234
f 64/62/64 320/60/320 303/62/303
f 44/41/44 299/43/299 46/43/46
f 28/24/28 318/22/318 297/72/297
f 10/8/10 317/6/317 295/73/295
f 52/49/52 293/51/293 54/51/54
f 34/30/34 291/64/291 36/32/36
f 18/16/18 314/70/314 289/16/289
f 60/57/60 320/60/320 62/60/62
f 42/39/42 319/41/319 44/41/44
f 26/22/26 311/20/311 318/22/318
f 8/6/8 310/4/310 317/6/317
f 50/47/50 316/71/316 52/49/52
f 34/30/34 308/28/308 315/30/315
f 16/13/16 307/11/307 314/70/314
f 58/55/58 313/69/313 60/57/60
f 40/36/40 312/39/312 42/39/42
f 24/20/24 304/18/304 311/20/311
f 4/2/4 310/4/310 6/4/6
f 48/45/48 309/47/309 50/47/50
f 32/28/32 298/26/298 308/28/308
f 14/11/14 296/66/296 307/11/307
f 56/53/56 306/55/306 58/55/58
f 38/34/38 305/36/305 40/36/40
f 22/18/22 290/59/290 304/18/304
f 2/68/2 303/62/303 301/68/301
f 2/67/2 302/2/302 4/2/4
f 46/43/46 300/45/300 48/45/48
f 30/26/30 297/72/297 298/26/298
f 12/66/12 295/73/295 296/66/296
f 54/51/54 294/53/294 56/53/56
f 36/32/36 292/65/292 38/34/38
f 20/59/20 289/16/289 290/59/290
f 329/26/329 336/72/336 337/26/337
f 330/18/330 321/59/321 322/18/322
f 331/20/331 322/18/322 323/20/323
f 332/22/332 323/20/323 324/22/324
f 332/22/332 333/22/333 338/22/338
f 304/18/304 327/59/327 330/18/330
f 290/59/290 321/59/321 327/59/327
f 297/72/297 329/26/329 298/26/298
f 141/22/141 325/24/325 324/22/324
f 139/18/139 321/59/321 138/59/138
f 143/26/143 329/26/329 326/26/326
f 142/24/142 326/26/326 325/24/325
f 333/22/333 344/22/344 338/22/338
f 336/72/336 343/26/343 337/26/337
f 326/26/326 334/24/334 325/24/325
f 328/72/328 338/22/338 336/72/336
f 329/26/329 335/26/335 326/26/326
f 325/24/325 333/22/333 324/22/324
f 341/26/341 349/26/349 347/26/347
f 342/72/342 350/22/350 348/72/348
f 334/24/334 339/22/339 333/22/333
f 336/72/336 344/22/344 342/72/342
f 335/26/335 343/26/343 341/26/341
f 335/26/335 340/24/340 334/24/334
f 345/22/345 356/22/356 350/22/350
f 348/72/348 355/26/355 349/26/349
f 341/26/341 346/24/346 340/24/340
f 342/72/342 349/26/349 343/26/343
f 339/22/339 350/22/350 344/22/344
f 340/24/340 345/22/345 339/22/339
f 355/26/355 352/24/352 353/26/353
f 354/72/354 351/22/351 352/24/352
f 346/24/346 351/22/351 345/22/345
f 348/72/348 356/22/356 354/72/354
f 347/26/347 355/26/355 353/26/353
f 347/26/347 352/24/352 346/24/346
f 371/27/371 404/29/404 403/27/403
f 121/46/121 380/44/380 120/44/120
f 107/19/107 368/21/368 367/19/367
f 122/48/122 381/46/381 121/46/121
f 108/21/108 369/23/369 368/21/368
f 123/50/123 382/48/382 122/48/122
f 109/23/109 370/25/370 369/23/369
f 123/50/123 384/52/384 383/50/383
f 110/25/110 371/27/371 370/25/370
f 98/3/98 357/1/357 97/1/97
f 124/52/124 385/54/385 384/52/384
f 111/27/111 372/29/372 371/27/371
f 99/5/99 358/3/358 98/3/98
f 125/54/125 386/56/386 385/54/385
f 112/29/112 373/31/373 372/29/372
f 100/7/100 359/5/359 99/5/99
f 126/56/126 387/58/387 386/56/386
f 114/33/114 373/31/373 113/31/113
f 101/9/101 360/7/360 100/7/100
f 127/58/127 388/61/388 387/58/387
f 115/35/115 374/33/374 114/33/114
f 102/10/102 361/9/361 101/9/101
f 128/61/128 357/63/357 388/61/388
f 116/37/116 375/35/375 115/35/115
f 103/12/103 362/10/362 102/10/102
f 117/38/117 376/37/376 116/37/116
f 103/12/103 364/14/364 363/12/363
f 118/40/118 377/38/377 117/38/117
f 104/14/104 365/15/365 364/14/364
f 119/42/119 378/40/378 118/40/118
f 105/15/105 366/17/366 365/15/365
f 120/44/120 379/42/379 119/42/119
f 420/61/420 421/63/421 452/61/452
f 358/3/358 391/5/391 390/3/390
f 386/56/386 417/54/417 385/54/385
f 372/29/372 405/31/405 404/29/404
f 359/5/359 392/7/392 391/5/391
f 387/58/387 418/56/418 386/56/386
f 374/33/374 405/31/405 373/31/373
f 360/7/360 393/9/393 392/7/392
f 388/61/388 419/58/419 387/58/387
f 375/35/375 406/33/406 374/33/374
f 361/9/361 394/10/394 393/9/393
f 357/63/357 420/61/420 388/61/388
f 376/37/376 407/35/407 375/35/375
f 362/10/362 395/12/395 394/10/394
f 377/38/377 408/37/408 376/37/376
f 363/12/363 396/14/396 395/12/395
f 378/40/378 409/38/409 377/38/377
f 364/14/364 397/15/397 396/14/396
f 379/42/379 410/40/410 378/40/378
f 365/15/365 398/17/398 397/15/397
f 380/44/380 411/42/411 379/42/379
f 366/17/366 399/19/399 398/17/398
f 381/46/381 412/44/412 380/44/380
f 367/19/367 400/21/400 399/19/399
f 382/48/382 413/46/413 381/46/381
f 368/21/368 401/23/401 400/21/400
f 383/50/383 414/48/414 382/48/382
f 369/23/369 402/25/402 401/23/401
f 384/52/384 415/50/415 383/50/383
f 370/25/370 403/27/403 402/25/402
f 357/1/357 390/3/390 389/1/389
f 385/54/385 416/52/416 384/52/384
f 442/40/442 475/42/475 474/40/474
f 408/37/408 439/35/439 407/35/407
f 395/12/395 426/10/426 394/10/394
f 409/38/409 440/37/440 408/37/408
f 395/12/395 428/14/428 427/12/427
f 410/40/410 441/38/441 409/38/409
f 396/14/396 429/15/429 428/14/428
f 411/42/411 442/40/442 410/40/410
f 397/15/397 430/17/430 429/15/429
f 412/44/412 443/42/443 411/42/411
f 398/17/398 431/19/431 430/17/430
f 413/46/413 444/44/444 412/44/412
f 399/19/399 432/21/432 431/19/431
f 414/48/414 445/46/445 413/46/413
f 400/21/400 433/23/433 432/21/432
f 415/50/415 446/48/446 414/48/414
f 401/23/401 434/25/434 433/23/433
f 415/50/415 448/52/448 447/50/447
f 402/25/402 435/27/435 434/25/434
f 390/3/390 421/1/421 389/1/389
f 416/52/416 449/54/449 448/52/448
f 403/27/403 436/29/436 435/27/435
f 391/5/391 422/3/422 390/3/390
f 417/54/417 450/56/450 449/54/449
f 404/29/404 437/31/437 436/29/436
f 392/7/392 423/5/423 391/5/391
f 418/56/418 451/58/451 450/56/450
f 406/33/406 437/31/437 405/31/405
f 393/9/393 424/7/424 392/7/392
f 419/58/419 452/61/452 451/58/451
f 407/35/407 438/33/438 406/33/406
f 394/10/394 425/9/425 393/9/393
f 477/46/477 510/48/510 509/46/509
f 429/15/429 462/17/462 461/15/461
f 443/42/443 476/44/476 475/42/475
f 431/19/431 462/17/462 430/17/430
f 445/46/445 476/44/476 444/44/444
f 432/21/432 463/19/463 431/19/431
f 445/46/445 478/48/478 477/46/477
f 433/23/433 464/21/464 432/21/432
f 446/48/446 479/50/479 478/48/478
f 433/23/433 466/25/466 465/23/465
f 448/52/448 479/50/479 447/50/447
f 434/25/434 467/27/467 466/25/466
f 422/3/422 453/1/453 421/1/421
f 449/54/449 480/52/480 448/52/448
f 435/27/435 468/29/468 467/27/467
f 422/3/422 455/5/455 454/3/454
f 450/56/450 481/54/481 449/54/449
f 436/29/436 469/31/469 468/29/468
f 423/5/423 456/7/456 455/5/455
f 450/56/450 483/58/483 482/56/482
f 438/33/438 469/31/469 437/31/437
f 424/7/424 457/9/457 456/7/456
f 451/58/451 484/61/484 483/58/483
f 438/33/438 471/35/471 470/33/470
f 426/10/426 457/9/457 425/9/425
f 452/61/452 453/63/453 484/61/484
f 440/37/440 471/35/471 439/35/439
f 426/10/426 459/12/459 458/10/458
f 441/38/441 472/37/472 440/37/440
f 428/14/428 459/12/459 427/12/427
f 442/40/442 473/38/473 441/38/441
f 429/15/429 460/14/460 428/14/428
f 485/1/485 518/3/518 517/1/517
f 465/23/465 496/21/496 464/21/464
f 478/48/478 511/50/511 510/48/510
f 466/25/466 497/23/497 465/23/465
f 480/52/480 511/50/511 479/50/479
f 467/27/467 498/25/498 466/25/466
f 453/1/453 486/3/486 485/1/485
f 481/54/481 512/52/512 480/52/480
f 468/29/468 499/27/499 467/27/467
f 454/3/454 487/5/487 486/3/486
f 482/56/482 513/54/513 481/54/481
f 469/31/469 500/29/500 468/29/468
f 455/5/455 488/7/488 487/5/487
f 483/58/483 514/56/514 482/56/482
f 469/31/469 502/33/502 501/31/501
f 456/7/456 489/9/489 488/7/488
f 484/61/484 515/58/515 483/58/483
f 470/33/470 503/35/503 502/33/502
f 457/9/457 490/10/490 489/9/489
f 453/63/453 516/61/516 484/61/484
f 471/35/471 504/37/504 503/35/503
f 458/10/458 491/12/491 490/10/490
f 472/37/472 505/38/505 504/37/504
f 460/14/460 491/12/491 459/12/459
f 473/38/473 506/40/506 505/38/505
f 461/15/461 492/14/492 460/14/460
f 474/40/474 507/42/507 506/40/506
f 462/17/462 493/15/493 461/15/461
f 475/42/475 508/44/508 507/42/507
f 463/19/463 494/17/494 462/17/462
f 476/44/476 509/46/509 508/44/508
f 464/21/464 495/19/495 463/19/463
f 520/7/520 553/9/553 552/7/552
f 513/54/513 544/52/544 512/52/512
f 499/27/499 532/29/532 531/27/531
f 486/3/486 519/5/519 518/3/518
f 514/56/514 545/54/545 513/54/513
f 500/29/500 533/31/533 532/29/532
f 487/5/487 520/7/520 519/5/519
f 515/58/515 546/56/546 514/56/514
f 502/33/502 533/31/533 501/31/501
f 488/7/488 521/9/521 520/7/520
f 516/61/516 547/58/547 515/58/515
f 503/35/503 534/33/534 502/33/502
f 489/9/489 522/10/522 521/9/521
f 485/63/485 548/61/548 516/61/516
f 504/37/504 535/35/535 503/35/503
f 490/10/490 523/12/523 522/10/522
f 505/38/505 536/37/536 504/37/504
f 491/12/491 524/14/524 523/12/523
f 506/40/506 537/38/537 505/38/505
f 492/14/492 525/15/525 524/14/524
f 507/42/507 538/40/538 506/40/506
f 493/15/493 526/17/526 525/15/525
f 508/44/508 539/42/539 507/42/507
f 494/17/494 527/19/527 526/17/526
f 509/46/509 540/44/540 508/44/508
f 495/19/495 528/21/528 527/19/527
f 510/48/510 541/46/541 509/46/509
f 496/21/496 529/23/529 528/21/528
f 511/50/511 542/48/542 510/48/510
f 497/23/497 530/25/530 529/23/529
f 512/52/512 543/50/543 511/50/511
f 498/25/498 531/27/531 530/25/530
f 578/74/578 579/75/579 568/76/568
f 548/61/548 579/58/579 547/58/547
f 535/35/535 566/33/566 534/33/534
f 521/9/521 554/10/554 553/9/553
f 517/63/517 580/61/580 548/61/548
f 536/37/536 567/35/567 535/35/535
f 522/10/522 555/12/555 554/10/554
f 537/38/537 568/37/568 536/37/536
f 523/12/523 556/14/556 555/12/555
f 538/40/538 569/38/569 537/38/537
f 524/14/524 557/15/557 556/14/556
f 539/42/539 570/40/570 538/40/538
f 525/15/525 558/17/558 557/15/557
f 540/44/540 571/42/571 539/42/539
f 526/17/526 559/19/559 558/17/558
f 541/46/541 572/44/572 540/44/540
f 527/19/527 560/21/560 559/19/559
f 542/48/542 573/46/573 541/46/541
f 528/21/528 561/23/561 560/21/560
f 543/50/543 574/48/574 542/48/542
f 529/23/529 562/25/562 561/23/561
f 544/52/544 575/50/575 543/50/543
f 530/25/530 563/27/563 562/25/562
f 517/1/517 550/3/550 549/1/549
f 545/54/545 576/52/576 544/52/544
f 531/27/531 564/29/564 563/27/563
f 518/3/518 551/5/551 550/3/550
f 546/56/546 577/54/577 545/54/545
f 533/31/533 564/29/564 532/29/532
f 519/5/519 552/7/552 551/5/551
f 547/58/547 578/56/578 546/56/546
f 533/31/533 566/33/566 565/31/565
f 587/21/587 598/23/598 597/21/597
f 583/14/583 594/15/594 593/14/593
f 600/27/600 605/25/605 606/27/606
f 584/15/584 595/17/595 594/15/594
f 590/27/590 602/25/602 589/25/589
f 585/17/585 596/19/596 595/17/595
f 582/12/582 591/10/591 581/10/581
f 586/19/586 597/21/597 596/19/596
f 582/12/582 593/14/593 592/12/592
f 13/12/13 581/10/581 11/10/11
f 75/19/75 595/17/595 596/19/596
f 21/19/21 587/21/587 586/19/586
f 75/19/75 597/21/597 76/21/76
f 19/17/19 584/15/584 17/15/17
f 27/25/27 590/27/590 589/25/589
f 76/21/76 598/23/598 77/23/77
f 15/14/15 582/12/582 13/12/13
f 77/23/77 599/25/599 78/25/78
f 23/21/23 588/23/588 587/21/587
f 71/12/71 591/10/591 592/12/592
f 603/27/603 608/25/608 602/25/602
f 606/27/606 611/25/611 612/27/612
f 588/23/588 604/23/604 598/23/598
f 589/25/589 601/23/601 588/23/588
f 599/25/599 604/23/604 605/25/605
f 590/27/590 606/27/606 603/27/603
f 609/27/609 614/25/614 608/25/608
f 612/27/612 617/25/617 618/27/618
f 606/27/606 609/27/609 603/27/603
f 604/23/604 607/23/607 610/23/610
f 605/25/605 610/23/610 611/25/611
f 602/25/602 607/23/607 601/23/601
f 613/23/613 622/23/622 616/23/616
f 615/27/615 624/27/624 621/27/621
f 609/27/609 618/27/618 615/27/615
f 607/23/607 616/23/616 610/23/610
f 611/25/611 616/23/616 617/25/617
f 608/25/608 613/23/613 607/23/607
f 621/27/621 626/25/626 620/25/620
f 624/27/624 629/25/629 630/27/630
f 617/25/617 622/23/622 623/25/623
f 614/25/614 619/23/619 613/23/613
f 618/27/618 623/25/623 624/27/624
f 615/27/615 620/25/620 614/25/614
f 625/23/625 634/23/634 628/23/628
f 627/27/627 636/27/636 633/27/633
f 621/27/621 630/27/630 627/27/627
f 619/23/619 628/23/628 622/23/622
f 623/25/623 628/23/628 629/25/629
f 620/25/620 625/23/625 619/23/619
f 632/25/632 634/23/634 631/23/631
f 632/25/632 636/27/636 635/25/635
f 629/25/629 634/23/634 635/25/635
f 626/25/626 631/23/631 625/23/625
f 630/27/630 635/25/635 636/27/636
f 627/27/627 632/25/632 626/25/626
f 650/24/650 681/22/681 682/24/682
f 266/59/266 647/18/647 267/18/267
f 281/47/281 660/45/660 661/47/661
f 268/20/268 647/18/647 648/20/648
f 281/47/281 662/49/662 282/49/282
f 268/20/268 649/22/649 269/22/269
f 283/51/283 662/49/662 663/51/663
f 269/22/269 650/24/650 270/24/270
f 283/51/283 664/53/664 284/53/284
f 271/26/271 650/24/650 651/26/651
f 258/2/258 637/67/637 638/2/638
f 285/55/285 664/53/664 665/55/665
f 271/26/271 652/28/652 272/28/272
f 258/2/258 639/4/639 259/4/259
f 286/57/286 665/55/665 666/57/666
f 273/30/273 652/28/652 653/30/653
f 260/6/260 639/4/639 640/6/640
f 286/57/286 667/60/667 287/60/287
f 273/30/273 654/32/654 274/32/274
f 261/8/261 640/6/640 641/8/641
f 288/62/288 667/60/667 668/62/668
f 275/34/275 654/32/654 655/34/655
f 261/8/261 642/66/642 262/66/262
f 288/62/288 637/68/637 257/68/257
f 275/34/275 656/36/656 276/36/276
f 263/11/263 642/66/642 643/11/643
f 276/36/276 657/39/657 277/39/277
f 263/11/263 644/13/644 264/13/264
f 278/41/278 657/39/657 658/41/658
f 265/16/265 644/13/644 645/16/645
f 278/41/278 659/43/659 279/43/279
f 265/16/265 646/59/646 266/59/266
f 685/30/685 811/28/811 812/30/812
f 664/53/664 695/51/695 696/53/696
f 651/26/651 682/24/682 683/26/683
f 637/67/637 670/2/670 638/2/638
f 665/55/665 696/53/696 697/55/697
f 652/28/652 683/26/683 684/28/684
f 638/2/638 671/4/671 639/4/639
f 666/57/666 697/55/697 698/57/698
f 653/30/653 684/28/684 685/30/685
f 639/4/639 672/6/672 640/6/640
f 667/60/667 698/57/698 699/60/699
f 653/30/653 686/32/686 654/32/654
f 640/6/640 673/8/673 641/8/641
f 668/62/668 699/60/699 700/62/700
f 654/32/654 687/34/687 655/34/655
f 641/8/641 674/66/674 642/66/642
f 637/68/637 700/62/700 669/68/669
f 655/34/655 688/36/688 656/36/656
f 642/66/642 675/11/675 643/11/643
f 656/36/656 689/39/689 657/39/657
f 643/11/643 676/13/676 644/13/644
f 657/39/657 690/41/690 658/41/658
f 644/13/644 677/16/677 645/16/645
f 658/41/658 691/43/691 659/43/659
f 646/59/646 677/16/677 678/59/678
f 659/43/659 692/45/692 660/45/660
f 647/18/647 678/59/678 679/18/679
f 660/45/660 693/47/693 661/47/661
f 648/20/648 679/18/679 680/20/680
f 662/49/662 693/47/693 694/49/694
f 649/22/649 680/20/680 681/22/681
f 663/51/663 694/49/694 695/51/695
f 720/36/720 751/34/751 752/36/752
f 672/6/672 703/4/703 704/6/704
f 698/57/698 731/60/731 699/60/699
f 718/32/718 821/34/821 820/32/820
f 673/8/673 704/6/704 705/8/705
f 699/60/699 732/62/732 700/62/700
f 684/28/684 810/26/810 811/28/811
f 707/11/707 799/11/799 802/11/802
f 700/62/700 701/68/701 669/68/669
f 717/30/717 820/32/820 819/30/819
f 706/66/706 802/11/802 801/66/801
f 689/39/689 720/36/720 721/39/721
f 675/11/675 708/13/708 676/13/676
f 690/41/690 721/39/721 722/41/722
f 676/13/676 709/16/709 677/16/677
f 691/43/691 722/41/722 723/43/723
f 677/16/677 710/59/710 678/59/678
f 692/45/692 723/43/723 724/45/724
f 678/59/678 711/18/711 679/18/679
f 693/47/693 724/45/724 725/47/725
f 679/18/679 712/20/712 680/20/680
f 694/49/694 725/47/725 726/49/726
f 680/20/680 713/22/713 681/22/681
f 695/51/695 726/49/726 727/51/727
f 681/22/681 714/24/714 682/24/682
f 695/51/695 728/53/728 696/53/696
f 683/26/683 809/24/809 810/26/810
f 670/2/670 701/67/701 702/2/702
f 696/53/696 729/55/729 697/55/697
f 717/30/717 818/28/818 716/28/716
f 671/4/671 702/2/702 703/4/703
f 697/55/697 730/57/730 698/57/698
f 755/43/755 786/41/786 787/43/787
f 707/11/707 738/66/738 739/11/739
f 721/39/721 752/36/752 753/39/753
f 708/13/708 739/11/739 740/13/740
f 721/39/721 754/41/754 722/41/722
f 709/16/709 740/13/740 741/16/741
f 722/41/722 755/43/755 723/43/723
f 710/59/710 741/16/741 742/59/742
f 723/43/723 756/45/756 724/45/724
f 711/18/711 742/59/742 743/18/743
f 724/45/724 757/47/757 725/47/725
f 712/20/712 743/18/743 744/20/744
f 725/47/725 758/49/758 726/49/726
f 713/22/713 744/20/744 745/22/745
f 726/49/726 759/51/759 727/51/727
f 713/22/713 746/24/746 714/24/714
f 727/51/727 760/53/760 728/53/728
f 714/24/714 747/26/747 715/26/715
f 702/2/702 733/67/733 734/2/734
f 728/53/728 761/55/761 729/55/729
f 715/26/715 748/28/748 716/28/716
f 703/4/703 734/2/734 735/4/735
f 729/55/729 762/57/762 730/57/730
f 716/28/716 749/30/749 717/30/717
f 704/6/704 735/4/735 736/6/736
f 730/57/730 763/60/763 731/60/731
f 718/32/718 749/30/749 750/32/750
f 705/8/705 736/6/736 737/8/737
f 731/60/731 764/62/764 732/62/732
f 719/34/719 750/32/750 751/34/751
f 706/66/706 737/8/737 738/66/738
f 732/62/732 733/68/733 701/68/701
f 769/77/769 768/78/768 793/79/793
f 741/16/741 774/59/774 742/59/742
f 756/45/756 787/43/787 788/45/788
f 742/59/742 775/18/775 743/18/743
f 757/47/757 788/45/788 789/47/789
f 743/18/743 776/20/776 744/20/744
f 757/47/757 790/49/790 758/49/758
f 744/20/744 777/22/777 745/22/745
f 758/49/758 791/51/791 759/51/759
f 745/22/745 778/24/778 746/24/746
f 759/51/759 792/53/792 760/53/760
f 746/24/746 779/26/779 747/26/747
f 734/2/734 765/67/765 766/2/766
f 760/53/760 793/55/793 761/55/761
f 747/26/747 780/28/780 748/28/748
f 735/4/735 766/2/766 767/4/767
f 761/55/761 794/57/794 762/57/762
f 748/28/748 781/30/781 749/30/749
f 736/6/736 767/4/767 768/6/768
f 762/57/762 795/60/795 763/60/763
f 750/32/750 781/30/781 782/32/782
f 737/8/737 768/6/768 769/8/769
f 763/60/763 796/62/796 764/62/764
f 751/34/751 782/32/782 783/34/783
f 738/66/738 769/8/769 770/66/770
f 764/62/764 765/68/765 733/68/733
f 752/36/752 783/34/783 784/36/784
f 739/11/739 770/66/770 771/11/771
f 753/39/753 784/36/784 785/39/785
f 740/13/740 771/11/771 772/13/772
f 754/41/754 785/39/785 786/41/786
f 741/16/741 772/13/772 773/16/773
f 798/66/798 805/11/805 799/11/799
f 801/66/801 808/11/808 807/66/807
f 705/8/705 797/8/797 673/8/673
f 673/8/673 798/66/798 674/66/674
f 705/8/705 801/66/801 800/8/800
f 674/66/674 799/11/799 675/11/675
f 804/66/804 806/8/806 807/66/807
f 805/11/805 807/66/807 808/11/808
f 802/11/802 805/11/805 808/11/808
f 800/8/800 803/8/803 797/8/797
f 800/8/800 807/66/807 806/8/806
f 797/8/797 804/66/804 798/66/798
f 815/36/815 836/36/836 822/36/822
f 811/28/811 824/26/824 825/28/825
f 819/30/819 832/28/832 818/28/818
f 810/26/810 823/24/823 824/26/824
f 818/28/818 831/26/831 817/26/817
f 817/26/817 830/24/830 816/24/816
f 719/34/719 822/36/822 821/34/821
f 685/30/685 813/32/813 686/32/686
f 686/32/686 814/34/814 687/34/687
f 715/26/715 816/24/816 714/24/714
f 687/34/687 815/36/815 688/36/688
f 716/28/716 817/26/817 715/26/715
f 688/36/688 822/36/822 720/36/720
f 682/24/682 816/24/816 809/24/809
f 825/28/825 833/30/833 826/30/826
f 827/32/827 833/30/833 834/32/834
f 828/34/828 834/32/834 835/34/835
f 829/36/829 835/34/835 836/36/836
f 823/24/823 831/26/831 824/26/824
f 824/26/824 832/28/832 825/28/825
f 819/30/819 834/32/834 833/30/833
f 812/30/812 825/28/825 826/30/826
f 809/24/809 830/24/830 823/24/823
f 820/32/820 835/34/835 834/32/834
f 812/30/812 827/32/827 813/32/813
f 821/34/821 836/36/836 835/34/835
f 813/32/813 828/34/828 814/34/814
f 814/34/814 829/36/829 815/36/815
f 1/1/1 838/2/64 2/67/2
f 837/3/63 840/4/62 838/2/64
f 839/5/61 842/6/60 840/4/62
f 841/7/59 844/8/838 842/6/60
f 845/10/839 844/8/838 843/9/837
f 845/10/839 848/11/842 846/66/840
f 847/12/841 850/13/844 848/11/842
f 851/15/845 850/13/844 849/14/843
f 853/17/847 852/16/846 851/15/845
f 853/17/847 856/18/850 854/59/848
f 855/19/849 858/20/852 856/18/850
f 857/21/851 860/22/854 858/20/852
f 859/23/853 862/24/856 860/22/854
f 861/25/855 864/26/858 862/24/856
f 863/27/857 866/28/860 864/26/858
f 865/29/859 34/30/34 866/28/860
f 33/31/33 868/32/862 34/30/34
f 867/33/861 870/34/864 868/32/862
f 869/35/863 872/36/866 870/34/864
f 873/38/867 872/36/866 871/37/865
f 875/40/869 874/39/868 873/38/867
f 877/42/871 876/41/870 875/40/869
f 879/44/873 878/43/872 877/42/871
f 881/46/875 880/45/874 879/44/873
f 883/48/877 882/47/876 881/46/875
f 885/50/879 884/49/878 883/48/877
f 887/52/881 886/51/880 885/50/879
f 889/54/883 888/53/882 887/52/881
f 891/56/7 890/55/884 889/54/883
f 893/58/5 892/57/8 891/56/7
f 1108/59/925 964/16/153 1107/16/309
f 895/61/3 894/60/6 893/58/5
f 1/63/1 896/62/4 895/61/3
f 1392/27/989 910/27/895 863/27/857
f 949/46/105 920/48/905 919/46/904
f 915/38/900 875/40/869 873/38/867
f 891/56/7 925/58/67 893/58/5
f 905/17/890 1396/15/993 904/15/889
f 81/31/81 867/33/861 33/31/33
f 920/48/905 885/50/879 883/48/877
f 899/7/94 843/9/837 841/7/59
f 859/23/853 1391/25/988 861/25/855
f 916/40/901 877/42/871 875/40/869
f 893/58/5 926/61/66 895/61/3
f 901/10/886 1383/10/980 845/10/839
f 912/33/897 869/35/863 867/33/861
f 885/50/879 922/52/907 887/52/881
f 843/9/837 901/10/886 845/10/839
f 1385/14/982 851/15/845 849/14/843
f 917/42/902 879/44/873 877/42/871
f 65/1/65 837/3/63 1/1/1
f 895/61/3 65/63/65 1/63/1
f 904/15/889 1395/14/992 903/14/888
f 913/35/898 871/37/865 869/35/863
f 887/52/881 923/54/908 889/54/883
f 903/14/888 1394/12/991 902/12/887
f 863/27/857 911/29/896 865/29/859
f 918/44/903 881/46/875 879/44/873
f 897/3/96 839/5/61 837/3/63
f 1387/17/984 855/19/849 853/17/847
f 914/37/899 873/38/867 871/37/865
f 889/54/883 924/56/68 891/56/7
f 1402/27/999 909/25/894 910/27/895
f 865/29/859 81/31/81 33/31/33
f 919/46/904 883/48/877 881/46/875
f 898/5/95 841/7/59 839/5/61
f 935/17/120 1182/19/379 936/19/119
f 907/21/892 938/23/117 908/23/893
f 950/48/104 921/50/906 920/48/905
f 908/23/893 939/25/909 909/25/894
f 951/50/103 922/52/907 921/50/906
f 909/25/894 940/27/115 910/27/895
f 65/1/65 927/3/128 897/3/96
f 952/52/102 923/54/908 922/52/907
f 910/27/895 941/29/114 911/29/896
f 897/3/96 928/5/127 898/5/95
f 953/54/101 924/56/68 923/54/908
f 911/29/896 113/31/113 81/31/81
f 898/5/95 929/7/126 899/7/94
f 954/56/100 925/58/67 924/56/68
f 113/31/113 912/33/897 81/31/81
f 899/7/94 930/9/125 900/9/885
f 955/58/99 926/61/66 925/58/67
f 942/33/112 913/35/898 912/33/897
f 900/9/885 931/10/124 901/10/886
f 956/61/98 65/63/65 926/61/66
f 943/35/111 914/37/899 913/35/898
f 901/10/886 932/12/123 902/12/887
f 944/37/110 915/38/900 914/37/899
f 902/12/887 933/14/122 903/14/888
f 945/38/109 916/40/901 915/38/900
f 903/14/888 934/15/121 904/15/889
f 946/40/108 917/42/902 916/40/901
f 904/15/889 935/17/120 905/17/890
f 947/42/107 918/44/903 917/42/902
f 905/17/890 936/19/119 906/19/891
f 948/44/106 919/46/904 918/44/903
f 906/19/891 937/21/118 907/21/892
f 985/60/131 1014/57/164 984/57/132
f 973/34/916 1109/64/308 1110/65/926
f 982/53/134 1111/51/307 1112/53/296
f 1114/66/294 960/8/157 1113/73/306
f 1139/20/939 968/22/913 967/20/912
f 978/45/921 1117/43/929 1118/45/930
f 1119/2/303 129/67/129 301/67/301
f 129/68/129 1120/62/302 301/68/301
f 1128/20/933 1146/18/946 1121/18/931
f 974/36/917 1110/65/926 1122/36/932
f 983/55/133 1112/53/296 1123/55/295
f 1124/11/293 961/66/156 1114/66/294
f 1125/28/291 970/26/915 1116/26/928
f 979/47/137 1118/45/930 1126/47/289
f 1127/4/320 957/2/160 1119/2/303
f 1134/22/935 1147/20/947 1128/20/933
f 975/39/918 1122/36/932 1129/39/934
f 984/57/132 1123/55/295 1130/69/317
f 1131/70/316 962/11/155 1124/11/293
f 315/30/315 971/28/146 1125/28/291
f 980/49/136 1126/47/289 1132/71/314
f 1133/6/313 958/4/159 1127/4/320
f 1115/72/927 1148/22/948 1134/22/935
f 976/41/919 1129/39/934 1135/41/936
f 985/60/131 1130/69/317 1136/60/310
f 1107/16/309 963/13/154 1131/70/316
f 972/32/144 315/30/315 1109/64/308
f 981/51/135 1132/71/314 1111/51/307
f 1113/73/306 959/6/158 1133/6/313
f 1138/18/938 967/20/912 966/18/911
f 977/43/920 1135/41/936 1117/43/929
f 986/62/130 1136/60/310 1120/62/302
f 1002/32/176 209/30/209 177/30/177
f 972/32/144 177/30/177 145/30/145
f 990/8/189 959/6/158 960/8/157
f 986/62/130 1015/60/163 985/60/131
f 973/34/916 1002/32/176 972/32/144
f 991/66/188 960/8/157 961/66/156
f 161/68/161 986/62/130 129/68/129
f 974/36/917 1003/34/175 973/34/916
f 992/11/187 961/66/156 962/11/155
f 975/39/918 1004/36/174 974/36/917
f 993/13/186 962/11/155 963/13/154
f 976/41/919 1005/39/173 975/39/918
f 994/16/185 963/13/154 964/16/153
f 977/43/920 1006/41/172 976/41/919
f 995/59/184 964/16/153 965/59/910
f 978/45/921 1007/43/171 977/43/920
f 996/18/183 965/59/910 966/18/911
f 979/47/137 1008/45/170 978/45/921
f 997/20/182 966/18/911 967/20/912
f 980/49/136 1009/47/169 979/47/137
f 998/22/181 967/20/912 968/22/913
f 981/51/135 1010/49/168 980/49/136
f 999/24/180 968/22/913 969/24/914
f 982/53/134 1011/51/167 981/51/135
f 1000/26/179 969/24/914 970/26/915
f 987/2/192 129/67/129 957/2/160
f 983/55/133 1012/53/166 982/53/134
f 971/28/146 1000/26/179 970/26/915
f 988/4/191 957/2/160 958/4/159
f 984/57/132 1013/55/922 983/55/133
f 145/30/145 1001/28/178 971/28/146
f 989/6/190 958/4/159 959/6/158
f 1035/39/205 1064/36/238 1034/36/206
f 1020/8/221 989/6/190 990/8/189
f 1016/62/162 1045/60/195 1015/60/163
f 1003/34/175 1032/32/208 1002/32/176
f 1021/66/220 990/8/189 991/66/188
f 161/68/161 1046/62/194 1016/62/162
f 1004/36/174 1033/34/207 1003/34/175
f 1022/11/219 991/66/188 992/11/187
f 1005/39/173 1034/36/206 1004/36/174
f 1023/13/218 992/11/187 993/13/186
f 1006/41/172 1035/39/205 1005/39/173
f 1024/16/217 993/13/186 994/16/185
f 1007/43/171 1036/41/204 1006/41/172
f 1025/59/216 994/16/185 995/59/184
f 1008/45/170 1037/43/203 1007/43/171
f 1026/18/215 995/59/184 996/18/183
f 1009/47/169 1038/45/202 1008/45/170
f 1027/20/214 996/18/183 997/20/182
f 1010/49/168 1039/47/201 1009/47/169
f 1028/22/213 997/20/182 998/22/181
f 1011/51/167 1040/49/200 1010/49/168
f 1029/24/212 998/22/181 999/24/180
f 1012/53/166 1041/51/199 1011/51/167
f 1030/26/211 999/24/180 1000/26/179
f 1017/2/923 161/67/161 987/2/192
f 1013/55/922 1042/53/198 1012/53/166
f 1031/28/210 1000/26/179 1001/28/178
f 1018/4/223 987/2/192 988/4/191
f 1014/57/164 1043/55/197 1013/55/922
f 209/30/209 1001/28/178 177/30/177
f 1019/6/222 988/4/191 989/6/190
f 1015/60/163 1044/57/196 1014/57/164
f 1068/45/234 1097/43/267 1067/43/235
f 1053/13/250 1022/11/219 1023/13/218
f 1036/41/204 1065/39/237 1035/39/205
f 1054/16/249 1023/13/218 1024/16/217
f 1037/43/203 1066/41/236 1036/41/204
f 1055/59/248 1024/16/217 1025/59/216
f 1038/45/202 1067/43/235 1037/43/203
f 1056/18/247 1025/59/216 1026/18/215
f 1039/47/201 1068/45/234 1038/45/202
f 1057/20/924 1026/18/215 1027/20/214
f 1040/49/200 1069/47/233 1039/47/201
f 1058/22/245 1027/20/214 1028/22/213
f 1041/51/199 1070/49/232 1040/49/200
f 1059/24/244 1028/22/213 1029/24/212
f 1042/53/198 1071/51/231 1041/51/199
f 1060/26/243 1029/24/212 1030/26/211
f 1047/2/256 193/67/193 1017/2/923
f 1043/55/197 1072/53/230 1042/53/198
f 1061/28/242 1030/26/211 1031/28/210
f 1048/4/255 1017/2/923 1018/4/223
f 1044/57/196 1073/55/229 1043/55/197
f 241/30/241 1031/28/210 209/30/209
f 1049/6/254 1018/4/223 1019/6/222
f 1045/60/195 1074/57/228 1044/57/196
f 1032/32/208 241/30/241 209/30/209
f 1050/8/253 1019/6/222 1020/8/221
f 1046/62/194 1075/60/227 1045/60/195
f 1033/34/207 1062/32/240 1032/32/208
f 1051/66/252 1020/8/221 1021/66/220
f 193/68/193 1076/62/226 1046/62/194
f 1034/36/206 1063/34/239 1033/34/207
f 1052/11/251 1021/66/220 1022/11/219
f 1098/45/266 1459/43/647 1097/43/267
f 1086/18/279 1055/59/248 1056/18/247
f 1069/47/233 1098/45/266 1068/45/234
f 1087/20/278 1056/18/247 1057/20/924
f 1100/49/264 1069/47/233 1070/49/232
f 1088/22/277 1057/20/924 1058/22/245
f 1101/51/263 1070/49/232 1071/51/231
f 1089/24/276 1058/22/245 1059/24/244
f 1102/53/262 1071/51/231 1072/53/230
f 1090/26/275 1059/24/244 1060/26/243
f 1047/2/256 257/67/257 225/67/225
f 1103/55/261 1072/53/230 1073/55/229
f 1091/28/274 1060/26/243 1061/28/242
f 1048/4/255 1077/2/288 1047/2/256
f 1104/57/260 1073/55/229 1074/57/228
f 273/30/273 1061/28/242 241/30/241
f 1049/6/254 1078/4/287 1048/4/255
f 1105/60/259 1074/57/228 1075/60/227
f 1062/32/240 273/30/273 241/30/241
f 1050/8/253 1079/6/286 1049/6/254
f 1106/62/258 1075/60/227 1076/62/226
f 1063/34/239 1092/32/272 1062/32/240
f 1051/66/252 1080/8/285 1050/8/253
f 257/68/257 1076/62/226 225/68/225
f 1064/36/238 1093/34/271 1063/34/239
f 1052/11/251 1081/66/284 1051/66/252
f 1065/39/237 1094/36/270 1064/36/238
f 1053/13/250 1082/11/283 1052/11/251
f 1066/41/236 1095/39/269 1065/39/237
f 1054/16/249 1083/13/282 1053/13/250
f 1067/43/235 1096/41/268 1066/41/236
f 1085/59/280 1054/16/249 1055/59/248
f 896/62/4 1136/60/310 894/60/6
f 1117/43/929 876/41/870 878/43/872
f 862/24/856 1134/22/935 860/22/854
f 844/8/838 1133/6/313 842/6/60
f 1111/51/307 884/49/878 886/51/880
f 1109/64/308 34/30/34 868/32/862
f 852/16/846 1131/70/316 850/13/844
f 1136/60/310 892/57/8 894/60/6
f 1135/41/936 874/39/868 876/41/870
f 860/22/854 1128/20/933 858/20/852
f 842/6/60 1127/4/320 840/4/62
f 1132/71/314 882/47/876 884/49/878
f 34/30/34 1125/28/291 866/28/860
f 850/13/844 1124/11/293 848/11/842
f 1130/69/317 890/55/884 892/57/8
f 1129/39/934 872/36/866 874/39/868
f 858/20/852 1121/18/931 856/18/850
f 1127/4/320 838/2/64 840/4/62
f 1126/47/289 880/45/874 882/47/876
f 866/28/860 1116/26/928 864/26/858
f 848/11/842 1114/66/294 846/66/840
f 1123/55/295 888/53/882 890/55/884
f 1122/36/932 870/34/864 872/36/866
f 856/18/850 1108/59/925 854/59/848
f 2/68/2 1120/62/302 896/62/4
f 1119/2/303 2/67/2 838/2/64
f 1118/45/930 878/43/872 880/45/874
f 864/26/858 1115/72/927 862/24/856
f 846/66/840 1113/73/306 844/8/838
f 1112/53/296 886/51/880 888/53/882
f 1110/65/926 868/32/862 870/34/864
f 854/59/848 1107/16/309 852/16/846
f 1145/26/945 1152/72/952 1144/72/944
f 1146/18/946 1137/59/937 1143/59/943
f 1147/20/947 1138/18/938 1146/18/946
f 1148/22/948 1139/20/939 1147/20/947
f 1148/22/948 1149/22/949 1140/22/940
f 1121/18/931 1143/59/943 1108/59/925
f 1108/59/925 1137/59/937 965/59/910
f 1145/26/945 1115/72/927 1116/26/928
f 968/22/913 1141/24/941 969/24/914
f 1137/59/937 966/18/911 965/59/910
f 970/26/915 1145/26/945 1116/26/928
f 969/24/914 1142/26/942 970/26/915
f 1160/22/960 1149/22/949 1154/22/954
f 1159/26/959 1152/72/952 1153/26/953
f 1150/24/950 1142/26/942 1141/24/941
f 1144/72/944 1154/22/954 1148/22/948
f 1151/26/951 1145/26/945 1142/26/942
f 1149/22/949 1141/24/941 1140/22/940
f 1157/26/957 1165/26/965 1159/26/959
f 1158/72/958 1166/22/966 1160/22/960
f 1155/22/955 1150/24/950 1149/22/949
f 1152/72/952 1160/22/960 1154/22/954
f 1151/26/951 1159/26/959 1153/26/953
f 1156/24/956 1151/26/951 1150/24/950
f 1172/22/972 1161/22/961 1166/22/966
f 1171/26/971 1164/72/964 1165/26/965
f 1162/24/962 1157/26/957 1156/24/956
f 1165/26/965 1158/72/958 1159/26/959
f 1166/22/966 1155/22/955 1160/22/960
f 1161/22/961 1156/24/956 1155/22/955
f 1171/26/971 1168/24/968 1170/72/970
f 1170/72/970 1167/22/967 1172/22/972
f 1167/22/967 1162/24/962 1161/22/961
f 1164/72/964 1172/22/972 1166/22/966
f 1163/26/963 1171/26/971 1165/26/965
f 1168/24/968 1163/26/963 1162/24/962
f 1186/27/375 1217/29/406 1187/29/374
f 1194/44/366 949/46/105 948/44/106
f 936/19/119 1183/21/378 937/21/118
f 1195/46/365 950/48/104 949/46/105
f 937/21/118 1184/23/377 938/23/117
f 1196/48/364 951/50/103 950/48/104
f 938/23/117 1185/25/376 939/25/909
f 951/50/103 1198/52/362 952/52/102
f 939/25/909 1186/27/375 940/27/115
f 357/1/357 927/3/128 97/1/97
f 952/52/102 1199/54/361 953/54/101
f 940/27/115 1187/29/374 941/29/114
f 1173/3/388 928/5/127 927/3/128
f 953/54/101 1200/56/360 954/56/100
f 941/29/114 373/31/373 113/31/113
f 1174/5/387 929/7/126 928/5/127
f 954/56/100 1201/58/359 955/58/99
f 373/31/373 942/33/112 113/31/113
f 1175/7/386 930/9/125 929/7/126
f 955/58/99 1202/61/358 956/61/98
f 1188/33/372 943/35/111 942/33/112
f 1176/9/385 931/10/124 930/9/125
f 956/61/98 357/63/357 97/63/97
f 1189/35/371 944/37/110 943/35/111
f 1177/10/384 932/12/123 931/10/124
f 1190/37/370 945/38/109 944/37/110
f 932/12/123 1179/14/382 933/14/122
f 1191/38/369 946/40/108 945/38/109
f 933/14/122 1180/15/381 934/15/121
f 1192/40/368 947/42/107 946/40/108
f 934/15/121 1181/17/380 935/17/120
f 1193/42/367 948/44/106 947/42/107
f 1232/61/390 421/63/421 389/63/389
f 1173/3/388 1204/5/419 1174/5/387
f 1229/54/393 1200/56/360 1199/54/361
f 1187/29/374 405/31/405 373/31/373
f 1174/5/387 1205/7/418 1175/7/386
f 1230/56/392 1201/58/359 1200/56/360
f 405/31/405 1188/33/372 373/31/373
f 1175/7/386 1206/9/417 1176/9/385
f 1231/58/391 1202/61/358 1201/58/359
f 1218/33/404 1189/35/371 1188/33/372
f 1176/9/385 1207/10/416 1177/10/384
f 1232/61/390 357/63/357 1202/61/358
f 1219/35/403 1190/37/370 1189/35/371
f 1177/10/384 1208/12/415 1178/12/383
f 1220/37/973 1191/38/369 1190/37/370
f 1178/12/383 1209/14/414 1179/14/382
f 1221/38/401 1192/40/368 1191/38/369
f 1179/14/382 1210/15/413 1180/15/381
f 1222/40/400 1193/42/367 1192/40/368
f 1180/15/381 1211/17/412 1181/17/380
f 1223/42/399 1194/44/366 1193/42/367
f 1181/17/380 1212/19/411 1182/19/379
f 1224/44/398 1195/46/365 1194/44/366
f 1182/19/379 1213/21/410 1183/21/378
f 1225/46/397 1196/48/364 1195/46/365
f 1183/21/378 1214/23/409 1184/23/377
f 1226/48/396 1197/50/363 1196/48/364
f 1184/23/377 1215/25/408 1185/25/376
f 1227/50/395 1198/52/362 1197/50/363
f 1185/25/376 1216/27/407 1186/27/375
f 357/1/357 1203/3/420 1173/3/388
f 1228/52/394 1199/54/361 1198/52/362
f 1252/40/432 1283/42/974 1253/42/431
f 1249/35/435 1220/37/973 1219/35/403
f 1237/10/448 1208/12/415 1207/10/416
f 1250/37/434 1221/38/401 1220/37/973
f 1208/12/415 1239/14/446 1209/14/414
f 1251/38/433 1222/40/400 1221/38/401
f 1209/14/414 1240/15/445 1210/15/413
f 1252/40/432 1223/42/399 1222/40/400
f 1210/15/413 1241/17/444 1211/17/412
f 1253/42/431 1224/44/398 1223/42/399
f 1211/17/412 1242/19/443 1212/19/411
f 1254/44/430 1225/46/397 1224/44/398
f 1212/19/411 1243/21/442 1213/21/410
f 1255/46/429 1226/48/396 1225/46/397
f 1213/21/410 1244/23/441 1214/23/409
f 1256/48/428 1227/50/395 1226/48/396
f 1214/23/409 1245/25/440 1215/25/408
f 1227/50/395 1258/52/426 1228/52/394
f 1215/25/408 1246/27/439 1216/27/407
f 421/1/421 1203/3/420 389/1/389
f 1228/52/394 1259/54/425 1229/54/393
f 1216/27/407 1247/29/438 1217/29/406
f 1233/3/452 1204/5/419 1203/3/420
f 1229/54/393 1260/56/424 1230/56/392
f 1217/29/406 437/31/437 405/31/405
f 1234/5/451 1205/7/418 1204/5/419
f 1230/56/392 1261/58/423 1231/58/391
f 437/31/437 1218/33/404 405/31/405
f 1235/7/450 1206/9/417 1205/7/418
f 1231/58/391 1262/61/422 1232/61/390
f 1248/33/436 1219/35/403 1218/33/404
f 1236/9/449 1207/10/416 1206/9/417
f 1285/46/461 1316/48/492 1286/48/460
f 1240/15/445 1271/17/476 1241/17/444
f 1253/42/431 1284/44/462 1254/44/430
f 1271/17/476 1242/19/443 1241/17/444
f 1284/44/462 1255/46/429 1254/44/430
f 1272/19/475 1243/21/442 1242/19/443
f 1255/46/429 1286/48/460 1256/48/428
f 1273/21/474 1244/23/441 1243/21/442
f 1256/48/428 1287/50/459 1257/50/427
f 1244/23/441 1275/25/472 1245/25/440
f 1287/50/459 1258/52/426 1257/50/427
f 1245/25/440 1276/27/471 1246/27/439
f 453/1/453 1233/3/452 421/1/421
f 1288/52/458 1259/54/425 1258/52/426
f 1276/27/471 1247/29/438 1246/27/439
f 1233/3/452 1264/5/483 1234/5/451
f 1289/54/457 1260/56/424 1259/54/425
f 1247/29/438 469/31/469 437/31/437
f 1234/5/451 1265/7/482 1235/7/450
f 1290/56/456 1261/58/423 1260/56/424
f 469/31/469 1248/33/436 437/31/437
f 1235/7/450 1266/9/481 1236/9/449
f 1261/58/423 1292/61/454 1262/61/422
f 1278/33/468 1249/35/435 1248/33/436
f 1266/9/481 1237/10/448 1236/9/449
f 1262/61/422 453/63/453 421/63/421
f 1279/35/467 1250/37/434 1249/35/435
f 1237/10/448 1268/12/479 1238/12/447
f 1280/37/466 1251/38/433 1250/37/434
f 1268/12/479 1239/14/446 1238/12/447
f 1281/38/465 1252/40/432 1251/38/433
f 1269/14/478 1240/15/445 1239/14/446
f 485/1/485 1323/3/548 1293/3/516
f 1303/21/506 1274/23/473 1273/21/474
f 1286/48/460 1317/50/491 1287/50/459
f 1304/23/505 1275/25/472 1274/23/473
f 1317/50/491 1288/52/458 1287/50/459
f 1305/25/504 1276/27/471 1275/25/472
f 453/1/453 1293/3/516 1263/3/484
f 1318/52/490 1289/54/457 1288/52/458
f 1306/27/503 1277/29/470 1276/27/471
f 1263/3/484 1294/5/515 1264/5/483
f 1319/54/489 1290/56/456 1289/54/457
f 1307/29/502 469/31/469 1277/29/470
f 1264/5/483 1295/7/514 1265/7/482
f 1320/56/488 1291/58/455 1290/56/456
f 469/31/469 1308/33/500 1278/33/468
f 1265/7/482 1296/9/513 1266/9/481
f 1321/58/487 1292/61/454 1291/58/455
f 1278/33/468 1309/35/499 1279/35/467
f 1266/9/481 1297/10/512 1267/10/480
f 1322/61/486 453/63/453 1292/61/454
f 1279/35/467 1310/37/498 1280/37/466
f 1267/10/480 1298/12/511 1268/12/479
f 1280/37/466 1311/38/497 1281/38/465
f 1298/12/511 1269/14/478 1268/12/479
f 1281/38/465 1312/40/496 1282/40/464
f 1299/14/510 1270/15/477 1269/14/478
f 1282/40/464 1313/42/495 1283/42/974
f 1300/15/509 1271/17/476 1270/15/477
f 1283/42/974 1314/44/494 1284/44/462
f 1301/17/508 1272/19/475 1271/17/476
f 1284/44/462 1315/46/493 1285/46/461
f 1302/19/507 1273/21/474 1272/19/475
f 1325/7/546 1356/9/577 1326/9/545
f 1348/52/522 1319/54/489 1318/52/490
f 1306/27/503 1337/29/534 1307/29/502
f 1293/3/516 1324/5/547 1294/5/515
f 1349/54/521 1320/56/488 1319/54/489
f 1307/29/502 533/31/533 501/31/501
f 1294/5/515 1325/7/546 1295/7/514
f 1350/56/520 1321/58/487 1320/56/488
f 533/31/533 1308/33/500 501/31/501
f 1295/7/514 1326/9/545 1296/9/513
f 1351/58/975 1322/61/486 1321/58/487
f 1338/33/532 1309/35/499 1308/33/500
f 1296/9/513 1327/10/544 1297/10/512
f 1352/61/518 485/63/485 1322/61/486
f 1339/35/531 1310/37/498 1309/35/499
f 1297/10/512 1328/12/543 1298/12/511
f 1340/37/530 1311/38/497 1310/37/498
f 1298/12/511 1329/14/542 1299/14/510
f 1341/38/529 1312/40/496 1311/38/497
f 1299/14/510 1330/15/541 1300/15/509
f 1342/40/528 1313/42/495 1312/40/496
f 1300/15/509 1331/17/540 1301/17/508
f 1343/42/527 1314/44/494 1313/42/495
f 1301/17/508 1332/19/539 1302/19/507
f 1344/44/526 1315/46/493 1314/44/494
f 1302/19/507 1333/21/538 1303/21/506
f 1345/46/525 1316/48/492 1315/46/493
f 1303/21/506 1334/23/537 1304/23/505
f 1346/48/524 1317/50/491 1316/48/492
f 1304/23/505 1335/25/536 1305/25/504
f 1347/50/523 1318/52/490 1317/50/491
f 1305/25/504 1336/27/535 1306/27/503
f 1355/80/578 1354/81/579 1365/82/568
f 1381/58/979 1352/61/518 1351/58/975
f 1368/33/564 1339/35/531 1338/33/532
f 1326/9/545 1357/10/576 1327/10/544
f 1382/61/550 517/63/517 1352/61/518
f 1369/35/563 1340/37/530 1339/35/531
f 1327/10/544 1358/12/575 1328/12/543
f 1370/37/562 1341/38/529 1340/37/530
f 1328/12/543 1359/14/574 1329/14/542
f 1371/38/561 1342/40/528 1341/38/529
f 1329/14/542 1360/15/573 1330/15/541
f 1372/40/560 1343/42/527 1342/40/528
f 1330/15/541 1361/17/572 1331/17/540
f 1373/42/559 1344/44/526 1343/42/527
f 1331/17/540 1362/19/571 1332/19/539
f 1374/44/558 1345/46/525 1344/44/526
f 1332/19/539 1363/21/570 1333/21/538
f 1375/46/557 1346/48/524 1345/46/525
f 1333/21/538 1364/23/976 1334/23/537
f 1376/48/556 1347/50/523 1346/48/524
f 1334/23/537 1365/25/568 1335/25/536
f 1377/50/555 1348/52/522 1347/50/523
f 1335/25/536 1366/27/567 1336/27/535
f 517/1/517 1353/3/580 1323/3/548
f 1378/52/977 1349/54/521 1348/52/522
f 1336/27/535 1367/29/566 1337/29/534
f 1323/3/548 1354/5/579 1324/5/547
f 1379/54/553 1350/56/520 1349/54/521
f 1367/29/566 533/31/533 1337/29/534
f 1324/5/547 1355/7/578 1325/7/546
f 1380/56/978 1351/58/975 1350/56/520
f 533/31/533 1368/33/564 1338/33/532
f 1389/21/986 1400/23/997 1390/23/987
f 1385/14/982 1396/15/993 1386/15/983
f 1402/27/999 1407/25/1004 1401/25/998
f 1386/15/983 1397/17/994 1387/17/984
f 1404/25/1001 1392/27/989 1391/25/988
f 1387/17/984 1398/19/995 1388/19/985
f 1393/10/990 1384/12/981 1383/10/980
f 1388/19/985 1399/21/996 1389/21/986
f 1384/12/981 1395/14/992 1385/14/982
f 1383/10/980 847/12/841 845/10/839
f 906/19/891 1397/17/994 905/17/890
f 855/19/849 1389/21/986 857/21/851
f 1399/21/996 906/19/891 907/21/892
f 1386/15/983 853/17/847 851/15/845
f 861/25/855 1392/27/989 863/27/857
f 1400/23/997 907/21/892 908/23/893
f 1384/12/981 849/14/843 847/12/841
f 1401/25/998 908/23/893 909/25/894
f 857/21/851 1390/23/987 859/23/853
f 902/12/887 1393/10/990 901/10/886
f 1410/25/1007 1405/27/1002 1404/25/1001
f 1408/27/1005 1413/25/1010 1407/25/1004
f 1406/23/1003 1390/23/987 1400/23/997
f 1403/23/1000 1391/25/988 1390/23/987
f 1401/25/998 1406/23/1003 1400/23/997
f 1392/27/989 1408/27/1005 1402/27/999
f 1416/25/1013 1411/27/1008 1410/25/1007
f 1414/27/1011 1419/25/1016 1413/25/1010
f 1411/27/1008 1408/27/1005 1405/27/1002
f 1406/23/1003 1409/23/1006 1403/23/1000
f 1407/25/1004 1412/23/1009 1406/23/1003
f 1409/23/1006 1404/25/1001 1403/23/1000
f 1424/23/1021 1415/23/1012 1418/23/1015
f 1417/27/1014 1426/27/1023 1420/27/1017
f 1411/27/1008 1420/27/1017 1414/27/1011
f 1418/23/1015 1409/23/1006 1412/23/1009
f 1413/25/1010 1418/23/1015 1412/23/1009
f 1415/23/1012 1410/25/1007 1409/23/1006
f 1428/25/1025 1423/27/1020 1422/25/1019
f 1426/27/1023 1431/25/1028 1425/25/1022
f 1419/25/1016 1424/23/1021 1418/23/1015
f 1421/23/1018 1416/25/1013 1415/23/1012
f 1420/27/1017 1425/25/1022 1419/25/1016
f 1422/25/1019 1417/27/1014 1416/25/1013
f 1436/23/1033 1427/23/1024 1430/23/1027
f 1429/27/1026 1438/27/1035 1432/27/1029
f 1423/27/1020 1432/27/1029 1426/27/1023
f 1430/23/1027 1421/23/1018 1424/23/1021
f 1425/25/1022 1430/23/1027 1424/23/1021
f 1427/23/1024 1422/25/1019 1421/23/1018
f 1436/23/1033 1434/25/1031 1433/23/1030
f 1434/25/1031 1438/27/1035 1435/27/1032
f 1431/25/1028 1436/23/1033 1430/23/1027
f 1433/23/1030 1428/25/1025 1427/23/1024
f 1432/27/1029 1437/25/1034 1431/25/1028
f 1434/25/1031 1429/27/1026 1428/25/1025
f 1451/24/656 1480/22/689 1450/22/657
f 1086/18/279 1447/59/660 1085/59/280
f 1461/47/645 1098/45/266 1099/47/265
f 1087/20/278 1448/18/659 1086/18/279
f 1462/49/644 1099/47/265 1100/49/264
f 1450/22/657 1087/20/278 1088/22/277
f 1101/51/263 1462/49/644 1100/49/264
f 1451/24/656 1088/22/277 1089/24/276
f 1464/53/642 1101/51/263 1102/53/262
f 1090/26/275 1451/24/656 1089/24/276
f 1077/2/288 637/67/637 257/67/257
f 1103/55/261 1464/53/642 1102/53/262
f 1453/28/654 1090/26/275 1091/28/274
f 1078/4/287 1439/2/668 1077/2/288
f 1104/57/260 1465/55/641 1103/55/261
f 273/30/273 1453/28/654 1091/28/274
f 1079/6/286 1440/4/667 1078/4/287
f 1467/60/639 1104/57/260 1105/60/259
f 1454/32/652 273/30/273 1092/32/272
f 1442/8/665 1079/6/286 1080/8/285
f 1106/62/258 1467/60/639 1105/60/259
f 1455/34/651 1092/32/272 1093/34/271
f 1443/66/664 1080/8/285 1081/66/284
f 257/68/257 1468/62/638 1106/62/258
f 1456/36/650 1093/34/271 1094/36/270
f 1082/11/283 1443/66/664 1081/66/284
f 1457/39/649 1094/36/270 1095/39/269
f 1445/13/662 1082/11/283 1083/13/282
f 1096/41/268 1457/39/649 1095/39/269
f 1084/16/281 1445/13/662 1083/13/282
f 1459/43/647 1096/41/268 1097/43/267
f 1447/59/660 1084/16/281 1085/59/280
f 685/30/685 1603/28/813 1483/28/686
f 1464/53/642 1493/51/1041 1463/51/643
f 1452/26/655 1481/24/688 1451/24/656
f 1469/2/700 637/67/637 1439/2/668
f 1465/55/641 1494/53/1042 1464/53/642
f 1453/28/654 1482/26/687 1452/26/655
f 1470/4/699 1439/2/668 1440/4/667
f 1466/57/640 1495/55/1043 1465/55/641
f 653/30/653 1483/28/686 1453/28/654
f 1471/6/698 1440/4/667 1441/6/666
f 1467/60/639 1496/57/672 1466/57/640
f 1484/32/684 653/30/653 1454/32/652
f 1472/8/1038 1441/6/666 1442/8/665
f 1468/62/638 1497/60/671 1467/60/639
f 1485/34/683 1454/32/652 1455/34/651
f 1473/66/1039 1442/8/665 1443/66/664
f 637/68/637 1498/62/670 1468/62/638
f 1486/36/682 1455/34/651 1456/36/650
f 1474/11/1040 1443/66/664 1444/11/663
f 1487/39/681 1456/36/650 1457/39/649
f 1475/13/694 1444/11/663 1445/13/662
f 1488/41/680 1457/39/649 1458/41/648
f 1476/16/693 1445/13/662 1446/16/1036
f 1489/43/679 1458/41/648 1459/43/647
f 1447/59/660 1476/16/693 1446/16/1036
f 1490/45/678 1459/43/647 1460/45/1037
f 1448/18/659 1477/59/692 1447/59/660
f 1491/47/677 1460/45/1037 1461/47/645
f 1449/20/658 1478/18/691 1448/18/659
f 1462/49/644 1491/47/677 1461/47/645
f 1450/22/657 1479/20/690 1449/20/658
f 1463/51/643 1492/49/676 1462/49/644
f 1516/36/714 1545/34/747 1515/34/715
f 1471/6/698 1500/4/731 1470/4/699
f 1527/60/703 1496/57/672 1497/60/671
f 1514/32/716 1611/34/817 1515/34/715
f 1472/8/1038 1501/6/730 1471/6/698
f 1528/62/702 1497/60/671 1498/62/670
f 1483/28/686 1602/26/814 1482/26/687
f 1504/11/1046 1591/11/1061 1474/11/1040
f 701/68/701 1498/62/670 669/68/669
f 717/30/717 1610/32/818 1514/32/716
f 1503/66/1045 1594/11/1064 1504/11/1046
f 1487/39/681 1516/36/714 1486/36/682
f 1505/13/726 1474/11/1040 1475/13/694
f 1488/41/680 1517/39/713 1487/39/681
f 1506/16/725 1475/13/694 1476/16/693
f 1489/43/679 1518/41/712 1488/41/680
f 1507/59/724 1476/16/693 1477/59/692
f 1490/45/678 1519/43/711 1489/43/679
f 1508/18/723 1477/59/692 1478/18/691
f 1491/47/677 1520/45/710 1490/45/678
f 1509/20/722 1478/18/691 1479/20/690
f 1492/49/676 1521/47/709 1491/47/677
f 1510/22/721 1479/20/690 1480/22/689
f 1493/51/1041 1522/49/708 1492/49/676
f 1511/24/720 1480/22/689 1481/24/688
f 1524/53/1048 1493/51/1041 1494/53/1042
f 1482/26/687 1601/24/815 1481/24/688
f 1469/2/700 701/67/701 669/67/669
f 1525/55/1049 1494/53/1042 1495/55/1043
f 1609/28/820 717/30/717 1513/28/718
f 1470/4/699 1499/2/732 1469/2/700
f 1526/57/704 1495/55/1043 1496/57/672
f 1549/43/743 1578/41/776 1548/41/744
f 1504/11/1046 1533/66/760 1503/66/1045
f 1517/39/713 1546/36/746 1516/36/714
f 1505/13/726 1534/11/759 1504/11/1046
f 1548/41/744 1517/39/713 1518/41/712
f 1506/16/725 1535/13/758 1505/13/726
f 1549/43/743 1518/41/712 1519/43/711
f 1507/59/724 1536/16/757 1506/16/725
f 1550/45/742 1519/43/711 1520/45/710
f 1508/18/723 1537/59/756 1507/59/724
f 1551/47/741 1520/45/710 1521/47/709
f 1509/20/722 1538/18/755 1508/18/723
f 1552/49/740 1521/47/709 1522/49/708
f 1510/22/721 1539/20/754 1509/20/722
f 1553/51/739 1522/49/708 1523/51/1047
f 1541/24/752 1510/22/721 1511/24/720
f 1554/53/738 1523/51/1047 1524/53/1048
f 1542/26/751 1511/24/720 1512/26/719
f 1499/2/732 733/67/733 701/67/701
f 1555/55/737 1524/53/1048 1525/55/1049
f 1543/28/750 1512/26/719 1513/28/718
f 1500/4/731 1529/2/764 1499/2/732
f 1556/57/736 1525/55/1049 1526/57/704
f 749/30/749 1513/28/718 717/30/717
f 1501/6/730 1530/4/763 1500/4/731
f 1557/60/735 1526/57/704 1527/60/703
f 1514/32/716 749/30/749 717/30/717
f 1502/8/1044 1531/6/762 1501/6/730
f 1558/62/734 1527/60/703 1528/62/702
f 1515/34/715 1544/32/748 1514/32/716
f 1503/66/1045 1532/8/1050 1502/8/1044
f 733/68/733 1528/62/702 701/68/701
f 1587/83/767 1588/84/766 1559/85/796
f 1567/59/788 1536/16/757 1537/59/756
f 1550/45/742 1579/43/775 1549/43/743
f 1568/18/1052 1537/59/756 1538/18/755
f 1551/47/741 1580/45/774 1550/45/742
f 1569/20/786 1538/18/755 1539/20/754
f 1582/49/1058 1551/47/741 1552/49/740
f 1570/22/785 1539/20/754 1540/22/753
f 1583/51/771 1552/49/740 1553/51/739
f 1571/24/1053 1540/22/753 1541/24/752
f 1584/53/770 1553/51/739 1554/53/738
f 1572/26/1054 1541/24/752 1542/26/751
f 1529/2/764 765/67/765 733/67/733
f 1585/55/769 1554/53/738 1555/55/737
f 1573/28/782 1542/26/751 1543/28/750
f 1530/4/763 1559/2/796 1529/2/764
f 1586/57/768 1555/55/737 1556/57/736
f 781/30/781 1543/28/750 749/30/749
f 1531/6/762 1560/4/795 1530/4/763
f 1587/60/767 1556/57/736 1557/60/735
f 1544/32/748 781/30/781 749/30/749
f 1532/8/1050 1561/6/794 1531/6/762
f 1588/62/766 1557/60/735 1558/62/734
f 1545/34/747 1574/32/780 1544/32/748
f 1533/66/760 1562/8/1051 1532/8/1050
f 765/68/765 1558/62/734 733/68/733
f 1546/36/746 1575/34/1055 1545/34/747
f 1534/11/759 1563/66/792 1533/66/760
f 1547/39/745 1576/36/1056 1546/36/746
f 1535/13/758 1564/11/791 1534/11/759
f 1548/41/744 1577/39/777 1547/39/745
f 1536/16/757 1565/13/790 1535/13/758
f 1597/11/1067 1590/66/1060 1591/11/1061
f 1593/66/1063 1600/11/1070 1594/11/1064
f 1589/8/1059 1502/8/1044 1472/8/1038
f 1590/66/1060 1472/8/1038 1473/66/1039
f 1502/8/1044 1593/66/1063 1503/66/1045
f 1591/11/1061 1473/66/1039 1474/11/1040
f 1596/66/1066 1598/8/1068 1595/8/1065
f 1597/11/1067 1599/66/1069 1596/66/1066
f 1594/11/1064 1597/11/1067 1591/11/1061
f 1595/8/1065 1592/8/1062 1589/8/1059
f 1598/8/1068 1593/66/1063 1592/8/1062
f 1590/66/1060 1595/8/1065 1589/8/1059
f 1624/36/830 1606/36/809 1612/36/816
f 1603/28/813 1614/26/828 1602/26/814
f 1621/28/834 819/30/819 1609/28/820
f 1602/26/814 1613/24/829 1601/24/815
f 1620/26/835 1609/28/820 1608/26/821
f 1619/24/836 1608/26/821 1607/24/1071
f 1515/34/715 1612/36/816 1516/36/714
f 1604/32/811 685/30/685 1484/32/684
f 1605/34/810 1484/32/684 1485/34/683
f 1607/24/1071 1512/26/719 1511/24/720
f 1606/36/809 1485/34/683 1486/36/682
f 1608/26/821 1513/28/718 1512/26/719
f 1612/36/816 1486/36/682 1516/36/714
f 1481/24/688 1607/24/1071 1511/24/720
f 833/30/833 1615/28/827 826/30/826
f 1616/32/825 833/30/833 826/30/826
f 1617/34/1072 1622/32/832 1616/32/825
f 1618/36/823 1623/34/831 1617/34/1072
f 1620/26/835 1613/24/829 1614/26/828
f 1621/28/834 1614/26/828 1615/28/827
f 819/30/819 1622/32/832 1610/32/818
f 812/30/812 1615/28/827 1603/28/813
f 1601/24/815 1619/24/836 1607/24/1071
f 1610/32/818 1623/34/831 1611/34/817
f 1616/32/825 812/30/812 1604/32/811
f 1611/34/817 1624/36/830 1612/36/816
f 1617/34/1072 1604/32/811 1605/34/810
f 1618/36/823 1605/34/810 1606/36/809
f 1/1/1 1626/2/64 2/67/2
f 1625/3/63 1628/4/62 1626/2/64
f 1627/5/61 1630/6/60 1628/4/62
f 1629/7/59 1632/8/838 1630/6/60
f 1633/10/839 1632/8/838 1631/9/837
f 1633/10/839 1636/11/842 1634/66/840
f 1635/12/841 1638/13/844 1636/11/842
f 1639/15/845 1638/13/844 1637/14/843
f 1641/17/847 1640/16/846 1639/15/845
f 1641/17/847 1644/18/850 1642/59/848
f 1643/19/849 1646/20/852 1644/18/850
f 1645/21/851 1648/22/854 1646/20/852
f 1647/23/853 1650/24/856 1648/22/854
f 1649/25/855 1652/26/858 1650/24/856
f 1651/27/857 1654/28/860 1652/26/858
f 1653/29/859 34/30/34 1654/28/860
f 33/31/33 1656/32/862 34/30/34
f 1655/33/861 1658/34/864 1656/32/862
f 1657/35/863 1660/36/866 1658/34/864
f 1661/38/867 1660/36/866 1659/37/865
f 1663/40/869 1662/39/868 1661/38/867
f 1665/42/871 1664/41/870 1663/40/869
f 1667/44/873 1666/43/872 1665/42/871
f 1669/46/875 1668/45/874 1667/44/873
f 1671/48/877 1670/47/876 1669/46/875
f 1673/50/879 1672/49/878 1671/48/877
f 1675/52/881 1674/51/880 1673/50/879
f 1677/54/883 1676/53/882 1675/52/881
f 1679/56/7 1678/55/884 1677/54/883
f 1681/58/5 1680/57/8 1679/56/7
f 1904/59/925 1752/16/1080 1903/16/309
f 1683/61/3 1682/60/6 1681/58/5
f 1/63/1 1684/62/4 1683/61/3
f 2188/27/989 1698/27/895 1651/27/857
f 1737/46/105 1708/48/905 1707/46/904
f 1703/38/900 1663/40/869 1661/38/867
f 1679/56/7 1713/58/67 1681/58/5
f 1693/17/890 2192/15/993 1692/15/889
f 81/31/81 1655/33/861 33/31/33
f 1708/48/905 1673/50/879 1671/48/877
f 1687/7/94 1631/9/837 1629/7/59
f 1647/23/853 2187/25/988 1649/25/855
f 1704/40/901 1665/42/871 1663/40/869
f 1681/58/5 1714/61/66 1683/61/3
f 1689/10/886 2179/10/980 1633/10/839
f 1700/33/897 1657/35/863 1655/33/861
f 1673/50/879 1710/52/907 1675/52/881
f 1631/9/837 1689/10/886 1633/10/839
f 2181/14/982 1639/15/845 1637/14/843
f 1705/42/902 1667/44/873 1665/42/871
f 65/1/65 1625/3/63 1/1/1
f 1683/61/3 65/63/65 1/63/1
f 1692/15/889 2191/14/992 1691/14/888
f 1701/35/898 1659/37/865 1657/35/863
f 1675/52/881 1711/54/908 1677/54/883
f 1691/14/888 2190/12/991 1690/12/887
f 1651/27/857 1699/29/896 1653/29/859
f 1706/44/903 1669/46/875 1667/44/873
f 1685/3/96 1627/5/61 1625/3/63
f 2183/17/984 1643/19/849 1641/17/847
f 1702/37/899 1661/38/867 1659/37/865
f 1677/54/883 1712/56/68 1679/56/7
f 2198/27/999 1697/25/894 1698/27/895
f 1653/29/859 81/31/81 33/31/33
f 1707/46/904 1671/48/877 1669/46/875
f 1686/5/95 1629/7/59 1627/5/61
f 1723/17/120 1978/19/379 1724/19/119
f 1695/21/892 1726/23/117 1696/23/893
f 1738/48/104 1709/50/906 1708/48/905
f 1696/23/893 1727/25/909 1697/25/894
f 1739/50/103 1710/52/907 1709/50/906
f 1697/25/894 1728/27/115 1698/27/895
f 65/1/65 1715/3/128 1685/3/96
f 1740/52/102 1711/54/908 1710/52/907
f 1698/27/895 1729/29/114 1699/29/896
f 1685/3/96 1716/5/127 1686/5/95
f 1741/54/101 1712/56/68 1711/54/908
f 1699/29/896 113/31/113 81/31/81
f 1686/5/95 1717/7/126 1687/7/94
f 1742/56/100 1713/58/67 1712/56/68
f 113/31/113 1700/33/897 81/31/81
f 1687/7/94 1718/9/125 1688/9/885
f 1743/58/99 1714/61/66 1713/58/67
f 1730/33/112 1701/35/898 1700/33/897
f 1688/9/885 1719/10/124 1689/10/886
f 1744/61/98 65/63/65 1714/61/66
f 1731/35/111 1702/37/899 1701/35/898
f 1689/10/886 1720/12/123 1690/12/887
f 1732/37/110 1703/38/900 1702/37/899
f 1690/12/887 1721/14/122 1691/14/888
f 1733/38/109 1704/40/901 1703/38/900
f 1691/14/888 1722/15/121 1692/15/889
f 1734/40/108 1705/42/902 1704/40/901
f 1692/15/889 1723/17/120 1693/17/890
f 1735/42/107 1706/44/903 1705/42/902
f 1693/17/890 1724/19/119 1694/19/891
f 1736/44/106 1707/46/904 1706/44/903
f 1694/19/891 1725/21/118 1695/21/892
f 1773/60/1101 1804/57/1132 1772/57/1100
f 1761/34/1089 1905/64/308 1906/65/926
f 1770/53/1098 1907/51/307 1908/53/296
f 1910/66/294 1748/8/1076 1909/73/306
f 1935/20/939 1756/22/1084 1755/20/1083
f 1766/45/1094 1913/43/929 1914/45/930
f 1915/2/303 129/67/129 301/67/301
f 129/68/129 1916/62/302 301/68/301
f 1924/20/933 1942/18/946 1917/18/931
f 1762/36/1090 1906/65/926 1918/36/932
f 1771/55/1099 1908/53/296 1919/55/295
f 1920/11/293 1749/66/1077 1910/66/294
f 1921/28/291 1758/26/1086 1912/26/928
f 1767/47/1095 1914/45/930 1922/47/289
f 1923/4/320 1745/2/1073 1915/2/303
f 1930/22/935 1943/20/947 1924/20/933
f 1763/39/1091 1918/36/932 1925/39/934
f 1772/57/1100 1919/55/295 1926/69/317
f 1927/70/316 1750/11/1078 1920/11/293
f 315/30/315 1759/28/1087 1921/28/291
f 1768/49/1096 1922/47/289 1928/71/314
f 1929/6/313 1746/4/1074 1923/4/320
f 1911/72/927 1944/22/948 1930/22/935
f 1764/41/1092 1925/39/934 1931/41/936
f 1773/60/1101 1926/69/317 1932/60/310
f 1903/16/309 1751/13/1079 1927/70/316
f 1760/32/1088 315/30/315 1905/64/308
f 1769/51/1097 1928/71/314 1907/51/307
f 1909/73/306 1747/6/1075 1929/6/313
f 1934/18/938 1755/20/1083 1754/18/1082
f 1765/43/1093 1931/41/936 1913/43/929
f 1774/62/1102 1932/60/310 1916/62/302
f 1792/32/1120 1823/30/1151 1791/30/1119
f 1792/32/1120 145/30/145 1760/32/1088
f 1779/8/1107 1747/6/1075 1748/8/1076
f 1774/62/1102 1805/60/1133 1773/60/1101
f 1793/34/1121 1760/32/1088 1761/34/1089
f 1780/66/1108 1748/8/1076 1749/66/1077
f 129/68/129 1806/62/1134 1774/62/1102
f 1762/36/1090 1793/34/1121 1761/34/1089
f 1781/11/1109 1749/66/1077 1750/11/1078
f 1763/39/1091 1794/36/1122 1762/36/1090
f 1782/13/1110 1750/11/1078 1751/13/1079
f 1764/41/1092 1795/39/1123 1763/39/1091
f 1783/16/1111 1751/13/1079 1752/16/1080
f 1765/43/1093 1796/41/1124 1764/41/1092
f 1784/59/1112 1752/16/1080 1753/59/1081
f 1766/45/1094 1797/43/1125 1765/43/1093
f 1785/18/1113 1753/59/1081 1754/18/1082
f 1767/47/1095 1798/45/1126 1766/45/1094
f 1786/20/1114 1754/18/1082 1755/20/1083
f 1768/49/1096 1799/47/1127 1767/47/1095
f 1787/22/1115 1755/20/1083 1756/22/1084
f 1769/51/1097 1800/49/1128 1768/49/1096
f 1788/24/1116 1756/22/1084 1757/24/1085
f 1770/53/1098 1801/51/1129 1769/51/1097
f 1789/26/1117 1757/24/1085 1758/26/1086
f 1745/2/1073 1775/67/1103 129/67/129
f 1771/55/1099 1802/53/1130 1770/53/1098
f 1790/28/1118 1758/26/1086 1759/28/1087
f 1777/4/1105 1745/2/1073 1746/4/1074
f 1772/57/1100 1803/55/1131 1771/55/1099
f 1791/30/1119 1759/28/1087 145/30/145
f 1778/6/1106 1746/4/1074 1747/6/1075
f 1827/39/1155 1858/36/1186 1826/36/1154
f 1811/8/1139 1778/6/1106 1779/8/1107
f 1806/62/1134 1837/60/1165 1805/60/1133
f 1793/34/1121 1824/32/1152 1792/32/1120
f 1812/66/1140 1779/8/1107 1780/66/1108
f 1775/68/1103 1838/62/1166 1806/62/1134
f 1794/36/1122 1825/34/1153 1793/34/1121
f 1813/11/1141 1780/66/1108 1781/11/1109
f 1795/39/1123 1826/36/1154 1794/36/1122
f 1814/13/1142 1781/11/1109 1782/13/1110
f 1796/41/1124 1827/39/1155 1795/39/1123
f 1815/16/1143 1782/13/1110 1783/16/1111
f 1797/43/1125 1828/41/1156 1796/41/1124
f 1816/59/1144 1783/16/1111 1784/59/1112
f 1798/45/1126 1829/43/1157 1797/43/1125
f 1817/18/1145 1784/59/1112 1785/18/1113
f 1799/47/1127 1830/45/1158 1798/45/1126
f 1818/20/1146 1785/18/1113 1786/20/1114
f 1800/49/1128 1831/47/1159 1799/47/1127
f 1819/22/1147 1786/20/1114 1787/22/1115
f 1801/51/1129 1832/49/1160 1800/49/1128
f 1820/24/1148 1787/22/1115 1788/24/1116
f 1802/53/1130 1833/51/1161 1801/51/1129
f 1821/26/1149 1788/24/1116 1789/26/1117
f 1808/2/1136 1775/67/1103 1776/2/1104
f 1803/55/1131 1834/53/1162 1802/53/1130
f 1822/28/1150 1789/26/1117 1790/28/1118
f 1809/4/1137 1776/2/1104 1777/4/1105
f 1804/57/1132 1835/55/1163 1803/55/1131
f 1823/30/1151 1790/28/1118 1791/30/1119
f 1810/6/1138 1777/4/1105 1778/6/1106
f 1805/60/1133 1836/57/1164 1804/57/1132
f 1862/45/1190 1893/43/1221 1861/43/1189
f 1846/13/1174 1813/11/1141 1814/13/1142
f 1828/41/1156 1859/39/1187 1827/39/1155
f 1847/16/1175 1814/13/1142 1815/16/1143
f 1829/43/1157 1860/41/1188 1828/41/1156
f 1848/59/1176 1815/16/1143 1816/59/1144
f 1830/45/1158 1861/43/1189 1829/43/1157
f 1849/18/1177 1816/59/1144 1817/18/1145
f 1831/47/1159 1862/45/1190 1830/45/1158
f 1850/20/1178 1817/18/1145 1818/20/1146
f 1832/49/1160 1863/47/1191 1831/47/1159
f 1851/22/1179 1818/20/1146 1819/22/1147
f 1833/51/1161 1864/49/1192 1832/49/1160
f 1852/24/1180 1819/22/1147 1820/24/1148
f 1834/53/1162 1865/51/1193 1833/51/1161
f 1853/26/1181 1820/24/1148 1821/26/1149
f 1840/2/1168 1807/67/1135 1808/2/1136
f 1835/55/1163 1866/53/1194 1834/53/1162
f 1854/28/1182 1821/26/1149 1822/28/1150
f 1841/4/1169 1808/2/1136 1809/4/1137
f 1836/57/1164 1867/55/1195 1835/55/1163
f 1855/30/1183 1822/28/1150 1823/30/1151
f 1842/6/1170 1809/4/1137 1810/6/1138
f 1837/60/1165 1868/57/1196 1836/57/1164
f 1824/32/1152 1855/30/1183 1823/30/1151
f 1843/8/1171 1810/6/1138 1811/8/1139
f 1838/62/1166 1869/60/1197 1837/60/1165
f 1825/34/1153 1856/32/1184 1824/32/1152
f 1844/66/1172 1811/8/1139 1812/66/1140
f 1807/68/1135 1870/62/1198 1838/62/1166
f 1826/36/1154 1857/34/1185 1825/34/1153
f 1845/11/1173 1812/66/1140 1813/11/1141
f 1894/45/1222 2257/43/1253 1893/43/1221
f 1881/18/1209 1848/59/1176 1849/18/1177
f 1863/47/1191 1894/45/1222 1862/45/1190
f 1882/20/1210 1849/18/1177 1850/20/1178
f 1896/49/1224 1863/47/1191 1864/49/1192
f 1883/22/1211 1850/20/1178 1851/22/1179
f 1897/51/1225 1864/49/1192 1865/51/1193
f 1884/24/1212 1851/22/1179 1852/24/1180
f 1898/53/1226 1865/51/1193 1866/53/1194
f 1885/26/1213 1852/24/1180 1853/26/1181
f 1840/2/1168 1871/67/1199 1839/67/1167
f 1899/55/1227 1866/53/1194 1867/55/1195
f 1886/28/1214 1853/26/1181 1854/28/1182
f 1841/4/1169 1872/2/1200 1840/2/1168
f 1900/57/1228 1867/55/1195 1868/57/1196
f 1887/30/1215 1854/28/1182 1855/30/1183
f 1842/6/1170 1873/4/1201 1841/4/1169
f 1901/60/1229 1868/57/1196 1869/60/1197
f 1856/32/1184 1887/30/1215 1855/30/1183
f 1843/8/1171 1874/6/1202 1842/6/1170
f 1902/62/1230 1869/60/1197 1870/62/1198
f 1857/34/1185 1888/32/1216 1856/32/1184
f 1844/66/1172 1875/8/1203 1843/8/1171
f 1871/68/1199 1870/62/1198 1839/68/1167
f 1858/36/1186 1889/34/1217 1857/34/1185
f 1845/11/1173 1876/66/1204 1844/66/1172
f 1859/39/1187 1890/36/1218 1858/36/1186
f 1846/13/1174 1877/11/1205 1845/11/1173
f 1860/41/1188 1891/39/1219 1859/39/1187
f 1847/16/1175 1878/13/1206 1846/13/1174
f 1861/43/1189 1892/41/1220 1860/41/1188
f 1880/59/1208 1847/16/1175 1848/59/1176
f 1684/62/4 1932/60/310 1682/60/6
f 1913/43/929 1664/41/870 1666/43/872
f 1650/24/856 1930/22/935 1648/22/854
f 1632/8/838 1929/6/313 1630/6/60
f 1907/51/307 1672/49/878 1674/51/880
f 1905/64/308 34/30/34 1656/32/862
f 1640/16/846 1927/70/316 1638/13/844
f 1932/60/310 1680/57/8 1682/60/6
f 1931/41/936 1662/39/868 1664/41/870
f 1648/22/854 1924/20/933 1646/20/852
f 1630/6/60 1923/4/320 1628/4/62
f 1928/71/314 1670/47/876 1672/49/878
f 34/30/34 1921/28/291 1654/28/860
f 1638/13/844 1920/11/293 1636/11/842
f 1926/69/317 1678/55/884 1680/57/8
f 1925/39/934 1660/36/866 1662/39/868
f 1646/20/852 1917/18/931 1644/18/850
f 1923/4/320 1626/2/64 1628/4/62
f 1922/47/289 1668/45/874 1670/47/876
f 1654/28/860 1912/26/928 1652/26/858
f 1636/11/842 1910/66/294 1634/66/840
f 1919/55/295 1676/53/882 1678/55/884
f 1918/36/932 1658/34/864 1660/36/866
f 1644/18/850 1904/59/925 1642/59/848
f 2/68/2 1916/62/302 1684/62/4
f 1915/2/303 2/67/2 1626/2/64
f 1914/45/930 1666/43/872 1668/45/874
f 1652/26/858 1911/72/927 1650/24/856
f 1634/66/840 1909/73/306 1632/8/838
f 1908/53/296 1674/51/880 1676/53/882
f 1906/65/926 1656/32/862 1658/34/864
f 1642/59/848 1903/16/309 1640/16/846
f 1941/26/945 1948/72/952 1940/72/944
f 1942/18/946 1933/59/937 1939/59/943
f 1943/20/947 1934/18/938 1942/18/946
f 1944/22/948 1935/20/939 1943/20/947
f 1944/22/948 1945/22/949 1936/22/940
f 1917/18/931 1939/59/943 1904/59/925
f 1904/59/925 1933/59/937 1753/59/1081
f 1941/26/945 1911/72/927 1912/26/928
f 1756/22/1084 1937/24/941 1757/24/1085
f 1933/59/937 1754/18/1082 1753/59/1081
f 1758/26/1086 1941/26/945 1912/26/928
f 1757/24/1085 1938/26/942 1758/26/1086
f 1956/22/960 1945/22/949 1950/22/954
f 1955/26/959 1948/72/952 1949/26/953
f 1946/24/950 1938/26/942 1937/24/941
f 1940/72/944 1950/22/954 1944/22/948
f 1947/26/951 1941/26/945 1938/26/942
f 1945/22/949 1937/24/941 1936/22/940
f 1953/26/957 1961/26/965 1955/26/959
f 1954/72/958 1962/22/966 1956/22/960
f 1951/22/955 1946/24/950 1945/22/949
f 1948/72/952 1956/22/960 1950/22/954
f 1947/26/951 1955/26/959 1949/26/953
f 1952/24/956 1947/26/951 1946/24/950
f 1968/22/972 1957/22/961 1962/22/966
f 1967/26/971 1960/72/964 1961/26/965
f 1958/24/962 1953/26/957 1952/24/956
f 1961/26/965 1954/72/958 1955/26/959
f 1962/22/966 1951/22/955 1956/22/960
f 1957/22/961 1952/24/956 1951/22/955
f 1967/26/971 1964/24/968 1966/72/970
f 1966/72/970 1963/22/967 1968/22/972
f 1963/22/967 1958/24/962 1957/22/961
f 1960/72/964 1968/22/972 1962/22/966
f 1959/26/963 1967/26/971 1961/26/965
f 1964/24/968 1959/26/963 1958/24/962
f 1982/27/375 2013/29/406 1983/29/374
f 1990/44/366 1737/46/105 1736/44/106
f 1724/19/119 1979/21/378 1725/21/118
f 1991/46/365 1738/48/104 1737/46/105
f 1725/21/118 1980/23/377 1726/23/117
f 1992/48/364 1739/50/103 1738/48/104
f 1726/23/117 1981/25/376 1727/25/909
f 1739/50/103 1994/52/362 1740/52/102
f 1727/25/909 1982/27/375 1728/27/115
f 357/1/357 1715/3/128 97/1/97
f 1740/52/102 1995/54/361 1741/54/101
f 1728/27/115 1983/29/374 1729/29/114
f 1969/3/388 1716/5/127 1715/3/128
f 1741/54/101 1996/56/360 1742/56/100
f 1729/29/114 373/31/373 113/31/113
f 1970/5/387 1717/7/126 1716/5/127
f 1742/56/100 1997/58/359 1743/58/99
f 373/31/373 1730/33/112 113/31/113
f 1971/7/386 1718/9/125 1717/7/126
f 1743/58/99 1998/61/358 1744/61/98
f 1984/33/372 1731/35/111 1730/33/112
f 1972/9/385 1719/10/124 1718/9/125
f 1744/61/98 357/63/357 97/63/97
f 1985/35/371 1732/37/110 1731/35/111
f 1973/10/384 1720/12/123 1719/10/124
f 1986/37/370 1733/38/109 1732/37/110
f 1720/12/123 1975/14/382 1721/14/122
f 1987/38/369 1734/40/108 1733/38/109
f 1721/14/122 1976/15/381 1722/15/121
f 1988/40/368 1735/42/107 1734/40/108
f 1722/15/121 1977/17/380 1723/17/120
f 1989/42/367 1736/44/106 1735/42/107
f 2028/61/390 421/63/421 389/63/389
f 1969/3/388 2000/5/419 1970/5/387
f 2025/54/393 1996/56/360 1995/54/361
f 1983/29/374 405/31/405 373/31/373
f 1970/5/387 2001/7/418 1971/7/386
f 2026/56/392 1997/58/359 1996/56/360
f 405/31/405 1984/33/372 373/31/373
f 1971/7/386 2002/9/417 1972/9/385
f 2027/58/391 1998/61/358 1997/58/359
f 2014/33/404 1985/35/371 1984/33/372
f 1972/9/385 2003/10/416 1973/10/384
f 2028/61/390 357/63/357 1998/61/358
f 2015/35/403 1986/37/370 1985/35/371
f 1973/10/384 2004/12/415 1974/12/383
f 2016/37/973 1987/38/369 1986/37/370
f 1974/12/383 2005/14/414 1975/14/382
f 2017/38/401 1988/40/368 1987/38/369
f 1975/14/382 2006/15/413 1976/15/381
f 2018/40/400 1989/42/367 1988/40/368
f 1976/15/381 2007/17/412 1977/17/380
f 2019/42/399 1990/44/366 1989/42/367
f 1977/17/380 2008/19/411 1978/19/379
f 2020/44/398 1991/46/365 1990/44/366
f 1978/19/379 2009/21/410 1979/21/378
f 2021/46/397 1992/48/364 1991/46/365
f 1979/21/378 2010/23/409 1980/23/377
f 2022/48/396 1993/50/363 1992/48/364
f 1980/23/377 2011/25/408 1981/25/376
f 2023/50/395 1994/52/362 1993/50/363
f 1981/25/376 2012/27/407 1982/27/375
f 357/1/357 1999/3/420 1969/3/388
f 2024/52/394 1995/54/361 1994/52/362
f 2048/40/432 2079/42/974 2049/42/431
f 2045/35/435 2016/37/973 2015/35/403
f 2033/10/448 2004/12/415 2003/10/416
f 2046/37/434 2017/38/401 2016/37/973
f 2004/12/415 2035/14/446 2005/14/414
f 2047/38/433 2018/40/400 2017/38/401
f 2005/14/414 2036/15/445 2006/15/413
f 2048/40/432 2019/42/399 2018/40/400
f 2006/15/413 2037/17/444 2007/17/412
f 2049/42/431 2020/44/398 2019/42/399
f 2007/17/412 2038/19/443 2008/19/411
f 2050/44/430 2021/46/397 2020/44/398
f 2008/19/411 2039/21/442 2009/21/410
f 2051/46/429 2022/48/396 2021/46/397
f 2009/21/410 2040/23/441 2010/23/409
f 2052/48/428 2023/50/395 2022/48/396
f 2010/23/409 2041/25/440 2011/25/408
f 2023/50/395 2054/52/426 2024/52/394
f 2011/25/408 2042/27/439 2012/27/407
f 421/1/421 1999/3/420 389/1/389
f 2024/52/394 2055/54/425 2025/54/393
f 2012/27/407 2043/29/438 2013/29/406
f 2029/3/452 2000/5/419 1999/3/420
f 2025/54/393 2056/56/424 2026/56/392
f 2013/29/406 437/31/437 405/31/405
f 2030/5/451 2001/7/418 2000/5/419
f 2026/56/392 2057/58/423 2027/58/391
f 437/31/437 2014/33/404 405/31/405
f 2031/7/450 2002/9/417 2001/7/418
f 2027/58/391 2058/61/422 2028/61/390
f 2044/33/436 2015/35/403 2014/33/404
f 2032/9/449 2003/10/416 2002/9/417
f 2081/46/461 2112/48/492 2082/48/460
f 2036/15/445 2067/17/476 2037/17/444
f 2049/42/431 2080/44/462 2050/44/430
f 2067/17/476 2038/19/443 2037/17/444
f 2080/44/462 2051/46/429 2050/44/430
f 2068/19/475 2039/21/442 2038/19/443
f 2051/46/429 2082/48/460 2052/48/428
f 2069/21/474 2040/23/441 2039/21/442
f 2052/48/428 2083/50/459 2053/50/427
f 2040/23/441 2071/25/472 2041/25/440
f 2083/50/459 2054/52/426 2053/50/427
f 2041/25/440 2072/27/471 2042/27/439
f 453/1/453 2029/3/452 421/1/421
f 2084/52/458 2055/54/425 2054/52/426
f 2072/27/471 2043/29/438 2042/27/439
f 2029/3/452 2060/5/483 2030/5/451
f 2085/54/457 2056/56/424 2055/54/425
f 2043/29/438 469/31/469 437/31/437
f 2030/5/451 2061/7/482 2031/7/450
f 2086/56/456 2057/58/423 2056/56/424
f 469/31/469 2044/33/436 437/31/437
f 2031/7/450 2062/9/481 2032/9/449
f 2057/58/423 2088/61/454 2058/61/422
f 2074/33/468 2045/35/435 2044/33/436
f 2062/9/481 2033/10/448 2032/9/449
f 2058/61/422 453/63/453 421/63/421
f 2075/35/467 2046/37/434 2045/35/435
f 2033/10/448 2064/12/479 2034/12/447
f 2076/37/466 2047/38/433 2046/37/434
f 2064/12/479 2035/14/446 2034/12/447
f 2077/38/465 2048/40/432 2047/38/433
f 2065/14/478 2036/15/445 2035/14/446
f 485/1/485 2119/3/548 2089/3/516
f 2099/21/506 2070/23/473 2069/21/474
f 2082/48/460 2113/50/491 2083/50/459
f 2100/23/505 2071/25/472 2070/23/473
f 2113/50/491 2084/52/458 2083/50/459
f 2101/25/504 2072/27/471 2071/25/472
f 453/1/453 2089/3/516 2059/3/484
f 2114/52/490 2085/54/457 2084/52/458
f 2102/27/503 2073/29/470 2072/27/471
f 2059/3/484 2090/5/515 2060/5/483
f 2115/54/489 2086/56/456 2085/54/457
f 2103/29/502 469/31/469 2073/29/470
f 2060/5/483 2091/7/514 2061/7/482
f 2116/56/488 2087/58/455 2086/56/456
f 469/31/469 2104/33/500 2074/33/468
f 2061/7/482 2092/9/513 2062/9/481
f 2117/58/487 2088/61/454 2087/58/455
f 2074/33/468 2105/35/499 2075/35/467
f 2062/9/481 2093/10/512 2063/10/480
f 2118/61/486 453/63/453 2088/61/454
f 2075/35/467 2106/37/498 2076/37/466
f 2063/10/480 2094/12/511 2064/12/479
f 2076/37/466 2107/38/497 2077/38/465
f 2094/12/511 2065/14/478 2064/12/479
f 2077/38/465 2108/40/496 2078/40/464
f 2095/14/510 2066/15/477 2065/14/478
f 2078/40/464 2109/42/495 2079/42/974
f 2096/15/509 2067/17/476 2066/15/477
f 2079/42/974 2110/44/494 2080/44/462
f 2097/17/508 2068/19/475 2067/17/476
f 2080/44/462 2111/46/493 2081/46/461
f 2098/19/507 2069/21/474 2068/19/475
f 2121/7/546 2152/9/577 2122/9/545
f 2144/52/522 2115/54/489 2114/52/490
f 2102/27/503 2133/29/534 2103/29/502
f 2089/3/516 2120/5/547 2090/5/515
f 2145/54/521 2116/56/488 2115/54/489
f 2103/29/502 533/31/533 501/31/501
f 2090/5/515 2121/7/546 2091/7/514
f 2146/56/520 2117/58/487 2116/56/488
f 533/31/533 2104/33/500 501/31/501
f 2091/7/514 2122/9/545 2092/9/513
f 2147/58/975 2118/61/486 2117/58/487
f 2134/33/532 2105/35/499 2104/33/500
f 2092/9/513 2123/10/544 2093/10/512
f 2148/61/518 485/63/485 2118/61/486
f 2135/35/531 2106/37/498 2105/35/499
f 2093/10/512 2124/12/543 2094/12/511
f 2136/37/530 2107/38/497 2106/37/498
f 2094/12/511 2125/14/542 2095/14/510
f 2137/38/529 2108/40/496 2107/38/497
f 2095/14/510 2126/15/541 2096/15/509
f 2138/40/528 2109/42/495 2108/40/496
f 2096/15/509 2127/17/540 2097/17/508
f 2139/42/527 2110/44/494 2109/42/495
f 2097/17/508 2128/19/539 2098/19/507
f 2140/44/526 2111/46/493 2110/44/494
f 2098/19/507 2129/21/538 2099/21/506
f 2141/46/525 2112/48/492 2111/46/493
f 2099/21/506 2130/23/537 2100/23/505
f 2142/48/524 2113/50/491 2112/48/492
f 2100/23/505 2131/25/536 2101/25/504
f 2143/50/523 2114/52/490 2113/50/491
f 2101/25/504 2132/27/535 2102/27/503
f 2151/80/578 2150/81/579 2161/82/568
f 2177/58/979 2148/61/518 2147/58/975
f 2164/33/564 2135/35/531 2134/33/532
f 2122/9/545 2153/10/576 2123/10/544
f 2178/61/550 517/63/517 2148/61/518
f 2165/35/563 2136/37/530 2135/35/531
f 2123/10/544 2154/12/575 2124/12/543
f 2166/37/562 2137/38/529 2136/37/530
f 2124/12/543 2155/14/574 2125/14/542
f 2167/38/561 2138/40/528 2137/38/529
f 2125/14/542 2156/15/573 2126/15/541
f 2168/40/560 2139/42/527 2138/40/528
f 2126/15/541 2157/17/572 2127/17/540
f 2169/42/559 2140/44/526 2139/42/527
f 2127/17/540 2158/19/571 2128/19/539
f 2170/44/558 2141/46/525 2140/44/526
f 2128/19/539 2159/21/570 2129/21/538
f 2171/46/557 2142/48/524 2141/46/525
f 2129/21/538 2160/23/976 2130/23/537
f 2172/48/556 2143/50/523 2142/48/524
f 2130/23/537 2161/25/568 2131/25/536
f 2173/50/555 2144/52/522 2143/50/523
f 2131/25/536 2162/27/567 2132/27/535
f 517/1/517 2149/3/580 2119/3/548
f 2174/52/977 2145/54/521 2144/52/522
f 2132/27/535 2163/29/566 2133/29/534
f 2119/3/548 2150/5/579 2120/5/547
f 2175/54/553 2146/56/520 2145/54/521
f 2163/29/566 533/31/533 2133/29/534
f 2120/5/547 2151/7/578 2121/7/546
f 2176/56/978 2147/58/975 2146/56/520
f 533/31/533 2164/33/564 2134/33/532
f 2185/21/986 2196/23/997 2186/23/987
f 2181/14/982 2192/15/993 2182/15/983
f 2198/27/999 2203/25/1004 2197/25/998
f 2182/15/983 2193/17/994 2183/17/984
f 2200/25/1001 2188/27/989 2187/25/988
f 2183/17/984 2194/19/995 2184/19/985
f 2189/10/990 2180/12/981 2179/10/980
f 2184/19/985 2195/21/996 2185/21/986
f 2180/12/981 2191/14/992 2181/14/982
f 2179/10/980 1635/12/841 1633/10/839
f 1694/19/891 2193/17/994 1693/17/890
f 1643/19/849 2185/21/986 1645/21/851
f 2195/21/996 1694/19/891 1695/21/892
f 2182/15/983 1641/17/847 1639/15/845
f 1649/25/855 2188/27/989 1651/27/857
f 2196/23/997 1695/21/892 1696/23/893
f 2180/12/981 1637/14/843 1635/12/841
f 2197/25/998 1696/23/893 1697/25/894
f 1645/21/851 2186/23/987 1647/23/853
f 1690/12/887 2189/10/990 1689/10/886
f 2206/25/1007 2201/27/1002 2200/25/1001
f 2204/27/1005 2209/25/1010 2203/25/1004
f 2202/23/1003 2186/23/987 2196/23/997
f 2199/23/1000 2187/25/988 2186/23/987
f 2197/25/998 2202/23/1003 2196/23/997
f 2188/27/989 2204/27/1005 2198/27/999
f 2212/25/1013 2207/27/1008 2206/25/1007
f 2210/27/1011 2215/25/1016 2209/25/1010
f 2207/27/1008 2204/27/1005 2201/27/1002
f 2202/23/1003 2205/23/1006 2199/23/1000
f 2203/25/1004 2208/23/1009 2202/23/1003
f 2205/23/1006 2200/25/1001 2199/23/1000
f 2220/23/1021 2211/23/1012 2214/23/1015
f 2213/27/1014 2222/27/1023 2216/27/1017
f 2207/27/1008 2216/27/1017 2210/27/1011
f 2214/23/1015 2205/23/1006 2208/23/1009
f 2209/25/1010 2214/23/1015 2208/23/1009
f 2211/23/1012 2206/25/1007 2205/23/1006
f 2224/25/1025 2219/27/1020 2218/25/1019
f 2222/27/1023 2227/25/1028 2221/25/1022
f 2215/25/1016 2220/23/1021 2214/23/1015
f 2217/23/1018 2212/25/1013 2211/23/1012
f 2216/27/1017 2221/25/1022 2215/25/1016
f 2218/25/1019 2213/27/1014 2212/25/1013
f 2232/23/1033 2223/23/1024 2226/23/1027
f 2225/27/1026 2234/27/1035 2228/27/1029
f 2219/27/1020 2228/27/1029 2222/27/1023
f 2226/23/1027 2217/23/1018 2220/23/1021
f 2221/25/1022 2226/23/1027 2220/23/1021
f 2223/23/1024 2218/25/1019 2217/23/1018
f 2232/23/1033 2230/25/1031 2229/23/1030
f 2230/25/1031 2234/27/1035 2231/27/1032
f 2227/25/1028 2232/23/1033 2226/23/1027
f 2229/23/1030 2224/25/1025 2223/23/1024
f 2228/27/1029 2233/25/1034 2227/25/1028
f 2230/25/1031 2225/27/1026 2224/25/1025
f 2248/24/1244 2279/22/1275 2247/22/1243
f 2245/18/1241 1880/59/1208 1881/18/1209
f 1895/47/1223 2258/45/1254 1894/45/1222
f 1882/20/1210 2245/18/1241 1881/18/1209
f 2260/49/1256 1895/47/1223 1896/49/1224
f 2247/22/1243 1882/20/1210 1883/22/1211
f 1897/51/1225 2260/49/1256 1896/49/1224
f 2248/24/1244 1883/22/1211 1884/24/1212
f 2262/53/1258 1897/51/1225 1898/53/1226
f 1885/26/1213 2248/24/1244 1884/24/1212
f 1872/2/1200 2235/67/1231 1871/67/1199
f 1899/55/1227 2262/53/1258 1898/53/1226
f 2250/28/1246 1885/26/1213 1886/28/1214
f 2237/4/1233 1872/2/1200 1873/4/1201
f 1900/57/1228 2263/55/1259 1899/55/1227
f 1887/30/1215 2250/28/1246 1886/28/1214
f 1874/6/1202 2237/4/1233 1873/4/1201
f 2265/60/1261 1900/57/1228 1901/60/1229
f 2252/32/1248 1887/30/1215 1888/32/1216
f 1875/8/1203 2238/6/1234 1874/6/1202
f 1902/62/1230 2265/60/1261 1901/60/1229
f 1889/34/1217 2252/32/1248 1888/32/1216
f 2240/66/1236 1875/8/1203 1876/66/1204
f 2235/68/1231 1902/62/1230 1871/68/1199
f 2254/36/1250 1889/34/1217 1890/36/1218
f 1877/11/1205 2240/66/1236 1876/66/1204
f 2255/39/1251 1890/36/1218 1891/39/1219
f 2242/13/1238 1877/11/1205 1878/13/1206
f 1892/41/1220 2255/39/1251 1891/39/1219
f 1879/16/1207 2242/13/1238 1878/13/1206
f 2257/43/1253 1892/41/1220 1893/43/1221
f 2244/59/1240 1879/16/1207 1880/59/1208
f 2283/30/1279 2409/28/1405 2282/28/1278
f 2262/53/1258 2293/51/1289 2261/51/1257
f 2249/26/1245 2280/24/1276 2248/24/1244
f 2268/2/1264 2235/67/1231 2236/2/1232
f 2263/55/1259 2294/53/1290 2262/53/1258
f 2250/28/1246 2281/26/1277 2249/26/1245
f 2269/4/1265 2236/2/1232 2237/4/1233
f 2264/57/1260 2295/55/1291 2263/55/1259
f 2251/30/1247 2282/28/1278 2250/28/1246
f 2270/6/1266 2237/4/1233 2238/6/1234
f 2265/60/1261 2296/57/1292 2264/57/1260
f 2284/32/1280 2251/30/1247 2252/32/1248
f 2271/8/1267 2238/6/1234 2239/8/1235
f 2266/62/1262 2297/60/1293 2265/60/1261
f 2285/34/1281 2252/32/1248 2253/34/1249
f 2272/66/1268 2239/8/1235 2240/66/1236
f 2235/68/1231 2298/62/1294 2266/62/1262
f 2286/36/1282 2253/34/1249 2254/36/1250
f 2273/11/1269 2240/66/1236 2241/11/1237
f 2287/39/1283 2254/36/1250 2255/39/1251
f 2274/13/1270 2241/11/1237 2242/13/1238
f 2288/41/1284 2255/39/1251 2256/41/1252
f 2275/16/1271 2242/13/1238 2243/16/1239
f 2289/43/1285 2256/41/1252 2257/43/1253
f 2244/59/1240 2275/16/1271 2243/16/1239
f 2290/45/1286 2257/43/1253 2258/45/1254
f 2245/18/1241 2276/59/1272 2244/59/1240
f 2291/47/1287 2258/45/1254 2259/47/1255
f 2246/20/1242 2277/18/1273 2245/18/1241
f 2260/49/1256 2291/47/1287 2259/47/1255
f 2247/22/1243 2278/20/1274 2246/20/1242
f 2261/51/1257 2292/49/1288 2260/49/1256
f 2318/36/1314 2349/34/1345 2317/34/1313
f 2270/6/1266 2301/4/1297 2269/4/1265
f 2329/60/1325 2296/57/1292 2297/60/1293
f 2316/32/1312 2419/34/1415 2317/34/1313
f 2271/8/1267 2302/6/1298 2270/6/1266
f 2330/62/1326 2297/60/1293 2298/62/1294
f 2282/28/1278 2408/26/1404 2281/26/1277
f 2305/11/1301 2397/11/1393 2273/11/1269
f 2299/68/1295 2298/62/1294 2267/68/1263
f 2315/30/1311 2418/32/1414 2316/32/1312
f 2304/66/1300 2400/11/1396 2305/11/1301
f 2287/39/1283 2318/36/1314 2286/36/1282
f 2306/13/1302 2273/11/1269 2274/13/1270
f 2288/41/1284 2319/39/1315 2287/39/1283
f 2307/16/1303 2274/13/1270 2275/16/1271
f 2289/43/1285 2320/41/1316 2288/41/1284
f 2308/59/1304 2275/16/1271 2276/59/1272
f 2290/45/1286 2321/43/1317 2289/43/1285
f 2309/18/1305 2276/59/1272 2277/18/1273
f 2291/47/1287 2322/45/1318 2290/45/1286
f 2310/20/1306 2277/18/1273 2278/20/1274
f 2292/49/1288 2323/47/1319 2291/47/1287
f 2311/22/1307 2278/20/1274 2279/22/1275
f 2293/51/1289 2324/49/1320 2292/49/1288
f 2312/24/1308 2279/22/1275 2280/24/1276
f 2326/53/1322 2293/51/1289 2294/53/1290
f 2281/26/1277 2407/24/1403 2280/24/1276
f 2268/2/1264 2299/67/1295 2267/67/1263
f 2327/55/1323 2294/53/1290 2295/55/1291
f 2416/28/1412 2315/30/1311 2314/28/1310
f 2269/4/1265 2300/2/1296 2268/2/1264
f 2328/57/1324 2295/55/1291 2296/57/1292
f 2353/43/1349 2384/41/1380 2352/41/1348
f 2305/11/1301 2336/66/1332 2304/66/1300
f 2319/39/1315 2350/36/1346 2318/36/1314
f 2306/13/1302 2337/11/1333 2305/11/1301
f 2352/41/1348 2319/39/1315 2320/41/1316
f 2307/16/1303 2338/13/1334 2306/13/1302
f 2353/43/1349 2320/41/1316 2321/43/1317
f 2308/59/1304 2339/16/1335 2307/16/1303
f 2354/45/1350 2321/43/1317 2322/45/1318
f 2309/18/1305 2340/59/1336 2308/59/1304
f 2355/47/1351 2322/45/1318 2323/47/1319
f 2310/20/1306 2341/18/1337 2309/18/1305
f 2356/49/1352 2323/47/1319 2324/49/1320
f 2311/22/1307 2342/20/1338 2310/20/1306
f 2357/51/1353 2324/49/1320 2325/51/1321
f 2344/24/1340 2311/22/1307 2312/24/1308
f 2358/53/1354 2325/51/1321 2326/53/1322
f 2345/26/1341 2312/24/1308 2313/26/1309
f 2300/2/1296 2331/67/1327 2299/67/1295
f 2359/55/1355 2326/53/1322 2327/55/1323
f 2346/28/1342 2313/26/1309 2314/28/1310
f 2301/4/1297 2332/2/1328 2300/2/1296
f 2360/57/1356 2327/55/1323 2328/57/1324
f 2347/30/1343 2314/28/1310 2315/30/1311
f 2302/6/1298 2333/4/1329 2301/4/1297
f 2361/60/1357 2328/57/1324 2329/60/1325
f 2316/32/1312 2347/30/1343 2315/30/1311
f 2303/8/1299 2334/6/1330 2302/6/1298
f 2362/62/1358 2329/60/1325 2330/62/1326
f 2317/34/1313 2348/32/1344 2316/32/1312
f 2304/66/1300 2335/8/1331 2303/8/1299
f 2331/68/1327 2330/62/1326 2299/68/1295
f 2393/83/1389 2394/84/1390 2364/85/1360
f 2372/59/1368 2339/16/1335 2340/59/1336
f 2354/45/1350 2385/43/1381 2353/43/1349
f 2373/18/1369 2340/59/1336 2341/18/1337
f 2355/47/1351 2386/45/1382 2354/45/1350
f 2374/20/1370 2341/18/1337 2342/20/1338
f 2388/49/1384 2355/47/1351 2356/49/1352
f 2375/22/1371 2342/20/1338 2343/22/1339
f 2389/51/1385 2356/49/1352 2357/51/1353
f 2376/24/1372 2343/22/1339 2344/24/1340
f 2390/53/1386 2357/51/1353 2358/53/1354
f 2377/26/1373 2344/24/1340 2345/26/1341
f 2332/2/1328 2363/67/1359 2331/67/1327
f 2391/55/1387 2358/53/1354 2359/55/1355
f 2378/28/1374 2345/26/1341 2346/28/1342
f 2333/4/1329 2364/2/1360 2332/2/1328
f 2392/57/1388 2359/55/1355 2360/57/1356
f 2379/30/1375 2346/28/1342 2347/30/1343
f 2334/6/1330 2365/4/1361 2333/4/1329
f 2393/60/1389 2360/57/1356 2361/60/1357
f 2348/32/1344 2379/30/1375 2347/30/1343
f 2335/8/1331 2366/6/1362 2334/6/1330
f 2394/62/1390 2361/60/1357 2362/62/1358
f 2349/34/1345 2380/32/1376 2348/32/1344
f 2336/66/1332 2367/8/1363 2335/8/1331
f 2363/68/1359 2362/62/1358 2331/68/1327
f 2350/36/1346 2381/34/1377 2349/34/1345
f 2337/11/1333 2368/66/1364 2336/66/1332
f 2351/39/1347 2382/36/1378 2350/36/1346
f 2338/13/1334 2369/11/1365 2337/11/1333
f 2352/41/1348 2383/39/1379 2351/39/1347
f 2339/16/1335 2370/13/1366 2338/13/1334
f 2403/11/1399 2396/66/1392 2397/11/1393
f 2399/66/1395 2406/11/1402 2400/11/1396
f 2395/8/1391 2303/8/1299 2271/8/1267
f 2396/66/1392 2271/8/1267 2272/66/1268
f 2303/8/1299 2399/66/1395 2304/66/1300
f 2397/11/1393 2272/66/1268 2273/11/1269
f 2402/66/1398 2404/8/1400 2401/8/1397
f 2403/11/1399 2405/66/1401 2402/66/1398
f 2400/11/1396 2403/11/1399 2397/11/1393
f 2401/8/1397 2398/8/1394 2395/8/1391
f 2398/8/1394 2405/66/1401 2399/66/1395
f 2402/66/1398 2395/8/1391 2396/66/1392
f 2434/36/1430 2413/36/1409 2420/36/1416
f 2409/28/1405 2422/26/1418 2408/26/1404
f 2430/28/1426 2417/30/1413 2416/28/1412
f 2408/26/1404 2421/24/1417 2407/24/1403
f 2429/26/1425 2416/28/1412 2415/26/1411
f 2428/24/1424 2415/26/1411 2414/24/1410
f 2317/34/1313 2420/36/1416 2318/36/1314
f 2411/32/1407 2283/30/1279 2284/32/1280
f 2412/34/1408 2284/32/1280 2285/34/1281
f 2414/24/1410 2313/26/1309 2312/24/1308
f 2413/36/1409 2285/34/1281 2286/36/1282
f 2415/26/1411 2314/28/1310 2313/26/1309
f 2420/36/1416 2286/36/1282 2318/36/1314
f 2280/24/1276 2414/24/1410 2312/24/1308
f 2431/30/1427 2423/28/1419 2424/30/1420
f 2425/32/1421 2431/30/1427 2424/30/1420
f 2426/34/1422 2432/32/1428 2425/32/1421
f 2427/36/1423 2433/34/1429 2426/34/1422
f 2429/26/1425 2421/24/1417 2422/26/1418
f 2430/28/1426 2422/26/1418 2423/28/1419
f 2417/30/1413 2432/32/1428 2418/32/1414
f 2410/30/1406 2423/28/1419 2409/28/1405
f 2407/24/1403 2428/24/1424 2414/24/1410
f 2418/32/1414 2433/34/1429 2419/34/1415
f 2425/32/1421 2410/30/1406 2411/32/1407
f 2419/34/1415 2434/36/1430 2420/36/1416
f 2426/34/1422 2411/32/1407 2412/34/1408
f 2427/36/1423 2412/34/1408 2413/36/1409
f 1/1/1 2436/2/4 2435/3/3
f 2435/3/3 2438/4/6 2437/5/5
f 2437/5/5 2440/6/8 2439/7/7
f 2439/7/7 2442/8/10 2441/9/9
f 2442/8/10 2443/10/11 2441/9/9
f 2443/10/11 2446/11/14 2445/12/13
f 2445/12/13 2448/13/16 2447/14/15
f 2448/13/16 2449/15/17 2447/14/15
f 2450/16/18 2451/17/19 2449/15/17
f 2451/17/19 2454/18/22 2453/19/21
f 2453/19/21 2456/20/24 2455/21/23
f 2455/21/23 2458/22/26 2457/23/25
f 2457/23/25 2460/24/28 2459/25/27
f 2459/25/27 2462/26/30 2461/27/29
f 2461/27/29 2464/28/32 2463/29/31
f 2463/29/31 34/30/34 33/31/33
f 33/31/33 2466/32/36 2465/33/35
f 2465/33/35 2468/34/38 2467/35/37
f 2467/35/37 2470/36/40 2469/37/39
f 2470/36/40 2471/38/41 2469/37/39
f 2472/39/42 2473/40/43 2471/38/41
f 2474/41/44 2475/42/45 2473/40/43
f 2476/43/46 2477/44/47 2475/42/45
f 2478/45/48 2479/46/49 2477/44/47
f 2480/47/50 2481/48/51 2479/46/49
f 2482/49/52 2483/50/53 2481/48/51
f 2484/51/54 2485/52/55 2483/50/53
f 2486/53/56 2487/54/57 2485/52/55
f 2488/55/58 2489/56/59 2487/54/57
f 2490/57/60 2491/58/61 2489/56/59
f 2706/59/290 2562/16/1095 2563/59/1431
f 2492/60/62 2493/61/63 2491/58/61
f 2494/62/64 1/63/1 2493/61/63
f 2508/27/79 2990/27/590 2461/27/29
f 2518/48/90 2547/46/121 2517/46/89
f 2473/40/43 2513/38/85 2471/38/41
f 2489/56/59 2523/58/95 2522/56/94
f 2503/17/74 2994/15/594 2995/17/595
f 2465/33/35 81/31/81 33/31/33
f 2483/50/53 2518/48/90 2481/48/51
f 2441/9/9 2497/7/68 2439/7/7
f 2457/23/25 2989/25/589 2988/23/588
f 2475/42/45 2514/40/86 2473/40/43
f 2491/58/61 2524/61/96 2523/58/95
f 2499/10/70 2981/10/581 2991/10/591
f 2467/35/37 2510/33/82 2465/33/35
f 2483/50/53 2520/52/92 2519/50/91
f 2441/9/9 2499/10/70 2498/9/69
f 2449/15/17 2983/14/583 2447/14/15
f 2477/44/47 2515/42/87 2475/42/45
f 2435/3/3 65/1/65 1/1/1
f 2493/61/63 65/63/65 2524/61/96
f 2502/15/73 2993/14/593 2994/15/594
f 2469/37/39 2511/35/83 2467/35/37
f 2485/52/55 2521/54/93 2520/52/92
f 2501/14/72 2992/12/592 2993/14/593
f 2461/27/29 2509/29/80 2508/27/79
f 2479/46/49 2516/44/88 2477/44/47
f 2437/5/5 2495/3/66 2435/3/3
f 2453/19/21 2985/17/585 2451/17/19
f 2471/38/41 2512/37/84 2469/37/39
f 2487/54/57 2522/56/94 2521/54/93
f 2507/25/78 3000/27/600 2508/27/79
f 2463/29/31 81/31/81 2509/29/80
f 2481/48/51 2517/46/89 2479/46/49
f 2439/7/7 2496/5/67 2437/5/5
f 2533/17/106 2780/19/367 2779/17/366
f 2505/21/76 2536/23/109 2535/21/108
f 2519/50/91 2548/48/122 2518/48/90
f 2506/23/77 2537/25/110 2536/23/109
f 2520/52/92 2549/50/123 2519/50/91
f 2507/25/78 2538/27/111 2537/25/110
f 65/1/65 2525/3/98 97/1/97
f 2521/54/93 2550/52/124 2520/52/92
f 2508/27/79 2539/29/112 2538/27/111
f 2495/3/66 2526/5/99 2525/3/98
f 2522/56/94 2551/54/125 2521/54/93
f 2509/29/80 113/31/113 2539/29/112
f 2496/5/67 2527/7/100 2526/5/99
f 2523/58/95 2552/56/126 2522/56/94
f 2510/33/82 113/31/113 81/31/81
f 2497/7/68 2528/9/101 2527/7/100
f 2524/61/96 2553/58/127 2523/58/95
f 2511/35/83 2540/33/114 2510/33/82
f 2498/9/69 2529/10/102 2528/9/101
f 65/63/65 2554/61/128 2524/61/96
f 2512/37/84 2541/35/115 2511/35/83
f 2499/10/70 2530/12/103 2529/10/102
f 2513/38/85 2542/37/116 2512/37/84
f 2500/12/71 2531/14/104 2530/12/103
f 2514/40/86 2543/38/117 2513/38/85
f 2501/14/72 2532/15/105 2531/14/104
f 2515/42/87 2544/40/118 2514/40/86
f 2502/15/73 2533/17/106 2532/15/105
f 2516/44/88 2545/42/119 2515/42/87
f 2503/17/74 2534/19/107 2533/17/106
f 2517/46/89 2546/44/120 2516/44/88
f 2504/19/75 2535/21/108 2534/19/107
f 2583/60/1074 2612/57/1106 2613/60/1105
f 2707/64/291 2571/34/1437 2708/65/292
f 2709/51/293 2580/53/1077 2710/53/294
f 2712/66/296 2558/8/1099 2559/66/1098
f 2566/22/1434 2737/20/323 2565/20/1433
f 2715/43/299 2576/45/1442 2716/45/300
f 2717/2/302 129/67/129 2555/2/1102
f 2718/62/303 129/68/129 301/68/301
f 2726/20/311 2744/18/330 2745/20/331
f 2708/65/292 2572/36/1438 2720/36/305
f 2710/53/294 2581/55/1076 2721/55/306
f 2722/11/307 2559/66/1098 2560/11/1097
f 2723/28/308 2568/26/1436 2569/28/1088
f 2716/45/300 2577/47/1080 2724/47/309
f 2725/4/310 2555/2/1102 2556/4/1101
f 2732/22/318 2745/20/331 2746/22/332
f 2720/36/305 2573/39/1439 2727/39/312
f 2721/55/306 2582/57/1075 2728/69/313
f 2729/70/314 2560/11/1097 2561/13/1096
f 315/30/315 2569/28/1088 145/30/145
f 2724/47/309 2578/49/1079 2730/71/316
f 2731/6/317 2556/4/1101 2557/6/1100
f 2713/72/297 2746/22/332 2742/72/328
f 2727/39/312 2574/41/1440 2733/41/319
f 2728/69/313 2583/60/1074 2734/60/320
f 2705/16/289 2561/13/1096 2562/16/1095
f 315/30/315 2570/32/1087 2707/64/291
f 2730/71/316 2579/51/1078 2709/51/293
f 2711/73/295 2557/6/1100 2558/8/1099
f 2565/20/1433 2736/18/322 2564/18/1432
f 2733/41/319 2575/43/1441 2715/43/299
f 2734/60/320 2584/62/1073 2718/62/303
f 2600/32/1118 1823/30/1151 2630/32/1150
f 2570/32/1087 1791/30/1119 2600/32/1118
f 2557/6/1100 2588/8/1131 2558/8/1099
f 2584/62/1073 2613/60/1105 2614/62/1104
f 2571/34/1437 2600/32/1118 2601/34/1117
f 2558/8/1099 2589/66/1130 2559/66/1098
f 2584/62/1073 1775/68/1103 129/68/129
f 2572/36/1438 2601/34/1117 2602/36/1116
f 2559/66/1098 2590/11/1129 2560/11/1097
f 2573/39/1439 2602/36/1116 2603/39/1115
f 2560/11/1097 2591/13/1128 2561/13/1096
f 2574/41/1440 2603/39/1115 2604/41/1114
f 2561/13/1096 2592/16/1127 2562/16/1095
f 2575/43/1441 2604/41/1114 2605/43/1113
f 2562/16/1095 2593/59/1126 2563/59/1431
f 2576/45/1442 2605/43/1113 2606/45/1112
f 2563/59/1431 2594/18/1125 2564/18/1432
f 2577/47/1080 2606/45/1112 2607/47/1111
f 2564/18/1432 2595/20/1124 2565/20/1433
f 2578/49/1079 2607/47/1111 2608/49/1110
f 2565/20/1433 2596/22/1123 2566/22/1434
f 2579/51/1078 2608/49/1110 2609/51/1109
f 2566/22/1434 2597/24/1122 2567/24/1435
f 2580/53/1077 2609/51/1109 2610/53/1108
f 2567/24/1435 2598/26/1121 2568/26/1436
f 129/67/129 2585/2/1134 2555/2/1102
f 2581/55/1076 2610/53/1108 2611/55/1107
f 2569/28/1088 2598/26/1121 2599/28/1120
f 2555/2/1102 2586/4/1133 2556/4/1101
f 2582/57/1075 2611/55/1107 2612/57/1106
f 145/30/145 2599/28/1120 1791/30/1119
f 2556/4/1101 2587/6/1132 2557/6/1100
f 2633/39/1147 2662/36/1180 2663/39/1179
f 2587/6/1132 2618/8/1163 2588/8/1131
f 2614/62/1104 2643/60/1137 2644/62/1136
f 2601/34/1117 2630/32/1150 2631/34/1149
f 2588/8/1131 2619/66/1162 2589/66/1130
f 1775/68/1103 2644/62/1136 1807/68/1135
f 2602/36/1116 2631/34/1149 2632/36/1148
f 2589/66/1130 2620/11/1161 2590/11/1129
f 2603/39/1115 2632/36/1148 2633/39/1147
f 2590/11/1129 2621/13/1160 2591/13/1128
f 2604/41/1114 2633/39/1147 2634/41/1146
f 2591/13/1128 2622/16/1159 2592/16/1127
f 2605/43/1113 2634/41/1146 2635/43/1145
f 2592/16/1127 2623/59/1158 2593/59/1126
f 2606/45/1112 2635/43/1145 2636/45/1144
f 2593/59/1126 2624/18/1157 2594/18/1125
f 2607/47/1111 2636/45/1144 2637/47/1143
f 2594/18/1125 2625/20/1156 2595/20/1124
f 2608/49/1110 2637/47/1143 2638/49/1142
f 2595/20/1124 2626/22/1155 2596/22/1123
f 2609/51/1109 2638/49/1142 2639/51/1141
f 2596/22/1123 2627/24/1154 2597/24/1122
f 2610/53/1108 2639/51/1141 2640/53/1140
f 2597/24/1122 2628/26/1153 2598/26/1121
f 1775/67/1103 2615/2/1166 2585/2/1134
f 2611/55/1107 2640/53/1140 2641/55/1139
f 2598/26/1121 2629/28/1152 2599/28/1120
f 2585/2/1134 2616/4/1165 2586/4/1133
f 2612/57/1106 2641/55/1139 2642/57/1138
f 2599/28/1120 1823/30/1151 1791/30/1119
f 2586/4/1133 2617/6/1164 2587/6/1132
f 2613/60/1105 2642/57/1138 2643/60/1137
f 2666/45/1176 2695/43/1209 2696/45/1208
f 2620/11/1161 2651/13/1192 2621/13/1160
f 2634/41/1146 2663/39/1179 2664/41/1178
f 2621/13/1160 2652/16/1191 2622/16/1159
f 2635/43/1145 2664/41/1178 2665/43/1177
f 2622/16/1159 2653/59/1190 2623/59/1158
f 2636/45/1144 2665/43/1177 2666/45/1176
f 2623/59/1158 2654/18/1189 2624/18/1157
f 2637/47/1143 2666/45/1176 2667/47/1175
f 2624/18/1157 2655/20/1443 2625/20/1156
f 2638/49/1142 2667/47/1175 2668/49/1174
f 2625/20/1156 2656/22/1187 2626/22/1155
f 2639/51/1141 2668/49/1174 2669/51/1173
f 2626/22/1155 2657/24/1186 2627/24/1154
f 2640/53/1140 2669/51/1173 2670/53/1172
f 2627/24/1154 2658/26/1185 2628/26/1153
f 1807/67/1135 2645/2/1198 2615/2/1166
f 2641/55/1139 2670/53/1172 2671/55/1171
f 2628/26/1153 2659/28/1184 2629/28/1152
f 2615/2/1166 2646/4/1197 2616/4/1165
f 2642/57/1138 2671/55/1171 2672/57/1170
f 2629/28/1152 1855/30/1183 1823/30/1151
f 2616/4/1165 2647/6/1196 2617/6/1164
f 2643/60/1137 2672/57/1170 2673/60/1169
f 2630/32/1150 1855/30/1183 2660/32/1182
f 2617/6/1164 2648/8/1195 2618/8/1163
f 2644/62/1136 2673/60/1169 2674/62/1168
f 2631/34/1149 2660/32/1182 2661/34/1181
f 2618/8/1163 2649/66/1194 2619/66/1162
f 1807/68/1135 2674/62/1168 1839/68/1167
f 2632/36/1148 2661/34/1181 2662/36/1180
f 2619/66/1162 2650/11/1193 2620/11/1161
f 2696/45/1208 3057/43/1241 3058/45/1240
f 2653/59/1190 2684/18/1221 2654/18/1189
f 2667/47/1175 2696/45/1208 2697/47/1207
f 2654/18/1189 2685/20/1220 2655/20/1443
f 2667/47/1175 2698/49/1206 2668/49/1174
f 2655/20/1443 2686/22/1219 2656/22/1187
f 2668/49/1174 2699/51/1205 2669/51/1173
f 2656/22/1187 2687/24/1218 2657/24/1186
f 2669/51/1173 2700/53/1204 2670/53/1172
f 2657/24/1186 2688/26/1217 2658/26/1185
f 2645/2/1198 1871/67/1199 2675/2/1230
f 2670/53/1172 2701/55/1203 2671/55/1171
f 2658/26/1185 2689/28/1216 2659/28/1184
f 2646/4/1197 2675/2/1230 2676/4/1229
f 2671/55/1171 2702/57/1202 2672/57/1170
f 2659/28/1184 1887/30/1215 1855/30/1183
f 2647/6/1196 2676/4/1229 2677/6/1228
f 2672/57/1170 2703/60/1201 2673/60/1169
f 2660/32/1182 1887/30/1215 2690/32/1214
f 2648/8/1195 2677/6/1228 2678/8/1227
f 2673/60/1169 2704/62/1200 2674/62/1168
f 2661/34/1181 2690/32/1214 2691/34/1213
f 2649/66/1194 2678/8/1227 2679/66/1226
f 2674/62/1168 1871/68/1199 1839/68/1167
f 2662/36/1180 2691/34/1213 2692/36/1212
f 2650/11/1193 2679/66/1226 2680/11/1225
f 2663/39/1179 2692/36/1212 2693/39/1211
f 2651/13/1192 2680/11/1225 2681/13/1224
f 2664/41/1178 2693/39/1211 2694/41/1210
f 2652/16/1191 2681/13/1224 2682/16/1223
f 2665/43/1177 2694/41/1210 2695/43/1209
f 2652/16/1191 2683/59/1222 2653/59/1190
f 2494/62/64 2734/60/320 2718/62/303
f 2474/41/44 2715/43/299 2476/43/46
f 2460/24/28 2732/22/318 2713/72/297
f 2442/8/10 2731/6/317 2711/73/295
f 2482/49/52 2709/51/293 2484/51/54
f 34/30/34 2707/64/291 2466/32/36
f 2450/16/18 2729/70/314 2705/16/289
f 2490/57/60 2734/60/320 2492/60/62
f 2472/39/42 2733/41/319 2474/41/44
f 2458/22/26 2726/20/311 2732/22/318
f 2440/6/8 2725/4/310 2731/6/317
f 2480/47/50 2730/71/316 2482/49/52
f 34/30/34 2723/28/308 315/30/315
f 2448/13/16 2722/11/307 2729/70/314
f 2488/55/58 2728/69/313 2490/57/60
f 2470/36/40 2727/39/312 2472/39/42
f 2456/20/24 2719/18/304 2726/20/311
f 2436/2/4 2725/4/310 2438/4/6
f 2478/45/48 2724/47/309 2480/47/50
f 2464/28/32 2714/26/298 2723/28/308
f 2446/11/14 2712/66/296 2722/11/307
f 2486/53/56 2721/55/306 2488/55/58
f 2468/34/38 2720/36/305 2470/36/40
f 2454/18/22 2706/59/290 2719/18/304
f 2/68/2 2718/62/303 301/68/301
f 2/67/2 2717/2/302 2436/2/4
f 2476/43/46 2716/45/300 2478/45/48
f 2462/26/30 2713/72/297 2714/26/298
f 2444/66/12 2711/73/295 2712/66/296
f 2484/51/54 2710/53/294 2486/53/56
f 2466/32/36 2708/65/292 2468/34/38
f 2452/59/20 2705/16/289 2706/59/290
f 2743/26/329 2750/72/336 2751/26/337
f 2744/18/330 2735/59/321 2736/18/322
f 2745/20/331 2736/18/322 2737/20/323
f 2746/22/332 2737/20/323 2738/22/324
f 2746/22/332 2747/22/333 2752/22/338
f 2719/18/304 2741/59/327 2744/18/330
f 2706/59/290 2735/59/321 2741/59/327
f 2713/72/297 2743/26/329 2714/26/298
f 2566/22/1434 2739/24/325 2738/22/324
f 2564/18/1432 2735/59/321 2563/59/1431
f 2568/26/1436 2743/26/329 2740/26/326
f 2567/24/1435 2740/26/326 2739/24/325
f 2747/22/333 2758/22/344 2752/22/338
f 2750/72/336 2757/26/343 2751/26/337
f 2740/26/326 2748/24/334 2739/24/325
f 2742/72/328 2752/22/338 2750/72/336
f 2743/26/329 2749/26/335 2740/26/326
f 2739/24/325 2747/22/333 2738/22/324
f 2755/26/341 2763/26/349 2761/26/347
f 2756/72/342 2764/22/350 2762/72/348
f 2748/24/334 2753/22/339 2747/22/333
f 2750/72/336 2758/22/344 2756/72/342
f 2749/26/335 2757/26/343 2755/26/341
f 2749/26/335 2754/24/340 2748/24/334
f 2759/22/345 2770/22/356 2764/22/350
f 2762/72/348 2769/26/355 2763/26/349
f 2755/26/341 2760/24/346 2754/24/340
f 2756/72/342 2763/26/349 2757/26/343
f 2753/22/339 2764/22/350 2758/22/344
f 2754/24/340 2759/22/345 2753/22/339
f 2769/26/355 2766/24/352 2767/26/353
f 2768/72/354 2765/22/351 2766/24/352
f 2760/24/346 2765/22/351 2759/22/345
f 2762/72/348 2770/22/356 2768/72/354
f 2761/26/347 2769/26/355 2767/26/353
f 2761/26/347 2766/24/352 2760/24/346
f 2784/27/371 2815/29/404 2814/27/403
f 2547/46/121 2792/44/380 2546/44/120
f 2534/19/107 2781/21/368 2780/19/367
f 2548/48/122 2793/46/381 2547/46/121
f 2535/21/108 2782/23/369 2781/21/368
f 2549/50/123 2794/48/382 2548/48/122
f 2536/23/109 2783/25/370 2782/23/369
f 2549/50/123 2796/52/384 2795/50/383
f 2537/25/110 2784/27/371 2783/25/370
f 2525/3/98 357/1/357 97/1/97
f 2550/52/124 2797/54/385 2796/52/384
f 2538/27/111 2785/29/372 2784/27/371
f 2526/5/99 2771/3/358 2525/3/98
f 2551/54/125 2798/56/386 2797/54/385
f 2539/29/112 373/31/373 2785/29/372
f 2527/7/100 2772/5/359 2526/5/99
f 2552/56/126 2799/58/387 2798/56/386
f 2540/33/114 373/31/373 113/31/113
f 2528/9/101 2773/7/360 2527/7/100
f 2553/58/127 2800/61/388 2799/58/387
f 2541/35/115 2786/33/374 2540/33/114
f 2529/10/102 2774/9/361 2528/9/101
f 2554/61/128 357/63/357 2800/61/388
f 2542/37/116 2787/35/375 2541/35/115
f 2530/12/103 2775/10/362 2529/10/102
f 2543/38/117 2788/37/376 2542/37/116
f 2530/12/103 2777/14/364 2776/12/363
f 2544/40/118 2789/38/377 2543/38/117
f 2531/14/104 2778/15/365 2777/14/364
f 2545/42/119 2790/40/378 2544/40/118
f 2532/15/105 2779/17/366 2778/15/365
f 2546/44/120 2791/42/379 2545/42/119
f 2830/61/420 421/63/421 2860/61/452
f 2771/3/358 2802/5/391 2801/3/390
f 2798/56/386 2827/54/417 2797/54/385
f 2785/29/372 405/31/405 2815/29/404
f 2772/5/359 2803/7/392 2802/5/391
f 2799/58/387 2828/56/418 2798/56/386
f 2786/33/374 405/31/405 373/31/373
f 2773/7/360 2804/9/393 2803/7/392
f 2800/61/388 2829/58/419 2799/58/387
f 2787/35/375 2816/33/406 2786/33/374
f 2774/9/361 2805/10/394 2804/9/393
f 357/63/357 2830/61/420 2800/61/388
f 2788/37/376 2817/35/407 2787/35/375
f 2775/10/362 2806/12/395 2805/10/394
f 2789/38/377 2818/37/408 2788/37/376
f 2776/12/363 2807/14/396 2806/12/395
f 2790/40/378 2819/38/409 2789/38/377
f 2777/14/364 2808/15/397 2807/14/396
f 2791/42/379 2820/40/410 2790/40/378
f 2778/15/365 2809/17/398 2808/15/397
f 2792/44/380 2821/42/411 2791/42/379
f 2779/17/366 2810/19/399 2809/17/398
f 2793/46/381 2822/44/412 2792/44/380
f 2780/19/367 2811/21/400 2810/19/399
f 2794/48/382 2823/46/413 2793/46/381
f 2781/21/368 2812/23/401 2811/21/400
f 2795/50/383 2824/48/414 2794/48/382
f 2782/23/369 2813/25/402 2812/23/401
f 2796/52/384 2825/50/415 2795/50/383
f 2783/25/370 2814/27/403 2813/25/402
f 357/1/357 2801/3/390 389/1/389
f 2797/54/385 2826/52/416 2796/52/384
f 2850/40/442 2881/42/475 2880/40/474
f 2818/37/408 2847/35/439 2817/35/407
f 2806/12/395 2835/10/426 2805/10/394
f 2819/38/409 2848/37/440 2818/37/408
f 2806/12/395 2837/14/428 2836/12/427
f 2820/40/410 2849/38/441 2819/38/409
f 2807/14/396 2838/15/429 2837/14/428
f 2821/42/411 2850/40/442 2820/40/410
f 2808/15/397 2839/17/430 2838/15/429
f 2822/44/412 2851/42/443 2821/42/411
f 2809/17/398 2840/19/431 2839/17/430
f 2823/46/413 2852/44/444 2822/44/412
f 2810/19/399 2841/21/432 2840/19/431
f 2824/48/414 2853/46/445 2823/46/413
f 2811/21/400 2842/23/433 2841/21/432
f 2825/50/415 2854/48/446 2824/48/414
f 2812/23/401 2843/25/434 2842/23/433
f 2825/50/415 2856/52/448 2855/50/447
f 2813/25/402 2844/27/435 2843/25/434
f 2801/3/390 421/1/421 389/1/389
f 2826/52/416 2857/54/449 2856/52/448
f 2814/27/403 2845/29/436 2844/27/435
f 2802/5/391 2831/3/422 2801/3/390
f 2827/54/417 2858/56/450 2857/54/449
f 2815/29/404 437/31/437 2845/29/436
f 2803/7/392 2832/5/423 2802/5/391
f 2828/56/418 2859/58/451 2858/56/450
f 2816/33/406 437/31/437 405/31/405
f 2804/9/393 2833/7/424 2803/7/392
f 2829/58/419 2860/61/452 2859/58/451
f 2817/35/407 2846/33/438 2816/33/406
f 2805/10/394 2834/9/425 2804/9/393
f 2883/46/477 2914/48/510 2913/46/509
f 2838/15/429 2869/17/462 2868/15/461
f 2851/42/443 2882/44/476 2881/42/475
f 2840/19/431 2869/17/462 2839/17/430
f 2853/46/445 2882/44/476 2852/44/444
f 2841/21/432 2870/19/463 2840/19/431
f 2853/46/445 2884/48/478 2883/46/477
f 2842/23/433 2871/21/464 2841/21/432
f 2854/48/446 2885/50/479 2884/48/478
f 2842/23/433 2873/25/466 2872/23/465
f 2856/52/448 2885/50/479 2855/50/447
f 2843/25/434 2874/27/467 2873/25/466
f 2831/3/422 453/1/453 421/1/421
f 2857/54/449 2886/52/480 2856/52/448
f 2844/27/435 2875/29/468 2874/27/467
f 2831/3/422 2862/5/455 2861/3/454
f 2858/56/450 2887/54/481 2857/54/449
f 2845/29/436 469/31/469 2875/29/468
f 2832/5/423 2863/7/456 2862/5/455
f 2858/56/450 2889/58/483 2888/56/482
f 2846/33/438 469/31/469 437/31/437
f 2833/7/424 2864/9/457 2863/7/456
f 2859/58/451 2890/61/484 2889/58/483
f 2846/33/438 2877/35/471 2876/33/470
f 2835/10/426 2864/9/457 2834/9/425
f 2860/61/452 453/63/453 2890/61/484
f 2848/37/440 2877/35/471 2847/35/439
f 2835/10/426 2866/12/459 2865/10/458
f 2849/38/441 2878/37/472 2848/37/440
f 2837/14/428 2866/12/459 2836/12/427
f 2850/40/442 2879/38/473 2849/38/441
f 2838/15/429 2867/14/460 2837/14/428
f 485/1/485 2921/3/518 517/1/517
f 2872/23/465 2901/21/496 2871/21/464
f 2884/48/478 2915/50/511 2914/48/510
f 2873/25/466 2902/23/497 2872/23/465
f 2886/52/480 2915/50/511 2885/50/479
f 2874/27/467 2903/25/498 2873/25/466
f 453/1/453 2891/3/486 485/1/485
f 2887/54/481 2916/52/512 2886/52/480
f 2875/29/468 2904/27/499 2874/27/467
f 2861/3/454 2892/5/487 2891/3/486
f 2888/56/482 2917/54/513 2887/54/481
f 469/31/469 2905/29/500 2875/29/468
f 2862/5/455 2893/7/488 2892/5/487
f 2889/58/483 2918/56/514 2888/56/482
f 469/31/469 2906/33/502 501/31/501
f 2863/7/456 2894/9/489 2893/7/488
f 2890/61/484 2919/58/515 2889/58/483
f 2876/33/470 2907/35/503 2906/33/502
f 2864/9/457 2895/10/490 2894/9/489
f 453/63/453 2920/61/516 2890/61/484
f 2877/35/471 2908/37/504 2907/35/503
f 2865/10/458 2896/12/491 2895/10/490
f 2878/37/472 2909/38/505 2908/37/504
f 2867/14/460 2896/12/491 2866/12/459
f 2879/38/473 2910/40/506 2909/38/505
f 2868/15/461 2897/14/492 2867/14/460
f 2880/40/474 2911/42/507 2910/40/506
f 2869/17/462 2898/15/493 2868/15/461
f 2881/42/475 2912/44/508 2911/42/507
f 2870/19/463 2899/17/494 2869/17/462
f 2882/44/476 2913/46/509 2912/44/508
f 2871/21/464 2900/19/495 2870/19/463
f 2923/7/520 2954/9/553 2953/7/552
f 2917/54/513 2946/52/544 2916/52/512
f 2904/27/499 2935/29/532 2934/27/531
f 2891/3/486 2922/5/519 2921/3/518
f 2918/56/514 2947/54/545 2917/54/513
f 2905/29/500 533/31/533 2935/29/532
f 2892/5/487 2923/7/520 2922/5/519
f 2919/58/515 2948/56/546 2918/56/514
f 2906/33/502 533/31/533 501/31/501
f 2893/7/488 2924/9/521 2923/7/520
f 2920/61/516 2949/58/547 2919/58/515
f 2907/35/503 2936/33/534 2906/33/502
f 2894/9/489 2925/10/522 2924/9/521
f 485/63/485 2950/61/548 2920/61/516
f 2908/37/504 2937/35/535 2907/35/503
f 2895/10/490 2926/12/523 2925/10/522
f 2909/38/505 2938/37/536 2908/37/504
f 2896/12/491 2927/14/524 2926/12/523
f 2910/40/506 2939/38/537 2909/38/505
f 2897/14/492 2928/15/525 2927/14/524
f 2911/42/507 2940/40/538 2910/40/506
f 2898/15/493 2929/17/526 2928/15/525
f 2912/44/508 2941/42/539 2911/42/507
f 2899/17/494 2930/19/527 2929/17/526
f 2913/46/509 2942/44/540 2912/44/508
f 2900/19/495 2931/21/528 2930/19/527
f 2914/48/510 2943/46/541 2913/46/509
f 2901/21/496 2932/23/529 2931/21/528
f 2915/50/511 2944/48/542 2914/48/510
f 2902/23/497 2933/25/530 2932/23/529
f 2916/52/512 2945/50/543 2915/50/511
f 2903/25/498 2934/27/531 2933/25/530
f 2978/74/578 2979/75/579 2968/76/568
f 2950/61/548 2979/58/579 2949/58/547
f 2937/35/535 2966/33/566 2936/33/534
f 2924/9/521 2955/10/554 2954/9/553
f 517/63/517 2980/61/580 2950/61/548
f 2938/37/536 2967/35/567 2937/35/535
f 2925/10/522 2956/12/555 2955/10/554
f 2939/38/537 2968/37/568 2938/37/536
f 2926/12/523 2957/14/556 2956/12/555
f 2940/40/538 2969/38/569 2939/38/537
f 2927/14/524 2958/15/557 2957/14/556
f 2941/42/539 2970/40/570 2940/40/538
f 2928/15/525 2959/17/558 2958/15/557
f 2942/44/540 2971/42/571 2941/42/539
f 2929/17/526 2960/19/559 2959/17/558
f 2943/46/541 2972/44/572 2942/44/540
f 2930/19/527 2961/21/560 2960/19/559
f 2944/48/542 2973/46/573 2943/46/541
f 2931/21/528 2962/23/561 2961/21/560
f 2945/50/543 2974/48/574 2944/48/542
f 2932/23/529 2963/25/562 2962/23/561
f 2946/52/544 2975/50/575 2945/50/543
f 2933/25/530 2964/27/563 2963/25/562
f 517/1/517 2951/3/550 549/1/549
f 2947/54/545 2976/52/576 2946/52/544
f 2934/27/531 2965/29/564 2964/27/563
f 2921/3/518 2952/5/551 2951/3/550
f 2948/56/546 2977/54/577 2947/54/545
f 533/31/533 2965/29/564 2935/29/532
f 2922/5/519 2953/7/552 2952/5/551
f 2949/58/547 2978/56/578 2948/56/546
f 533/31/533 2966/33/566 565/31/565
f 2987/21/587 2998/23/598 2997/21/597
f 2983/14/583 2994/15/594 2993/14/593
f 3000/27/600 3005/25/605 3006/27/606
f 2984/15/584 2995/17/595 2994/15/594
f 2990/27/590 3002/25/602 2989/25/589
f 2985/17/585 2996/19/596 2995/17/595
f 2982/12/582 2991/10/591 2981/10/581
f 2986/19/586 2997/21/597 2996/19/596
f 2982/12/582 2993/14/593 2992/12/592
f 2445/12/13 2981/10/581 2443/10/11
f 2504/19/75 2995/17/595 2996/19/596
f 2453/19/21 2987/21/587 2986/19/586
f 2504/19/75 2997/21/597 2505/21/76
f 2451/17/19 2984/15/584 2449/15/17
f 2459/25/27 2990/27/590 2989/25/589
f 2505/21/76 2998/23/598 2506/23/77
f 2447/14/15 2982/12/582 2445/12/13
f 2506/23/77 2999/25/599 2507/25/78
f 2455/21/23 2988/23/588 2987/21/587
f 2500/12/71 2991/10/591 2992/12/592
f 3003/27/603 3008/25/608 3002/25/602
f 3006/27/606 3011/25/611 3012/27/612
f 2988/23/588 3004/23/604 2998/23/598
f 2989/25/589 3001/23/601 2988/23/588
f 2999/25/599 3004/23/604 3005/25/605
f 2990/27/590 3006/27/606 3003/27/603
f 3009/27/609 3014/25/614 3008/25/608
f 3012/27/612 3017/25/617 3018/27/618
f 3006/27/606 3009/27/609 3003/27/603
f 3004/23/604 3007/23/607 3010/23/610
f 3005/25/605 3010/23/610 3011/25/611
f 3002/25/602 3007/23/607 3001/23/601
f 3013/23/613 3022/23/622 3016/23/616
f 3015/27/615 3024/27/624 3021/27/621
f 3009/27/609 3018/27/618 3015/27/615
f 3007/23/607 3016/23/616 3010/23/610
f 3011/25/611 3016/23/616 3017/25/617
f 3008/25/608 3013/23/613 3007/23/607
f 3021/27/621 3026/25/626 3020/25/620
f 3024/27/624 3029/25/629 3030/27/630
f 3017/25/617 3022/23/622 3023/25/623
f 3014/25/614 3019/23/619 3013/23/613
f 3018/27/618 3023/25/623 3024/27/624
f 3015/27/615 3020/25/620 3014/25/614
f 3025/23/625 3034/23/634 3028/23/628
f 3027/27/627 3036/27/636 3033/27/633
f 3021/27/621 3030/27/630 3027/27/627
f 3019/23/619 3028/23/628 3022/23/622
f 3023/25/623 3028/23/628 3029/25/629
f 3020/25/620 3025/23/625 3019/23/619
f 3032/25/632 3034/23/634 3031/23/631
f 3032/25/632 3036/27/636 3035/25/635
f 3029/25/629 3034/23/634 3035/25/635
f 3026/25/626 3031/23/631 3025/23/625
f 3030/27/630 3035/25/635 3036/27/636
f 3027/27/627 3032/25/632 3026/25/626
f 3049/24/1250 3078/22/1283 3079/24/1282
f 2683/59/1222 3046/18/1253 2684/18/1221
f 2697/47/1207 3058/45/1240 3059/47/1239
f 2685/20/1220 3046/18/1253 3047/20/1252
f 2697/47/1207 3060/49/1238 2698/49/1206
f 2685/20/1220 3048/22/1251 2686/22/1219
f 2699/51/1205 3060/49/1238 3061/51/1237
f 2687/24/1218 3048/22/1251 3049/24/1250
f 2699/51/1205 3062/53/1236 2700/53/1204
f 2688/26/1217 3049/24/1250 3050/26/1249
f 2675/2/1230 2235/67/1231 3037/2/1262
f 2701/55/1203 3062/53/1236 3063/55/1235
f 2688/26/1217 3051/28/1248 2689/28/1216
f 2676/4/1229 3037/2/1262 3038/4/1261
f 2701/55/1203 3064/57/1234 2702/57/1202
f 1887/30/1215 3051/28/1248 2251/30/1247
f 2677/6/1228 3038/4/1261 3039/6/1260
f 2702/57/1202 3065/60/1233 2703/60/1201
f 1887/30/1215 3052/32/1246 2690/32/1214
f 2677/6/1228 3040/8/1259 2678/8/1227
f 2704/62/1200 3065/60/1233 3066/62/1232
f 2690/32/1214 3053/34/1245 2691/34/1213
f 2678/8/1227 3041/66/1258 2679/66/1226
f 1871/68/1199 3066/62/1232 2235/68/1231
f 2691/34/1213 3054/36/1244 2692/36/1212
f 2680/11/1225 3041/66/1258 3042/11/1257
f 2692/36/1212 3055/39/1243 2693/39/1211
f 2680/11/1225 3043/13/1256 2681/13/1224
f 2694/41/1210 3055/39/1243 3056/41/1242
f 2682/16/1223 3043/13/1256 3044/16/1444
f 2694/41/1210 3057/43/1241 2695/43/1209
f 2682/16/1223 3045/59/1254 2683/59/1222
f 2283/30/1279 3201/28/1407 2410/30/1406
f 3062/53/1236 3091/51/1448 3092/53/1449
f 3050/26/1249 3079/24/1282 3080/26/1281
f 2235/67/1231 3067/2/1294 3037/2/1262
f 3063/55/1235 3092/53/1449 3093/55/1450
f 3051/28/1248 3080/26/1281 3081/28/1280
f 3037/2/1262 3068/4/1293 3038/4/1261
f 3064/57/1234 3093/55/1450 3094/57/1266
f 2251/30/1247 3081/28/1280 2283/30/1279
f 3038/4/1261 3069/6/1292 3039/6/1260
f 3065/60/1233 3094/57/1266 3095/60/1265
f 2251/30/1247 3082/32/1278 3052/32/1246
f 3039/6/1260 3070/8/1445 3040/8/1259
f 3066/62/1232 3095/60/1265 3096/62/1264
f 3052/32/1246 3083/34/1277 3053/34/1245
f 3040/8/1259 3071/66/1446 3041/66/1258
f 2235/68/1231 3096/62/1264 2267/68/1263
f 3053/34/1245 3084/36/1276 3054/36/1244
f 3041/66/1258 3072/11/1447 3042/11/1257
f 3054/36/1244 3085/39/1275 3055/39/1243
f 3042/11/1257 3073/13/1288 3043/13/1256
f 3055/39/1243 3086/41/1274 3056/41/1242
f 3043/13/1256 3074/16/1287 3044/16/1444
f 3056/41/1242 3087/43/1273 3057/43/1241
f 3045/59/1254 3074/16/1287 3075/59/1286
f 3057/43/1241 3088/45/1272 3058/45/1240
f 3046/18/1253 3075/59/1286 3076/18/1285
f 3058/45/1240 3089/47/1271 3059/47/1239
f 3047/20/1252 3076/18/1285 3077/20/1284
f 3060/49/1238 3089/47/1271 3090/49/1270
f 3048/22/1251 3077/20/1284 3078/22/1283
f 3061/51/1237 3090/49/1270 3091/51/1448
f 3114/36/1308 3143/34/1341 3144/36/1340
f 3069/6/1292 3098/4/1325 3099/6/1324
f 3094/57/1266 3125/60/1297 3095/60/1265
f 3112/32/1310 3209/34/1411 3208/32/1412
f 3070/8/1445 3099/6/1324 3100/8/1451
f 3095/60/1265 3126/62/1296 3096/62/1264
f 3081/28/1280 3200/26/1470 3201/28/1407
f 3102/11/1453 3189/11/1460 3192/11/1463
f 3096/62/1264 2299/68/1295 2267/68/1263
f 2315/30/1311 3208/32/1412 2417/30/1413
f 3101/66/1452 3192/11/1463 3191/66/1462
f 3085/39/1275 3114/36/1308 3115/39/1307
f 3072/11/1447 3103/13/1320 3073/13/1288
f 3086/41/1274 3115/39/1307 3116/41/1306
f 3073/13/1288 3104/16/1319 3074/16/1287
f 3087/43/1273 3116/41/1306 3117/43/1305
f 3074/16/1287 3105/59/1318 3075/59/1286
f 3088/45/1272 3117/43/1305 3118/45/1304
f 3075/59/1286 3106/18/1317 3076/18/1285
f 3089/47/1271 3118/45/1304 3119/47/1303
f 3076/18/1285 3107/20/1316 3077/20/1284
f 3090/49/1270 3119/47/1303 3120/49/1302
f 3077/20/1284 3108/22/1315 3078/22/1283
f 3091/51/1448 3120/49/1302 3121/51/1454
f 3078/22/1283 3109/24/1314 3079/24/1282
f 3091/51/1448 3122/53/1455 3092/53/1449
f 3080/26/1281 3199/24/1409 3200/26/1470
f 3067/2/1294 2299/67/1295 3097/2/1326
f 3092/53/1449 3123/55/1456 3093/55/1450
f 2315/30/1311 3207/28/1414 3111/28/1312
f 3068/4/1293 3097/2/1326 3098/4/1325
f 3093/55/1450 3124/57/1298 3094/57/1266
f 3147/43/1337 3176/41/1370 3177/43/1369
f 3102/11/1453 3131/66/1354 3132/11/1353
f 3115/39/1307 3144/36/1340 3145/39/1339
f 3103/13/1320 3132/11/1353 3133/13/1352
f 3115/39/1307 3146/41/1338 3116/41/1306
f 3104/16/1319 3133/13/1352 3134/16/1351
f 3116/41/1306 3147/43/1337 3117/43/1305
f 3105/59/1318 3134/16/1351 3135/59/1350
f 3117/43/1305 3148/45/1336 3118/45/1304
f 3106/18/1317 3135/59/1350 3136/18/1349
f 3118/45/1304 3149/47/1335 3119/47/1303
f 3107/20/1316 3136/18/1349 3137/20/1348
f 3119/47/1303 3150/49/1334 3120/49/1302
f 3108/22/1315 3137/20/1348 3138/22/1347
f 3120/49/1302 3151/51/1333 3121/51/1454
f 3108/22/1315 3139/24/1346 3109/24/1314
f 3121/51/1454 3152/53/1332 3122/53/1455
f 3109/24/1314 3140/26/1345 3110/26/1313
f 3097/2/1326 2331/67/1327 3127/2/1358
f 3122/53/1455 3153/55/1331 3123/55/1456
f 3110/26/1313 3141/28/1344 3111/28/1312
f 3098/4/1325 3127/2/1358 3128/4/1357
f 3123/55/1456 3154/57/1330 3124/57/1298
f 3111/28/1312 2347/30/1343 2315/30/1311
f 3099/6/1324 3128/4/1357 3129/6/1356
f 3124/57/1298 3155/60/1329 3125/60/1297
f 3112/32/1310 2347/30/1343 3142/32/1342
f 3100/8/1451 3129/6/1356 3130/8/1355
f 3125/60/1297 3156/62/1328 3126/62/1296
f 3113/34/1309 3142/32/1342 3143/34/1341
f 3101/66/1452 3130/8/1355 3131/66/1354
f 3126/62/1296 2331/68/1327 2299/68/1295
f 3160/77/1387 3159/78/1388 3183/79/1363
f 3134/16/1351 3165/59/1382 3135/59/1350
f 3148/45/1336 3177/43/1369 3178/45/1368
f 3135/59/1350 3166/18/1381 3136/18/1349
f 3149/47/1335 3178/45/1368 3179/47/1367
f 3136/18/1349 3167/20/1380 3137/20/1348
f 3149/47/1335 3180/49/1366 3150/49/1334
f 3137/20/1348 3168/22/1379 3138/22/1347
f 3150/49/1334 3181/51/1365 3151/51/1333
f 3138/22/1347 3169/24/1378 3139/24/1346
f 3151/51/1333 3182/53/1364 3152/53/1332
f 3139/24/1346 3170/26/1377 3140/26/1345
f 3127/2/1358 2363/67/1359 3157/2/1390
f 3152/53/1332 3183/55/1363 3153/55/1331
f 3140/26/1345 3171/28/1376 3141/28/1344
f 3128/4/1357 3157/2/1390 3158/4/1389
f 3153/55/1331 3184/57/1362 3154/57/1330
f 3141/28/1344 2379/30/1375 2347/30/1343
f 3129/6/1356 3158/4/1389 3159/6/1388
f 3154/57/1330 3185/60/1361 3155/60/1329
f 3142/32/1342 2379/30/1375 3172/32/1374
f 3130/8/1355 3159/6/1388 3160/8/1387
f 3155/60/1329 3186/62/1360 3156/62/1328
f 3143/34/1341 3172/32/1374 3173/34/1373
f 3131/66/1354 3160/8/1387 3161/66/1386
f 3156/62/1328 2363/68/1359 2331/68/1327
f 3144/36/1340 3173/34/1373 3174/36/1457
f 3132/11/1353 3161/66/1386 3162/11/1385
f 3145/39/1339 3174/36/1457 3175/39/1371
f 3133/13/1352 3162/11/1385 3163/13/1384
f 3146/41/1338 3175/39/1371 3176/41/1370
f 3134/16/1351 3163/13/1384 3164/16/1383
f 3188/66/1459 3195/11/1466 3189/11/1460
f 3191/66/1462 3198/11/1469 3197/66/1468
f 3100/8/1451 3187/8/1458 3070/8/1445
f 3070/8/1445 3188/66/1459 3071/66/1446
f 3100/8/1451 3191/66/1462 3190/8/1461
f 3071/66/1446 3189/11/1460 3072/11/1447
f 3194/66/1465 3196/8/1467 3197/66/1468
f 3195/11/1466 3197/66/1468 3198/11/1469
f 3192/11/1463 3195/11/1466 3198/11/1469
f 3190/8/1461 3193/8/1464 3187/8/1458
f 3191/66/1462 3196/8/1467 3190/8/1461
f 3188/66/1459 3193/8/1464 3194/66/1465
f 3204/36/1403 3222/36/1424 3210/36/1410
f 3201/28/1407 3212/26/1472 3213/28/1421
f 2417/30/1413 3219/28/1428 3207/28/1414
f 3200/26/1470 3211/24/1423 3212/26/1472
f 3207/28/1414 3218/26/1429 3206/26/1415
f 3206/26/1415 3217/24/1430 3205/24/1471
f 3113/34/1309 3210/36/1410 3209/34/1411
f 2283/30/1279 3202/32/1405 3082/32/1278
f 3082/32/1278 3203/34/1404 3083/34/1277
f 3110/26/1313 3205/24/1471 3109/24/1314
f 3083/34/1277 3204/36/1403 3084/36/1276
f 3111/28/1312 3206/26/1415 3110/26/1313
f 3084/36/1276 3210/36/1410 3114/36/1308
f 3079/24/1282 3205/24/1471 3199/24/1409
f 3213/28/1421 2431/30/1427 2424/30/1420
f 3214/32/1419 2431/30/1427 3220/32/1426
f 3215/34/1473 3220/32/1426 3221/34/1425
f 3216/36/1417 3221/34/1425 3222/36/1424
f 3211/24/1423 3218/26/1429 3212/26/1472
f 3212/26/1472 3219/28/1428 3213/28/1421
f 2417/30/1413 3220/32/1426 2431/30/1427
f 2410/30/1406 3213/28/1421 2424/30/1420
f 3199/24/1409 3217/24/1430 3211/24/1423
f 3208/32/1412 3221/34/1425 3220/32/1426
f 2410/30/1406 3214/32/1419 3202/32/1405
f 3209/34/1411 3222/36/1424 3221/34/1425
f 3202/32/1405 3215/34/1473 3203/34/1404
f 3203/34/1404 3216/36/1417 3204/36/1403
f 1/1/1 2/67/2 4/2/4
f 3/3/3 4/2/4 6/4/6
f 5/5/5 6/4/6 8/6/8
f 7/7/7 8/6/8 10/8/10
f 10/8/10 12/66/12 11/10/11
f 11/10/11 12/66/12 14/11/14
f 13/12/13 14/11/14 16/13/16
f 16/13/16 18/16/18 17/15/17
f 18/16/18 20/59/20 19/17/19
f 19/17/19 20/59/20 22/18/22
f 21/19/21 22/18/22 24/20/24
f 23/21/23 24/20/24 26/22/26
f 25/23/25 26/22/26 28/24/28
f 27/25/27 28/24/28 30/26/30
f 29/27/29 30/26/30 32/28/32
f 31/29/31 32/28/32 34/30/34
f 33/31/33 34/30/34 36/32/36
f 35/33/35 36/32/36 38/34/38
f 37/35/37 38/34/38 40/36/40
f 40/36/40 42/39/42 41/38/41
f 42/39/42 44/41/44 43/40/43
f 44/41/44 46/43/46 45/42/45
f 46/43/46 48/45/48 47/44/47
f 48/45/48 50/47/50 49/46/49
f 50/47/50 52/49/52 51/48/51
f 52/49/52 54/51/54 53/50/53
f 54/51/54 56/53/56 55/52/55
f 56/53/56 58/55/58 57/54/57
f 58/55/58 60/57/60 59/56/59
f 60/57/60 62/60/62 61/58/61
f 290/59/290 289/16/289 137/16/137
f 62/60/62 64/62/64 63/61/63
f 64/62/64 2/68/2 1/63/1
f 79/27/79 600/27/600 590/27/590
f 90/48/90 122/48/122 121/46/121
f 43/40/43 86/40/86 85/38/85
f 59/56/59 61/58/61 95/58/95
f 74/17/74 73/15/73 594/15/594
f 35/33/35 82/33/82 81/31/81
f 53/50/53 91/50/91 90/48/90
f 9/9/9 69/9/69 68/7/68
f 25/23/25 27/25/27 589/25/589
f 45/42/45 87/42/87 86/40/86
f 61/58/61 63/61/63 96/61/96
f 70/10/70 11/10/11 581/10/581
f 37/35/37 83/35/83 82/33/82
f 53/50/53 55/52/55 92/52/92
f 9/9/9 11/10/11 70/10/70
f 17/15/17 584/15/584 583/14/583
f 47/44/47 88/44/88 87/42/87
f 3/3/3 66/3/66 65/1/65
f 63/61/63 1/63/1 65/63/65
f 73/15/73 72/14/72 593/14/593
f 39/37/39 84/37/84 83/35/83
f 55/52/55 57/54/57 93/54/93
f 72/14/72 71/12/71 592/12/592
f 29/27/29 31/29/31 80/29/80
f 49/46/49 89/46/89 88/44/88
f 5/5/5 67/5/67 66/3/66
f 21/19/21 586/19/586 585/17/585
f 41/38/41 85/38/85 84/37/84
f 57/54/57 59/56/59 94/56/94
f 78/25/78 599/25/599 600/27/600
f 31/29/31 33/31/33 81/31/81
f 51/48/51 90/48/90 89/46/89
f 7/7/7 68/7/68 67/5/67
f 106/17/106 107/19/107 367/19/367
f 76/21/76 77/23/77 109/23/109
f 91/50/91 123/50/123 122/48/122
f 77/23/77 78/25/78 110/25/110
f 92/52/92 124/52/124 123/50/123
f 78/25/78 79/27/79 111/27/111
f 65/1/65 66/3/66 98/3/98
f 93/54/93 125/54/125 124/52/124
f 79/27/79 80/29/80 112/29/112
f 66/3/66 67/5/67 99/5/99
f 94/56/94 126/56/126 125/54/125
f 80/29/80 81/31/81 113/31/113
f 67/5/67 68/7/68 100/7/100
f 95/58/95 127/58/127 126/56/126
f 82/33/82 114/33/114 113/31/113
f 68/7/68 69/9/69 101/9/101
f 96/61/96 128/61/128 127/58/127
f 83/35/83 115/35/115 114/33/114
f 69/9/69 70/10/70 102/10/102
f 65/63/65 97/63/97 128/61/128
f 84/37/84 116/37/116 115/35/115
f 70/10/70 71/12/71 103/12/103
f 85/38/85 117/38/117 116/37/116
f 71/12/71 72/14/72 104/14/104
f 86/40/86 118/40/118 117/38/117
f 72/14/72 73/15/73 105/15/105
f 87/42/87 119/42/119 118/40/118
f 73/15/73 74/17/74 106/17/106
f 88/44/88 120/44/120 119/42/119
f 74/17/74 75/19/75 107/19/107
f 89/46/89 121/46/121 120/44/120
f 75/19/75 76/21/76 108/21/108
f 159/60/159 158/57/158 190/57/190
f 291/64/291 146/32/146 147/34/147
f 293/51/293 155/51/155 156/53/156
f 296/66/296 295/73/295 133/8/133
f 141/22/141 324/22/324 323/20/323
f 299/43/299 151/43/151 152/45/152
f 302/2/302 301/67/301 129/67/129
f 303/62/303 160/62/160 129/68/129
f 311/20/311 304/18/304 330/18/330
f 292/65/292 147/34/147 148/36/148
f 294/53/294 156/53/156 157/55/157
f 307/11/307 296/66/296 134/66/134
f 308/28/308 298/26/298 143/26/143
f 300/45/300 152/45/152 153/47/153
f 310/4/310 302/2/302 130/2/130
f 318/22/318 311/20/311 331/20/331
f 305/36/305 148/36/148 149/39/149
f 306/55/306 157/55/157 158/57/158
f 314/70/314 307/11/307 135/11/135
f 315/30/315 308/28/308 144/28/144
f 309/47/309 153/47/153 154/49/154
f 317/6/317 310/4/310 131/4/131
f 297/72/297 318/22/318 332/22/332
f 312/39/312 149/39/149 150/41/150
f 313/69/313 158/57/158 159/60/159
f 289/16/289 314/70/314 136/13/136
f 315/30/315 145/30/145 146/32/146
f 316/71/316 154/49/154 155/51/155
f 295/73/295 317/6/317 132/6/132
f 140/20/140 323/20/323 322/18/322
f 319/41/319 150/41/150 151/43/151
f 320/60/320 159/60/159 160/62/160
f 178/32/178 177/30/177 209/30/209
f 145/30/145 177/30/177 178/32/178
f 132/6/132 164/6/164 165/8/165
f 160/62/160 159/60/159 191/60/191
f 146/32/146 178/32/178 179/34/179
f 133/8/133 165/8/165 166/66/166
f 129/68/129 160/62/160 192/62/192
f 148/36/148 147/34/147 179/34/179
f 134/66/134 166/66/166 167/11/167
f 149/39/149 148/36/148 180/36/180
f 135/11/135 167/11/167 168/13/168
f 150/41/150 149/39/149 181/39/181
f 136/13/136 168/13/168 169/16/169
f 151/43/151 150/41/150 182/41/182
f 137/16/137 169/16/169 170/59/170
f 152/45/152 151/43/151 183/43/183
f 138/59/138 170/59/170 171/18/171
f 153/47/153 152/45/152 184/45/184
f 139/18/139 171/18/171 172/20/172
f 154/49/154 153/47/153 185/47/185
f 140/20/140 172/20/172 173/22/173
f 155/51/155 154/49/154 186/49/186
f 141/22/141 173/22/173 174/24/174
f 156/53/156 155/51/155 187/51/187
f 142/24/142 174/24/174 175/26/175
f 130/2/130 129/67/129 161/67/161
f 157/55/157 156/53/156 188/53/188
f 143/26/143 175/26/175 176/28/176
f 130/2/130 162/2/162 163/4/163
f 158/57/158 157/55/157 189/55/189
f 144/28/144 176/28/176 177/30/177
f 131/4/131 163/4/163 164/6/164
f 213/39/213 212/36/212 244/36/244
f 164/6/164 196/6/196 197/8/197
f 192/62/192 191/60/191 223/60/223
f 179/34/179 178/32/178 210/32/210
f 165/8/165 197/8/197 198/66/198
f 161/68/161 192/62/192 224/62/224
f 180/36/180 179/34/179 211/34/211
f 166/66/166 198/66/198 199/11/199
f 181/39/181 180/36/180 212/36/212
f 167/11/167 199/11/199 200/13/200
f 182/41/182 181/39/181 213/39/213
f 168/13/168 200/13/200 201/16/201
f 183/43/183 182/41/182 214/41/214
f 169/16/169 201/16/201 202/59/202
f 184/45/184 183/43/183 215/43/215
f 170/59/170 202/59/202 203/18/203
f 185/47/185 184/45/184 216/45/216
f 171/18/171 203/18/203 204/20/204
f 186/49/186 185/47/185 217/47/217
f 172/20/172 204/20/204 205/22/205
f 187/51/187 186/49/186 218/49/218
f 173/22/173 205/22/205 206/24/206
f 188/53/188 187/51/187 219/51/219
f 174/24/174 206/24/206 207/26/207
f 161/67/161 193/67/193 194/2/194
f 189/55/189 188/53/188 220/53/220
f 175/26/175 207/26/207 208/28/208
f 162/2/162 194/2/194 195/4/195
f 190/57/190 189/55/189 221/55/221
f 176/28/176 208/28/208 209/30/209
f 163/4/163 195/4/195 196/6/196
f 191/60/191 190/57/190 222/57/222
f 248/45/248 247/43/247 279/43/279
f 199/11/199 231/11/231 232/13/232
f 214/41/214 213/39/213 245/39/245
f 200/13/200 232/13/232 233/16/233
f 215/43/215 214/41/214 246/41/246
f 201/16/201 233/16/233 234/59/234
f 216/45/216 215/43/215 247/43/247
f 202/59/202 234/59/234 235/18/235
f 217/47/217 216/45/216 248/45/248
f 203/18/203 235/18/235 236/20/236
f 218/49/218 217/47/217 249/47/249
f 204/20/204 236/20/236 237/22/237
f 219/51/219 218/49/218 250/49/250
f 205/22/205 237/22/237 238/24/238
f 220/53/220 219/51/219 251/51/251
f 206/24/206 238/24/238 239/26/239
f 193/67/193 225/67/225 226/2/226
f 221/55/221 220/53/220 252/53/252
f 207/26/207 239/26/239 240/28/240
f 194/2/194 226/2/226 227/4/227
f 222/57/222 221/55/221 253/55/253
f 208/28/208 240/28/240 241/30/241
f 195/4/195 227/4/227 228/6/228
f 223/60/223 222/57/222 254/57/254
f 210/32/210 209/30/209 241/30/241
f 196/6/196 228/6/228 229/8/229
f 224/62/224 223/60/223 255/60/255
f 211/34/211 210/32/210 242/32/242
f 197/8/197 229/8/229 230/66/230
f 193/68/193 224/62/224 256/62/256
f 212/36/212 211/34/211 243/34/243
f 198/66/198 230/66/230 231/11/231
f 280/45/280 279/43/279 659/43/659
f 234/59/234 266/59/266 267/18/267
f 249/47/249 248/45/248 280/45/280
f 235/18/235 267/18/267 268/20/268
f 249/47/249 281/47/281 282/49/282
f 236/20/236 268/20/268 269/22/269
f 250/49/250 282/49/282 283/51/283
f 237/22/237 269/22/269 270/24/270
f 251/51/251 283/51/283 284/53/284
f 238/24/238 270/24/270 271/26/271
f 226/2/226 225/67/225 257/67/257
f 252/53/252 284/53/284 285/55/285
f 239/26/239 271/26/271 272/28/272
f 227/4/227 226/2/226 258/2/258
f 253/55/253 285/55/285 286/57/286
f 240/28/240 272/28/272 273/30/273
f 228/6/228 227/4/227 259/4/259
f 254/57/254 286/57/286 287/60/287
f 242/32/242 241/30/241 273/30/273
f 229/8/229 228/6/228 260/6/260
f 255/60/255 287/60/287 288/62/288
f 243/34/243 242/32/242 274/32/274
f 230/66/230 229/8/229 261/8/261
f 256/62/256 288/62/288 257/68/257
f 244/36/244 243/34/243 275/34/275
f 231/11/231 230/66/230 262/66/262
f 245/39/245 244/36/244 276/36/276
f 232/13/232 231/11/231 263/11/263
f 246/41/246 245/39/245 277/39/277
f 233/16/233 232/13/232 264/13/264
f 247/43/247 246/41/246 278/41/278
f 233/16/233 265/16/265 266/59/266
f 64/62/64 62/60/62 320/60/320
f 44/41/44 319/41/319 299/43/299
f 28/24/28 26/22/26 318/22/318
f 10/8/10 8/6/8 317/6/317
f 52/49/52 316/71/316 293/51/293
f 34/30/34 315/30/315 291/64/291
f 18/16/18 16/13/16 314/70/314
f 60/57/60 313/69/313 320/60/320
f 42/39/42 312/39/312 319/41/319
f 26/22/26 24/20/24 311/20/311
f 8/6/8 6/4/6 310/4/310
f 50/47/50 309/47/309 316/71/316
f 34/30/34 32/28/32 308/28/308
f 16/13/16 14/11/14 307/11/307
f 58/55/58 306/55/306 313/69/313
f 40/36/40 305/36/305 312/39/312
f 24/20/24 22/18/22 304/18/304
f 4/2/4 302/2/302 310/4/310
f 48/45/48 300/45/300 309/47/309
f 32/28/32 30/26/30 298/26/298
f 14/11/14 12/66/12 296/66/296
f 56/53/56 294/53/294 306/55/306
f 38/34/38 292/65/292 305/36/305
f 22/18/22 20/59/20 290/59/290
f 2/68/2 64/62/64 303/62/303
f 2/67/2 301/67/301 302/2/302
f 46/43/46 299/43/299 300/45/300
f 30/26/30 28/24/28 297/72/297
f 12/66/12 10/8/10 295/73/295
f 54/51/54 293/51/293 294/53/294
f 36/32/36 291/64/291 292/65/292
f 20/59/20 18/16/18 289/16/289
f 329/26/329 328/72/328 336/72/336
f 330/18/330 327/59/327 321/59/321
f 331/20/331 330/18/330 322/18/322
f 332/22/332 331/20/331 323/20/323
f 332/22/332 324/22/324 333/22/333
f 304/18/304 290/59/290 327/59/327
f 290/59/290 138/59/138 321/59/321
f 297/72/297 328/72/328 329/26/329
f 141/22/141 142/24/142 325/24/325
f 139/18/139 322/18/322 321/59/321
f 143/26/143 298/26/298 329/26/329
f 142/24/142 143/26/143 326/26/326
f 333/22/333 339/22/339 344/22/344
f 336/72/336 342/72/342 343/26/343
f 326/26/326 335/26/335 334/24/334
f 328/72/328 332/22/332 338/22/338
f 329/26/329 337/26/337 335/26/335
f 325/24/325 334/24/334 333/22/333
f 341/26/341 343/26/343 349/26/349
f 342/72/342 344/22/344 350/22/350
f 334/24/334 340/24/340 339/22/339
f 336/72/336 338/22/338 344/22/344
f 335/26/335 337/26/337 343/26/343
f 335/26/335 341/26/341 340/24/340
f 345/22/345 351/22/351 356/22/356
f 348/72/348 354/72/354 355/26/355
f 341/26/341 347/26/347 346/24/346
f 342/72/342 348/72/348 349/26/349
f 339/22/339 345/22/345 350/22/350
f 340/24/340 346/24/346 345/22/345
f 355/26/355 354/72/354 352/24/352
f 354/72/354 356/22/356 351/22/351
f 346/24/346 352/24/352 351/22/351
f 348/72/348 350/22/350 356/22/356
f 347/26/347 349/26/349 355/26/355
f 347/26/347 353/26/353 352/24/352
f 371/27/371 372/29/372 404/29/404
f 121/46/121 381/46/381 380/44/380
f 107/19/107 108/21/108 368/21/368
f 122/48/122 382/48/382 381/46/381
f 108/21/108 109/23/109 369/23/369
f 123/50/123 383/50/383 382/48/382
f 109/23/109 110/25/110 370/25/370
f 123/50/123 124/52/124 384/52/384
f 110/25/110 111/27/111 371/27/371
f 98/3/98 358/3/358 357/1/357
f 124/52/124 125/54/125 385/54/385
f 111/27/111 112/29/112 372/29/372
f 99/5/99 359/5/359 358/3/358
f 125/54/125 126/56/126 386/56/386
f 112/29/112 113/31/113 373/31/373
f 100/7/100 360/7/360 359/5/359
f 126/56/126 127/58/127 387/58/387
f 114/33/114 374/33/374 373/31/373
f 101/9/101 361/9/361 360/7/360
f 127/58/127 128/61/128 388/61/388
f 115/35/115 375/35/375 374/33/374
f 102/10/102 362/10/362 361/9/361
f 128/61/128 97/63/97 357/63/357
f 116/37/116 376/37/376 375/35/375
f 103/12/103 363/12/363 362/10/362
f 117/38/117 377/38/377 376/37/376
f 103/12/103 104/14/104 364/14/364
f 118/40/118 378/40/378 377/38/377
f 104/14/104 105/15/105 365/15/365
f 119/42/119 379/42/379 378/40/378
f 105/15/105 106/17/106 366/17/366
f 120/44/120 380/44/380 379/42/379
f 420/61/420 389/63/389 421/63/421
f 358/3/358 359/5/359 391/5/391
f 386/56/386 418/56/418 417/54/417
f 372/29/372 373/31/373 405/31/405
f 359/5/359 360/7/360 392/7/392
f 387/58/387 419/58/419 418/56/418
f 374/33/374 406/33/406 405/31/405
f 360/7/360 361/9/361 393/9/393
f 388/61/388 420/61/420 419/58/419
f 375/35/375 407/35/407 406/33/406
f 361/9/361 362/10/362 394/10/394
f 357/63/357 389/63/389 420/61/420
f 376/37/376 408/37/408 407/35/407
f 362/10/362 363/12/363 395/12/395
f 377/38/377 409/38/409 408/37/408
f 363/12/363 364/14/364 396/14/396
f 378/40/378 410/40/410 409/38/409
f 364/14/364 365/15/365 397/15/397
f 379/42/379 411/42/411 410/40/410
f 365/15/365 366/17/366 398/17/398
f 380/44/380 412/44/412 411/42/411
f 366/17/366 367/19/367 399/19/399
f 381/46/381 413/46/413 412/44/412
f 367/19/367 368/21/368 400/21/400
f 382/48/382 414/48/414 413/46/413
f 368/21/368 369/23/369 401/23/401
f 383/50/383 415/50/415 414/48/414
f 369/23/369 370/25/370 402/25/402
f 384/52/384 416/52/416 415/50/415
f 370/25/370 371/27/371 403/27/403
f 357/1/357 358/3/358 390/3/390
f 385/54/385 417/54/417 416/52/416
f 442/40/442 443/42/443 475/42/475
f 408/37/408 440/37/440 439/35/439
f 395/12/395 427/12/427 426/10/426
f 409/38/409 441/38/441 440/37/440
f 395/12/395 396/14/396 428/14/428
f 410/40/410 442/40/442 441/38/441
f 396/14/396 397/15/397 429/15/429
f 411/42/411 443/42/443 442/40/442
f 397/15/397 398/17/398 430/17/430
f 412/44/412 444/44/444 443/42/443
f 398/17/398 399/19/399 431/19/431
f 413/46/413 445/46/445 444/44/444
f 399/19/399 400/21/400 432/21/432
f 414/48/414 446/48/446 445/46/445
f 400/21/400 401/23/401 433/23/433
f 415/50/415 447/50/447 446/48/446
f 401/23/401 402/25/402 434/25/434
f 415/50/415 416/52/416 448/52/448
f 402/25/402 403/27/403 435/27/435
f 390/3/390 422/3/422 421/1/421
f 416/52/416 417/54/417 449/54/449
f 403/27/403 404/29/404 436/29/436
f 391/5/391 423/5/423 422/3/422
f 417/54/417 418/56/418 450/56/450
f 404/29/404 405/31/405 437/31/437
f 392/7/392 424/7/424 423/5/423
f 418/56/418 419/58/419 451/58/451
f 406/33/406 438/33/438 437/31/437
f 393/9/393 425/9/425 424/7/424
f 419/58/419 420/61/420 452/61/452
f 407/35/407 439/35/439 438/33/438
f 394/10/394 426/10/426 425/9/425
f 477/46/477 478/48/478 510/48/510
f 429/15/429 430/17/430 462/17/462
f 443/42/443 444/44/444 476/44/476
f 431/19/431 463/19/463 462/17/462
f 445/46/445 477/46/477 476/44/476
f 432/21/432 464/21/464 463/19/463
f 445/46/445 446/48/446 478/48/478
f 433/23/433 465/23/465 464/21/464
f 446/48/446 447/50/447 479/50/479
f 433/23/433 434/25/434 466/25/466
f 448/52/448 480/52/480 479/50/479
f 434/25/434 435/27/435 467/27/467
f 422/3/422 454/3/454 453/1/453
f 449/54/449 481/54/481 480/52/480
f 435/27/435 436/29/436 468/29/468
f 422/3/422 423/5/423 455/5/455
f 450/56/450 482/56/482 481/54/481
f 436/29/436 437/31/437 469/31/469
f 423/5/423 424/7/424 456/7/456
f 450/56/450 451/58/451 483/58/483
f 438/33/438 470/33/470 469/31/469
f 424/7/424 425/9/425 457/9/457
f 451/58/451 452/61/452 484/61/484
f 438/33/438 439/35/439 471/35/471
f 426/10/426 458/10/458 457/9/457
f 452/61/452 421/63/421 453/63/453
f 440/37/440 472/37/472 471/35/471
f 426/10/426 427/12/427 459/12/459
f 441/38/441 473/38/473 472/37/472
f 428/14/428 460/14/460 459/12/459
f 442/40/442 474/40/474 473/38/473
f 429/15/429 461/15/461 460/14/460
f 485/1/485 486/3/486 518/3/518
f 465/23/465 497/23/497 496/21/496
f 478/48/478 479/50/479 511/50/511
f 466/25/466 498/25/498 497/23/497
f 480/52/480 512/52/512 511/50/511
f 467/27/467 499/27/499 498/25/498
f 453/1/453 454/3/454 486/3/486
f 481/54/481 513/54/513 512/52/512
f 468/29/468 500/29/500 499/27/499
f 454/3/454 455/5/455 487/5/487
f 482/56/482 514/56/514 513/54/513
f 469/31/469 501/31/501 500/29/500
f 455/5/455 456/7/456 488/7/488
f 483/58/483 515/58/515 514/56/514
f 469/31/469 470/33/470 502/33/502
f 456/7/456 457/9/457 489/9/489
f 484/61/484 516/61/516 515/58/515
f 470/33/470 471/35/471 503/35/503
f 457/9/457 458/10/458 490/10/490
f 453/63/453 485/63/485 516/61/516
f 471/35/471 472/37/472 504/37/504
f 458/10/458 459/12/459 491/12/491
f 472/37/472 473/38/473 505/38/505
f 460/14/460 492/14/492 491/12/491
f 473/38/473 474/40/474 506/40/506
f 461/15/461 493/15/493 492/14/492
f 474/40/474 475/42/475 507/42/507
f 462/17/462 494/17/494 493/15/493
f 475/42/475 476/44/476 508/44/508
f 463/19/463 495/19/495 494/17/494
f 476/44/476 477/46/477 509/46/509
f 464/21/464 496/21/496 495/19/495
f 520/7/520 521/9/521 553/9/553
f 513/54/513 545/54/545 544/52/544
f 499/27/499 500/29/500 532/29/532
f 486/3/486 487/5/487 519/5/519
f 514/56/514 546/56/546 545/54/545
f 500/29/500 501/31/501 533/31/533
f 487/5/487 488/7/488 520/7/520
f 515/58/515 547/58/547 546/56/546
f 502/33/502 534/33/534 533/31/533
f 488/7/488 489/9/489 521/9/521
f 516/61/516 548/61/548 547/58/547
f 503/35/503 535/35/535 534/33/534
f 489/9/489 490/10/490 522/10/522
f 485/63/485 517/63/517 548/61/548
f 504/37/504 536/37/536 535/35/535
f 490/10/490 491/12/491 523/12/523
f 505/38/505 537/38/537 536/37/536
f 491/12/491 492/14/492 524/14/524
f 506/40/506 538/40/538 537/38/537
f 492/14/492 493/15/493 525/15/525
f 507/42/507 539/42/539 538/40/538
f 493/15/493 494/17/494 526/17/526
f 508/44/508 540/44/540 539/42/539
f 494/17/494 495/19/495 527/19/527
f 509/46/509 541/46/541 540/44/540
f 495/19/495 496/21/496 528/21/528
f 510/48/510 542/48/542 541/46/541
f 496/21/496 497/23/497 529/23/529
f 511/50/511 543/50/543 542/48/542
f 497/23/497 498/25/498 530/25/530
f 512/52/512 544/52/544 543/50/543
f 498/25/498 499/27/499 531/27/531
f 580/86/580 549/87/549 565/88/565
f 549/87/549 550/89/550 564/90/564
f 550/89/550 551/81/551 564/90/564
f 551/81/551 552/80/552 563/91/563
f 564/90/564 551/81/551 563/91/563
f 552/80/552 553/92/553 561/93/561
f 553/92/553 554/94/554 560/95/560
f 554/94/554 555/96/555 560/95/560
f 555/96/555 556/97/556 559/98/559
f 560/95/560 555/96/555 559/98/559
f 556/97/556 557/99/557 558/100/558
f 558/100/558 559/98/559 556/97/556
f 560/95/560 561/93/561 553/92/553
f 561/93/561 562/82/562 552/80/552
f 562/82/562 563/91/563 552/80/552
f 564/90/564 565/88/565 549/87/549
f 565/88/565 566/101/566 580/86/580
f 566/101/566 567/102/567 580/86/580
f 567/102/567 568/76/568 579/75/579
f 580/86/580 567/102/567 579/75/579
f 568/76/568 569/103/569 577/104/577
f 569/103/569 570/105/570 576/106/576
f 570/105/570 571/107/571 576/106/576
f 571/107/571 572/108/572 575/109/575
f 576/106/576 571/107/571 575/109/575
f 572/108/572 573/110/573 574/111/574
f 574/111/574 575/109/575 572/108/572
f 576/106/576 577/104/577 569/103/569
f 577/104/577 578/74/578 568/76/568
f 548/61/548 580/61/580 579/58/579
f 535/35/535 567/35/567 566/33/566
f 521/9/521 522/10/522 554/10/554
f 517/63/517 549/63/549 580/61/580
f 536/37/536 568/37/568 567/35/567
f 522/10/522 523/12/523 555/12/555
f 537/38/537 569/38/569 568/37/568
f 523/12/523 524/14/524 556/14/556
f 538/40/538 570/40/570 569/38/569
f 524/14/524 525/15/525 557/15/557
f 539/42/539 571/42/571 570/40/570
f 525/15/525 526/17/526 558/17/558
f 540/44/540 572/44/572 571/42/571
f 526/17/526 527/19/527 559/19/559
f 541/46/541 573/46/573 572/44/572
f 527/19/527 528/21/528 560/21/560
f 542/48/542 574/48/574 573/46/573
f 528/21/528 529/23/529 561/23/561
f 543/50/543 575/50/575 574/48/574
f 529/23/529 530/25/530 562/25/562
f 544/52/544 576/52/576 575/50/575
f 530/25/530 531/27/531 563/27/563
f 517/1/517 518/3/518 550/3/550
f 545/54/545 577/54/577 576/52/576
f 531/27/531 532/29/532 564/29/564
f 518/3/518 519/5/519 551/5/551
f 546/56/546 578/56/578 577/54/577
f 533/31/533 565/31/565 564/29/564
f 519/5/519 520/7/520 552/7/552
f 547/58/547 579/58/579 578/56/578
f 533/31/533 534/33/534 566/33/566
f 587/21/587 588/23/588 598/23/598
f 583/14/583 584/15/584 594/15/594
f 600/27/600 599/25/599 605/25/605
f 584/15/584 585/17/585 595/17/595
f 590/27/590 603/27/603 602/25/602
f 585/17/585 586/19/586 596/19/596
f 582/12/582 592/12/592 591/10/591
f 586/19/586 587/21/587 597/21/597
f 582/12/582 583/14/583 593/14/593
f 13/12/13 582/12/582 581/10/581
f 75/19/75 74/17/74 595/17/595
f 21/19/21 23/21/23 587/21/587
f 75/19/75 596/19/596 597/21/597
f 19/17/19 585/17/585 584/15/584
f 27/25/27 29/27/29 590/27/590
f 76/21/76 597/21/597 598/23/598
f 15/14/15 583/14/583 582/12/582
f 77/23/77 598/23/598 599/25/599
f 23/21/23 25/23/25 588/23/588
f 71/12/71 70/10/70 591/10/591
f 603/27/603 609/27/609 608/25/608
f 606/27/606 605/25/605 611/25/611
f 588/23/588 601/23/601 604/23/604
f 589/25/589 602/25/602 601/23/601
f 599/25/599 598/23/598 604/23/604
f 590/27/590 600/27/600 606/27/606
f 609/27/609 615/27/615 614/25/614
f 612/27/612 611/25/611 617/25/617
f 606/27/606 612/27/612 609/27/609
f 604/23/604 601/23/601 607/23/607
f 605/25/605 604/23/604 610/23/610
f 602/25/602 608/25/608 607/23/607
f 613/23/613 619/23/619 622/23/622
f 615/27/615 618/27/618 624/27/624
f 609/27/609 612/27/612 618/27/618
f 607/23/607 613/23/613 616/23/616
f 611/25/611 610/23/610 616/23/616
f 608/25/608 614/25/614 613/23/613
f 621/27/621 627/27/627 626/25/626
f 624/27/624 623/25/623 629/25/629
f 617/25/617 616/23/616 622/23/622
f 614/25/614 620/25/620 619/23/619
f 618/27/618 617/25/617 623/25/623
f 615/27/615 621/27/621 620/25/620
f 625/23/625 631/23/631 634/23/634
f 627/27/627 630/27/630 636/27/636
f 621/27/621 624/27/624 630/27/630
f 619/23/619 625/23/625 628/23/628
f 623/25/623 622/23/622 628/23/628
f 620/25/620 626/25/626 625/23/625
f 632/25/632 635/25/635 634/23/634
f 632/25/632 633/27/633 636/27/636
f 629/25/629 628/23/628 634/23/634
f 626/25/626 632/25/632 631/23/631
f 630/27/630 629/25/629 635/25/635
f 627/27/627 633/27/633 632/25/632
f 650/24/650 649/22/649 681/22/681
f 266/59/266 646/59/646 647/18/647
f 281/47/281 280/45/280 660/45/660
f 268/20/268 267/18/267 647/18/647
f 281/47/281 661/47/661 662/49/662
f 268/20/268 648/20/648 649/22/649
f 283/51/283 282/49/282 662/49/662
f 269/22/269 649/22/649 650/24/650
f 283/51/283 663/51/663 664/53/664
f 271/26/271 270/24/270 650/24/650
f 258/2/258 257/67/257 637/67/637
f 285/55/285 284/53/284 664/53/664
f 271/26/271 651/26/651 652/28/652
f 258/2/258 638/2/638 639/4/639
f 286/57/286 285/55/285 665/55/665
f 273/30/273 272/28/272 652/28/652
f 260/6/260 259/4/259 639/4/639
f 286/57/286 666/57/666 667/60/667
f 273/30/273 653/30/653 654/32/654
f 261/8/261 260/6/260 640/6/640
f 288/62/288 287/60/287 667/60/667
f 275/34/275 274/32/274 654/32/654
f 261/8/261 641/8/641 642/66/642
f 288/62/288 668/62/668 637/68/637
f 275/34/275 655/34/655 656/36/656
f 263/11/263 262/66/262 642/66/642
f 276/36/276 656/36/656 657/39/657
f 263/11/263 643/11/643 644/13/644
f 278/41/278 277/39/277 657/39/657
f 265/16/265 264/13/264 644/13/644
f 278/41/278 658/41/658 659/43/659
f 265/16/265 645/16/645 646/59/646
f 685/30/685 684/28/684 811/28/811
f 664/53/664 663/51/663 695/51/695
f 651/26/651 650/24/650 682/24/682
f 637/67/637 669/67/669 670/2/670
f 665/55/665 664/53/664 696/53/696
f 652/28/652 651/26/651 683/26/683
f 638/2/638 670/2/670 671/4/671
f 666/57/666 665/55/665 697/55/697
f 653/30/653 652/28/652 684/28/684
f 639/4/639 671/4/671 672/6/672
f 667/60/667 666/57/666 698/57/698
f 653/30/653 685/30/685 686/32/686
f 640/6/640 672/6/672 673/8/673
f 668/62/668 667/60/667 699/60/699
f 654/32/654 686/32/686 687/34/687
f 641/8/641 673/8/673 674/66/674
f 637/68/637 668/62/668 700/62/700
f 655/34/655 687/34/687 688/36/688
f 642/66/642 674/66/674 675/11/675
f 656/36/656 688/36/688 689/39/689
f 643/11/643 675/11/675 676/13/676
f 657/39/657 689/39/689 690/41/690
f 644/13/644 676/13/676 677/16/677
f 658/41/658 690/41/690 691/43/691
f 646/59/646 645/16/645 677/16/677
f 659/43/659 691/43/691 692/45/692
f 647/18/647 646/59/646 678/59/678
f 660/45/660 692/45/692 693/47/693
f 648/20/648 647/18/647 679/18/679
f 662/49/662 661/47/661 693/47/693
f 649/22/649 648/20/648 680/20/680
f 663/51/663 662/49/662 694/49/694
f 720/36/720 719/34/719 751/34/751
f 672/6/672 671/4/671 703/4/703
f 698/57/698 730/57/730 731/60/731
f 718/32/718 719/34/719 821/34/821
f 673/8/673 672/6/672 704/6/704
f 699/60/699 731/60/731 732/62/732
f 684/28/684 683/26/683 810/26/810
f 707/11/707 675/11/675 799/11/799
f 700/62/700 732/62/732 701/68/701
f 717/30/717 718/32/718 820/32/820
f 706/66/706 707/11/707 802/11/802
f 689/39/689 688/36/688 720/36/720
f 675/11/675 707/11/707 708/13/708
f 690/41/690 689/39/689 721/39/721
f 676/13/676 708/13/708 709/16/709
f 691/43/691 690/41/690 722/41/722
f 677/16/677 709/16/709 710/59/710
f 692/45/692 691/43/691 723/43/723
f 678/59/678 710/59/710 711/18/711
f 693/47/693 692/45/692 724/45/724
f 679/18/679 711/18/711 712/20/712
f 694/49/694 693/47/693 725/47/725
f 680/20/680 712/20/712 713/22/713
f 695/51/695 694/49/694 726/49/726
f 681/22/681 713/22/713 714/24/714
f 695/51/695 727/51/727 728/53/728
f 683/26/683 682/24/682 809/24/809
f 670/2/670 669/67/669 701/67/701
f 696/53/696 728/53/728 729/55/729
f 717/30/717 819/30/819 818/28/818
f 671/4/671 670/2/670 702/2/702
f 697/55/697 729/55/729 730/57/730
f 755/43/755 754/41/754 786/41/786
f 707/11/707 706/66/706 738/66/738
f 721/39/721 720/36/720 752/36/752
f 708/13/708 707/11/707 739/11/739
f 721/39/721 753/39/753 754/41/754
f 709/16/709 708/13/708 740/13/740
f 722/41/722 754/41/754 755/43/755
f 710/59/710 709/16/709 741/16/741
f 723/43/723 755/43/755 756/45/756
f 711/18/711 710/59/710 742/59/742
f 724/45/724 756/45/756 757/47/757
f 712/20/712 711/18/711 743/18/743
f 725/47/725 757/47/757 758/49/758
f 713/22/713 712/20/712 744/20/744
f 726/49/726 758/49/758 759/51/759
f 713/22/713 745/22/745 746/24/746
f 727/51/727 759/51/759 760/53/760
f 714/24/714 746/24/746 747/26/747
f 702/2/702 701/67/701 733/67/733
f 728/53/728 760/53/760 761/55/761
f 715/26/715 747/26/747 748/28/748
f 703/4/703 702/2/702 734/2/734
f 729/55/729 761/55/761 762/57/762
f 716/28/716 748/28/748 749/30/749
f 704/6/704 703/4/703 735/4/735
f 730/57/730 762/57/762 763/60/763
f 718/32/718 717/30/717 749/30/749
f 705/8/705 704/6/704 736/6/736
f 731/60/731 763/60/763 764/62/764
f 719/34/719 718/32/718 750/32/750
f 706/66/706 705/8/705 737/8/737
f 732/62/732 764/62/764 733/68/733
f 767/112/767 766/85/766 795/83/795
f 766/85/766 765/113/765 796/84/796
f 795/83/795 766/85/766 796/84/796
f 795/83/795 794/114/794 767/112/767
f 794/114/794 793/79/793 768/78/768
f 767/112/767 794/114/794 768/78/768
f 793/79/793 792/115/792 769/77/769
f 792/115/792 791/116/791 770/117/770
f 769/77/769 792/115/792 770/117/770
f 791/116/791 790/118/790 772/119/772
f 790/118/790 789/120/789 773/121/773
f 789/120/789 788/122/788 774/123/774
f 788/122/788 787/124/787 775/125/775
f 787/124/787 786/126/786 775/125/775
f 786/126/786 785/127/785 776/128/776
f 775/125/775 786/126/786 776/128/776
f 785/127/785 784/129/784 777/130/777
f 784/129/784 783/131/783 778/132/778
f 777/130/777 784/129/784 778/132/778
f 783/131/783 782/133/782 779/134/779
f 782/133/782 781/135/781 780/136/780
f 779/134/779 782/133/782 780/136/780
f 779/134/779 778/132/778 783/131/783
f 777/130/777 776/128/776 785/127/785
f 775/125/775 774/123/774 788/122/788
f 774/123/774 773/121/773 789/120/789
f 773/121/773 772/119/772 790/118/790
f 772/119/772 771/137/771 791/116/791
f 771/137/771 770/117/770 791/116/791
f 741/16/741 773/16/773 774/59/774
f 756/45/756 755/43/755 787/43/787
f 742/59/742 774/59/774 775/18/775
f 757/47/757 756/45/756 788/45/788
f 743/18/743 775/18/775 776/20/776
f 757/47/757 789/47/789 790/49/790
f 744/20/744 776/20/776 777/22/777
f 758/49/758 790/49/790 791/51/791
f 745/22/745 777/22/777 778/24/778
f 759/51/759 791/51/791 792/53/792
f 746/24/746 778/24/778 779/26/779
f 734/2/734 733/67/733 765/67/765
f 760/53/760 792/53/792 793/55/793
f 747/26/747 779/26/779 780/28/780
f 735/4/735 734/2/734 766/2/766
f 761/55/761 793/55/793 794/57/794
f 748/28/748 780/28/780 781/30/781
f 736/6/736 735/4/735 767/4/767
f 762/57/762 794/57/794 795/60/795
f 750/32/750 749/30/749 781/30/781
f 737/8/737 736/6/736 768/6/768
f 763/60/763 795/60/795 796/62/796
f 751/34/751 750/32/750 782/32/782
f 738/66/738 737/8/737 769/8/769
f 764/62/764 796/62/796 765/68/765
f 752/36/752 751/34/751 783/34/783
f 739/11/739 738/66/738 770/66/770
f 753/39/753 752/36/752 784/36/784
f 740/13/740 739/11/739 771/11/771
f 754/41/754 753/39/753 785/39/785
f 741/16/741 740/13/740 772/13/772
f 798/66/798 804/66/804 805/11/805
f 801/66/801 802/11/802 808/11/808
f 705/8/705 800/8/800 797/8/797
f 673/8/673 797/8/797 798/66/798
f 705/8/705 706/66/706 801/66/801
f 674/66/674 798/66/798 799/11/799
f 804/66/804 803/8/803 806/8/806
f 805/11/805 804/66/804 807/66/807
f 802/11/802 799/11/799 805/11/805
f 800/8/800 806/8/806 803/8/803
f 800/8/800 801/66/801 807/66/807
f 797/8/797 803/8/803 804/66/804
f 815/36/815 829/36/829 836/36/836
f 811/28/811 810/26/810 824/26/824
f 819/30/819 833/30/833 832/28/832
f 810/26/810 809/24/809 823/24/823
f 818/28/818 832/28/832 831/26/831
f 817/26/817 831/26/831 830/24/830
f 719/34/719 720/36/720 822/36/822
f 685/30/685 812/30/812 813/32/813
f 686/32/686 813/32/813 814/34/814
f 715/26/715 817/26/817 816/24/816
f 687/34/687 814/34/814 815/36/815
f 716/28/716 818/28/818 817/26/817
f 688/36/688 815/36/815 822/36/822
f 682/24/682 714/24/714 816/24/816
f 825/28/825 832/28/832 833/30/833
f 827/32/827 826/30/826 833/30/833
f 828/34/828 827/32/827 834/32/834
f 829/36/829 828/34/828 835/34/835
f 823/24/823 830/24/830 831/26/831
f 824/26/824 831/26/831 832/28/832
f 819/30/819 820/32/820 834/32/834
f 812/30/812 811/28/811 825/28/825
f 809/24/809 816/24/816 830/24/830
f 820/32/820 821/34/821 835/34/835
f 812/30/812 826/30/826 827/32/827
f 821/34/821 822/36/822 836/36/836
f 813/32/813 827/32/827 828/34/828
f 814/34/814 828/34/828 829/36/829
f 1/1/1 837/3/63 838/2/64
f 837/3/63 839/5/61 840/4/62
f 839/5/61 841/7/59 842/6/60
f 841/7/59 843/9/837 844/8/838
f 845/10/839 846/66/840 844/8/838
f 845/10/839 847/12/841 848/11/842
f 847/12/841 849/14/843 850/13/844
f 851/15/845 852/16/846 850/13/844
f 853/17/847 854/59/848 852/16/846
f 853/17/847 855/19/849 856/18/850
f 855/19/849 857/21/851 858/20/852
f 857/21/851 859/23/853 860/22/854
f 859/23/853 861/25/855 862/24/856
f 861/25/855 863/27/857 864/26/858
f 863/27/857 865/29/859 866/28/860
f 865/29/859 33/31/33 34/30/34
f 33/31/33 867/33/861 868/32/862
f 867/33/861 869/35/863 870/34/864
f 869/35/863 871/37/865 872/36/866
f 873/38/867 874/39/868 872/36/866
f 875/40/869 876/41/870 874/39/868
f 877/42/871 878/43/872 876/41/870
f 879/44/873 880/45/874 878/43/872
f 881/46/875 882/47/876 880/45/874
f 883/48/877 884/49/878 882/47/876
f 885/50/879 886/51/880 884/49/878
f 887/52/881 888/53/882 886/51/880
f 889/54/883 890/55/884 888/53/882
f 891/56/7 892/57/8 890/55/884
f 893/58/5 894/60/6 892/57/8
f 1108/59/925 965/59/910 964/16/153
f 895/61/3 896/62/4 894/60/6
f 1/63/1 2/68/2 896/62/4
f 1392/27/989 1402/27/999 910/27/895
f 949/46/105 950/48/104 920/48/905
f 915/38/900 916/40/901 875/40/869
f 891/56/7 924/56/68 925/58/67
f 905/17/890 1397/17/994 1396/15/993
f 81/31/81 912/33/897 867/33/861
f 920/48/905 921/50/906 885/50/879
f 899/7/94 900/9/885 843/9/837
f 859/23/853 1390/23/987 1391/25/988
f 916/40/901 917/42/902 877/42/871
f 893/58/5 925/58/67 926/61/66
f 901/10/886 1393/10/990 1383/10/980
f 912/33/897 913/35/898 869/35/863
f 885/50/879 921/50/906 922/52/907
f 843/9/837 900/9/885 901/10/886
f 1385/14/982 1386/15/983 851/15/845
f 917/42/902 918/44/903 879/44/873
f 65/1/65 897/3/96 837/3/63
f 895/61/3 926/61/66 65/63/65
f 904/15/889 1396/15/993 1395/14/992
f 913/35/898 914/37/899 871/37/865
f 887/52/881 922/52/907 923/54/908
f 903/14/888 1395/14/992 1394/12/991
f 863/27/857 910/27/895 911/29/896
f 918/44/903 919/46/904 881/46/875
f 897/3/96 898/5/95 839/5/61
f 1387/17/984 1388/19/985 855/19/849
f 914/37/899 915/38/900 873/38/867
f 889/54/883 923/54/908 924/56/68
f 1402/27/999 1401/25/998 909/25/894
f 865/29/859 911/29/896 81/31/81
f 919/46/904 920/48/905 883/48/877
f 898/5/95 899/7/94 841/7/59
f 935/17/120 1181/17/380 1182/19/379
f 907/21/892 937/21/118 938/23/117
f 950/48/104 951/50/103 921/50/906
f 908/23/893 938/23/117 939/25/909
f 951/50/103 952/52/102 922/52/907
f 909/25/894 939/25/909 940/27/115
f 65/1/65 97/1/97 927/3/128
f 952/52/102 953/54/101 923/54/908
f 910/27/895 940/27/115 941/29/114
f 897/3/96 927/3/128 928/5/127
f 953/54/101 954/56/100 924/56/68
f 911/29/896 941/29/114 113/31/113
f 898/5/95 928/5/127 929/7/126
f 954/56/100 955/58/99 925/58/67
f 113/31/113 942/33/112 912/33/897
f 899/7/94 929/7/126 930/9/125
f 955/58/99 956/61/98 926/61/66
f 942/33/112 943/35/111 913/35/898
f 900/9/885 930/9/125 931/10/124
f 956/61/98 97/63/97 65/63/65
f 943/35/111 944/37/110 914/37/899
f 901/10/886 931/10/124 932/12/123
f 944/37/110 945/38/109 915/38/900
f 902/12/887 932/12/123 933/14/122
f 945/38/109 946/40/108 916/40/901
f 903/14/888 933/14/122 934/15/121
f 946/40/108 947/42/107 917/42/902
f 904/15/889 934/15/121 935/17/120
f 947/42/107 948/44/106 918/44/903
f 905/17/890 935/17/120 936/19/119
f 948/44/106 949/46/105 919/46/904
f 906/19/891 936/19/119 937/21/118
f 985/60/131 1015/60/163 1014/57/164
f 973/34/916 972/32/144 1109/64/308
f 982/53/134 981/51/135 1111/51/307
f 1114/66/294 961/66/156 960/8/157
f 1139/20/939 1140/22/940 968/22/913
f 978/45/921 977/43/920 1117/43/929
f 1119/2/303 957/2/160 129/67/129
f 129/68/129 986/62/130 1120/62/302
f 1128/20/933 1147/20/947 1146/18/946
f 974/36/917 973/34/916 1110/65/926
f 983/55/133 982/53/134 1112/53/296
f 1124/11/293 962/11/155 961/66/156
f 1125/28/291 971/28/146 970/26/915
f 979/47/137 978/45/921 1118/45/930
f 1127/4/320 958/4/159 957/2/160
f 1134/22/935 1148/22/948 1147/20/947
f 975/39/918 974/36/917 1122/36/932
f 984/57/132 983/55/133 1123/55/295
f 1131/70/316 963/13/154 962/11/155
f 315/30/315 145/30/145 971/28/146
f 980/49/136 979/47/137 1126/47/289
f 1133/6/313 959/6/158 958/4/159
f 1115/72/927 1144/72/944 1148/22/948
f 976/41/919 975/39/918 1129/39/934
f 985/60/131 984/57/132 1130/69/317
f 1107/16/309 964/16/153 963/13/154
f 972/32/144 145/30/145 315/30/315
f 981/51/135 980/49/136 1132/71/314
f 1113/73/306 960/8/157 959/6/158
f 1138/18/938 1139/20/939 967/20/912
f 977/43/920 976/41/919 1135/41/936
f 986/62/130 985/60/131 1136/60/310
f 1002/32/176 1032/32/208 209/30/209
f 972/32/144 1002/32/176 177/30/177
f 990/8/189 989/6/190 959/6/158
f 986/62/130 1016/62/162 1015/60/163
f 973/34/916 1003/34/175 1002/32/176
f 991/66/188 990/8/189 960/8/157
f 161/68/161 1016/62/162 986/62/130
f 974/36/917 1004/36/174 1003/34/175
f 992/11/187 991/66/188 961/66/156
f 975/39/918 1005/39/173 1004/36/174
f 993/13/186 992/11/187 962/11/155
f 976/41/919 1006/41/172 1005/39/173
f 994/16/185 993/13/186 963/13/154
f 977/43/920 1007/43/171 1006/41/172
f 995/59/184 994/16/185 964/16/153
f 978/45/921 1008/45/170 1007/43/171
f 996/18/183 995/59/184 965/59/910
f 979/47/137 1009/47/169 1008/45/170
f 997/20/182 996/18/183 966/18/911
f 980/49/136 1010/49/168 1009/47/169
f 998/22/181 997/20/182 967/20/912
f 981/51/135 1011/51/167 1010/49/168
f 999/24/180 998/22/181 968/22/913
f 982/53/134 1012/53/166 1011/51/167
f 1000/26/179 999/24/180 969/24/914
f 987/2/192 161/67/161 129/67/129
f 983/55/133 1013/55/922 1012/53/166
f 971/28/146 1001/28/178 1000/26/179
f 988/4/191 987/2/192 957/2/160
f 984/57/132 1014/57/164 1013/55/922
f 145/30/145 177/30/177 1001/28/178
f 989/6/190 988/4/191 958/4/159
f 1035/39/205 1065/39/237 1064/36/238
f 1020/8/221 1019/6/222 989/6/190
f 1016/62/162 1046/62/194 1045/60/195
f 1003/34/175 1033/34/207 1032/32/208
f 1021/66/220 1020/8/221 990/8/189
f 161/68/161 193/68/193 1046/62/194
f 1004/36/174 1034/36/206 1033/34/207
f 1022/11/219 1021/66/220 991/66/188
f 1005/39/173 1035/39/205 1034/36/206
f 1023/13/218 1022/11/219 992/11/187
f 1006/41/172 1036/41/204 1035/39/205
f 1024/16/217 1023/13/218 993/13/186
f 1007/43/171 1037/43/203 1036/41/204
f 1025/59/216 1024/16/217 994/16/185
f 1008/45/170 1038/45/202 1037/43/203
f 1026/18/215 1025/59/216 995/59/184
f 1009/47/169 1039/47/201 1038/45/202
f 1027/20/214 1026/18/215 996/18/183
f 1010/49/168 1040/49/200 1039/47/201
f 1028/22/213 1027/20/214 997/20/182
f 1011/51/167 1041/51/199 1040/49/200
f 1029/24/212 1028/22/213 998/22/181
f 1012/53/166 1042/53/198 1041/51/199
f 1030/26/211 1029/24/212 999/24/180
f 1017/2/923 193/67/193 161/67/161
f 1013/55/922 1043/55/197 1042/53/198
f 1031/28/210 1030/26/211 1000/26/179
f 1018/4/223 1017/2/923 987/2/192
f 1014/57/164 1044/57/196 1043/55/197
f 209/30/209 1031/28/210 1001/28/178
f 1019/6/222 1018/4/223 988/4/191
f 1015/60/163 1045/60/195 1044/57/196
f 1068/45/234 1098/45/266 1097/43/267
f 1053/13/250 1052/11/251 1022/11/219
f 1036/41/204 1066/41/236 1065/39/237
f 1054/16/249 1053/13/250 1023/13/218
f 1037/43/203 1067/43/235 1066/41/236
f 1055/59/248 1054/16/249 1024/16/217
f 1038/45/202 1068/45/234 1067/43/235
f 1056/18/247 1055/59/248 1025/59/216
f 1039/47/201 1069/47/233 1068/45/234
f 1057/20/924 1056/18/247 1026/18/215
f 1040/49/200 1070/49/232 1069/47/233
f 1058/22/245 1057/20/924 1027/20/214
f 1041/51/199 1071/51/231 1070/49/232
f 1059/24/244 1058/22/245 1028/22/213
f 1042/53/198 1072/53/230 1071/51/231
f 1060/26/243 1059/24/244 1029/24/212
f 1047/2/256 225/67/225 193/67/193
f 1043/55/197 1073/55/229 1072/53/230
f 1061/28/242 1060/26/243 1030/26/211
f 1048/4/255 1047/2/256 1017/2/923
f 1044/57/196 1074/57/228 1073/55/229
f 241/30/241 1061/28/242 1031/28/210
f 1049/6/254 1048/4/255 1018/4/223
f 1045/60/195 1075/60/227 1074/57/228
f 1032/32/208 1062/32/240 241/30/241
f 1050/8/253 1049/6/254 1019/6/222
f 1046/62/194 1076/62/226 1075/60/227
f 1033/34/207 1063/34/239 1062/32/240
f 1051/66/252 1050/8/253 1020/8/221
f 193/68/193 225/68/225 1076/62/226
f 1034/36/206 1064/36/238 1063/34/239
f 1052/11/251 1051/66/252 1021/66/220
f 1098/45/266 1460/45/1037 1459/43/647
f 1086/18/279 1085/59/280 1055/59/248
f 1069/47/233 1099/47/265 1098/45/266
f 1087/20/278 1086/18/279 1056/18/247
f 1100/49/264 1099/47/265 1069/47/233
f 1088/22/277 1087/20/278 1057/20/924
f 1101/51/263 1100/49/264 1070/49/232
f 1089/24/276 1088/22/277 1058/22/245
f 1102/53/262 1101/51/263 1071/51/231
f 1090/26/275 1089/24/276 1059/24/244
f 1047/2/256 1077/2/288 257/67/257
f 1103/55/261 1102/53/262 1072/53/230
f 1091/28/274 1090/26/275 1060/26/243
f 1048/4/255 1078/4/287 1077/2/288
f 1104/57/260 1103/55/261 1073/55/229
f 273/30/273 1091/28/274 1061/28/242
f 1049/6/254 1079/6/286 1078/4/287
f 1105/60/259 1104/57/260 1074/57/228
f 1062/32/240 1092/32/272 273/30/273
f 1050/8/253 1080/8/285 1079/6/286
f 1106/62/258 1105/60/259 1075/60/227
f 1063/34/239 1093/34/271 1092/32/272
f 1051/66/252 1081/66/284 1080/8/285
f 257/68/257 1106/62/258 1076/62/226
f 1064/36/238 1094/36/270 1093/34/271
f 1052/11/251 1082/11/283 1081/66/284
f 1065/39/237 1095/39/269 1094/36/270
f 1053/13/250 1083/13/282 1082/11/283
f 1066/41/236 1096/41/268 1095/39/269
f 1054/16/249 1084/16/281 1083/13/282
f 1067/43/235 1097/43/267 1096/41/268
f 1085/59/280 1084/16/281 1054/16/249
f 896/62/4 1120/62/302 1136/60/310
f 1117/43/929 1135/41/936 876/41/870
f 862/24/856 1115/72/927 1134/22/935
f 844/8/838 1113/73/306 1133/6/313
f 1111/51/307 1132/71/314 884/49/878
f 1109/64/308 315/30/315 34/30/34
f 852/16/846 1107/16/309 1131/70/316
f 1136/60/310 1130/69/317 892/57/8
f 1135/41/936 1129/39/934 874/39/868
f 860/22/854 1134/22/935 1128/20/933
f 842/6/60 1133/6/313 1127/4/320
f 1132/71/314 1126/47/289 882/47/876
f 34/30/34 315/30/315 1125/28/291
f 850/13/844 1131/70/316 1124/11/293
f 1130/69/317 1123/55/295 890/55/884
f 1129/39/934 1122/36/932 872/36/866
f 858/20/852 1128/20/933 1121/18/931
f 1127/4/320 1119/2/303 838/2/64
f 1126/47/289 1118/45/930 880/45/874
f 866/28/860 1125/28/291 1116/26/928
f 848/11/842 1124/11/293 1114/66/294
f 1123/55/295 1112/53/296 888/53/882
f 1122/36/932 1110/65/926 870/34/864
f 856/18/850 1121/18/931 1108/59/925
f 2/68/2 301/68/301 1120/62/302
f 1119/2/303 301/67/301 2/67/2
f 1118/45/930 1117/43/929 878/43/872
f 864/26/858 1116/26/928 1115/72/927
f 846/66/840 1114/66/294 1113/73/306
f 1112/53/296 1111/51/307 886/51/880
f 1110/65/926 1109/64/308 868/32/862
f 854/59/848 1108/59/925 1107/16/309
f 1145/26/945 1153/26/953 1152/72/952
f 1146/18/946 1138/18/938 1137/59/937
f 1147/20/947 1139/20/939 1138/18/938
f 1148/22/948 1140/22/940 1139/20/939
f 1148/22/948 1154/22/954 1149/22/949
f 1121/18/931 1146/18/946 1143/59/943
f 1108/59/925 1143/59/943 1137/59/937
f 1145/26/945 1144/72/944 1115/72/927
f 968/22/913 1140/22/940 1141/24/941
f 1137/59/937 1138/18/938 966/18/911
f 970/26/915 1142/26/942 1145/26/945
f 969/24/914 1141/24/941 1142/26/942
f 1160/22/960 1155/22/955 1149/22/949
f 1159/26/959 1158/72/958 1152/72/952
f 1150/24/950 1151/26/951 1142/26/942
f 1144/72/944 1152/72/952 1154/22/954
f 1151/26/951 1153/26/953 1145/26/945
f 1149/22/949 1150/24/950 1141/24/941
f 1157/26/957 1163/26/963 1165/26/965
f 1158/72/958 1164/72/964 1166/22/966
f 1155/22/955 1156/24/956 1150/24/950
f 1152/72/952 1158/72/958 1160/22/960
f 1151/26/951 1157/26/957 1159/26/959
f 1156/24/956 1157/26/957 1151/26/951
f 1172/22/972 1167/22/967 1161/22/961
f 1171/26/971 1170/72/970 1164/72/964
f 1162/24/962 1163/26/963 1157/26/957
f 1165/26/965 1164/72/964 1158/72/958
f 1166/22/966 1161/22/961 1155/22/955
f 1161/22/961 1162/24/962 1156/24/956
f 1171/26/971 1169/26/969 1168/24/968
f 1170/72/970 1168/24/968 1167/22/967
f 1167/22/967 1168/24/968 1162/24/962
f 1164/72/964 1170/72/970 1172/22/972
f 1163/26/963 1169/26/969 1171/26/971
f 1168/24/968 1169/26/969 1163/26/963
f 1186/27/375 1216/27/407 1217/29/406
f 1194/44/366 1195/46/365 949/46/105
f 936/19/119 1182/19/379 1183/21/378
f 1195/46/365 1196/48/364 950/48/104
f 937/21/118 1183/21/378 1184/23/377
f 1196/48/364 1197/50/363 951/50/103
f 938/23/117 1184/23/377 1185/25/376
f 951/50/103 1197/50/363 1198/52/362
f 939/25/909 1185/25/376 1186/27/375
f 357/1/357 1173/3/388 927/3/128
f 952/52/102 1198/52/362 1199/54/361
f 940/27/115 1186/27/375 1187/29/374
f 1173/3/388 1174/5/387 928/5/127
f 953/54/101 1199/54/361 1200/56/360
f 941/29/114 1187/29/374 373/31/373
f 1174/5/387 1175/7/386 929/7/126
f 954/56/100 1200/56/360 1201/58/359
f 373/31/373 1188/33/372 942/33/112
f 1175/7/386 1176/9/385 930/9/125
f 955/58/99 1201/58/359 1202/61/358
f 1188/33/372 1189/35/371 943/35/111
f 1176/9/385 1177/10/384 931/10/124
f 956/61/98 1202/61/358 357/63/357
f 1189/35/371 1190/37/370 944/37/110
f 1177/10/384 1178/12/383 932/12/123
f 1190/37/370 1191/38/369 945/38/109
f 932/12/123 1178/12/383 1179/14/382
f 1191/38/369 1192/40/368 946/40/108
f 933/14/122 1179/14/382 1180/15/381
f 1192/40/368 1193/42/367 947/42/107
f 934/15/121 1180/15/381 1181/17/380
f 1193/42/367 1194/44/366 948/44/106
f 1232/61/390 1262/61/422 421/63/421
f 1173/3/388 1203/3/420 1204/5/419
f 1229/54/393 1230/56/392 1200/56/360
f 1187/29/374 1217/29/406 405/31/405
f 1174/5/387 1204/5/419 1205/7/418
f 1230/56/392 1231/58/391 1201/58/359
f 405/31/405 1218/33/404 1188/33/372
f 1175/7/386 1205/7/418 1206/9/417
f 1231/58/391 1232/61/390 1202/61/358
f 1218/33/404 1219/35/403 1189/35/371
f 1176/9/385 1206/9/417 1207/10/416
f 1232/61/390 389/63/389 357/63/357
f 1219/35/403 1220/37/973 1190/37/370
f 1177/10/384 1207/10/416 1208/12/415
f 1220/37/973 1221/38/401 1191/38/369
f 1178/12/383 1208/12/415 1209/14/414
f 1221/38/401 1222/40/400 1192/40/368
f 1179/14/382 1209/14/414 1210/15/413
f 1222/40/400 1223/42/399 1193/42/367
f 1180/15/381 1210/15/413 1211/17/412
f 1223/42/399 1224/44/398 1194/44/366
f 1181/17/380 1211/17/412 1212/19/411
f 1224/44/398 1225/46/397 1195/46/365
f 1182/19/379 1212/19/411 1213/21/410
f 1225/46/397 1226/48/396 1196/48/364
f 1183/21/378 1213/21/410 1214/23/409
f 1226/48/396 1227/50/395 1197/50/363
f 1184/23/377 1214/23/409 1215/25/408
f 1227/50/395 1228/52/394 1198/52/362
f 1185/25/376 1215/25/408 1216/27/407
f 357/1/357 389/1/389 1203/3/420
f 1228/52/394 1229/54/393 1199/54/361
f 1252/40/432 1282/40/464 1283/42/974
f 1249/35/435 1250/37/434 1220/37/973
f 1237/10/448 1238/12/447 1208/12/415
f 1250/37/434 1251/38/433 1221/38/401
f 1208/12/415 1238/12/447 1239/14/446
f 1251/38/433 1252/40/432 1222/40/400
f 1209/14/414 1239/14/446 1240/15/445
f 1252/40/432 1253/42/431 1223/42/399
f 1210/15/413 1240/15/445 1241/17/444
f 1253/42/431 1254/44/430 1224/44/398
f 1211/17/412 1241/17/444 1242/19/443
f 1254/44/430 1255/46/429 1225/46/397
f 1212/19/411 1242/19/443 1243/21/442
f 1255/46/429 1256/48/428 1226/48/396
f 1213/21/410 1243/21/442 1244/23/441
f 1256/48/428 1257/50/427 1227/50/395
f 1214/23/409 1244/23/441 1245/25/440
f 1227/50/395 1257/50/427 1258/52/426
f 1215/25/408 1245/25/440 1246/27/439
f 421/1/421 1233/3/452 1203/3/420
f 1228/52/394 1258/52/426 1259/54/425
f 1216/27/407 1246/27/439 1247/29/438
f 1233/3/452 1234/5/451 1204/5/419
f 1229/54/393 1259/54/425 1260/56/424
f 1217/29/406 1247/29/438 437/31/437
f 1234/5/451 1235/7/450 1205/7/418
f 1230/56/392 1260/56/424 1261/58/423
f 437/31/437 1248/33/436 1218/33/404
f 1235/7/450 1236/9/449 1206/9/417
f 1231/58/391 1261/58/423 1262/61/422
f 1248/33/436 1249/35/435 1219/35/403
f 1236/9/449 1237/10/448 1207/10/416
f 1285/46/461 1315/46/493 1316/48/492
f 1240/15/445 1270/15/477 1271/17/476
f 1253/42/431 1283/42/974 1284/44/462
f 1271/17/476 1272/19/475 1242/19/443
f 1284/44/462 1285/46/461 1255/46/429
f 1272/19/475 1273/21/474 1243/21/442
f 1255/46/429 1285/46/461 1286/48/460
f 1273/21/474 1274/23/473 1244/23/441
f 1256/48/428 1286/48/460 1287/50/459
f 1244/23/441 1274/23/473 1275/25/472
f 1287/50/459 1288/52/458 1258/52/426
f 1245/25/440 1275/25/472 1276/27/471
f 453/1/453 1263/3/484 1233/3/452
f 1288/52/458 1289/54/457 1259/54/425
f 1276/27/471 1277/29/470 1247/29/438
f 1233/3/452 1263/3/484 1264/5/483
f 1289/54/457 1290/56/456 1260/56/424
f 1247/29/438 1277/29/470 469/31/469
f 1234/5/451 1264/5/483 1265/7/482
f 1290/56/456 1291/58/455 1261/58/423
f 469/31/469 1278/33/468 1248/33/436
f 1235/7/450 1265/7/482 1266/9/481
f 1261/58/423 1291/58/455 1292/61/454
f 1278/33/468 1279/35/467 1249/35/435
f 1266/9/481 1267/10/480 1237/10/448
f 1262/61/422 1292/61/454 453/63/453
f 1279/35/467 1280/37/466 1250/37/434
f 1237/10/448 1267/10/480 1268/12/479
f 1280/37/466 1281/38/465 1251/38/433
f 1268/12/479 1269/14/478 1239/14/446
f 1281/38/465 1282/40/464 1252/40/432
f 1269/14/478 1270/15/477 1240/15/445
f 485/1/485 517/1/517 1323/3/548
f 1303/21/506 1304/23/505 1274/23/473
f 1286/48/460 1316/48/492 1317/50/491
f 1304/23/505 1305/25/504 1275/25/472
f 1317/50/491 1318/52/490 1288/52/458
f 1305/25/504 1306/27/503 1276/27/471
f 453/1/453 485/1/485 1293/3/516
f 1318/52/490 1319/54/489 1289/54/457
f 1306/27/503 1307/29/502 1277/29/470
f 1263/3/484 1293/3/516 1294/5/515
f 1319/54/489 1320/56/488 1290/56/456
f 1307/29/502 501/31/501 469/31/469
f 1264/5/483 1294/5/515 1295/7/514
f 1320/56/488 1321/58/487 1291/58/455
f 469/31/469 501/31/501 1308/33/500
f 1265/7/482 1295/7/514 1296/9/513
f 1321/58/487 1322/61/486 1292/61/454
f 1278/33/468 1308/33/500 1309/35/499
f 1266/9/481 1296/9/513 1297/10/512
f 1322/61/486 485/63/485 453/63/453
f 1279/35/467 1309/35/499 1310/37/498
f 1267/10/480 1297/10/512 1298/12/511
f 1280/37/466 1310/37/498 1311/38/497
f 1298/12/511 1299/14/510 1269/14/478
f 1281/38/465 1311/38/497 1312/40/496
f 1299/14/510 1300/15/509 1270/15/477
f 1282/40/464 1312/40/496 1313/42/495
f 1300/15/509 1301/17/508 1271/17/476
f 1283/42/974 1313/42/495 1314/44/494
f 1301/17/508 1302/19/507 1272/19/475
f 1284/44/462 1314/44/494 1315/46/493
f 1302/19/507 1303/21/506 1273/21/474
f 1325/7/546 1355/7/578 1356/9/577
f 1348/52/522 1349/54/521 1319/54/489
f 1306/27/503 1336/27/535 1337/29/534
f 1293/3/516 1323/3/548 1324/5/547
f 1349/54/521 1350/56/520 1320/56/488
f 1307/29/502 1337/29/534 533/31/533
f 1294/5/515 1324/5/547 1325/7/546
f 1350/56/520 1351/58/975 1321/58/487
f 533/31/533 1338/33/532 1308/33/500
f 1295/7/514 1325/7/546 1326/9/545
f 1351/58/975 1352/61/518 1322/61/486
f 1338/33/532 1339/35/531 1309/35/499
f 1296/9/513 1326/9/545 1327/10/544
f 1352/61/518 517/63/517 485/63/485
f 1339/35/531 1340/37/530 1310/37/498
f 1297/10/512 1327/10/544 1328/12/543
f 1340/37/530 1341/38/529 1311/38/497
f 1298/12/511 1328/12/543 1329/14/542
f 1341/38/529 1342/40/528 1312/40/496
f 1299/14/510 1329/14/542 1330/15/541
f 1342/40/528 1343/42/527 1313/42/495
f 1300/15/509 1330/15/541 1331/17/540
f 1343/42/527 1344/44/526 1314/44/494
f 1301/17/508 1331/17/540 1332/19/539
f 1344/44/526 1345/46/525 1315/46/493
f 1302/19/507 1332/19/539 1333/21/538
f 1345/46/525 1346/48/524 1316/48/492
f 1303/21/506 1333/21/538 1334/23/537
f 1346/48/524 1347/50/523 1317/50/491
f 1304/23/505 1334/23/537 1335/25/536
f 1347/50/523 1348/52/522 1318/52/490
f 1305/25/504 1335/25/536 1336/27/535
f 1353/89/580 549/87/549 565/88/565
f 549/87/549 1382/86/550 1368/101/564
f 1382/86/550 1381/75/979 1368/101/564
f 1381/75/979 1380/74/978 1369/102/563
f 1368/101/564 1381/75/979 1369/102/563
f 1380/74/978 1379/104/553 1371/103/561
f 1379/104/553 1378/106/977 1372/105/560
f 1378/106/977 1377/109/555 1372/105/560
f 1377/109/555 1376/111/556 1373/107/559
f 1372/105/560 1377/109/555 1373/107/559
f 1376/111/556 1375/110/557 1374/108/558
f 1374/108/558 1373/107/559 1376/111/556
f 1372/105/560 1371/103/561 1379/104/553
f 1371/103/561 1370/76/562 1380/74/978
f 1370/76/562 1369/102/563 1380/74/978
f 1368/101/564 565/88/565 549/87/549
f 565/88/565 1367/90/566 1353/89/580
f 1367/90/566 1366/91/567 1353/89/580
f 1366/91/567 1365/82/568 1354/81/579
f 1353/89/580 1366/91/567 1354/81/579
f 1365/82/568 1364/93/976 1356/92/577
f 1364/93/976 1363/95/570 1357/94/576
f 1363/95/570 1362/98/571 1357/94/576
f 1362/98/571 1361/100/572 1358/96/575
f 1357/94/576 1362/98/571 1358/96/575
f 1361/100/572 1360/99/573 1359/97/574
f 1359/97/574 1358/96/575 1361/100/572
f 1357/94/576 1356/92/577 1364/93/976
f 1356/92/577 1355/80/578 1365/82/568
f 1381/58/979 1382/61/550 1352/61/518
f 1368/33/564 1369/35/563 1339/35/531
f 1326/9/545 1356/9/577 1357/10/576
f 1382/61/550 549/63/549 517/63/517
f 1369/35/563 1370/37/562 1340/37/530
f 1327/10/544 1357/10/576 1358/12/575
f 1370/37/562 1371/38/561 1341/38/529
f 1328/12/543 1358/12/575 1359/14/574
f 1371/38/561 1372/40/560 1342/40/528
f 1329/14/542 1359/14/574 1360/15/573
f 1372/40/560 1373/42/559 1343/42/527
f 1330/15/541 1360/15/573 1361/17/572
f 1373/42/559 1374/44/558 1344/44/526
f 1331/17/540 1361/17/572 1362/19/571
f 1374/44/558 1375/46/557 1345/46/525
f 1332/19/539 1362/19/571 1363/21/570
f 1375/46/557 1376/48/556 1346/48/524
f 1333/21/538 1363/21/570 1364/23/976
f 1376/48/556 1377/50/555 1347/50/523
f 1334/23/537 1364/23/976 1365/25/568
f 1377/50/555 1378/52/977 1348/52/522
f 1335/25/536 1365/25/568 1366/27/567
f 517/1/517 549/1/549 1353/3/580
f 1378/52/977 1379/54/553 1349/54/521
f 1336/27/535 1366/27/567 1367/29/566
f 1323/3/548 1353/3/580 1354/5/579
f 1379/54/553 1380/56/978 1350/56/520
f 1367/29/566 565/31/565 533/31/533
f 1324/5/547 1354/5/579 1355/7/578
f 1380/56/978 1381/58/979 1351/58/975
f 533/31/533 565/31/565 1368/33/564
f 1389/21/986 1399/21/996 1400/23/997
f 1385/14/982 1395/14/992 1396/15/993
f 1402/27/999 1408/27/1005 1407/25/1004
f 1386/15/983 1396/15/993 1397/17/994
f 1404/25/1001 1405/27/1002 1392/27/989
f 1387/17/984 1397/17/994 1398/19/995
f 1393/10/990 1394/12/991 1384/12/981
f 1388/19/985 1398/19/995 1399/21/996
f 1384/12/981 1394/12/991 1395/14/992
f 1383/10/980 1384/12/981 847/12/841
f 906/19/891 1398/19/995 1397/17/994
f 855/19/849 1388/19/985 1389/21/986
f 1399/21/996 1398/19/995 906/19/891
f 1386/15/983 1387/17/984 853/17/847
f 861/25/855 1391/25/988 1392/27/989
f 1400/23/997 1399/21/996 907/21/892
f 1384/12/981 1385/14/982 849/14/843
f 1401/25/998 1400/23/997 908/23/893
f 857/21/851 1389/21/986 1390/23/987
f 902/12/887 1394/12/991 1393/10/990
f 1410/25/1007 1411/27/1008 1405/27/1002
f 1408/27/1005 1414/27/1011 1413/25/1010
f 1406/23/1003 1403/23/1000 1390/23/987
f 1403/23/1000 1404/25/1001 1391/25/988
f 1401/25/998 1407/25/1004 1406/23/1003
f 1392/27/989 1405/27/1002 1408/27/1005
f 1416/25/1013 1417/27/1014 1411/27/1008
f 1414/27/1011 1420/27/1017 1419/25/1016
f 1411/27/1008 1414/27/1011 1408/27/1005
f 1406/23/1003 1412/23/1009 1409/23/1006
f 1407/25/1004 1413/25/1010 1412/23/1009
f 1409/23/1006 1410/25/1007 1404/25/1001
f 1424/23/1021 1421/23/1018 1415/23/1012
f 1417/27/1014 1423/27/1020 1426/27/1023
f 1411/27/1008 1417/27/1014 1420/27/1017
f 1418/23/1015 1415/23/1012 1409/23/1006
f 1413/25/1010 1419/25/1016 1418/23/1015
f 1415/23/1012 1416/25/1013 1410/25/1007
f 1428/25/1025 1429/27/1026 1423/27/1020
f 1426/27/1023 1432/27/1029 1431/25/1028
f 1419/25/1016 1425/25/1022 1424/23/1021
f 1421/23/1018 1422/25/1019 1416/25/1013
f 1420/27/1017 1426/27/1023 1425/25/1022
f 1422/25/1019 1423/27/1020 1417/27/1014
f 1436/23/1033 1433/23/1030 1427/23/1024
f 1429/27/1026 1435/27/1032 1438/27/1035
f 1423/27/1020 1429/27/1026 1432/27/1029
f 1430/23/1027 1427/23/1024 1421/23/1018
f 1425/25/1022 1431/25/1028 1430/23/1027
f 1427/23/1024 1428/25/1025 1422/25/1019
f 1436/23/1033 1437/25/1034 1434/25/1031
f 1434/25/1031 1437/25/1034 1438/27/1035
f 1431/25/1028 1437/25/1034 1436/23/1033
f 1433/23/1030 1434/25/1031 1428/25/1025
f 1432/27/1029 1438/27/1035 1437/25/1034
f 1434/25/1031 1435/27/1032 1429/27/1026
f 1451/24/656 1481/24/688 1480/22/689
f 1086/18/279 1448/18/659 1447/59/660
f 1461/47/645 1460/45/1037 1098/45/266
f 1087/20/278 1449/20/658 1448/18/659
f 1462/49/644 1461/47/645 1099/47/265
f 1450/22/657 1449/20/658 1087/20/278
f 1101/51/263 1463/51/643 1462/49/644
f 1451/24/656 1450/22/657 1088/22/277
f 1464/53/642 1463/51/643 1101/51/263
f 1090/26/275 1452/26/655 1451/24/656
f 1077/2/288 1439/2/668 637/67/637
f 1103/55/261 1465/55/641 1464/53/642
f 1453/28/654 1452/26/655 1090/26/275
f 1078/4/287 1440/4/667 1439/2/668
f 1104/57/260 1466/57/640 1465/55/641
f 273/30/273 653/30/653 1453/28/654
f 1079/6/286 1441/6/666 1440/4/667
f 1467/60/639 1466/57/640 1104/57/260
f 1454/32/652 653/30/653 273/30/273
f 1442/8/665 1441/6/666 1079/6/286
f 1106/62/258 1468/62/638 1467/60/639
f 1455/34/651 1454/32/652 1092/32/272
f 1443/66/664 1442/8/665 1080/8/285
f 257/68/257 637/68/637 1468/62/638
f 1456/36/650 1455/34/651 1093/34/271
f 1082/11/283 1444/11/663 1443/66/664
f 1457/39/649 1456/36/650 1094/36/270
f 1445/13/662 1444/11/663 1082/11/283
f 1096/41/268 1458/41/648 1457/39/649
f 1084/16/281 1446/16/1036 1445/13/662
f 1459/43/647 1458/41/648 1096/41/268
f 1447/59/660 1446/16/1036 1084/16/281
f 685/30/685 812/30/812 1603/28/813
f 1464/53/642 1494/53/1042 1493/51/1041
f 1452/26/655 1482/26/687 1481/24/688
f 1469/2/700 669/67/669 637/67/637
f 1465/55/641 1495/55/1043 1494/53/1042
f 1453/28/654 1483/28/686 1482/26/687
f 1470/4/699 1469/2/700 1439/2/668
f 1466/57/640 1496/57/672 1495/55/1043
f 653/30/653 685/30/685 1483/28/686
f 1471/6/698 1470/4/699 1440/4/667
f 1467/60/639 1497/60/671 1496/57/672
f 1484/32/684 685/30/685 653/30/653
f 1472/8/1038 1471/6/698 1441/6/666
f 1468/62/638 1498/62/670 1497/60/671
f 1485/34/683 1484/32/684 1454/32/652
f 1473/66/1039 1472/8/1038 1442/8/665
f 637/68/637 669/68/669 1498/62/670
f 1486/36/682 1485/34/683 1455/34/651
f 1474/11/1040 1473/66/1039 1443/66/664
f 1487/39/681 1486/36/682 1456/36/650
f 1475/13/694 1474/11/1040 1444/11/663
f 1488/41/680 1487/39/681 1457/39/649
f 1476/16/693 1475/13/694 1445/13/662
f 1489/43/679 1488/41/680 1458/41/648
f 1447/59/660 1477/59/692 1476/16/693
f 1490/45/678 1489/43/679 1459/43/647
f 1448/18/659 1478/18/691 1477/59/692
f 1491/47/677 1490/45/678 1460/45/1037
f 1449/20/658 1479/20/690 1478/18/691
f 1462/49/644 1492/49/676 1491/47/677
f 1450/22/657 1480/22/689 1479/20/690
f 1463/51/643 1493/51/1041 1492/49/676
f 1516/36/714 1546/36/746 1545/34/747
f 1471/6/698 1501/6/730 1500/4/731
f 1527/60/703 1526/57/704 1496/57/672
f 1514/32/716 1610/32/818 1611/34/817
f 1472/8/1038 1502/8/1044 1501/6/730
f 1528/62/702 1527/60/703 1497/60/671
f 1483/28/686 1603/28/813 1602/26/814
f 1504/11/1046 1594/11/1064 1591/11/1061
f 701/68/701 1528/62/702 1498/62/670
f 717/30/717 819/30/819 1610/32/818
f 1503/66/1045 1593/66/1063 1594/11/1064
f 1487/39/681 1517/39/713 1516/36/714
f 1505/13/726 1504/11/1046 1474/11/1040
f 1488/41/680 1518/41/712 1517/39/713
f 1506/16/725 1505/13/726 1475/13/694
f 1489/43/679 1519/43/711 1518/41/712
f 1507/59/724 1506/16/725 1476/16/693
f 1490/45/678 1520/45/710 1519/43/711
f 1508/18/723 1507/59/724 1477/59/692
f 1491/47/677 1521/47/709 1520/45/710
f 1509/20/722 1508/18/723 1478/18/691
f 1492/49/676 1522/49/708 1521/47/709
f 1510/22/721 1509/20/722 1479/20/690
f 1493/51/1041 1523/51/1047 1522/49/708
f 1511/24/720 1510/22/721 1480/22/689
f 1524/53/1048 1523/51/1047 1493/51/1041
f 1482/26/687 1602/26/814 1601/24/815
f 1469/2/700 1499/2/732 701/67/701
f 1525/55/1049 1524/53/1048 1494/53/1042
f 1609/28/820 819/30/819 717/30/717
f 1470/4/699 1500/4/731 1499/2/732
f 1526/57/704 1525/55/1049 1495/55/1043
f 1549/43/743 1579/43/775 1578/41/776
f 1504/11/1046 1534/11/759 1533/66/760
f 1517/39/713 1547/39/745 1546/36/746
f 1505/13/726 1535/13/758 1534/11/759
f 1548/41/744 1547/39/745 1517/39/713
f 1506/16/725 1536/16/757 1535/13/758
f 1549/43/743 1548/41/744 1518/41/712
f 1507/59/724 1537/59/756 1536/16/757
f 1550/45/742 1549/43/743 1519/43/711
f 1508/18/723 1538/18/755 1537/59/756
f 1551/47/741 1550/45/742 1520/45/710
f 1509/20/722 1539/20/754 1538/18/755
f 1552/49/740 1551/47/741 1521/47/709
f 1510/22/721 1540/22/753 1539/20/754
f 1553/51/739 1552/49/740 1522/49/708
f 1541/24/752 1540/22/753 1510/22/721
f 1554/53/738 1553/51/739 1523/51/1047
f 1542/26/751 1541/24/752 1511/24/720
f 1499/2/732 1529/2/764 733/67/733
f 1555/55/737 1554/53/738 1524/53/1048
f 1543/28/750 1542/26/751 1512/26/719
f 1500/4/731 1530/4/763 1529/2/764
f 1556/57/736 1555/55/737 1525/55/1049
f 749/30/749 1543/28/750 1513/28/718
f 1501/6/730 1531/6/762 1530/4/763
f 1557/60/735 1556/57/736 1526/57/704
f 1514/32/716 1544/32/748 749/30/749
f 1502/8/1044 1532/8/1050 1531/6/762
f 1558/62/734 1557/60/735 1527/60/703
f 1515/34/715 1545/34/747 1544/32/748
f 1503/66/1045 1533/66/760 1532/8/1050
f 733/68/733 1558/62/734 1528/62/702
f 765/113/765 1559/85/796 1588/84/766
f 1559/85/796 1560/112/795 1587/83/767
f 1560/112/795 1561/78/794 1586/114/768
f 1561/78/794 1562/77/1051 1585/79/769
f 1562/77/1051 1563/117/792 1585/79/769
f 1563/117/792 1564/137/791 1584/115/770
f 1585/79/769 1563/117/792 1584/115/770
f 1564/137/791 1565/119/790 1583/116/771
f 1565/119/790 1566/121/789 1582/118/1058
f 1583/116/771 1565/119/790 1582/118/1058
f 1566/121/789 1567/123/788 1580/122/774
f 1567/123/788 1568/125/1052 1579/124/775
f 1568/125/1052 1569/128/786 1578/126/776
f 1569/128/786 1570/130/785 1577/127/777
f 1570/130/785 1571/132/1053 1576/129/1056
f 1571/132/1053 1572/134/1054 1575/131/1055
f 1572/134/1054 1573/136/782 1575/131/1055
f 1573/136/782 781/135/781 1574/133/780
f 1575/131/1055 1573/136/782 1574/133/780
f 1575/131/1055 1576/129/1056 1571/132/1053
f 1576/129/1056 1577/127/777 1570/130/785
f 1577/127/777 1578/126/776 1569/128/786
f 1578/126/776 1579/124/775 1568/125/1052
f 1579/124/775 1580/122/774 1567/123/788
f 1580/122/774 1581/120/1057 1566/121/789
f 1581/120/1057 1582/118/1058 1566/121/789
f 1583/116/771 1584/115/770 1564/137/791
f 1585/79/769 1586/114/768 1561/78/794
f 1586/114/768 1587/83/767 1560/112/795
f 1567/59/788 1566/16/789 1536/16/757
f 1550/45/742 1580/45/774 1579/43/775
f 1568/18/1052 1567/59/788 1537/59/756
f 1551/47/741 1581/47/1057 1580/45/774
f 1569/20/786 1568/18/1052 1538/18/755
f 1582/49/1058 1581/47/1057 1551/47/741
f 1570/22/785 1569/20/786 1539/20/754
f 1583/51/771 1582/49/1058 1552/49/740
f 1571/24/1053 1570/22/785 1540/22/753
f 1584/53/770 1583/51/771 1553/51/739
f 1572/26/1054 1571/24/1053 1541/24/752
f 1529/2/764 1559/2/796 765/67/765
f 1585/55/769 1584/53/770 1554/53/738
f 1573/28/782 1572/26/1054 1542/26/751
f 1530/4/763 1560/4/795 1559/2/796
f 1586/57/768 1585/55/769 1555/55/737
f 781/30/781 1573/28/782 1543/28/750
f 1531/6/762 1561/6/794 1560/4/795
f 1587/60/767 1586/57/768 1556/57/736
f 1544/32/748 1574/32/780 781/30/781
f 1532/8/1050 1562/8/1051 1561/6/794
f 1588/62/766 1587/60/767 1557/60/735
f 1545/34/747 1575/34/1055 1574/32/780
f 1533/66/760 1563/66/792 1562/8/1051
f 765/68/765 1588/62/766 1558/62/734
f 1546/36/746 1576/36/1056 1575/34/1055
f 1534/11/759 1564/11/791 1563/66/792
f 1547/39/745 1577/39/777 1576/36/1056
f 1535/13/758 1565/13/790 1564/11/791
f 1548/41/744 1578/41/776 1577/39/777
f 1536/16/757 1566/16/789 1565/13/790
f 1597/11/1067 1596/66/1066 1590/66/1060
f 1593/66/1063 1599/66/1069 1600/11/1070
f 1589/8/1059 1592/8/1062 1502/8/1044
f 1590/66/1060 1589/8/1059 1472/8/1038
f 1502/8/1044 1592/8/1062 1593/66/1063
f 1591/11/1061 1590/66/1060 1473/66/1039
f 1596/66/1066 1599/66/1069 1598/8/1068
f 1597/11/1067 1600/11/1070 1599/66/1069
f 1594/11/1064 1600/11/1070 1597/11/1067
f 1595/8/1065 1598/8/1068 1592/8/1062
f 1598/8/1068 1599/66/1069 1593/66/1063
f 1590/66/1060 1596/66/1066 1595/8/1065
f 1624/36/830 1618/36/823 1606/36/809
f 1603/28/813 1615/28/827 1614/26/828
f 1621/28/834 833/30/833 819/30/819
f 1602/26/814 1614/26/828 1613/24/829
f 1620/26/835 1621/28/834 1609/28/820
f 1619/24/836 1620/26/835 1608/26/821
f 1515/34/715 1611/34/817 1612/36/816
f 1604/32/811 812/30/812 685/30/685
f 1605/34/810 1604/32/811 1484/32/684
f 1607/24/1071 1608/26/821 1512/26/719
f 1606/36/809 1605/34/810 1485/34/683
f 1608/26/821 1609/28/820 1513/28/718
f 1612/36/816 1606/36/809 1486/36/682
f 1481/24/688 1601/24/815 1607/24/1071
f 833/30/833 1621/28/834 1615/28/827
f 1616/32/825 1622/32/832 833/30/833
f 1617/34/1072 1623/34/831 1622/32/832
f 1618/36/823 1624/36/830 1623/34/831
f 1620/26/835 1619/24/836 1613/24/829
f 1621/28/834 1620/26/835 1614/26/828
f 819/30/819 833/30/833 1622/32/832
f 812/30/812 826/30/826 1615/28/827
f 1601/24/815 1613/24/829 1619/24/836
f 1610/32/818 1622/32/832 1623/34/831
f 1616/32/825 826/30/826 812/30/812
f 1611/34/817 1623/34/831 1624/36/830
f 1617/34/1072 1616/32/825 1604/32/811
f 1618/36/823 1617/34/1072 1605/34/810
f 1/1/1 1625/3/63 1626/2/64
f 1625/3/63 1627/5/61 1628/4/62
f 1627/5/61 1629/7/59 1630/6/60
f 1629/7/59 1631/9/837 1632/8/838
f 1633/10/839 1634/66/840 1632/8/838
f 1633/10/839 1635/12/841 1636/11/842
f 1635/12/841 1637/14/843 1638/13/844
f 1639/15/845 1640/16/846 1638/13/844
f 1641/17/847 1642/59/848 1640/16/846
f 1641/17/847 1643/19/849 1644/18/850
f 1643/19/849 1645/21/851 1646/20/852
f 1645/21/851 1647/23/853 1648/22/854
f 1647/23/853 1649/25/855 1650/24/856
f 1649/25/855 1651/27/857 1652/26/858
f 1651/27/857 1653/29/859 1654/28/860
f 1653/29/859 33/31/33 34/30/34
f 33/31/33 1655/33/861 1656/32/862
f 1655/33/861 1657/35/863 1658/34/864
f 1657/35/863 1659/37/865 1660/36/866
f 1661/38/867 1662/39/868 1660/36/866
f 1663/40/869 1664/41/870 1662/39/868
f 1665/42/871 1666/43/872 1664/41/870
f 1667/44/873 1668/45/874 1666/43/872
f 1669/46/875 1670/47/876 1668/45/874
f 1671/48/877 1672/49/878 1670/47/876
f 1673/50/879 1674/51/880 1672/49/878
f 1675/52/881 1676/53/882 1674/51/880
f 1677/54/883 1678/55/884 1676/53/882
f 1679/56/7 1680/57/8 1678/55/884
f 1681/58/5 1682/60/6 1680/57/8
f 1904/59/925 1753/59/1081 1752/16/1080
f 1683/61/3 1684/62/4 1682/60/6
f 1/63/1 2/68/2 1684/62/4
f 2188/27/989 2198/27/999 1698/27/895
f 1737/46/105 1738/48/104 1708/48/905
f 1703/38/900 1704/40/901 1663/40/869
f 1679/56/7 1712/56/68 1713/58/67
f 1693/17/890 2193/17/994 2192/15/993
f 81/31/81 1700/33/897 1655/33/861
f 1708/48/905 1709/50/906 1673/50/879
f 1687/7/94 1688/9/885 1631/9/837
f 1647/23/853 2186/23/987 2187/25/988
f 1704/40/901 1705/42/902 1665/42/871
f 1681/58/5 1713/58/67 1714/61/66
f 1689/10/886 2189/10/990 2179/10/980
f 1700/33/897 1701/35/898 1657/35/863
f 1673/50/879 1709/50/906 1710/52/907
f 1631/9/837 1688/9/885 1689/10/886
f 2181/14/982 2182/15/983 1639/15/845
f 1705/42/902 1706/44/903 1667/44/873
f 65/1/65 1685/3/96 1625/3/63
f 1683/61/3 1714/61/66 65/63/65
f 1692/15/889 2192/15/993 2191/14/992
f 1701/35/898 1702/37/899 1659/37/865
f 1675/52/881 1710/52/907 1711/54/908
f 1691/14/888 2191/14/992 2190/12/991
f 1651/27/857 1698/27/895 1699/29/896
f 1706/44/903 1707/46/904 1669/46/875
f 1685/3/96 1686/5/95 1627/5/61
f 2183/17/984 2184/19/985 1643/19/849
f 1702/37/899 1703/38/900 1661/38/867
f 1677/54/883 1711/54/908 1712/56/68
f 2198/27/999 2197/25/998 1697/25/894
f 1653/29/859 1699/29/896 81/31/81
f 1707/46/904 1708/48/905 1671/48/877
f 1686/5/95 1687/7/94 1629/7/59
f 1723/17/120 1977/17/380 1978/19/379
f 1695/21/892 1725/21/118 1726/23/117
f 1738/48/104 1739/50/103 1709/50/906
f 1696/23/893 1726/23/117 1727/25/909
f 1739/50/103 1740/52/102 1710/52/907
f 1697/25/894 1727/25/909 1728/27/115
f 65/1/65 97/1/97 1715/3/128
f 1740/52/102 1741/54/101 1711/54/908
f 1698/27/895 1728/27/115 1729/29/114
f 1685/3/96 1715/3/128 1716/5/127
f 1741/54/101 1742/56/100 1712/56/68
f 1699/29/896 1729/29/114 113/31/113
f 1686/5/95 1716/5/127 1717/7/126
f 1742/56/100 1743/58/99 1713/58/67
f 113/31/113 1730/33/112 1700/33/897
f 1687/7/94 1717/7/126 1718/9/125
f 1743/58/99 1744/61/98 1714/61/66
f 1730/33/112 1731/35/111 1701/35/898
f 1688/9/885 1718/9/125 1719/10/124
f 1744/61/98 97/63/97 65/63/65
f 1731/35/111 1732/37/110 1702/37/899
f 1689/10/886 1719/10/124 1720/12/123
f 1732/37/110 1733/38/109 1703/38/900
f 1690/12/887 1720/12/123 1721/14/122
f 1733/38/109 1734/40/108 1704/40/901
f 1691/14/888 1721/14/122 1722/15/121
f 1734/40/108 1735/42/107 1705/42/902
f 1692/15/889 1722/15/121 1723/17/120
f 1735/42/107 1736/44/106 1706/44/903
f 1693/17/890 1723/17/120 1724/19/119
f 1736/44/106 1737/46/105 1707/46/904
f 1694/19/891 1724/19/119 1725/21/118
f 1773/60/1101 1805/60/1133 1804/57/1132
f 1761/34/1089 1760/32/1088 1905/64/308
f 1770/53/1098 1769/51/1097 1907/51/307
f 1910/66/294 1749/66/1077 1748/8/1076
f 1935/20/939 1936/22/940 1756/22/1084
f 1766/45/1094 1765/43/1093 1913/43/929
f 1915/2/303 1745/2/1073 129/67/129
f 129/68/129 1774/62/1102 1916/62/302
f 1924/20/933 1943/20/947 1942/18/946
f 1762/36/1090 1761/34/1089 1906/65/926
f 1771/55/1099 1770/53/1098 1908/53/296
f 1920/11/293 1750/11/1078 1749/66/1077
f 1921/28/291 1759/28/1087 1758/26/1086
f 1767/47/1095 1766/45/1094 1914/45/930
f 1923/4/320 1746/4/1074 1745/2/1073
f 1930/22/935 1944/22/948 1943/20/947
f 1763/39/1091 1762/36/1090 1918/36/932
f 1772/57/1100 1771/55/1099 1919/55/295
f 1927/70/316 1751/13/1079 1750/11/1078
f 315/30/315 145/30/145 1759/28/1087
f 1768/49/1096 1767/47/1095 1922/47/289
f 1929/6/313 1747/6/1075 1746/4/1074
f 1911/72/927 1940/72/944 1944/22/948
f 1764/41/1092 1763/39/1091 1925/39/934
f 1773/60/1101 1772/57/1100 1926/69/317
f 1903/16/309 1752/16/1080 1751/13/1079
f 1760/32/1088 145/30/145 315/30/315
f 1769/51/1097 1768/49/1096 1928/71/314
f 1909/73/306 1748/8/1076 1747/6/1075
f 1934/18/938 1935/20/939 1755/20/1083
f 1765/43/1093 1764/41/1092 1931/41/936
f 1774/62/1102 1773/60/1101 1932/60/310
f 1792/32/1120 1824/32/1152 1823/30/1151
f 1792/32/1120 1791/30/1119 145/30/145
f 1779/8/1107 1778/6/1106 1747/6/1075
f 1774/62/1102 1806/62/1134 1805/60/1133
f 1793/34/1121 1792/32/1120 1760/32/1088
f 1780/66/1108 1779/8/1107 1748/8/1076
f 129/68/129 1775/68/1103 1806/62/1134
f 1762/36/1090 1794/36/1122 1793/34/1121
f 1781/11/1109 1780/66/1108 1749/66/1077
f 1763/39/1091 1795/39/1123 1794/36/1122
f 1782/13/1110 1781/11/1109 1750/11/1078
f 1764/41/1092 1796/41/1124 1795/39/1123
f 1783/16/1111 1782/13/1110 1751/13/1079
f 1765/43/1093 1797/43/1125 1796/41/1124
f 1784/59/1112 1783/16/1111 1752/16/1080
f 1766/45/1094 1798/45/1126 1797/43/1125
f 1785/18/1113 1784/59/1112 1753/59/1081
f 1767/47/1095 1799/47/1127 1798/45/1126
f 1786/20/1114 1785/18/1113 1754/18/1082
f 1768/49/1096 1800/49/1128 1799/47/1127
f 1787/22/1115 1786/20/1114 1755/20/1083
f 1769/51/1097 1801/51/1129 1800/49/1128
f 1788/24/1116 1787/22/1115 1756/22/1084
f 1770/53/1098 1802/53/1130 1801/51/1129
f 1789/26/1117 1788/24/1116 1757/24/1085
f 1745/2/1073 1776/2/1104 1775/67/1103
f 1771/55/1099 1803/55/1131 1802/53/1130
f 1790/28/1118 1789/26/1117 1758/26/1086
f 1777/4/1105 1776/2/1104 1745/2/1073
f 1772/57/1100 1804/57/1132 1803/55/1131
f 1791/30/1119 1790/28/1118 1759/28/1087
f 1778/6/1106 1777/4/1105 1746/4/1074
f 1827/39/1155 1859/39/1187 1858/36/1186
f 1811/8/1139 1810/6/1138 1778/6/1106
f 1806/62/1134 1838/62/1166 1837/60/1165
f 1793/34/1121 1825/34/1153 1824/32/1152
f 1812/66/1140 1811/8/1139 1779/8/1107
f 1775/68/1103 1807/68/1135 1838/62/1166
f 1794/36/1122 1826/36/1154 1825/34/1153
f 1813/11/1141 1812/66/1140 1780/66/1108
f 1795/39/1123 1827/39/1155 1826/36/1154
f 1814/13/1142 1813/11/1141 1781/11/1109
f 1796/41/1124 1828/41/1156 1827/39/1155
f 1815/16/1143 1814/13/1142 1782/13/1110
f 1797/43/1125 1829/43/1157 1828/41/1156
f 1816/59/1144 1815/16/1143 1783/16/1111
f 1798/45/1126 1830/45/1158 1829/43/1157
f 1817/18/1145 1816/59/1144 1784/59/1112
f 1799/47/1127 1831/47/1159 1830/45/1158
f 1818/20/1146 1817/18/1145 1785/18/1113
f 1800/49/1128 1832/49/1160 1831/47/1159
f 1819/22/1147 1818/20/1146 1786/20/1114
f 1801/51/1129 1833/51/1161 1832/49/1160
f 1820/24/1148 1819/22/1147 1787/22/1115
f 1802/53/1130 1834/53/1162 1833/51/1161
f 1821/26/1149 1820/24/1148 1788/24/1116
f 1808/2/1136 1807/67/1135 1775/67/1103
f 1803/55/1131 1835/55/1163 1834/53/1162
f 1822/28/1150 1821/26/1149 1789/26/1117
f 1809/4/1137 1808/2/1136 1776/2/1104
f 1804/57/1132 1836/57/1164 1835/55/1163
f 1823/30/1151 1822/28/1150 1790/28/1118
f 1810/6/1138 1809/4/1137 1777/4/1105
f 1805/60/1133 1837/60/1165 1836/57/1164
f 1862/45/1190 1894/45/1222 1893/43/1221
f 1846/13/1174 1845/11/1173 1813/11/1141
f 1828/41/1156 1860/41/1188 1859/39/1187
f 1847/16/1175 1846/13/1174 1814/13/1142
f 1829/43/1157 1861/43/1189 1860/41/1188
f 1848/59/1176 1847/16/1175 1815/16/1143
f 1830/45/1158 1862/45/1190 1861/43/1189
f 1849/18/1177 1848/59/1176 1816/59/1144
f 1831/47/1159 1863/47/1191 1862/45/1190
f 1850/20/1178 1849/18/1177 1817/18/1145
f 1832/49/1160 1864/49/1192 1863/47/1191
f 1851/22/1179 1850/20/1178 1818/20/1146
f 1833/51/1161 1865/51/1193 1864/49/1192
f 1852/24/1180 1851/22/1179 1819/22/1147
f 1834/53/1162 1866/53/1194 1865/51/1193
f 1853/26/1181 1852/24/1180 1820/24/1148
f 1840/2/1168 1839/67/1167 1807/67/1135
f 1835/55/1163 1867/55/1195 1866/53/1194
f 1854/28/1182 1853/26/1181 1821/26/1149
f 1841/4/1169 1840/2/1168 1808/2/1136
f 1836/57/1164 1868/57/1196 1867/55/1195
f 1855/30/1183 1854/28/1182 1822/28/1150
f 1842/6/1170 1841/4/1169 1809/4/1137
f 1837/60/1165 1869/60/1197 1868/57/1196
f 1824/32/1152 1856/32/1184 1855/30/1183
f 1843/8/1171 1842/6/1170 1810/6/1138
f 1838/62/1166 1870/62/1198 1869/60/1197
f 1825/34/1153 1857/34/1185 1856/32/1184
f 1844/66/1172 1843/8/1171 1811/8/1139
f 1807/68/1135 1839/68/1167 1870/62/1198
f 1826/36/1154 1858/36/1186 1857/34/1185
f 1845/11/1173 1844/66/1172 1812/66/1140
f 1894/45/1222 2258/45/1254 2257/43/1253
f 1881/18/1209 1880/59/1208 1848/59/1176
f 1863/47/1191 1895/47/1223 1894/45/1222
f 1882/20/1210 1881/18/1209 1849/18/1177
f 1896/49/1224 1895/47/1223 1863/47/1191
f 1883/22/1211 1882/20/1210 1850/20/1178
f 1897/51/1225 1896/49/1224 1864/49/1192
f 1884/24/1212 1883/22/1211 1851/22/1179
f 1898/53/1226 1897/51/1225 1865/51/1193
f 1885/26/1213 1884/24/1212 1852/24/1180
f 1840/2/1168 1872/2/1200 1871/67/1199
f 1899/55/1227 1898/53/1226 1866/53/1194
f 1886/28/1214 1885/26/1213 1853/26/1181
f 1841/4/1169 1873/4/1201 1872/2/1200
f 1900/57/1228 1899/55/1227 1867/55/1195
f 1887/30/1215 1886/28/1214 1854/28/1182
f 1842/6/1170 1874/6/1202 1873/4/1201
f 1901/60/1229 1900/57/1228 1868/57/1196
f 1856/32/1184 1888/32/1216 1887/30/1215
f 1843/8/1171 1875/8/1203 1874/6/1202
f 1902/62/1230 1901/60/1229 1869/60/1197
f 1857/34/1185 1889/34/1217 1888/32/1216
f 1844/66/1172 1876/66/1204 1875/8/1203
f 1871/68/1199 1902/62/1230 1870/62/1198
f 1858/36/1186 1890/36/1218 1889/34/1217
f 1845/11/1173 1877/11/1205 1876/66/1204
f 1859/39/1187 1891/39/1219 1890/36/1218
f 1846/13/1174 1878/13/1206 1877/11/1205
f 1860/41/1188 1892/41/1220 1891/39/1219
f 1847/16/1175 1879/16/1207 1878/13/1206
f 1861/43/1189 1893/43/1221 1892/41/1220
f 1880/59/1208 1879/16/1207 1847/16/1175
f 1684/62/4 1916/62/302 1932/60/310
f 1913/43/929 1931/41/936 1664/41/870
f 1650/24/856 1911/72/927 1930/22/935
f 1632/8/838 1909/73/306 1929/6/313
f 1907/51/307 1928/71/314 1672/49/878
f 1905/64/308 315/30/315 34/30/34
f 1640/16/846 1903/16/309 1927/70/316
f 1932/60/310 1926/69/317 1680/57/8
f 1931/41/936 1925/39/934 1662/39/868
f 1648/22/854 1930/22/935 1924/20/933
f 1630/6/60 1929/6/313 1923/4/320
f 1928/71/314 1922/47/289 1670/47/876
f 34/30/34 315/30/315 1921/28/291
f 1638/13/844 1927/70/316 1920/11/293
f 1926/69/317 1919/55/295 1678/55/884
f 1925/39/934 1918/36/932 1660/36/866
f 1646/20/852 1924/20/933 1917/18/931
f 1923/4/320 1915/2/303 1626/2/64
f 1922/47/289 1914/45/930 1668/45/874
f 1654/28/860 1921/28/291 1912/26/928
f 1636/11/842 1920/11/293 1910/66/294
f 1919/55/295 1908/53/296 1676/53/882
f 1918/36/932 1906/65/926 1658/34/864
f 1644/18/850 1917/18/931 1904/59/925
f 2/68/2 301/68/301 1916/62/302
f 1915/2/303 301/67/301 2/67/2
f 1914/45/930 1913/43/929 1666/43/872
f 1652/26/858 1912/26/928 1911/72/927
f 1634/66/840 1910/66/294 1909/73/306
f 1908/53/296 1907/51/307 1674/51/880
f 1906/65/926 1905/64/308 1656/32/862
f 1642/59/848 1904/59/925 1903/16/309
f 1941/26/945 1949/26/953 1948/72/952
f 1942/18/946 1934/18/938 1933/59/937
f 1943/20/947 1935/20/939 1934/18/938
f 1944/22/948 1936/22/940 1935/20/939
f 1944/22/948 1950/22/954 1945/22/949
f 1917/18/931 1942/18/946 1939/59/943
f 1904/59/925 1939/59/943 1933/59/937
f 1941/26/945 1940/72/944 1911/72/927
f 1756/22/1084 1936/22/940 1937/24/941
f 1933/59/937 1934/18/938 1754/18/1082
f 1758/26/1086 1938/26/942 1941/26/945
f 1757/24/1085 1937/24/941 1938/26/942
f 1956/22/960 1951/22/955 1945/22/949
f 1955/26/959 1954/72/958 1948/72/952
f 1946/24/950 1947/26/951 1938/26/942
f 1940/72/944 1948/72/952 1950/22/954
f 1947/26/951 1949/26/953 1941/26/945
f 1945/22/949 1946/24/950 1937/24/941
f 1953/26/957 1959/26/963 1961/26/965
f 1954/72/958 1960/72/964 1962/22/966
f 1951/22/955 1952/24/956 1946/24/950
f 1948/72/952 1954/72/958 1956/22/960
f 1947/26/951 1953/26/957 1955/26/959
f 1952/24/956 1953/26/957 1947/26/951
f 1968/22/972 1963/22/967 1957/22/961
f 1967/26/971 1966/72/970 1960/72/964
f 1958/24/962 1959/26/963 1953/26/957
f 1961/26/965 1960/72/964 1954/72/958
f 1962/22/966 1957/22/961 1951/22/955
f 1957/22/961 1958/24/962 1952/24/956
f 1967/26/971 1965/26/969 1964/24/968
f 1966/72/970 1964/24/968 1963/22/967
f 1963/22/967 1964/24/968 1958/24/962
f 1960/72/964 1966/72/970 1968/22/972
f 1959/26/963 1965/26/969 1967/26/971
f 1964/24/968 1965/26/969 1959/26/963
f 1982/27/375 2012/27/407 2013/29/406
f 1990/44/366 1991/46/365 1737/46/105
f 1724/19/119 1978/19/379 1979/21/378
f 1991/46/365 1992/48/364 1738/48/104
f 1725/21/118 1979/21/378 1980/23/377
f 1992/48/364 1993/50/363 1739/50/103
f 1726/23/117 1980/23/377 1981/25/376
f 1739/50/103 1993/50/363 1994/52/362
f 1727/25/909 1981/25/376 1982/27/375
f 357/1/357 1969/3/388 1715/3/128
f 1740/52/102 1994/52/362 1995/54/361
f 1728/27/115 1982/27/375 1983/29/374
f 1969/3/388 1970/5/387 1716/5/127
f 1741/54/101 1995/54/361 1996/56/360
f 1729/29/114 1983/29/374 373/31/373
f 1970/5/387 1971/7/386 1717/7/126
f 1742/56/100 1996/56/360 1997/58/359
f 373/31/373 1984/33/372 1730/33/112
f 1971/7/386 1972/9/385 1718/9/125
f 1743/58/99 1997/58/359 1998/61/358
f 1984/33/372 1985/35/371 1731/35/111
f 1972/9/385 1973/10/384 1719/10/124
f 1744/61/98 1998/61/358 357/63/357
f 1985/35/371 1986/37/370 1732/37/110
f 1973/10/384 1974/12/383 1720/12/123
f 1986/37/370 1987/38/369 1733/38/109
f 1720/12/123 1974/12/383 1975/14/382
f 1987/38/369 1988/40/368 1734/40/108
f 1721/14/122 1975/14/382 1976/15/381
f 1988/40/368 1989/42/367 1735/42/107
f 1722/15/121 1976/15/381 1977/17/380
f 1989/42/367 1990/44/366 1736/44/106
f 2028/61/390 2058/61/422 421/63/421
f 1969/3/388 1999/3/420 2000/5/419
f 2025/54/393 2026/56/392 1996/56/360
f 1983/29/374 2013/29/406 405/31/405
f 1970/5/387 2000/5/419 2001/7/418
f 2026/56/392 2027/58/391 1997/58/359
f 405/31/405 2014/33/404 1984/33/372
f 1971/7/386 2001/7/418 2002/9/417
f 2027/58/391 2028/61/390 1998/61/358
f 2014/33/404 2015/35/403 1985/35/371
f 1972/9/385 2002/9/417 2003/10/416
f 2028/61/390 389/63/389 357/63/357
f 2015/35/403 2016/37/973 1986/37/370
f 1973/10/384 2003/10/416 2004/12/415
f 2016/37/973 2017/38/401 1987/38/369
f 1974/12/383 2004/12/415 2005/14/414
f 2017/38/401 2018/40/400 1988/40/368
f 1975/14/382 2005/14/414 2006/15/413
f 2018/40/400 2019/42/399 1989/42/367
f 1976/15/381 2006/15/413 2007/17/412
f 2019/42/399 2020/44/398 1990/44/366
f 1977/17/380 2007/17/412 2008/19/411
f 2020/44/398 2021/46/397 1991/46/365
f 1978/19/379 2008/19/411 2009/21/410
f 2021/46/397 2022/48/396 1992/48/364
f 1979/21/378 2009/21/410 2010/23/409
f 2022/48/396 2023/50/395 1993/50/363
f 1980/23/377 2010/23/409 2011/25/408
f 2023/50/395 2024/52/394 1994/52/362
f 1981/25/376 2011/25/408 2012/27/407
f 357/1/357 389/1/389 1999/3/420
f 2024/52/394 2025/54/393 1995/54/361
f 2048/40/432 2078/40/464 2079/42/974
f 2045/35/435 2046/37/434 2016/37/973
f 2033/10/448 2034/12/447 2004/12/415
f 2046/37/434 2047/38/433 2017/38/401
f 2004/12/415 2034/12/447 2035/14/446
f 2047/38/433 2048/40/432 2018/40/400
f 2005/14/414 2035/14/446 2036/15/445
f 2048/40/432 2049/42/431 2019/42/399
f 2006/15/413 2036/15/445 2037/17/444
f 2049/42/431 2050/44/430 2020/44/398
f 2007/17/412 2037/17/444 2038/19/443
f 2050/44/430 2051/46/429 2021/46/397
f 2008/19/411 2038/19/443 2039/21/442
f 2051/46/429 2052/48/428 2022/48/396
f 2009/21/410 2039/21/442 2040/23/441
f 2052/48/428 2053/50/427 2023/50/395
f 2010/23/409 2040/23/441 2041/25/440
f 2023/50/395 2053/50/427 2054/52/426
f 2011/25/408 2041/25/440 2042/27/439
f 421/1/421 2029/3/452 1999/3/420
f 2024/52/394 2054/52/426 2055/54/425
f 2012/27/407 2042/27/439 2043/29/438
f 2029/3/452 2030/5/451 2000/5/419
f 2025/54/393 2055/54/425 2056/56/424
f 2013/29/406 2043/29/438 437/31/437
f 2030/5/451 2031/7/450 2001/7/418
f 2026/56/392 2056/56/424 2057/58/423
f 437/31/437 2044/33/436 2014/33/404
f 2031/7/450 2032/9/449 2002/9/417
f 2027/58/391 2057/58/423 2058/61/422
f 2044/33/436 2045/35/435 2015/35/403
f 2032/9/449 2033/10/448 2003/10/416
f 2081/46/461 2111/46/493 2112/48/492
f 2036/15/445 2066/15/477 2067/17/476
f 2049/42/431 2079/42/974 2080/44/462
f 2067/17/476 2068/19/475 2038/19/443
f 2080/44/462 2081/46/461 2051/46/429
f 2068/19/475 2069/21/474 2039/21/442
f 2051/46/429 2081/46/461 2082/48/460
f 2069/21/474 2070/23/473 2040/23/441
f 2052/48/428 2082/48/460 2083/50/459
f 2040/23/441 2070/23/473 2071/25/472
f 2083/50/459 2084/52/458 2054/52/426
f 2041/25/440 2071/25/472 2072/27/471
f 453/1/453 2059/3/484 2029/3/452
f 2084/52/458 2085/54/457 2055/54/425
f 2072/27/471 2073/29/470 2043/29/438
f 2029/3/452 2059/3/484 2060/5/483
f 2085/54/457 2086/56/456 2056/56/424
f 2043/29/438 2073/29/470 469/31/469
f 2030/5/451 2060/5/483 2061/7/482
f 2086/56/456 2087/58/455 2057/58/423
f 469/31/469 2074/33/468 2044/33/436
f 2031/7/450 2061/7/482 2062/9/481
f 2057/58/423 2087/58/455 2088/61/454
f 2074/33/468 2075/35/467 2045/35/435
f 2062/9/481 2063/10/480 2033/10/448
f 2058/61/422 2088/61/454 453/63/453
f 2075/35/467 2076/37/466 2046/37/434
f 2033/10/448 2063/10/480 2064/12/479
f 2076/37/466 2077/38/465 2047/38/433
f 2064/12/479 2065/14/478 2035/14/446
f 2077/38/465 2078/40/464 2048/40/432
f 2065/14/478 2066/15/477 2036/15/445
f 485/1/485 517/1/517 2119/3/548
f 2099/21/506 2100/23/505 2070/23/473
f 2082/48/460 2112/48/492 2113/50/491
f 2100/23/505 2101/25/504 2071/25/472
f 2113/50/491 2114/52/490 2084/52/458
f 2101/25/504 2102/27/503 2072/27/471
f 453/1/453 485/1/485 2089/3/516
f 2114/52/490 2115/54/489 2085/54/457
f 2102/27/503 2103/29/502 2073/29/470
f 2059/3/484 2089/3/516 2090/5/515
f 2115/54/489 2116/56/488 2086/56/456
f 2103/29/502 501/31/501 469/31/469
f 2060/5/483 2090/5/515 2091/7/514
f 2116/56/488 2117/58/487 2087/58/455
f 469/31/469 501/31/501 2104/33/500
f 2061/7/482 2091/7/514 2092/9/513
f 2117/58/487 2118/61/486 2088/61/454
f 2074/33/468 2104/33/500 2105/35/499
f 2062/9/481 2092/9/513 2093/10/512
f 2118/61/486 485/63/485 453/63/453
f 2075/35/467 2105/35/499 2106/37/498
f 2063/10/480 2093/10/512 2094/12/511
f 2076/37/466 2106/37/498 2107/38/497
f 2094/12/511 2095/14/510 2065/14/478
f 2077/38/465 2107/38/497 2108/40/496
f 2095/14/510 2096/15/509 2066/15/477
f 2078/40/464 2108/40/496 2109/42/495
f 2096/15/509 2097/17/508 2067/17/476
f 2079/42/974 2109/42/495 2110/44/494
f 2097/17/508 2098/19/507 2068/19/475
f 2080/44/462 2110/44/494 2111/46/493
f 2098/19/507 2099/21/506 2069/21/474
f 2121/7/546 2151/7/578 2152/9/577
f 2144/52/522 2145/54/521 2115/54/489
f 2102/27/503 2132/27/535 2133/29/534
f 2089/3/516 2119/3/548 2120/5/547
f 2145/54/521 2146/56/520 2116/56/488
f 2103/29/502 2133/29/534 533/31/533
f 2090/5/515 2120/5/547 2121/7/546
f 2146/56/520 2147/58/975 2117/58/487
f 533/31/533 2134/33/532 2104/33/500
f 2091/7/514 2121/7/546 2122/9/545
f 2147/58/975 2148/61/518 2118/61/486
f 2134/33/532 2135/35/531 2105/35/499
f 2092/9/513 2122/9/545 2123/10/544
f 2148/61/518 517/63/517 485/63/485
f 2135/35/531 2136/37/530 2106/37/498
f 2093/10/512 2123/10/544 2124/12/543
f 2136/37/530 2137/38/529 2107/38/497
f 2094/12/511 2124/12/543 2125/14/542
f 2137/38/529 2138/40/528 2108/40/496
f 2095/14/510 2125/14/542 2126/15/541
f 2138/40/528 2139/42/527 2109/42/495
f 2096/15/509 2126/15/541 2127/17/540
f 2139/42/527 2140/44/526 2110/44/494
f 2097/17/508 2127/17/540 2128/19/539
f 2140/44/526 2141/46/525 2111/46/493
f 2098/19/507 2128/19/539 2129/21/538
f 2141/46/525 2142/48/524 2112/48/492
f 2099/21/506 2129/21/538 2130/23/537
f 2142/48/524 2143/50/523 2113/50/491
f 2100/23/505 2130/23/537 2131/25/536
f 2143/50/523 2144/52/522 2114/52/490
f 2101/25/504 2131/25/536 2132/27/535
f 2149/89/580 549/87/549 565/88/565
f 549/87/549 2178/86/550 2164/101/564
f 2178/86/550 2177/75/979 2164/101/564
f 2177/75/979 2176/74/978 2165/102/563
f 2164/101/564 2177/75/979 2165/102/563
f 2176/74/978 2175/104/553 2167/103/561
f 2175/104/553 2174/106/977 2168/105/560
f 2174/106/977 2173/109/555 2168/105/560
f 2173/109/555 2172/111/556 2169/107/559
f 2168/105/560 2173/109/555 2169/107/559
f 2172/111/556 2171/110/557 2170/108/558
f 2170/108/558 2169/107/559 2172/111/556
f 2168/105/560 2167/103/561 2175/104/553
f 2167/103/561 2166/76/562 2176/74/978
f 2166/76/562 2165/102/563 2176/74/978
f 2164/101/564 565/88/565 549/87/549
f 565/88/565 2163/90/566 2149/89/580
f 2163/90/566 2162/91/567 2149/89/580
f 2162/91/567 2161/82/568 2150/81/579
f 2149/89/580 2162/91/567 2150/81/579
f 2161/82/568 2160/93/976 2152/92/577
f 2160/93/976 2159/95/570 2153/94/576
f 2159/95/570 2158/98/571 2153/94/576
f 2158/98/571 2157/100/572 2154/96/575
f 2153/94/576 2158/98/571 2154/96/575
f 2157/100/572 2156/99/573 2155/97/574
f 2155/97/574 2154/96/575 2157/100/572
f 2153/94/576 2152/92/577 2160/93/976
f 2152/92/577 2151/80/578 2161/82/568
f 2177/58/979 2178/61/550 2148/61/518
f 2164/33/564 2165/35/563 2135/35/531
f 2122/9/545 2152/9/577 2153/10/576
f 2178/61/550 549/63/549 517/63/517
f 2165/35/563 2166/37/562 2136/37/530
f 2123/10/544 2153/10/576 2154/12/575
f 2166/37/562 2167/38/561 2137/38/529
f 2124/12/543 2154/12/575 2155/14/574
f 2167/38/561 2168/40/560 2138/40/528
f 2125/14/542 2155/14/574 2156/15/573
f 2168/40/560 2169/42/559 2139/42/527
f 2126/15/541 2156/15/573 2157/17/572
f 2169/42/559 2170/44/558 2140/44/526
f 2127/17/540 2157/17/572 2158/19/571
f 2170/44/558 2171/46/557 2141/46/525
f 2128/19/539 2158/19/571 2159/21/570
f 2171/46/557 2172/48/556 2142/48/524
f 2129/21/538 2159/21/570 2160/23/976
f 2172/48/556 2173/50/555 2143/50/523
f 2130/23/537 2160/23/976 2161/25/568
f 2173/50/555 2174/52/977 2144/52/522
f 2131/25/536 2161/25/568 2162/27/567
f 517/1/517 549/1/549 2149/3/580
f 2174/52/977 2175/54/553 2145/54/521
f 2132/27/535 2162/27/567 2163/29/566
f 2119/3/548 2149/3/580 2150/5/579
f 2175/54/553 2176/56/978 2146/56/520
f 2163/29/566 565/31/565 533/31/533
f 2120/5/547 2150/5/579 2151/7/578
f 2176/56/978 2177/58/979 2147/58/975
f 533/31/533 565/31/565 2164/33/564
f 2185/21/986 2195/21/996 2196/23/997
f 2181/14/982 2191/14/992 2192/15/993
f 2198/27/999 2204/27/1005 2203/25/1004
f 2182/15/983 2192/15/993 2193/17/994
f 2200/25/1001 2201/27/1002 2188/27/989
f 2183/17/984 2193/17/994 2194/19/995
f 2189/10/990 2190/12/991 2180/12/981
f 2184/19/985 2194/19/995 2195/21/996
f 2180/12/981 2190/12/991 2191/14/992
f 2179/10/980 2180/12/981 1635/12/841
f 1694/19/891 2194/19/995 2193/17/994
f 1643/19/849 2184/19/985 2185/21/986
f 2195/21/996 2194/19/995 1694/19/891
f 2182/15/983 2183/17/984 1641/17/847
f 1649/25/855 2187/25/988 2188/27/989
f 2196/23/997 2195/21/996 1695/21/892
f 2180/12/981 2181/14/982 1637/14/843
f 2197/25/998 2196/23/997 1696/23/893
f 1645/21/851 2185/21/986 2186/23/987
f 1690/12/887 2190/12/991 2189/10/990
f 2206/25/1007 2207/27/1008 2201/27/1002
f 2204/27/1005 2210/27/1011 2209/25/1010
f 2202/23/1003 2199/23/1000 2186/23/987
f 2199/23/1000 2200/25/1001 2187/25/988
f 2197/25/998 2203/25/1004 2202/23/1003
f 2188/27/989 2201/27/1002 2204/27/1005
f 2212/25/1013 2213/27/1014 2207/27/1008
f 2210/27/1011 2216/27/1017 2215/25/1016
f 2207/27/1008 2210/27/1011 2204/27/1005
f 2202/23/1003 2208/23/1009 2205/23/1006
f 2203/25/1004 2209/25/1010 2208/23/1009
f 2205/23/1006 2206/25/1007 2200/25/1001
f 2220/23/1021 2217/23/1018 2211/23/1012
f 2213/27/1014 2219/27/1020 2222/27/1023
f 2207/27/1008 2213/27/1014 2216/27/1017
f 2214/23/1015 2211/23/1012 2205/23/1006
f 2209/25/1010 2215/25/1016 2214/23/1015
f 2211/23/1012 2212/25/1013 2206/25/1007
f 2224/25/1025 2225/27/1026 2219/27/1020
f 2222/27/1023 2228/27/1029 2227/25/1028
f 2215/25/1016 2221/25/1022 2220/23/1021
f 2217/23/1018 2218/25/1019 2212/25/1013
f 2216/27/1017 2222/27/1023 2221/25/1022
f 2218/25/1019 2219/27/1020 2213/27/1014
f 2232/23/1033 2229/23/1030 2223/23/1024
f 2225/27/1026 2231/27/1032 2234/27/1035
f 2219/27/1020 2225/27/1026 2228/27/1029
f 2226/23/1027 2223/23/1024 2217/23/1018
f 2221/25/1022 2227/25/1028 2226/23/1027
f 2223/23/1024 2224/25/1025 2218/25/1019
f 2232/23/1033 2233/25/1034 2230/25/1031
f 2230/25/1031 2233/25/1034 2234/27/1035
f 2227/25/1028 2233/25/1034 2232/23/1033
f 2229/23/1030 2230/25/1031 2224/25/1025
f 2228/27/1029 2234/27/1035 2233/25/1034
f 2230/25/1031 2231/27/1032 2225/27/1026
f 2248/24/1244 2280/24/1276 2279/22/1275
f 2245/18/1241 2244/59/1240 1880/59/1208
f 1895/47/1223 2259/47/1255 2258/45/1254
f 1882/20/1210 2246/20/1242 2245/18/1241
f 2260/49/1256 2259/47/1255 1895/47/1223
f 2247/22/1243 2246/20/1242 1882/20/1210
f 1897/51/1225 2261/51/1257 2260/49/1256
f 2248/24/1244 2247/22/1243 1883/22/1211
f 2262/53/1258 2261/51/1257 1897/51/1225
f 1885/26/1213 2249/26/1245 2248/24/1244
f 1872/2/1200 2236/2/1232 2235/67/1231
f 1899/55/1227 2263/55/1259 2262/53/1258
f 2250/28/1246 2249/26/1245 1885/26/1213
f 2237/4/1233 2236/2/1232 1872/2/1200
f 1900/57/1228 2264/57/1260 2263/55/1259
f 1887/30/1215 2251/30/1247 2250/28/1246
f 1874/6/1202 2238/6/1234 2237/4/1233
f 2265/60/1261 2264/57/1260 1900/57/1228
f 2252/32/1248 2251/30/1247 1887/30/1215
f 1875/8/1203 2239/8/1235 2238/6/1234
f 1902/62/1230 2266/62/1262 2265/60/1261
f 1889/34/1217 2253/34/1249 2252/32/1248
f 2240/66/1236 2239/8/1235 1875/8/1203
f 2235/68/1231 2266/62/1262 1902/62/1230
f 2254/36/1250 2253/34/1249 1889/34/1217
f 1877/11/1205 2241/11/1237 2240/66/1236
f 2255/39/1251 2254/36/1250 1890/36/1218
f 2242/13/1238 2241/11/1237 1877/11/1205
f 1892/41/1220 2256/41/1252 2255/39/1251
f 1879/16/1207 2243/16/1239 2242/13/1238
f 2257/43/1253 2256/41/1252 1892/41/1220
f 2244/59/1240 2243/16/1239 1879/16/1207
f 2283/30/1279 2410/30/1406 2409/28/1405
f 2262/53/1258 2294/53/1290 2293/51/1289
f 2249/26/1245 2281/26/1277 2280/24/1276
f 2268/2/1264 2267/67/1263 2235/67/1231
f 2263/55/1259 2295/55/1291 2294/53/1290
f 2250/28/1246 2282/28/1278 2281/26/1277
f 2269/4/1265 2268/2/1264 2236/2/1232
f 2264/57/1260 2296/57/1292 2295/55/1291
f 2251/30/1247 2283/30/1279 2282/28/1278
f 2270/6/1266 2269/4/1265 2237/4/1233
f 2265/60/1261 2297/60/1293 2296/57/1292
f 2284/32/1280 2283/30/1279 2251/30/1247
f 2271/8/1267 2270/6/1266 2238/6/1234
f 2266/62/1262 2298/62/1294 2297/60/1293
f 2285/34/1281 2284/32/1280 2252/32/1248
f 2272/66/1268 2271/8/1267 2239/8/1235
f 2235/68/1231 2267/68/1263 2298/62/1294
f 2286/36/1282 2285/34/1281 2253/34/1249
f 2273/11/1269 2272/66/1268 2240/66/1236
f 2287/39/1283 2286/36/1282 2254/36/1250
f 2274/13/1270 2273/11/1269 2241/11/1237
f 2288/41/1284 2287/39/1283 2255/39/1251
f 2275/16/1271 2274/13/1270 2242/13/1238
f 2289/43/1285 2288/41/1284 2256/41/1252
f 2244/59/1240 2276/59/1272 2275/16/1271
f 2290/45/1286 2289/43/1285 2257/43/1253
f 2245/18/1241 2277/18/1273 2276/59/1272
f 2291/47/1287 2290/45/1286 2258/45/1254
f 2246/20/1242 2278/20/1274 2277/18/1273
f 2260/49/1256 2292/49/1288 2291/47/1287
f 2247/22/1243 2279/22/1275 2278/20/1274
f 2261/51/1257 2293/51/1289 2292/49/1288
f 2318/36/1314 2350/36/1346 2349/34/1345
f 2270/6/1266 2302/6/1298 2301/4/1297
f 2329/60/1325 2328/57/1324 2296/57/1292
f 2316/32/1312 2418/32/1414 2419/34/1415
f 2271/8/1267 2303/8/1299 2302/6/1298
f 2330/62/1326 2329/60/1325 2297/60/1293
f 2282/28/1278 2409/28/1405 2408/26/1404
f 2305/11/1301 2400/11/1396 2397/11/1393
f 2299/68/1295 2330/62/1326 2298/62/1294
f 2315/30/1311 2417/30/1413 2418/32/1414
f 2304/66/1300 2399/66/1395 2400/11/1396
f 2287/39/1283 2319/39/1315 2318/36/1314
f 2306/13/1302 2305/11/1301 2273/11/1269
f 2288/41/1284 2320/41/1316 2319/39/1315
f 2307/16/1303 2306/13/1302 2274/13/1270
f 2289/43/1285 2321/43/1317 2320/41/1316
f 2308/59/1304 2307/16/1303 2275/16/1271
f 2290/45/1286 2322/45/1318 2321/43/1317
f 2309/18/1305 2308/59/1304 2276/59/1272
f 2291/47/1287 2323/47/1319 2322/45/1318
f 2310/20/1306 2309/18/1305 2277/18/1273
f 2292/49/1288 2324/49/1320 2323/47/1319
f 2311/22/1307 2310/20/1306 2278/20/1274
f 2293/51/1289 2325/51/1321 2324/49/1320
f 2312/24/1308 2311/22/1307 2279/22/1275
f 2326/53/1322 2325/51/1321 2293/51/1289
f 2281/26/1277 2408/26/1404 2407/24/1403
f 2268/2/1264 2300/2/1296 2299/67/1295
f 2327/55/1323 2326/53/1322 2294/53/1290
f 2416/28/1412 2417/30/1413 2315/30/1311
f 2269/4/1265 2301/4/1297 2300/2/1296
f 2328/57/1324 2327/55/1323 2295/55/1291
f 2353/43/1349 2385/43/1381 2384/41/1380
f 2305/11/1301 2337/11/1333 2336/66/1332
f 2319/39/1315 2351/39/1347 2350/36/1346
f 2306/13/1302 2338/13/1334 2337/11/1333
f 2352/41/1348 2351/39/1347 2319/39/1315
f 2307/16/1303 2339/16/1335 2338/13/1334
f 2353/43/1349 2352/41/1348 2320/41/1316
f 2308/59/1304 2340/59/1336 2339/16/1335
f 2354/45/1350 2353/43/1349 2321/43/1317
f 2309/18/1305 2341/18/1337 2340/59/1336
f 2355/47/1351 2354/45/1350 2322/45/1318
f 2310/20/1306 2342/20/1338 2341/18/1337
f 2356/49/1352 2355/47/1351 2323/47/1319
f 2311/22/1307 2343/22/1339 2342/20/1338
f 2357/51/1353 2356/49/1352 2324/49/1320
f 2344/24/1340 2343/22/1339 2311/22/1307
f 2358/53/1354 2357/51/1353 2325/51/1321
f 2345/26/1341 2344/24/1340 2312/24/1308
f 2300/2/1296 2332/2/1328 2331/67/1327
f 2359/55/1355 2358/53/1354 2326/53/1322
f 2346/28/1342 2345/26/1341 2313/26/1309
f 2301/4/1297 2333/4/1329 2332/2/1328
f 2360/57/1356 2359/55/1355 2327/55/1323
f 2347/30/1343 2346/28/1342 2314/28/1310
f 2302/6/1298 2334/6/1330 2333/4/1329
f 2361/60/1357 2360/57/1356 2328/57/1324
f 2316/32/1312 2348/32/1344 2347/30/1343
f 2303/8/1299 2335/8/1331 2334/6/1330
f 2362/62/1358 2361/60/1357 2329/60/1325
f 2317/34/1313 2349/34/1345 2348/32/1344
f 2304/66/1300 2336/66/1332 2335/8/1331
f 2331/68/1327 2362/62/1358 2330/62/1326
f 2363/113/1359 2364/85/1360 2394/84/1390
f 2364/85/1360 2365/112/1361 2393/83/1389
f 2365/112/1361 2366/78/1362 2393/83/1389
f 2366/78/1362 2367/77/1363 2392/114/1388
f 2393/83/1389 2366/78/1362 2392/114/1388
f 2367/77/1363 2368/117/1364 2390/115/1386
f 2368/117/1364 2369/137/1365 2389/116/1385
f 2369/137/1365 2370/119/1366 2388/118/1384
f 2370/119/1366 2371/121/1367 2387/120/1383
f 2371/121/1367 2372/123/1368 2387/120/1383
f 2372/123/1368 2373/125/1369 2386/122/1382
f 2387/120/1383 2372/123/1368 2386/122/1382
f 2373/125/1369 2374/128/1370 2385/124/1381
f 2374/128/1370 2375/130/1371 2384/126/1380
f 2385/124/1381 2374/128/1370 2384/126/1380
f 2375/130/1371 2376/132/1372 2383/127/1379
f 2376/132/1372 2377/134/1373 2382/129/1378
f 2383/127/1379 2376/132/1372 2382/129/1378
f 2377/134/1373 2378/136/1374 2380/133/1376
f 2378/136/1374 2379/135/1375 2380/133/1376
f 2380/133/1376 2381/131/1377 2377/134/1373
f 2381/131/1377 2382/129/1378 2377/134/1373
f 2383/127/1379 2384/126/1380 2375/130/1371
f 2385/124/1381 2386/122/1382 2373/125/1369
f 2387/120/1383 2388/118/1384 2370/119/1366
f 2388/118/1384 2389/116/1385 2369/137/1365
f 2389/116/1385 2390/115/1386 2368/117/1364
f 2390/115/1386 2391/79/1387 2367/77/1363
f 2391/79/1387 2392/114/1388 2367/77/1363
f 2372/59/1368 2371/16/1367 2339/16/1335
f 2354/45/1350 2386/45/1382 2385/43/1381
f 2373/18/1369 2372/59/1368 2340/59/1336
f 2355/47/1351 2387/47/1383 2386/45/1382
f 2374/20/1370 2373/18/1369 2341/18/1337
f 2388/49/1384 2387/47/1383 2355/47/1351
f 2375/22/1371 2374/20/1370 2342/20/1338
f 2389/51/1385 2388/49/1384 2356/49/1352
f 2376/24/1372 2375/22/1371 2343/22/1339
f 2390/53/1386 2389/51/1385 2357/51/1353
f 2377/26/1373 2376/24/1372 2344/24/1340
f 2332/2/1328 2364/2/1360 2363/67/1359
f 2391/55/1387 2390/53/1386 2358/53/1354
f 2378/28/1374 2377/26/1373 2345/26/1341
f 2333/4/1329 2365/4/1361 2364/2/1360
f 2392/57/1388 2391/55/1387 2359/55/1355
f 2379/30/1375 2378/28/1374 2346/28/1342
f 2334/6/1330 2366/6/1362 2365/4/1361
f 2393/60/1389 2392/57/1388 2360/57/1356
f 2348/32/1344 2380/32/1376 2379/30/1375
f 2335/8/1331 2367/8/1363 2366/6/1362
f 2394/62/1390 2393/60/1389 2361/60/1357
f 2349/34/1345 2381/34/1377 2380/32/1376
f 2336/66/1332 2368/66/1364 2367/8/1363
f 2363/68/1359 2394/62/1390 2362/62/1358
f 2350/36/1346 2382/36/1378 2381/34/1377
f 2337/11/1333 2369/11/1365 2368/66/1364
f 2351/39/1347 2383/39/1379 2382/36/1378
f 2338/13/1334 2370/13/1366 2369/11/1365
f 2352/41/1348 2384/41/1380 2383/39/1379
f 2339/16/1335 2371/16/1367 2370/13/1366
f 2403/11/1399 2402/66/1398 2396/66/1392
f 2399/66/1395 2405/66/1401 2406/11/1402
f 2395/8/1391 2398/8/1394 2303/8/1299
f 2396/66/1392 2395/8/1391 2271/8/1267
f 2303/8/1299 2398/8/1394 2399/66/1395
f 2397/11/1393 2396/66/1392 2272/66/1268
f 2402/66/1398 2405/66/1401 2404/8/1400
f 2403/11/1399 2406/11/1402 2405/66/1401
f 2400/11/1396 2406/11/1402 2403/11/1399
f 2401/8/1397 2404/8/1400 2398/8/1394
f 2398/8/1394 2404/8/1400 2405/66/1401
f 2402/66/1398 2401/8/1397 2395/8/1391
f 2434/36/1430 2427/36/1423 2413/36/1409
f 2409/28/1405 2423/28/1419 2422/26/1418
f 2430/28/1426 2431/30/1427 2417/30/1413
f 2408/26/1404 2422/26/1418 2421/24/1417
f 2429/26/1425 2430/28/1426 2416/28/1412
f 2428/24/1424 2429/26/1425 2415/26/1411
f 2317/34/1313 2419/34/1415 2420/36/1416
f 2411/32/1407 2410/30/1406 2283/30/1279
f 2412/34/1408 2411/32/1407 2284/32/1280
f 2414/24/1410 2415/26/1411 2313/26/1309
f 2413/36/1409 2412/34/1408 2285/34/1281
f 2415/26/1411 2416/28/1412 2314/28/1310
f 2420/36/1416 2413/36/1409 2286/36/1282
f 2280/24/1276 2407/24/1403 2414/24/1410
f 2431/30/1427 2430/28/1426 2423/28/1419
f 2425/32/1421 2432/32/1428 2431/30/1427
f 2426/34/1422 2433/34/1429 2432/32/1428
f 2427/36/1423 2434/36/1430 2433/34/1429
f 2429/26/1425 2428/24/1424 2421/24/1417
f 2430/28/1426 2429/26/1425 2422/26/1418
f 2417/30/1413 2431/30/1427 2432/32/1428
f 2410/30/1406 2424/30/1420 2423/28/1419
f 2407/24/1403 2421/24/1417 2428/24/1424
f 2418/32/1414 2432/32/1428 2433/34/1429
f 2425/32/1421 2424/30/1420 2410/30/1406
f 2419/34/1415 2433/34/1429 2434/36/1430
f 2426/34/1422 2425/32/1421 2411/32/1407
f 2427/36/1423 2426/34/1422 2412/34/1408
f 1/1/1 2/67/2 2436/2/4
f 2435/3/3 2436/2/4 2438/4/6
f 2437/5/5 2438/4/6 2440/6/8
f 2439/7/7 2440/6/8 2442/8/10
f 2442/8/10 2444/66/12 2443/10/11
f 2443/10/11 2444/66/12 2446/11/14
f 2445/12/13 2446/11/14 2448/13/16
f 2448/13/16 2450/16/18 2449/15/17
f 2450/16/18 2452/59/20 2451/17/19
f 2451/17/19 2452/59/20 2454/18/22
f 2453/19/21 2454/18/22 2456/20/24
f 2455/21/23 2456/20/24 2458/22/26
f 2457/23/25 2458/22/26 2460/24/28
f 2459/25/27 2460/24/28 2462/26/30
f 2461/27/29 2462/26/30 2464/28/32
f 2463/29/31 2464/28/32 34/30/34
f 33/31/33 34/30/34 2466/32/36
f 2465/33/35 2466/32/36 2468/34/38
f 2467/35/37 2468/34/38 2470/36/40
f 2470/36/40 2472/39/42 2471/38/41
f 2472/39/42 2474/41/44 2473/40/43
f 2474/41/44 2476/43/46 2475/42/45
f 2476/43/46 2478/45/48 2477/44/47
f 2478/45/48 2480/47/50 2479/46/49
f 2480/47/50 2482/49/52 2481/48/51
f 2482/49/52 2484/51/54 2483/50/53
f 2484/51/54 2486/53/56 2485/52/55
f 2486/53/56 2488/55/58 2487/54/57
f 2488/55/58 2490/57/60 2489/56/59
f 2490/57/60 2492/60/62 2491/58/61
f 2706/59/290 2705/16/289 2562/16/1095
f 2492/60/62 2494/62/64 2493/61/63
f 2494/62/64 2/68/2 1/63/1
f 2508/27/79 3000/27/600 2990/27/590
f 2518/48/90 2548/48/122 2547/46/121
f 2473/40/43 2514/40/86 2513/38/85
f 2489/56/59 2491/58/61 2523/58/95
f 2503/17/74 2502/15/73 2994/15/594
f 2465/33/35 2510/33/82 81/31/81
f 2483/50/53 2519/50/91 2518/48/90
f 2441/9/9 2498/9/69 2497/7/68
f 2457/23/25 2459/25/27 2989/25/589
f 2475/42/45 2515/42/87 2514/40/86
f 2491/58/61 2493/61/63 2524/61/96
f 2499/10/70 2443/10/11 2981/10/581
f 2467/35/37 2511/35/83 2510/33/82
f 2483/50/53 2485/52/55 2520/52/92
f 2441/9/9 2443/10/11 2499/10/70
f 2449/15/17 2984/15/584 2983/14/583
f 2477/44/47 2516/44/88 2515/42/87
f 2435/3/3 2495/3/66 65/1/65
f 2493/61/63 1/63/1 65/63/65
f 2502/15/73 2501/14/72 2993/14/593
f 2469/37/39 2512/37/84 2511/35/83
f 2485/52/55 2487/54/57 2521/54/93
f 2501/14/72 2500/12/71 2992/12/592
f 2461/27/29 2463/29/31 2509/29/80
f 2479/46/49 2517/46/89 2516/44/88
f 2437/5/5 2496/5/67 2495/3/66
f 2453/19/21 2986/19/586 2985/17/585
f 2471/38/41 2513/38/85 2512/37/84
f 2487/54/57 2489/56/59 2522/56/94
f 2507/25/78 2999/25/599 3000/27/600
f 2463/29/31 33/31/33 81/31/81
f 2481/48/51 2518/48/90 2517/46/89
f 2439/7/7 2497/7/68 2496/5/67
f 2533/17/106 2534/19/107 2780/19/367
f 2505/21/76 2506/23/77 2536/23/109
f 2519/50/91 2549/50/123 2548/48/122
f 2506/23/77 2507/25/78 2537/25/110
f 2520/52/92 2550/52/124 2549/50/123
f 2507/25/78 2508/27/79 2538/27/111
f 65/1/65 2495/3/66 2525/3/98
f 2521/54/93 2551/54/125 2550/52/124
f 2508/27/79 2509/29/80 2539/29/112
f 2495/3/66 2496/5/67 2526/5/99
f 2522/56/94 2552/56/126 2551/54/125
f 2509/29/80 81/31/81 113/31/113
f 2496/5/67 2497/7/68 2527/7/100
f 2523/58/95 2553/58/127 2552/56/126
f 2510/33/82 2540/33/114 113/31/113
f 2497/7/68 2498/9/69 2528/9/101
f 2524/61/96 2554/61/128 2553/58/127
f 2511/35/83 2541/35/115 2540/33/114
f 2498/9/69 2499/10/70 2529/10/102
f 65/63/65 97/63/97 2554/61/128
f 2512/37/84 2542/37/116 2541/35/115
f 2499/10/70 2500/12/71 2530/12/103
f 2513/38/85 2543/38/117 2542/37/116
f 2500/12/71 2501/14/72 2531/14/104
f 2514/40/86 2544/40/118 2543/38/117
f 2501/14/72 2502/15/73 2532/15/105
f 2515/42/87 2545/42/119 2544/40/118
f 2502/15/73 2503/17/74 2533/17/106
f 2516/44/88 2546/44/120 2545/42/119
f 2503/17/74 2504/19/75 2534/19/107
f 2517/46/89 2547/46/121 2546/44/120
f 2504/19/75 2505/21/76 2535/21/108
f 2583/60/1074 2582/57/1075 2612/57/1106
f 2707/64/291 2570/32/1087 2571/34/1437
f 2709/51/293 2579/51/1078 2580/53/1077
f 2712/66/296 2711/73/295 2558/8/1099
f 2566/22/1434 2738/22/324 2737/20/323
f 2715/43/299 2575/43/1441 2576/45/1442
f 2717/2/302 301/67/301 129/67/129
f 2718/62/303 2584/62/1073 129/68/129
f 2726/20/311 2719/18/304 2744/18/330
f 2708/65/292 2571/34/1437 2572/36/1438
f 2710/53/294 2580/53/1077 2581/55/1076
f 2722/11/307 2712/66/296 2559/66/1098
f 2723/28/308 2714/26/298 2568/26/1436
f 2716/45/300 2576/45/1442 2577/47/1080
f 2725/4/310 2717/2/302 2555/2/1102
f 2732/22/318 2726/20/311 2745/20/331
f 2720/36/305 2572/36/1438 2573/39/1439
f 2721/55/306 2581/55/1076 2582/57/1075
f 2729/70/314 2722/11/307 2560/11/1097
f 315/30/315 2723/28/308 2569/28/1088
f 2724/47/309 2577/47/1080 2578/49/1079
f 2731/6/317 2725/4/310 2556/4/1101
f 2713/72/297 2732/22/318 2746/22/332
f 2727/39/312 2573/39/1439 2574/41/1440
f 2728/69/313 2582/57/1075 2583/60/1074
f 2705/16/289 2729/70/314 2561/13/1096
f 315/30/315 145/30/145 2570/32/1087
f 2730/71/316 2578/49/1079 2579/51/1078
f 2711/73/295 2731/6/317 2557/6/1100
f 2565/20/1433 2737/20/323 2736/18/322
f 2733/41/319 2574/41/1440 2575/43/1441
f 2734/60/320 2583/60/1074 2584/62/1073
f 2600/32/1118 1791/30/1119 1823/30/1151
f 2570/32/1087 145/30/145 1791/30/1119
f 2557/6/1100 2587/6/1132 2588/8/1131
f 2584/62/1073 2583/60/1074 2613/60/1105
f 2571/34/1437 2570/32/1087 2600/32/1118
f 2558/8/1099 2588/8/1131 2589/66/1130
f 2584/62/1073 2614/62/1104 1775/68/1103
f 2572/36/1438 2571/34/1437 2601/34/1117
f 2559/66/1098 2589/66/1130 2590/11/1129
f 2573/39/1439 2572/36/1438 2602/36/1116
f 2560/11/1097 2590/11/1129 2591/13/1128
f 2574/41/1440 2573/39/1439 2603/39/1115
f 2561/13/1096 2591/13/1128 2592/16/1127
f 2575/43/1441 2574/41/1440 2604/41/1114
f 2562/16/1095 2592/16/1127 2593/59/1126
f 2576/45/1442 2575/43/1441 2605/43/1113
f 2563/59/1431 2593/59/1126 2594/18/1125
f 2577/47/1080 2576/45/1442 2606/45/1112
f 2564/18/1432 2594/18/1125 2595/20/1124
f 2578/49/1079 2577/47/1080 2607/47/1111
f 2565/20/1433 2595/20/1124 2596/22/1123
f 2579/51/1078 2578/49/1079 2608/49/1110
f 2566/22/1434 2596/22/1123 2597/24/1122
f 2580/53/1077 2579/51/1078 2609/51/1109
f 2567/24/1435 2597/24/1122 2598/26/1121
f 129/67/129 1775/67/1103 2585/2/1134
f 2581/55/1076 2580/53/1077 2610/53/1108
f 2569/28/1088 2568/26/1436 2598/26/1121
f 2555/2/1102 2585/2/1134 2586/4/1133
f 2582/57/1075 2581/55/1076 2611/55/1107
f 145/30/145 2569/28/1088 2599/28/1120
f 2556/4/1101 2586/4/1133 2587/6/1132
f 2633/39/1147 2632/36/1148 2662/36/1180
f 2587/6/1132 2617/6/1164 2618/8/1163
f 2614/62/1104 2613/60/1105 2643/60/1137
f 2601/34/1117 2600/32/1118 2630/32/1150
f 2588/8/1131 2618/8/1163 2619/66/1162
f 1775/68/1103 2614/62/1104 2644/62/1136
f 2602/36/1116 2601/34/1117 2631/34/1149
f 2589/66/1130 2619/66/1162 2620/11/1161
f 2603/39/1115 2602/36/1116 2632/36/1148
f 2590/11/1129 2620/11/1161 2621/13/1160
f 2604/41/1114 2603/39/1115 2633/39/1147
f 2591/13/1128 2621/13/1160 2622/16/1159
f 2605/43/1113 2604/41/1114 2634/41/1146
f 2592/16/1127 2622/16/1159 2623/59/1158
f 2606/45/1112 2605/43/1113 2635/43/1145
f 2593/59/1126 2623/59/1158 2624/18/1157
f 2607/47/1111 2606/45/1112 2636/45/1144
f 2594/18/1125 2624/18/1157 2625/20/1156
f 2608/49/1110 2607/47/1111 2637/47/1143
f 2595/20/1124 2625/20/1156 2626/22/1155
f 2609/51/1109 2608/49/1110 2638/49/1142
f 2596/22/1123 2626/22/1155 2627/24/1154
f 2610/53/1108 2609/51/1109 2639/51/1141
f 2597/24/1122 2627/24/1154 2628/26/1153
f 1775/67/1103 1807/67/1135 2615/2/1166
f 2611/55/1107 2610/53/1108 2640/53/1140
f 2598/26/1121 2628/26/1153 2629/28/1152
f 2585/2/1134 2615/2/1166 2616/4/1165
f 2612/57/1106 2611/55/1107 2641/55/1139
f 2599/28/1120 2629/28/1152 1823/30/1151
f 2586/4/1133 2616/4/1165 2617/6/1164
f 2613/60/1105 2612/57/1106 2642/57/1138
f 2666/45/1176 2665/43/1177 2695/43/1209
f 2620/11/1161 2650/11/1193 2651/13/1192
f 2634/41/1146 2633/39/1147 2663/39/1179
f 2621/13/1160 2651/13/1192 2652/16/1191
f 2635/43/1145 2634/41/1146 2664/41/1178
f 2622/16/1159 2652/16/1191 2653/59/1190
f 2636/45/1144 2635/43/1145 2665/43/1177
f 2623/59/1158 2653/59/1190 2654/18/1189
f 2637/47/1143 2636/45/1144 2666/45/1176
f 2624/18/1157 2654/18/1189 2655/20/1443
f 2638/49/1142 2637/47/1143 2667/47/1175
f 2625/20/1156 2655/20/1443 2656/22/1187
f 2639/51/1141 2638/49/1142 2668/49/1174
f 2626/22/1155 2656/22/1187 2657/24/1186
f 2640/53/1140 2639/51/1141 2669/51/1173
f 2627/24/1154 2657/24/1186 2658/26/1185
f 1807/67/1135 1839/67/1167 2645/2/1198
f 2641/55/1139 2640/53/1140 2670/53/1172
f 2628/26/1153 2658/26/1185 2659/28/1184
f 2615/2/1166 2645/2/1198 2646/4/1197
f 2642/57/1138 2641/55/1139 2671/55/1171
f 2629/28/1152 2659/28/1184 1855/30/1183
f 2616/4/1165 2646/4/1197 2647/6/1196
f 2643/60/1137 2642/57/1138 2672/57/1170
f 2630/32/1150 1823/30/1151 1855/30/1183
f 2617/6/1164 2647/6/1196 2648/8/1195
f 2644/62/1136 2643/60/1137 2673/60/1169
f 2631/34/1149 2630/32/1150 2660/32/1182
f 2618/8/1163 2648/8/1195 2649/66/1194
f 1807/68/1135 2644/62/1136 2674/62/1168
f 2632/36/1148 2631/34/1149 2661/34/1181
f 2619/66/1162 2649/66/1194 2650/11/1193
f 2696/45/1208 2695/43/1209 3057/43/1241
f 2653/59/1190 2683/59/1222 2684/18/1221
f 2667/47/1175 2666/45/1176 2696/45/1208
f 2654/18/1189 2684/18/1221 2685/20/1220
f 2667/47/1175 2697/47/1207 2698/49/1206
f 2655/20/1443 2685/20/1220 2686/22/1219
f 2668/49/1174 2698/49/1206 2699/51/1205
f 2656/22/1187 2686/22/1219 2687/24/1218
f 2669/51/1173 2699/51/1205 2700/53/1204
f 2657/24/1186 2687/24/1218 2688/26/1217
f 2645/2/1198 1839/67/1167 1871/67/1199
f 2670/53/1172 2700/53/1204 2701/55/1203
f 2658/26/1185 2688/26/1217 2689/28/1216
f 2646/4/1197 2645/2/1198 2675/2/1230
f 2671/55/1171 2701/55/1203 2702/57/1202
f 2659/28/1184 2689/28/1216 1887/30/1215
f 2647/6/1196 2646/4/1197 2676/4/1229
f 2672/57/1170 2702/57/1202 2703/60/1201
f 2660/32/1182 1855/30/1183 1887/30/1215
f 2648/8/1195 2647/6/1196 2677/6/1228
f 2673/60/1169 2703/60/1201 2704/62/1200
f 2661/34/1181 2660/32/1182 2690/32/1214
f 2649/66/1194 2648/8/1195 2678/8/1227
f 2674/62/1168 2704/62/1200 1871/68/1199
f 2662/36/1180 2661/34/1181 2691/34/1213
f 2650/11/1193 2649/66/1194 2679/66/1226
f 2663/39/1179 2662/36/1180 2692/36/1212
f 2651/13/1192 2650/11/1193 2680/11/1225
f 2664/41/1178 2663/39/1179 2693/39/1211
f 2652/16/1191 2651/13/1192 2681/13/1224
f 2665/43/1177 2664/41/1178 2694/41/1210
f 2652/16/1191 2682/16/1223 2683/59/1222
f 2494/62/64 2492/60/62 2734/60/320
f 2474/41/44 2733/41/319 2715/43/299
f 2460/24/28 2458/22/26 2732/22/318
f 2442/8/10 2440/6/8 2731/6/317
f 2482/49/52 2730/71/316 2709/51/293
f 34/30/34 315/30/315 2707/64/291
f 2450/16/18 2448/13/16 2729/70/314
f 2490/57/60 2728/69/313 2734/60/320
f 2472/39/42 2727/39/312 2733/41/319
f 2458/22/26 2456/20/24 2726/20/311
f 2440/6/8 2438/4/6 2725/4/310
f 2480/47/50 2724/47/309 2730/71/316
f 34/30/34 2464/28/32 2723/28/308
f 2448/13/16 2446/11/14 2722/11/307
f 2488/55/58 2721/55/306 2728/69/313
f 2470/36/40 2720/36/305 2727/39/312
f 2456/20/24 2454/18/22 2719/18/304
f 2436/2/4 2717/2/302 2725/4/310
f 2478/45/48 2716/45/300 2724/47/309
f 2464/28/32 2462/26/30 2714/26/298
f 2446/11/14 2444/66/12 2712/66/296
f 2486/53/56 2710/53/294 2721/55/306
f 2468/34/38 2708/65/292 2720/36/305
f 2454/18/22 2452/59/20 2706/59/290
f 2/68/2 2494/62/64 2718/62/303
f 2/67/2 301/67/301 2717/2/302
f 2476/43/46 2715/43/299 2716/45/300
f 2462/26/30 2460/24/28 2713/72/297
f 2444/66/12 2442/8/10 2711/73/295
f 2484/51/54 2709/51/293 2710/53/294
f 2466/32/36 2707/64/291 2708/65/292
f 2452/59/20 2450/16/18 2705/16/289
f 2743/26/329 2742/72/328 2750/72/336
f 2744/18/330 2741/59/327 2735/59/321
f 2745/20/331 2744/18/330 2736/18/322
f 2746/22/332 2745/20/331 2737/20/323
f 2746/22/332 2738/22/324 2747/22/333
f 2719/18/304 2706/59/290 2741/59/327
f 2706/59/290 2563/59/1431 2735/59/321
f 2713/72/297 2742/72/328 2743/26/329
f 2566/22/1434 2567/24/1435 2739/24/325
f 2564/18/1432 2736/18/322 2735/59/321
f 2568/26/1436 2714/26/298 2743/26/329
f 2567/24/1435 2568/26/1436 2740/26/326
f 2747/22/333 2753/22/339 2758/22/344
f 2750/72/336 2756/72/342 2757/26/343
f 2740/26/326 2749/26/335 2748/24/334
f 2742/72/328 2746/22/332 2752/22/338
f 2743/26/329 2751/26/337 2749/26/335
f 2739/24/325 2748/24/334 2747/22/333
f 2755/26/341 2757/26/343 2763/26/349
f 2756/72/342 2758/22/344 2764/22/350
f 2748/24/334 2754/24/340 2753/22/339
f 2750/72/336 2752/22/338 2758/22/344
f 2749/26/335 2751/26/337 2757/26/343
f 2749/26/335 2755/26/341 2754/24/340
f 2759/22/345 2765/22/351 2770/22/356
f 2762/72/348 2768/72/354 2769/26/355
f 2755/26/341 2761/26/347 2760/24/346
f 2756/72/342 2762/72/348 2763/26/349
f 2753/22/339 2759/22/345 2764/22/350
f 2754/24/340 2760/24/346 2759/22/345
f 2769/26/355 2768/72/354 2766/24/352
f 2768/72/354 2770/22/356 2765/22/351
f 2760/24/346 2766/24/352 2765/22/351
f 2762/72/348 2764/22/350 2770/22/356
f 2761/26/347 2763/26/349 2769/26/355
f 2761/26/347 2767/26/353 2766/24/352
f 2784/27/371 2785/29/372 2815/29/404
f 2547/46/121 2793/46/381 2792/44/380
f 2534/19/107 2535/21/108 2781/21/368
f 2548/48/122 2794/48/382 2793/46/381
f 2535/21/108 2536/23/109 2782/23/369
f 2549/50/123 2795/50/383 2794/48/382
f 2536/23/109 2537/25/110 2783/25/370
f 2549/50/123 2550/52/124 2796/52/384
f 2537/25/110 2538/27/111 2784/27/371
f 2525/3/98 2771/3/358 357/1/357
f 2550/52/124 2551/54/125 2797/54/385
f 2538/27/111 2539/29/112 2785/29/372
f 2526/5/99 2772/5/359 2771/3/358
f 2551/54/125 2552/56/126 2798/56/386
f 2539/29/112 113/31/113 373/31/373
f 2527/7/100 2773/7/360 2772/5/359
f 2552/56/126 2553/58/127 2799/58/387
f 2540/33/114 2786/33/374 373/31/373
f 2528/9/101 2774/9/361 2773/7/360
f 2553/58/127 2554/61/128 2800/61/388
f 2541/35/115 2787/35/375 2786/33/374
f 2529/10/102 2775/10/362 2774/9/361
f 2554/61/128 97/63/97 357/63/357
f 2542/37/116 2788/37/376 2787/35/375
f 2530/12/103 2776/12/363 2775/10/362
f 2543/38/117 2789/38/377 2788/37/376
f 2530/12/103 2531/14/104 2777/14/364
f 2544/40/118 2790/40/378 2789/38/377
f 2531/14/104 2532/15/105 2778/15/365
f 2545/42/119 2791/42/379 2790/40/378
f 2532/15/105 2533/17/106 2779/17/366
f 2546/44/120 2792/44/380 2791/42/379
f 2830/61/420 389/63/389 421/63/421
f 2771/3/358 2772/5/359 2802/5/391
f 2798/56/386 2828/56/418 2827/54/417
f 2785/29/372 373/31/373 405/31/405
f 2772/5/359 2773/7/360 2803/7/392
f 2799/58/387 2829/58/419 2828/56/418
f 2786/33/374 2816/33/406 405/31/405
f 2773/7/360 2774/9/361 2804/9/393
f 2800/61/388 2830/61/420 2829/58/419
f 2787/35/375 2817/35/407 2816/33/406
f 2774/9/361 2775/10/362 2805/10/394
f 357/63/357 389/63/389 2830/61/420
f 2788/37/376 2818/37/408 2817/35/407
f 2775/10/362 2776/12/363 2806/12/395
f 2789/38/377 2819/38/409 2818/37/408
f 2776/12/363 2777/14/364 2807/14/396
f 2790/40/378 2820/40/410 2819/38/409
f 2777/14/364 2778/15/365 2808/15/397
f 2791/42/379 2821/42/411 2820/40/410
f 2778/15/365 2779/17/366 2809/17/398
f 2792/44/380 2822/44/412 2821/42/411
f 2779/17/366 2780/19/367 2810/19/399
f 2793/46/381 2823/46/413 2822/44/412
f 2780/19/367 2781/21/368 2811/21/400
f 2794/48/382 2824/48/414 2823/46/413
f 2781/21/368 2782/23/369 2812/23/401
f 2795/50/383 2825/50/415 2824/48/414
f 2782/23/369 2783/25/370 2813/25/402
f 2796/52/384 2826/52/416 2825/50/415
f 2783/25/370 2784/27/371 2814/27/403
f 357/1/357 2771/3/358 2801/3/390
f 2797/54/385 2827/54/417 2826/52/416
f 2850/40/442 2851/42/443 2881/42/475
f 2818/37/408 2848/37/440 2847/35/439
f 2806/12/395 2836/12/427 2835/10/426
f 2819/38/409 2849/38/441 2848/37/440
f 2806/12/395 2807/14/396 2837/14/428
f 2820/40/410 2850/40/442 2849/38/441
f 2807/14/396 2808/15/397 2838/15/429
f 2821/42/411 2851/42/443 2850/40/442
f 2808/15/397 2809/17/398 2839/17/430
f 2822/44/412 2852/44/444 2851/42/443
f 2809/17/398 2810/19/399 2840/19/431
f 2823/46/413 2853/46/445 2852/44/444
f 2810/19/399 2811/21/400 2841/21/432
f 2824/48/414 2854/48/446 2853/46/445
f 2811/21/400 2812/23/401 2842/23/433
f 2825/50/415 2855/50/447 2854/48/446
f 2812/23/401 2813/25/402 2843/25/434
f 2825/50/415 2826/52/416 2856/52/448
f 2813/25/402 2814/27/403 2844/27/435
f 2801/3/390 2831/3/422 421/1/421
f 2826/52/416 2827/54/417 2857/54/449
f 2814/27/403 2815/29/404 2845/29/436
f 2802/5/391 2832/5/423 2831/3/422
f 2827/54/417 2828/56/418 2858/56/450
f 2815/29/404 405/31/405 437/31/437
f 2803/7/392 2833/7/424 2832/5/423
f 2828/56/418 2829/58/419 2859/58/451
f 2816/33/406 2846/33/438 437/31/437
f 2804/9/393 2834/9/425 2833/7/424
f 2829/58/419 2830/61/420 2860/61/452
f 2817/35/407 2847/35/439 2846/33/438
f 2805/10/394 2835/10/426 2834/9/425
f 2883/46/477 2884/48/478 2914/48/510
f 2838/15/429 2839/17/430 2869/17/462
f 2851/42/443 2852/44/444 2882/44/476
f 2840/19/431 2870/19/463 2869/17/462
f 2853/46/445 2883/46/477 2882/44/476
f 2841/21/432 2871/21/464 2870/19/463
f 2853/46/445 2854/48/446 2884/48/478
f 2842/23/433 2872/23/465 2871/21/464
f 2854/48/446 2855/50/447 2885/50/479
f 2842/23/433 2843/25/434 2873/25/466
f 2856/52/448 2886/52/480 2885/50/479
f 2843/25/434 2844/27/435 2874/27/467
f 2831/3/422 2861/3/454 453/1/453
f 2857/54/449 2887/54/481 2886/52/480
f 2844/27/435 2845/29/436 2875/29/468
f 2831/3/422 2832/5/423 2862/5/455
f 2858/56/450 2888/56/482 2887/54/481
f 2845/29/436 437/31/437 469/31/469
f 2832/5/423 2833/7/424 2863/7/456
f 2858/56/450 2859/58/451 2889/58/483
f 2846/33/438 2876/33/470 469/31/469
f 2833/7/424 2834/9/425 2864/9/457
f 2859/58/451 2860/61/452 2890/61/484
f 2846/33/438 2847/35/439 2877/35/471
f 2835/10/426 2865/10/458 2864/9/457
f 2860/61/452 421/63/421 453/63/453
f 2848/37/440 2878/37/472 2877/35/471
f 2835/10/426 2836/12/427 2866/12/459
f 2849/38/441 2879/38/473 2878/37/472
f 2837/14/428 2867/14/460 2866/12/459
f 2850/40/442 2880/40/474 2879/38/473
f 2838/15/429 2868/15/461 2867/14/460
f 485/1/485 2891/3/486 2921/3/518
f 2872/23/465 2902/23/497 2901/21/496
f 2884/48/478 2885/50/479 2915/50/511
f 2873/25/466 2903/25/498 2902/23/497
f 2886/52/480 2916/52/512 2915/50/511
f 2874/27/467 2904/27/499 2903/25/498
f 453/1/453 2861/3/454 2891/3/486
f 2887/54/481 2917/54/513 2916/52/512
f 2875/29/468 2905/29/500 2904/27/499
f 2861/3/454 2862/5/455 2892/5/487
f 2888/56/482 2918/56/514 2917/54/513
f 469/31/469 501/31/501 2905/29/500
f 2862/5/455 2863/7/456 2893/7/488
f 2889/58/483 2919/58/515 2918/56/514
f 469/31/469 2876/33/470 2906/33/502
f 2863/7/456 2864/9/457 2894/9/489
f 2890/61/484 2920/61/516 2919/58/515
f 2876/33/470 2877/35/471 2907/35/503
f 2864/9/457 2865/10/458 2895/10/490
f 453/63/453 485/63/485 2920/61/516
f 2877/35/471 2878/37/472 2908/37/504
f 2865/10/458 2866/12/459 2896/12/491
f 2878/37/472 2879/38/473 2909/38/505
f 2867/14/460 2897/14/492 2896/12/491
f 2879/38/473 2880/40/474 2910/40/506
f 2868/15/461 2898/15/493 2897/14/492
f 2880/40/474 2881/42/475 2911/42/507
f 2869/17/462 2899/17/494 2898/15/493
f 2881/42/475 2882/44/476 2912/44/508
f 2870/19/463 2900/19/495 2899/17/494
f 2882/44/476 2883/46/477 2913/46/509
f 2871/21/464 2901/21/496 2900/19/495
f 2923/7/520 2924/9/521 2954/9/553
f 2917/54/513 2947/54/545 2946/52/544
f 2904/27/499 2905/29/500 2935/29/532
f 2891/3/486 2892/5/487 2922/5/519
f 2918/56/514 2948/56/546 2947/54/545
f 2905/29/500 501/31/501 533/31/533
f 2892/5/487 2893/7/488 2923/7/520
f 2919/58/515 2949/58/547 2948/56/546
f 2906/33/502 2936/33/534 533/31/533
f 2893/7/488 2894/9/489 2924/9/521
f 2920/61/516 2950/61/548 2949/58/547
f 2907/35/503 2937/35/535 2936/33/534
f 2894/9/489 2895/10/490 2925/10/522
f 485/63/485 517/63/517 2950/61/548
f 2908/37/504 2938/37/536 2937/35/535
f 2895/10/490 2896/12/491 2926/12/523
f 2909/38/505 2939/38/537 2938/37/536
f 2896/12/491 2897/14/492 2927/14/524
f 2910/40/506 2940/40/538 2939/38/537
f 2897/14/492 2898/15/493 2928/15/525
f 2911/42/507 2941/42/539 2940/40/538
f 2898/15/493 2899/17/494 2929/17/526
f 2912/44/508 2942/44/540 2941/42/539
f 2899/17/494 2900/19/495 2930/19/527
f 2913/46/509 2943/46/541 2942/44/540
f 2900/19/495 2901/21/496 2931/21/528
f 2914/48/510 2944/48/542 2943/46/541
f 2901/21/496 2902/23/497 2932/23/529
f 2915/50/511 2945/50/543 2944/48/542
f 2902/23/497 2903/25/498 2933/25/530
f 2916/52/512 2946/52/544 2945/50/543
f 2903/25/498 2904/27/499 2934/27/531
f 2980/86/580 549/87/549 565/88/565
f 549/87/549 2951/89/550 2965/90/564
f 2951/89/550 2952/81/551 2965/90/564
f 2952/81/551 2953/80/552 2964/91/563
f 2965/90/564 2952/81/551 2964/91/563
f 2953/80/552 2954/92/553 2962/93/561
f 2954/92/553 2955/94/554 2961/95/560
f 2955/94/554 2956/96/555 2961/95/560
f 2956/96/555 2957/97/556 2960/98/559
f 2961/95/560 2956/96/555 2960/98/559
f 2957/97/556 2958/99/557 2959/100/558
f 2959/100/558 2960/98/559 2957/97/556
f 2961/95/560 2962/93/561 2954/92/553
f 2962/93/561 2963/82/562 2953/80/552
f 2963/82/562 2964/91/563 2953/80/552
f 2965/90/564 565/88/565 549/87/549
f 565/88/565 2966/101/566 2980/86/580
f 2966/101/566 2967/102/567 2980/86/580
f 2967/102/567 2968/76/568 2979/75/579
f 2980/86/580 2967/102/567 2979/75/579
f 2968/76/568 2969/103/569 2977/104/577
f 2969/103/569 2970/105/570 2976/106/576
f 2970/105/570 2971/107/571 2976/106/576
f 2971/107/571 2972/108/572 2975/109/575
f 2976/106/576 2971/107/571 2975/109/575
f 2972/108/572 2973/110/573 2974/111/574
f 2974/111/574 2975/109/575 2972/108/572
f 2976/106/576 2977/104/577 2969/103/569
f 2977/104/577 2978/74/578 2968/76/568
f 2950/61/548 2980/61/580 2979/58/579
f 2937/35/535 2967/35/567 2966/33/566
f 2924/9/521 2925/10/522 2955/10/554
f 517/63/517 549/63/549 2980/61/580
f 2938/37/536 2968/37/568 2967/35/567
f 2925/10/522 2926/12/523 2956/12/555
f 2939/38/537 2969/38/569 2968/37/568
f 2926/12/523 2927/14/524 2957/14/556
f 2940/40/538 2970/40/570 2969/38/569
f 2927/14/524 2928/15/525 2958/15/557
f 2941/42/539 2971/42/571 2970/40/570
f 2928/15/525 2929/17/526 2959/17/558
f 2942/44/540 2972/44/572 2971/42/571
f 2929/17/526 2930/19/527 2960/19/559
f 2943/46/541 2973/46/573 2972/44/572
f 2930/19/527 2931/21/528 2961/21/560
f 2944/48/542 2974/48/574 2973/46/573
f 2931/21/528 2932/23/529 2962/23/561
f 2945/50/543 2975/50/575 2974/48/574
f 2932/23/529 2933/25/530 2963/25/562
f 2946/52/544 2976/52/576 2975/50/575
f 2933/25/530 2934/27/531 2964/27/563
f 517/1/517 2921/3/518 2951/3/550
f 2947/54/545 2977/54/577 2976/52/576
f 2934/27/531 2935/29/532 2965/29/564
f 2921/3/518 2922/5/519 2952/5/551
f 2948/56/546 2978/56/578 2977/54/577
f 533/31/533 565/31/565 2965/29/564
f 2922/5/519 2923/7/520 2953/7/552
f 2949/58/547 2979/58/579 2978/56/578
f 533/31/533 2936/33/534 2966/33/566
f 2987/21/587 2988/23/588 2998/23/598
f 2983/14/583 2984/15/584 2994/15/594
f 3000/27/600 2999/25/599 3005/25/605
f 2984/15/584 2985/17/585 2995/17/595
f 2990/27/590 3003/27/603 3002/25/602
f 2985/17/585 2986/19/586 2996/19/596
f 2982/12/582 2992/12/592 2991/10/591
f 2986/19/586 2987/21/587 2997/21/597
f 2982/12/582 2983/14/583 2993/14/593
f 2445/12/13 2982/12/582 2981/10/581
f 2504/19/75 2503/17/74 2995/17/595
f 2453/19/21 2455/21/23 2987/21/587
f 2504/19/75 2996/19/596 2997/21/597
f 2451/17/19 2985/17/585 2984/15/584
f 2459/25/27 2461/27/29 2990/27/590
f 2505/21/76 2997/21/597 2998/23/598
f 2447/14/15 2983/14/583 2982/12/582
f 2506/23/77 2998/23/598 2999/25/599
f 2455/21/23 2457/23/25 2988/23/588
f 2500/12/71 2499/10/70 2991/10/591
f 3003/27/603 3009/27/609 3008/25/608
f 3006/27/606 3005/25/605 3011/25/611
f 2988/23/588 3001/23/601 3004/23/604
f 2989/25/589 3002/25/602 3001/23/601
f 2999/25/599 2998/23/598 3004/23/604
f 2990/27/590 3000/27/600 3006/27/606
f 3009/27/609 3015/27/615 3014/25/614
f 3012/27/612 3011/25/611 3017/25/617
f 3006/27/606 3012/27/612 3009/27/609
f 3004/23/604 3001/23/601 3007/23/607
f 3005/25/605 3004/23/604 3010/23/610
f 3002/25/602 3008/25/608 3007/23/607
f 3013/23/613 3019/23/619 3022/23/622
f 3015/27/615 3018/27/618 3024/27/624
f 3009/27/609 3012/27/612 3018/27/618
f 3007/23/607 3013/23/613 3016/23/616
f 3011/25/611 3010/23/610 3016/23/616
f 3008/25/608 3014/25/614 3013/23/613
f 3021/27/621 3027/27/627 3026/25/626
f 3024/27/624 3023/25/623 3029/25/629
f 3017/25/617 3016/23/616 3022/23/622
f 3014/25/614 3020/25/620 3019/23/619
f 3018/27/618 3017/25/617 3023/25/623
f 3015/27/615 3021/27/621 3020/25/620
f 3025/23/625 3031/23/631 3034/23/634
f 3027/27/627 3030/27/630 3036/27/636
f 3021/27/621 3024/27/624 3030/27/630
f 3019/23/619 3025/23/625 3028/23/628
f 3023/25/623 3022/23/622 3028/23/628
f 3020/25/620 3026/25/626 3025/23/625
f 3032/25/632 3035/25/635 3034/23/634
f 3032/25/632 3033/27/633 3036/27/636
f 3029/25/629 3028/23/628 3034/23/634
f 3026/25/626 3032/25/632 3031/23/631
f 3030/27/630 3029/25/629 3035/25/635
f 3027/27/627 3033/27/633 3032/25/632
f 3049/24/1250 3048/22/1251 3078/22/1283
f 2683/59/1222 3045/59/1254 3046/18/1253
f 2697/47/1207 2696/45/1208 3058/45/1240
f 2685/20/1220 2684/18/1221 3046/18/1253
f 2697/47/1207 3059/47/1239 3060/49/1238
f 2685/20/1220 3047/20/1252 3048/22/1251
f 2699/51/1205 2698/49/1206 3060/49/1238
f 2687/24/1218 2686/22/1219 3048/22/1251
f 2699/51/1205 3061/51/1237 3062/53/1236
f 2688/26/1217 2687/24/1218 3049/24/1250
f 2675/2/1230 1871/67/1199 2235/67/1231
f 2701/55/1203 2700/53/1204 3062/53/1236
f 2688/26/1217 3050/26/1249 3051/28/1248
f 2676/4/1229 2675/2/1230 3037/2/1262
f 2701/55/1203 3063/55/1235 3064/57/1234
f 1887/30/1215 2689/28/1216 3051/28/1248
f 2677/6/1228 2676/4/1229 3038/4/1261
f 2702/57/1202 3064/57/1234 3065/60/1233
f 1887/30/1215 2251/30/1247 3052/32/1246
f 2677/6/1228 3039/6/1260 3040/8/1259
f 2704/62/1200 2703/60/1201 3065/60/1233
f 2690/32/1214 3052/32/1246 3053/34/1245
f 2678/8/1227 3040/8/1259 3041/66/1258
f 1871/68/1199 2704/62/1200 3066/62/1232
f 2691/34/1213 3053/34/1245 3054/36/1244
f 2680/11/1225 2679/66/1226 3041/66/1258
f 2692/36/1212 3054/36/1244 3055/39/1243
f 2680/11/1225 3042/11/1257 3043/13/1256
f 2694/41/1210 2693/39/1211 3055/39/1243
f 2682/16/1223 2681/13/1224 3043/13/1256
f 2694/41/1210 3056/41/1242 3057/43/1241
f 2682/16/1223 3044/16/1444 3045/59/1254
f 2283/30/1279 3081/28/1280 3201/28/1407
f 3062/53/1236 3061/51/1237 3091/51/1448
f 3050/26/1249 3049/24/1250 3079/24/1282
f 2235/67/1231 2267/67/1263 3067/2/1294
f 3063/55/1235 3062/53/1236 3092/53/1449
f 3051/28/1248 3050/26/1249 3080/26/1281
f 3037/2/1262 3067/2/1294 3068/4/1293
f 3064/57/1234 3063/55/1235 3093/55/1450
f 2251/30/1247 3051/28/1248 3081/28/1280
f 3038/4/1261 3068/4/1293 3069/6/1292
f 3065/60/1233 3064/57/1234 3094/57/1266
f 2251/30/1247 2283/30/1279 3082/32/1278
f 3039/6/1260 3069/6/1292 3070/8/1445
f 3066/62/1232 3065/60/1233 3095/60/1265
f 3052/32/1246 3082/32/1278 3083/34/1277
f 3040/8/1259 3070/8/1445 3071/66/1446
f 2235/68/1231 3066/62/1232 3096/62/1264
f 3053/34/1245 3083/34/1277 3084/36/1276
f 3041/66/1258 3071/66/1446 3072/11/1447
f 3054/36/1244 3084/36/1276 3085/39/1275
f 3042/11/1257 3072/11/1447 3073/13/1288
f 3055/39/1243 3085/39/1275 3086/41/1274
f 3043/13/1256 3073/13/1288 3074/16/1287
f 3056/41/1242 3086/41/1274 3087/43/1273
f 3045/59/1254 3044/16/1444 3074/16/1287
f 3057/43/1241 3087/43/1273 3088/45/1272
f 3046/18/1253 3045/59/1254 3075/59/1286
f 3058/45/1240 3088/45/1272 3089/47/1271
f 3047/20/1252 3046/18/1253 3076/18/1285
f 3060/49/1238 3059/47/1239 3089/47/1271
f 3048/22/1251 3047/20/1252 3077/20/1284
f 3061/51/1237 3060/49/1238 3090/49/1270
f 3114/36/1308 3113/34/1309 3143/34/1341
f 3069/6/1292 3068/4/1293 3098/4/1325
f 3094/57/1266 3124/57/1298 3125/60/1297
f 3112/32/1310 3113/34/1309 3209/34/1411
f 3070/8/1445 3069/6/1292 3099/6/1324
f 3095/60/1265 3125/60/1297 3126/62/1296
f 3081/28/1280 3080/26/1281 3200/26/1470
f 3102/11/1453 3072/11/1447 3189/11/1460
f 3096/62/1264 3126/62/1296 2299/68/1295
f 2315/30/1311 3112/32/1310 3208/32/1412
f 3101/66/1452 3102/11/1453 3192/11/1463
f 3085/39/1275 3084/36/1276 3114/36/1308
f 3072/11/1447 3102/11/1453 3103/13/1320
f 3086/41/1274 3085/39/1275 3115/39/1307
f 3073/13/1288 3103/13/1320 3104/16/1319
f 3087/43/1273 3086/41/1274 3116/41/1306
f 3074/16/1287 3104/16/1319 3105/59/1318
f 3088/45/1272 3087/43/1273 3117/43/1305
f 3075/59/1286 3105/59/1318 3106/18/1317
f 3089/47/1271 3088/45/1272 3118/45/1304
f 3076/18/1285 3106/18/1317 3107/20/1316
f 3090/49/1270 3089/47/1271 3119/47/1303
f 3077/20/1284 3107/20/1316 3108/22/1315
f 3091/51/1448 3090/49/1270 3120/49/1302
f 3078/22/1283 3108/22/1315 3109/24/1314
f 3091/51/1448 3121/51/1454 3122/53/1455
f 3080/26/1281 3079/24/1282 3199/24/1409
f 3067/2/1294 2267/67/1263 2299/67/1295
f 3092/53/1449 3122/53/1455 3123/55/1456
f 2315/30/1311 2417/30/1413 3207/28/1414
f 3068/4/1293 3067/2/1294 3097/2/1326
f 3093/55/1450 3123/55/1456 3124/57/1298
f 3147/43/1337 3146/41/1338 3176/41/1370
f 3102/11/1453 3101/66/1452 3131/66/1354
f 3115/39/1307 3114/36/1308 3144/36/1340
f 3103/13/1320 3102/11/1453 3132/11/1353
f 3115/39/1307 3145/39/1339 3146/41/1338
f 3104/16/1319 3103/13/1320 3133/13/1352
f 3116/41/1306 3146/41/1338 3147/43/1337
f 3105/59/1318 3104/16/1319 3134/16/1351
f 3117/43/1305 3147/43/1337 3148/45/1336
f 3106/18/1317 3105/59/1318 3135/59/1350
f 3118/45/1304 3148/45/1336 3149/47/1335
f 3107/20/1316 3106/18/1317 3136/18/1349
f 3119/47/1303 3149/47/1335 3150/49/1334
f 3108/22/1315 3107/20/1316 3137/20/1348
f 3120/49/1302 3150/49/1334 3151/51/1333
f 3108/22/1315 3138/22/1347 3139/24/1346
f 3121/51/1454 3151/51/1333 3152/53/1332
f 3109/24/1314 3139/24/1346 3140/26/1345
f 3097/2/1326 2299/67/1295 2331/67/1327
f 3122/53/1455 3152/53/1332 3153/55/1331
f 3110/26/1313 3140/26/1345 3141/28/1344
f 3098/4/1325 3097/2/1326 3127/2/1358
f 3123/55/1456 3153/55/1331 3154/57/1330
f 3111/28/1312 3141/28/1344 2347/30/1343
f 3099/6/1324 3098/4/1325 3128/4/1357
f 3124/57/1298 3154/57/1330 3155/60/1329
f 3112/32/1310 2315/30/1311 2347/30/1343
f 3100/8/1451 3099/6/1324 3129/6/1356
f 3125/60/1297 3155/60/1329 3156/62/1328
f 3113/34/1309 3112/32/1310 3142/32/1342
f 3101/66/1452 3100/8/1451 3130/8/1355
f 3126/62/1296 3156/62/1328 2331/68/1327
f 3158/112/1389 3157/85/1390 3185/83/1361
f 3157/85/1390 2363/113/1359 3186/84/1360
f 3185/83/1361 3157/85/1390 3186/84/1360
f 3185/83/1361 3184/114/1362 3158/112/1389
f 3184/114/1362 3183/79/1363 3159/78/1388
f 3158/112/1389 3184/114/1362 3159/78/1388
f 3183/79/1363 3182/115/1364 3160/77/1387
f 3182/115/1364 3181/116/1365 3161/117/1386
f 3160/77/1387 3182/115/1364 3161/117/1386
f 3181/116/1365 3180/118/1366 3163/119/1384
f 3180/118/1366 3179/120/1367 3164/121/1383
f 3179/120/1367 3178/122/1368 3165/123/1382
f 3178/122/1368 3177/124/1369 3166/125/1381
f 3177/124/1369 3176/126/1370 3166/125/1381
f 3176/126/1370 3175/127/1371 3167/128/1380
f 3166/125/1381 3176/126/1370 3167/128/1380
f 3175/127/1371 3174/129/1457 3168/130/1379
f 3174/129/1457 3173/131/1373 3169/132/1378
f 3168/130/1379 3174/129/1457 3169/132/1378
f 3173/131/1373 3172/133/1374 3171/136/1376
f 3172/133/1374 2379/135/1375 3171/136/1376
f 3171/136/1376 3170/134/1377 3173/131/1373
f 3170/134/1377 3169/132/1378 3173/131/1373
f 3168/130/1379 3167/128/1380 3175/127/1371
f 3166/125/1381 3165/123/1382 3178/122/1368
f 3165/123/1382 3164/121/1383 3179/120/1367
f 3164/121/1383 3163/119/1384 3180/118/1366
f 3163/119/1384 3162/137/1385 3181/116/1365
f 3162/137/1385 3161/117/1386 3181/116/1365
f 3134/16/1351 3164/16/1383 3165/59/1382
f 3148/45/1336 3147/43/1337 3177/43/1369
f 3135/59/1350 3165/59/1382 3166/18/1381
f 3149/47/1335 3148/45/1336 3178/45/1368
f 3136/18/1349 3166/18/1381 3167/20/1380
f 3149/47/1335 3179/47/1367 3180/49/1366
f 3137/20/1348 3167/20/1380 3168/22/1379
f 3150/49/1334 3180/49/1366 3181/51/1365
f 3138/22/1347 3168/22/1379 3169/24/1378
f 3151/51/1333 3181/51/1365 3182/53/1364
f 3139/24/1346 3169/24/1378 3170/26/1377
f 3127/2/1358 2331/67/1327 2363/67/1359
f 3152/53/1332 3182/53/1364 3183/55/1363
f 3140/26/1345 3170/26/1377 3171/28/1376
f 3128/4/1357 3127/2/1358 3157/2/1390
f 3153/55/1331 3183/55/1363 3184/57/1362
f 3141/28/1344 3171/28/1376 2379/30/1375
f 3129/6/1356 3128/4/1357 3158/4/1389
f 3154/57/1330 3184/57/1362 3185/60/1361
f 3142/32/1342 2347/30/1343 2379/30/1375
f 3130/8/1355 3129/6/1356 3159/6/1388
f 3155/60/1329 3185/60/1361 3186/62/1360
f 3143/34/1341 3142/32/1342 3172/32/1374
f 3131/66/1354 3130/8/1355 3160/8/1387
f 3156/62/1328 3186/62/1360 2363/68/1359
f 3144/36/1340 3143/34/1341 3173/34/1373
f 3132/11/1353 3131/66/1354 3161/66/1386
f 3145/39/1339 3144/36/1340 3174/36/1457
f 3133/13/1352 3132/11/1353 3162/11/1385
f 3146/41/1338 3145/39/1339 3175/39/1371
f 3134/16/1351 3133/13/1352 3163/13/1384
f 3188/66/1459 3194/66/1465 3195/11/1466
f 3191/66/1462 3192/11/1463 3198/11/1469
f 3100/8/1451 3190/8/1461 3187/8/1458
f 3070/8/1445 3187/8/1458 3188/66/1459
f 3100/8/1451 3101/66/1452 3191/66/1462
f 3071/66/1446 3188/66/1459 3189/11/1460
f 3194/66/1465 3193/8/1464 3196/8/1467
f 3195/11/1466 3194/66/1465 3197/66/1468
f 3192/11/1463 3189/11/1460 3195/11/1466
f 3190/8/1461 3196/8/1467 3193/8/1464
f 3191/66/1462 3197/66/1468 3196/8/1467
f 3188/66/1459 3187/8/1458 3193/8/1464
f 3204/36/1403 3216/36/1417 3222/36/1424
f 3201/28/1407 3200/26/1470 3212/26/1472
f 2417/30/1413 2431/30/1427 3219/28/1428
f 3200/26/1470 3199/24/1409 3211/24/1423
f 3207/28/1414 3219/28/1428 3218/26/1429
f 3206/26/1415 3218/26/1429 3217/24/1430
f 3113/34/1309 3114/36/1308 3210/36/1410
f 2283/30/1279 2410/30/1406 3202/32/1405
f 3082/32/1278 3202/32/1405 3203/34/1404
f 3110/26/1313 3206/26/1415 3205/24/1471
f 3083/34/1277 3203/34/1404 3204/36/1403
f 3111/28/1312 3207/28/1414 3206/26/1415
f 3084/36/1276 3204/36/1403 3210/36/1410
f 3079/24/1282 3109/24/1314 3205/24/1471
f 3213/28/1421 3219/28/1428 2431/30/1427
f 3214/32/1419 2424/30/1420 2431/30/1427
f 3215/34/1473 3214/32/1419 3220/32/1426
f 3216/36/1417 3215/34/1473 3221/34/1425
f 3211/24/1423 3217/24/1430 3218/26/1429
f 3212/26/1472 3218/26/1429 3219/28/1428
f 2417/30/1413 3208/32/1412 3220/32/1426
f 2410/30/1406 3201/28/1407 3213/28/1421
f 3199/24/1409 3205/24/1471 3217/24/1430
f 3208/32/1412 3209/34/1411 3221/34/1425
f 2410/30/1406 2424/30/1420 3214/32/1419
f 3209/34/1411 3210/36/1410 3222/36/1424
f 3202/32/1405 3214/32/1419 3215/34/1473
f 3203/34/1404 3215/34/1473 3216/36/1417
