# Blender 4.5.4 LTS
# www.blender.org
mtllib deer.mtl
o Cylinder
v -2.337736 0.000000 4.985005
v -0.342746 0.000000 5.127492
v -2.336377 0.146649 4.965701
v -0.341387 0.146649 5.108188
v -2.332351 0.287662 4.908532
v -0.337361 0.287662 5.051018
v -2.325814 0.417620 4.815693
v -0.330825 0.417620 4.958180
v -2.317018 0.531530 4.690754
v -0.322028 0.531530 4.833241
v -2.097221 0.625013 4.538515
v -0.311308 0.625013 4.681002
v -2.084991 0.694477 4.364827
v -0.299079 0.694477 4.507314
v -2.071721 0.737253 4.176364
v -0.285809 0.737253 4.318851
v -1.966509 0.751696 3.980370
v -0.272009 0.751696 4.122856
v -1.907023 0.737253 3.784375
v -0.258209 0.737253 3.926862
v -1.893753 0.694477 3.595912
v -0.244939 0.694477 3.738399
v -1.881524 0.625013 3.422224
v -0.232710 0.625013 3.564710
v -1.870805 0.531530 3.269985
v -0.221991 0.531530 3.412471
v -1.862008 0.417620 3.145046
v -0.213193 0.417620 3.287532
v -1.855471 0.287662 3.052207
v -0.206657 0.287662 3.194694
v -1.851445 0.146649 2.995038
v -0.202631 0.146649 3.137524
v -1.850086 0.000000 2.975734
v -0.201272 0.000000 3.118221
v -1.902384 -0.146649 2.995038
v -0.202631 -0.146649 3.137524
v -2.064548 -0.287662 3.052207
v -0.206657 -0.287662 3.194694
v -2.208184 -0.417620 3.145046
v -0.213193 -0.417620 3.287532
v -2.216980 -0.531529 3.269985
v -0.221991 -0.531529 3.412471
v -2.227700 -0.625013 3.422224
v -0.232710 -0.625013 3.564710
v -2.239929 -0.694477 3.595912
v -0.244939 -0.694477 3.738399
v -2.253199 -0.737253 3.784375
v -0.258209 -0.737253 3.926862
v -2.266999 -0.751696 3.980370
v -0.272009 -0.751696 4.122856
v -2.280799 -0.737253 4.176364
v -0.285809 -0.737253 4.318851
v -2.294069 -0.694477 4.364827
v -0.299079 -0.694477 4.507314
v -2.306298 -0.625013 4.538515
v -0.311308 -0.625013 4.681002
v -2.317018 -0.531529 4.690754
v -0.322028 -0.531529 4.833241
v -2.325814 -0.417620 4.815693
v -0.330825 -0.417620 4.958180
v -2.332351 -0.287662 4.908532
v -0.337361 -0.287662 5.051018
v -2.336377 -0.146649 4.965701
v -0.341387 -0.146649 5.108188
v -3.375973 0.000000 4.528533
v -3.374953 0.109999 4.518146
v -3.371934 0.215770 4.487385
v -3.367031 0.313250 4.437433
v -3.360432 0.398691 4.370208
v -3.352392 0.468812 4.288293
v -3.343219 0.520915 4.194839
v -3.333265 0.553001 4.093434
v -3.322914 0.563835 3.987977
v -3.312563 0.553001 3.882519
v -3.302610 0.520915 3.781114
v -3.293437 0.468811 3.687660
v -3.285396 0.398691 3.605746
v -3.278798 0.313250 3.538521
v -3.273895 0.215770 3.488568
v -3.270875 0.109999 3.457807
v -3.269856 0.000000 3.447420
v -3.270875 -0.109999 3.457807
v -3.273895 -0.215770 3.488568
v -3.278798 -0.313250 3.538521
v -3.285396 -0.398692 3.605746
v -3.293437 -0.468812 3.687660
v -3.302610 -0.520916 3.781114
v -3.312563 -0.553001 3.882519
v -3.322914 -0.563835 3.987977
v -3.333265 -0.553001 4.093434
v -3.343219 -0.520916 4.194839
v -3.352392 -0.468812 4.288293
v -3.360432 -0.398692 4.370208
v -3.367031 -0.313250 4.437433
v -3.371934 -0.215770 4.487385
v -3.374953 -0.109999 4.518146
v -3.548903 0.000000 4.403516
v -3.548681 0.023864 4.401263
v -3.548026 0.046811 4.394589
v -3.546962 0.067960 4.383752
v -3.545531 0.086496 4.369167
v -3.543787 0.101709 4.351396
v -3.541796 0.113013 4.331121
v -3.539637 0.119974 4.309121
v -3.537391 0.122324 4.286242
v -3.535146 0.119974 4.263363
v -3.532986 0.113013 4.241363
v -3.530996 0.101709 4.221088
v -3.529252 0.086496 4.203317
v -3.527820 0.067960 4.188733
v -3.526756 0.046811 4.177895
v -3.526101 0.023864 4.171221
v -3.525880 0.000000 4.168968
v -3.526101 -0.023864 4.171221
v -3.526756 -0.046812 4.177895
v -3.527820 -0.067960 4.188733
v -3.529252 -0.086496 4.203317
v -3.530996 -0.101709 4.221088
v -3.532986 -0.113013 4.241363
v -3.535146 -0.119974 4.263363
v -3.537391 -0.122324 4.286242
v -3.539637 -0.119974 4.309121
v -3.541796 -0.113013 4.331121
v -3.543787 -0.101709 4.351396
v -3.545531 -0.086496 4.369167
v -3.546962 -0.067960 4.383752
v -3.548026 -0.046812 4.394589
v -3.548681 -0.023864 4.401263
v 1.134355 0.000000 5.128296
v 1.135714 0.121423 5.108993
v 1.139740 0.238180 5.051823
v 1.146276 0.345783 4.958984
v 1.155073 0.440099 4.834045
v 1.165792 0.517501 4.681806
v 1.178022 0.575017 4.508118
v 1.191292 0.610434 4.319655
v 1.205092 0.622393 4.123661
v 1.218892 0.610434 3.927666
v 1.232162 0.575017 3.739203
v 1.244391 0.517501 3.565515
v 1.255110 0.440099 3.413275
v 1.263907 0.345783 3.288337
v 1.270444 0.238180 3.195498
v 1.274469 0.121423 3.138328
v 1.275829 0.000000 3.119025
v 1.274469 -0.121423 3.138328
v 1.270444 -0.238180 3.195498
v 1.263907 -0.345783 3.288337
v 1.255110 -0.440099 3.413275
v 1.244391 -0.517501 3.565515
v 1.232162 -0.575016 3.739203
v 1.218892 -0.610434 3.927666
v 1.205092 -0.622393 4.123661
v 1.191292 -0.610434 4.319655
v 1.178022 -0.575016 4.508118
v 1.165792 -0.517501 4.681806
v 1.155073 -0.440098 4.834045
v 1.146276 -0.345783 4.958984
v 1.139740 -0.238180 5.051823
v 1.135714 -0.121423 5.108993
v 1.531627 0.222813 5.180748
v 1.468502 0.281550 5.166335
v 1.412941 0.344089 5.123653
v 1.367079 0.408028 5.054340
v 1.332679 0.470908 4.961061
v 1.311063 0.530313 4.847400
v 1.303061 0.583962 4.717726
v 1.308981 0.629790 4.577021
v 1.328596 0.666039 4.430693
v 1.361152 0.691314 4.284364
v 1.405397 0.704644 4.143659
v 1.459631 0.705518 4.013984
v 1.521771 0.693900 3.900323
v 1.589427 0.670239 3.807044
v 1.660001 0.635443 3.737732
v 1.730780 0.590849 3.695050
v 1.799044 0.538171 3.680638
v 1.862169 0.479434 3.695050
v 1.917730 0.416895 3.737732
v 1.963592 0.352956 3.807044
v 1.997992 0.290076 3.900323
v 2.019608 0.230671 4.013984
v 2.027610 0.177023 4.143659
v 2.021689 0.131194 4.284364
v 2.002074 0.094945 4.430693
v 1.969519 0.069670 4.577021
v 1.925274 0.056340 4.717726
v 1.871039 0.055467 4.847400
v 1.808900 0.067084 4.961061
v 1.741243 0.090745 5.054340
v 1.670669 0.125542 5.123653
v 1.599890 0.170135 5.166335
v 1.636312 0.346265 5.243796
v 1.591260 0.393316 5.234801
v 1.556670 0.448854 5.208162
v 1.533870 0.510744 5.164902
v 1.523736 0.576608 5.106685
v 1.526658 0.643914 5.035746
v 1.542523 0.710077 4.954814
v 1.570723 0.772553 4.866996
v 1.610172 0.828941 4.775670
v 1.659356 0.877076 4.684342
v 1.716384 0.915106 4.596525
v 1.779064 0.941571 4.515592
v 1.844988 0.955454 4.444654
v 1.911622 0.956219 4.386436
v 1.976406 0.943840 4.343177
v 2.036850 0.918791 4.316538
v 2.090631 0.882034 4.307543
v 2.135683 0.834983 4.316538
v 2.170273 0.779446 4.343177
v 2.193073 0.717556 4.386436
v 2.203207 0.651692 4.444654
v 2.200285 0.584386 4.515592
v 2.184420 0.518223 4.596525
v 2.156220 0.455747 4.684342
v 2.116771 0.399358 4.775670
v 2.067587 0.351224 4.866996
v 2.010559 0.313193 4.954814
v 1.947879 0.286729 5.035746
v 1.881955 0.272846 5.106685
v 1.815320 0.272080 5.164902
v 1.750537 0.284459 5.208162
v 1.690093 0.309509 5.234801
v 1.731120 0.458071 5.423842
v 1.695102 0.499481 5.419374
v 1.671190 0.551942 5.406141
v 1.660302 0.613440 5.384652
v 1.662856 0.681609 5.355732
v 1.678755 0.753832 5.320493
v 1.707387 0.827332 5.280290
v 1.747653 0.899284 5.236666
v 1.798004 0.966925 5.191300
v 1.856507 1.027653 5.145933
v 1.920912 1.079136 5.102310
v 1.988744 1.119396 5.062106
v 2.057397 1.146884 5.026867
v 2.124233 1.160544 4.997948
v 2.186683 1.159852 4.976459
v 2.242347 1.144835 4.963225
v 2.289086 1.116068 4.958757
v 2.325104 1.074659 4.963225
v 2.349017 1.022197 4.976459
v 2.359905 0.960700 4.997948
v 2.357351 0.892530 5.026867
v 2.341452 0.820308 5.062106
v 2.312819 0.746807 5.102310
v 2.272554 0.674855 5.145933
v 2.222202 0.607215 5.191300
v 2.163700 0.546486 5.236666
v 2.099295 0.495003 5.280290
v 2.031463 0.454744 5.320493
v 1.962809 0.427256 5.355732
v 1.895973 0.413595 5.384652
v 1.833524 0.414287 5.406141
v 1.777859 0.429305 5.419374
v 1.858598 0.608403 5.763473
v 1.823487 0.648771 5.759117
v 1.800176 0.699912 5.746217
v 1.789562 0.759861 5.725269
v 1.792052 0.826315 5.697077
v 1.807551 0.896720 5.662724
v 1.835462 0.968369 5.623534
v 1.874714 1.038511 5.581008
v 1.923799 1.104449 5.536784
v 1.980829 1.163649 5.492558
v 2.043612 1.213836 5.450033
v 2.109738 1.253082 5.410842
v 2.176663 1.279878 5.376490
v 2.241816 1.293194 5.348298
v 2.302695 1.292520 5.327350
v 2.356957 1.277881 5.314450
v 2.402520 1.249838 5.310094
v 2.437631 1.209471 5.314450
v 2.460942 1.158330 5.327350
v 2.471556 1.098380 5.348298
v 2.469066 1.031927 5.376490
v 2.453568 0.961522 5.410842
v 2.425656 0.889872 5.450033
v 2.386404 0.819731 5.492558
v 2.337320 0.753792 5.536784
v 2.280290 0.694593 5.581008
v 2.217506 0.644405 5.623534
v 2.151381 0.605160 5.662724
v 2.084455 0.578363 5.697077
v 2.019302 0.565047 5.725269
v 1.958424 0.565721 5.746217
v 1.904161 0.580361 5.759117
v 0.305763 0.691120 4.123233
v 0.319563 0.677841 3.927238
v 0.375140 -0.134831 3.137901
v 0.371115 -0.264480 3.195071
v 0.278693 -0.638512 4.507691
v 0.266463 -0.574645 4.681379
v 0.255744 0.488696 4.833618
v 0.266463 0.574646 4.681379
v 0.364578 0.383966 3.287909
v 0.371115 0.264480 3.195071
v 0.332832 -0.638512 3.738776
v 0.319563 -0.677841 3.927238
v 0.235026 0.000000 5.127869
v 0.236385 0.134831 5.108565
v 0.236385 -0.134831 5.108565
v 0.332832 0.638512 3.738776
v 0.364578 -0.383966 3.287909
v 0.255744 -0.488696 4.833618
v 0.278693 0.638512 4.507691
v 0.375140 0.134831 3.137901
v 0.305763 -0.691120 4.123233
v 0.240410 0.264481 5.051395
v 0.345062 0.574646 3.565087
v 0.355781 -0.488696 3.412848
v 0.246947 -0.383966 4.958557
v 0.291963 0.677841 4.319228
v 0.376499 0.000000 3.118598
v 0.291963 -0.677841 4.319228
v 0.246947 0.383966 4.958557
v 0.355781 0.488696 3.412848
v 0.345062 -0.574645 3.565087
v 0.240410 -0.264480 5.051395
v 0.925229 0.730194 3.751458
v 0.997630 0.734908 3.523852
v 1.063874 0.655811 3.400137
v 1.115966 0.554977 3.272612
v 1.166875 0.404045 3.192263
v 1.194085 0.323983 3.171896
v 0.540328 0.746203 3.738452
v 0.616458 0.526004 3.159573
v 0.479740 0.306150 3.174786
v 0.534406 0.772967 3.592752
v 0.539353 0.715232 3.359969
v 0.564969 0.675086 3.284512
v 0.828173 0.426553 2.422909
v 0.860269 0.331398 2.372253
v 0.877423 0.280923 2.359413
v 0.513257 0.408287 2.351643
v 0.427064 0.269680 2.361235
v 0.480796 0.502276 2.430411
v 0.894316 0.407602 0.840321
v 0.907457 0.368641 0.819580
v 0.914481 0.347974 0.814322
v 0.765374 0.400123 0.811141
v 0.730082 0.343371 0.815068
v 0.752083 0.438607 0.843392
v 0.962981 0.395798 0.318752
v 0.979619 0.317359 0.276996
v 0.988513 0.275752 0.266411
v 0.799725 0.380740 0.260007
v 0.755042 0.266484 0.267913
v 0.782897 0.458218 0.324937
v 1.206823 0.478928 0.002957
v 1.230220 0.414069 0.003856
v 1.242726 0.241070 0.004560
v 0.977247 0.503197 -0.005590
v 0.914411 0.228037 0.016405
v 0.953582 0.566705 0.011653
v -3.696955 0.000000 4.270796
v -3.695491 0.025786 4.270264
v -3.691154 0.050581 4.268689
v -3.684113 0.073433 4.266131
v -3.674637 0.093462 4.262689
v -3.663090 0.109900 4.258495
v -3.649917 0.122114 4.253710
v -3.635623 0.129635 4.248518
v -3.620757 0.132175 4.243117
v -3.605892 0.129635 4.237718
v -3.591598 0.122114 4.232525
v -3.578424 0.109900 4.227740
v -3.566878 0.093462 4.223546
v -3.557402 0.073433 4.220104
v -3.550360 0.050581 4.217546
v -3.546024 0.025786 4.215971
v -3.544560 0.000000 4.215439
v -3.546024 -0.025786 4.215971
v -3.550360 -0.050581 4.217546
v -3.557402 -0.073432 4.220104
v -3.566878 -0.093462 4.223546
v -3.578424 -0.109900 4.227740
v -3.591598 -0.122114 4.232525
v -3.605892 -0.129635 4.237718
v -3.620757 -0.132175 4.243117
v -3.635623 -0.129635 4.248518
v -3.649917 -0.122114 4.253710
v -3.663090 -0.109900 4.258495
v -3.674637 -0.093462 4.262689
v -3.684113 -0.073432 4.266131
v -3.691154 -0.050581 4.268689
v -3.695491 -0.025786 4.270264
v -3.824438 0.000000 4.070714
v -3.822892 0.025786 4.070524
v -3.818313 0.050581 4.069960
v -3.810878 0.073433 4.069044
v -3.800871 0.093462 4.067811
v -3.788679 0.109900 4.066309
v -3.774768 0.122114 4.064596
v -3.759674 0.129635 4.062736
v -3.743977 0.132175 4.060802
v -3.728280 0.129635 4.058868
v -3.713186 0.122114 4.057009
v -3.699276 0.109900 4.055295
v -3.687083 0.093462 4.053793
v -3.677077 0.073433 4.052560
v -3.669642 0.050581 4.051644
v -3.665063 0.025786 4.051080
v -3.663517 0.000000 4.050890
v -3.665063 -0.025786 4.051080
v -3.669642 -0.050581 4.051644
v -3.677077 -0.073433 4.052560
v -3.687083 -0.093462 4.053793
v -3.699276 -0.109900 4.055295
v -3.713186 -0.122114 4.057009
v -3.728280 -0.129635 4.058868
v -3.743977 -0.132175 4.060802
v -3.759674 -0.129635 4.062736
v -3.774768 -0.122114 4.064596
v -3.788679 -0.109900 4.066309
v -3.800871 -0.093462 4.067811
v -3.810878 -0.073433 4.069044
v -3.818313 -0.050581 4.069960
v -3.822892 -0.025786 4.070524
v -3.930379 0.000000 3.782976
v -3.927948 0.040541 3.782676
v -3.920749 0.079523 3.781789
v -3.909060 0.115450 3.780349
v -3.893328 0.146940 3.778411
v -3.874159 0.172783 3.776050
v -3.852289 0.191986 3.773356
v -3.828558 0.203811 3.770432
v -3.803880 0.207804 3.767391
v -3.779201 0.203811 3.764352
v -3.755471 0.191986 3.761428
v -3.733601 0.172783 3.758734
v -3.714431 0.146940 3.756372
v -3.698700 0.115450 3.754434
v -3.687010 0.079523 3.752994
v -3.679811 0.040541 3.752107
v -3.677381 0.000000 3.751808
v -3.679811 -0.040541 3.752107
v -3.687010 -0.079523 3.752994
v -3.698700 -0.115450 3.754434
v -3.714431 -0.146940 3.756372
v -3.733601 -0.172783 3.758734
v -3.755471 -0.191986 3.761428
v -3.779201 -0.203812 3.764352
v -3.803880 -0.207804 3.767391
v -3.828558 -0.203812 3.770432
v -3.852289 -0.191986 3.773356
v -3.874159 -0.172783 3.776050
v -3.893328 -0.146940 3.778411
v -3.909060 -0.115450 3.780349
v -3.920749 -0.079523 3.781789
v -3.927948 -0.040541 3.782676
v -3.958154 0.000000 3.557521
v -3.955723 0.040541 3.557221
v -3.948524 0.079523 3.556334
v -3.936835 0.115450 3.554894
v -3.921103 0.146940 3.552956
v -3.901934 0.172783 3.550595
v -3.880064 0.191986 3.547901
v -3.856333 0.203811 3.544977
v -3.831655 0.207804 3.541936
v -3.806976 0.203811 3.538897
v -3.783245 0.191986 3.535973
v -3.761375 0.172783 3.533278
v -3.742206 0.146940 3.530917
v -3.726475 0.115450 3.528979
v -3.714785 0.079523 3.527539
v -3.707586 0.040541 3.526652
v -3.705156 0.000000 3.526353
v -3.707586 -0.040541 3.526652
v -3.714785 -0.079523 3.527539
v -3.726475 -0.115450 3.528979
v -3.742206 -0.146940 3.530917
v -3.761375 -0.172783 3.533278
v -3.783245 -0.191986 3.535973
v -3.806976 -0.203812 3.538897
v -3.831655 -0.207804 3.541936
v -3.856333 -0.203812 3.544977
v -3.880064 -0.191986 3.547901
v -3.901934 -0.172783 3.550595
v -3.921103 -0.146940 3.552956
v -3.936835 -0.115450 3.554894
v -3.948524 -0.079523 3.556334
v -3.955723 -0.040541 3.557221
v -3.945318 0.000000 3.366228
v -3.943283 0.033931 3.365977
v -3.937258 0.066557 3.365235
v -3.927475 0.096627 3.364029
v -3.914308 0.122982 3.362407
v -3.898264 0.144612 3.360431
v -3.879960 0.160684 3.358176
v -3.860098 0.170581 3.355730
v -3.839444 0.173923 3.353184
v -3.818788 0.170581 3.350640
v -3.798927 0.160684 3.348193
v -3.780623 0.144612 3.345938
v -3.764579 0.122982 3.343962
v -3.751413 0.096627 3.342340
v -3.741629 0.066557 3.341135
v -3.735603 0.033931 3.340392
v -3.733570 0.000000 3.340142
v -3.735603 -0.033931 3.340392
v -3.741629 -0.066558 3.341135
v -3.751413 -0.096627 3.342340
v -3.764579 -0.122982 3.343962
v -3.780623 -0.144612 3.345938
v -3.798927 -0.160684 3.348193
v -3.818788 -0.170581 3.350640
v -3.839444 -0.173923 3.353184
v -3.860098 -0.170581 3.355730
v -3.879960 -0.160684 3.358176
v -3.898264 -0.144612 3.360431
v -3.914308 -0.122982 3.362407
v -3.927475 -0.096627 3.364029
v -3.937258 -0.066558 3.365235
v -3.943283 -0.033931 3.365977
v -4.000975 0.000000 3.165957
v -3.999487 0.024803 3.165774
v -3.995083 0.048653 3.165231
v -3.987931 0.070634 3.164350
v -3.978306 0.089900 3.163164
v -3.966578 0.105711 3.161720
v -3.953198 0.117460 3.160072
v -3.938679 0.124694 3.158283
v -3.923581 0.127137 3.156422
v -3.908482 0.124694 3.154563
v -3.893963 0.117460 3.152774
v -3.880583 0.105711 3.151125
v -3.868855 0.089900 3.149681
v -3.859231 0.070634 3.148495
v -3.852078 0.048653 3.147614
v -3.847674 0.024803 3.147071
v -3.846187 0.000000 3.146888
v -3.847674 -0.024803 3.147071
v -3.852078 -0.048653 3.147614
v -3.859231 -0.070634 3.148495
v -3.868855 -0.089900 3.149681
v -3.880583 -0.105711 3.151125
v -3.893963 -0.117460 3.152774
v -3.908482 -0.124694 3.154563
v -3.923581 -0.127137 3.156422
v -3.938679 -0.124694 3.158283
v -3.953198 -0.117460 3.160072
v -3.966578 -0.105711 3.161720
v -3.978306 -0.089900 3.163164
v -3.987931 -0.070634 3.164350
v -3.995083 -0.048653 3.165231
v -3.999487 -0.024803 3.165774
v -4.049468 0.000000 3.001285
v -4.048895 0.009559 3.001214
v -4.047197 0.018751 3.001005
v -4.044441 0.027222 3.000665
v -4.040731 0.034648 3.000209
v -4.036211 0.040741 2.999652
v -4.031055 0.045269 2.999017
v -4.025459 0.048058 2.998327
v -4.019640 0.048999 2.997610
v -4.013821 0.048058 2.996893
v -4.008225 0.045269 2.996204
v -4.003069 0.040741 2.995569
v -3.998549 0.034648 2.995012
v -3.994840 0.027222 2.994555
v -3.992083 0.018751 2.994215
v -3.990386 0.009559 2.994006
v -3.989813 0.000000 2.993936
v -3.990386 -0.009559 2.994006
v -3.992083 -0.018751 2.994215
v -3.994840 -0.027223 2.994555
v -3.998549 -0.034648 2.995012
v -4.003069 -0.040741 2.995569
v -4.008225 -0.045269 2.996204
v -4.013821 -0.048058 2.996893
v -4.019640 -0.048999 2.997610
v -4.025459 -0.048058 2.998327
v -4.031055 -0.045269 2.999017
v -4.036211 -0.040741 2.999652
v -4.040731 -0.034648 3.000209
v -4.044441 -0.027223 3.000665
v -4.047197 -0.018751 3.001005
v -4.048895 -0.009559 3.001214
v -2.255856 0.697834 4.359193
v -2.245769 0.755130 4.215931
v -2.234823 0.790412 4.060483
v -2.132857 0.802326 3.898823
v -2.074960 0.790412 3.737162
v -2.064015 0.755130 3.581714
v -2.053928 0.697834 3.438453
v -2.045086 0.620728 3.312883
v -2.037830 0.526773 3.209831
v -2.032439 0.419580 3.133255
v -3.276834 0.568996 4.152805
v -3.269269 0.611973 4.075722
v -3.261059 0.638438 3.992080
v -3.252521 0.647374 3.905097
v -3.243983 0.638438 3.818114
v -3.235773 0.611973 3.734473
v -3.228207 0.568996 3.657389
v -3.221575 0.511160 3.589825
v -3.216133 0.440686 3.534377
v -3.212088 0.360283 3.493174
v -2.406369 0.681772 2.805735
v -2.402091 0.565423 2.744970
v -2.398912 0.432681 2.699817
v -3.100088 0.546088 2.969034
v -3.096879 0.458817 2.936339
v -3.094494 0.359250 2.912044
v -3.132962 0.485780 2.020461
v -3.138756 0.439554 1.996963
v -3.143061 0.386814 1.979502
v -3.375355 0.431872 2.166824
v -3.378129 0.397198 2.154069
v -3.380191 0.357639 2.144592
v -3.069959 0.503389 1.884579
v -3.050458 0.463067 1.857812
v -3.030560 0.415587 1.836493
v -3.324489 0.368131 1.885821
v -3.310776 0.337197 1.870732
v -3.296530 0.301070 1.858449
v -3.021925 0.462010 0.735693
v -3.009968 0.437286 0.719280
v -2.997767 0.408173 0.706208
v -3.177992 0.379075 0.736454
v -3.169584 0.360108 0.727202
v -3.160849 0.337957 0.719670
v -2.924316 0.480723 0.292249
v -2.906615 0.444123 0.267953
v -2.888554 0.401026 0.248602
v -3.155349 0.436553 0.293377
v -3.142902 0.408475 0.279681
v -3.129971 0.375684 0.268531
v -2.673331 0.510733 -0.011707
v -2.652993 0.416329 -0.016271
v -2.632241 0.314665 -0.012286
v -2.938791 0.428045 0.013563
v -2.924489 0.360693 0.015059
v -2.909631 0.287005 0.021704
v 1.892052 0.647854 5.859423
v 1.856941 0.688222 5.855067
v 1.833630 0.739363 5.842167
v 1.823016 0.799312 5.821219
v 1.825506 0.865766 5.793027
v 1.841005 0.936171 5.758675
v 1.868916 1.007820 5.719484
v 1.908168 1.077962 5.676958
v 1.957252 1.143900 5.632734
v 2.014282 1.203100 5.588509
v 2.077066 1.253287 5.545983
v 2.143192 1.292534 5.506792
v 2.210117 1.319329 5.472440
v 2.275270 1.332646 5.444248
v 2.336148 1.331972 5.423300
v 2.390411 1.317332 5.410400
v 2.435974 1.289290 5.406044
v 2.471085 1.248922 5.410400
v 2.494396 1.197781 5.423300
v 2.505010 1.137832 5.444248
v 2.502520 1.071378 5.472440
v 2.487022 1.000974 5.506792
v 2.459110 0.929323 5.545983
v 2.419858 0.859182 5.588509
v 2.370774 0.793244 5.632734
v 2.313744 0.734044 5.676958
v 2.250960 0.683857 5.719484
v 2.184835 0.644611 5.758675
v 2.117909 0.617815 5.793027
v 2.052756 0.604498 5.821219
v 1.991878 0.605173 5.842167
v 1.937615 0.619812 5.855067
v 1.834556 0.580050 6.182115
v 1.782439 0.639970 6.175650
v 1.747837 0.715881 6.156501
v 1.732082 0.804866 6.125407
v 1.735778 0.903507 6.083561
v 1.758784 1.008013 6.032569
v 1.800214 1.114366 5.974397
v 1.858478 1.218480 5.911273
v 1.931336 1.316355 5.845629
v 2.015988 1.404229 5.779983
v 2.109181 1.478724 5.716861
v 2.207335 1.536980 5.658688
v 2.306675 1.576754 5.607697
v 2.403385 1.596520 5.565850
v 2.493750 1.595519 5.534756
v 2.574295 1.573789 5.515608
v 2.641926 1.532164 5.509143
v 2.694044 1.472246 5.515608
v 2.728645 1.396334 5.534756
v 2.744400 1.307348 5.565850
v 2.740704 1.208707 5.607696
v 2.717699 1.104203 5.658688
v 2.676268 0.997848 5.716861
v 2.618004 0.893734 5.779983
v 2.545146 0.795859 5.845629
v 2.460493 0.707985 5.911273
v 2.367300 0.633490 5.974397
v 2.269148 0.575236 6.032569
v 2.169807 0.535461 6.083561
v 2.073096 0.515694 6.125407
v 1.982732 0.516695 6.156501
v 1.902187 0.538426 6.175650
v 2.027125 0.807143 6.383032
v 1.973550 0.862873 6.379480
v 1.932194 0.928442 6.368959
v 1.904646 1.001331 6.351877
v 1.891964 1.078739 6.328887
v 1.894638 1.157694 6.300871
v 1.912562 1.235155 6.268912
v 1.945050 1.308152 6.234231
v 1.990851 1.373876 6.198166
v 2.048207 1.429803 6.162100
v 2.114913 1.473783 6.127421
v 2.188405 1.504125 6.095460
v 2.265859 1.519666 6.067446
v 2.344300 1.519805 6.044455
v 2.420710 1.504539 6.027372
v 2.492157 1.474455 6.016852
v 2.555892 1.430706 6.013300
v 2.609468 1.374978 6.016852
v 2.650824 1.309408 6.027372
v 2.678373 1.236519 6.044455
v 2.691054 1.159111 6.067446
v 2.688380 1.080158 6.095460
v 2.670456 1.002695 6.127421
v 2.637969 0.929699 6.162100
v 2.592167 0.863974 6.198166
v 2.534811 0.808048 6.234231
v 2.468105 0.764067 6.268912
v 2.394614 0.733726 6.300871
v 2.317158 0.718184 6.328887
v 2.238719 0.718045 6.351877
v 2.162308 0.733311 6.368959
v 2.090861 0.763396 6.379480
v 2.206284 1.018421 6.393042
v 2.178450 1.047374 6.391197
v 2.156964 1.081439 6.385731
v 2.142652 1.119307 6.376856
v 2.136064 1.159522 6.364912
v 2.137453 1.200542 6.350357
v 2.146765 1.240785 6.333754
v 2.163643 1.278709 6.315736
v 2.187438 1.312854 6.296999
v 2.217236 1.341910 6.278262
v 2.251891 1.364759 6.260245
v 2.290073 1.380523 6.243640
v 2.330312 1.388596 6.229086
v 2.371064 1.388669 6.217142
v 2.410762 1.380738 6.208267
v 2.447881 1.365108 6.202801
v 2.480993 1.342379 6.200956
v 2.508827 1.313427 6.202801
v 2.530313 1.279362 6.208267
v 2.544625 1.241494 6.217142
v 2.551213 1.201278 6.229086
v 2.549824 1.160260 6.243640
v 2.540512 1.120016 6.260245
v 2.523634 1.082092 6.278262
v 2.499838 1.047946 6.296999
v 2.470041 1.018891 6.315736
v 2.435385 0.996042 6.333754
v 2.397204 0.980278 6.350357
v 2.356964 0.972204 6.364912
v 2.316212 0.972132 6.376856
v 2.276515 0.980063 6.385731
v 2.239396 0.995693 6.391197
v 2.316467 1.148358 6.416150
v 2.306033 1.159211 6.415458
v 2.297978 1.171981 6.413409
v 2.292613 1.186177 6.410082
v 2.290143 1.201252 6.405604
v 2.290664 1.216629 6.400148
v 2.294155 1.231715 6.393924
v 2.300482 1.245932 6.387169
v 2.309402 1.258732 6.380146
v 2.320573 1.269624 6.373121
v 2.333564 1.278190 6.366367
v 2.347877 1.284099 6.360143
v 2.362962 1.287125 6.354687
v 2.378238 1.287153 6.350209
v 2.393120 1.284180 6.346882
v 2.407035 1.278320 6.344833
v 2.419447 1.269800 6.344142
v 2.429882 1.258947 6.344833
v 2.437936 1.246177 6.346882
v 2.443301 1.231981 6.350209
v 2.445771 1.216905 6.354687
v 2.445250 1.201529 6.360143
v 2.441759 1.186442 6.366367
v 2.435432 1.172226 6.373121
v 2.426512 1.159426 6.380146
v 2.415342 1.148533 6.387169
v 2.402350 1.139968 6.393924
v 2.388038 1.134059 6.400148
v 2.372952 1.131032 6.405604
v 2.357676 1.131005 6.410082
v 2.342794 1.133978 6.413409
v 2.328880 1.139837 6.415458
v 1.576525 0.990874 6.400887
v 1.591323 1.058094 6.368088
v 1.617972 1.126503 6.330670
v 1.676988 1.103587 6.558686
v 1.678708 1.154373 6.540666
v 1.690237 1.204198 6.520109
v 1.082346 1.121827 6.857711
v 1.084557 1.131871 6.852811
v 1.088539 1.142092 6.847219
v 1.097357 1.138669 6.881290
v 1.097614 1.146257 6.878597
v 1.099336 1.153701 6.875525
v 2.631088 1.749380 5.477744
v 2.691215 1.748714 5.457055
v 2.744808 1.734256 5.444314
v 2.789809 1.706559 5.440012
v 2.824487 1.666690 5.444314
v 2.847510 1.616180 5.457054
v 2.857993 1.556970 5.477744
v 2.591773 1.698336 5.796199
v 2.642616 1.688178 5.784832
v 2.690155 1.668160 5.777833
v 2.732563 1.639051 5.775469
v 2.768212 1.601970 5.777832
v 2.795729 1.558341 5.784832
v 2.814059 1.509842 5.796198
v 2.901942 1.908625 5.465672
v 2.914405 1.901593 5.452713
v 2.927110 1.892997 5.444732
v 2.939569 1.883168 5.442038
v 2.951301 1.872483 5.444732
v 2.961858 1.861354 5.452713
v 2.970833 1.850207 5.465672
v 2.942348 1.954854 5.542881
v 2.954319 1.947683 5.534820
v 2.966619 1.939089 5.529856
v 2.978774 1.929402 5.528180
v 2.990318 1.918993 5.529856
v 3.000806 1.908264 5.534820
v 3.009837 1.897626 5.542881
v -2.336377 -0.146649 4.965701
v -0.341387 -0.146649 5.108188
v -2.332351 -0.287662 4.908532
v -0.337361 -0.287662 5.051018
v -2.325814 -0.417620 4.815693
v -0.330825 -0.417620 4.958180
v -2.317018 -0.531530 4.690754
v -0.322028 -0.531530 4.833241
v -2.097221 -0.625013 4.538515
v -0.311308 -0.625013 4.681002
v -2.084991 -0.694477 4.364827
v -0.299079 -0.694477 4.507314
v -2.071721 -0.737253 4.176364
v -0.285809 -0.737253 4.318851
v -1.966509 -0.751696 3.980370
v -0.272009 -0.751696 4.122856
v -1.907023 -0.737253 3.784375
v -0.258209 -0.737253 3.926862
v -1.893753 -0.694477 3.595912
v -0.244939 -0.694477 3.738399
v -1.881524 -0.625013 3.422224
v -0.232710 -0.625013 3.564710
v -1.870805 -0.531530 3.269985
v -0.221991 -0.531530 3.412471
v -1.862008 -0.417620 3.145046
v -0.213193 -0.417620 3.287532
v -1.855471 -0.287662 3.052207
v -0.206657 -0.287662 3.194694
v -1.851445 -0.146649 2.995038
v -0.202631 -0.146649 3.137524
v -1.902384 0.146649 2.995038
v -0.202631 0.146649 3.137524
v -2.064548 0.287662 3.052207
v -0.206657 0.287662 3.194694
v -2.208184 0.417620 3.145046
v -0.213193 0.417620 3.287532
v -2.216980 0.531530 3.269985
v -0.221991 0.531530 3.412471
v -2.227700 0.625013 3.422224
v -0.232710 0.625013 3.564710
v -2.239929 0.694477 3.595912
v -0.244939 0.694477 3.738399
v -2.253199 0.737253 3.784375
v -0.258209 0.737253 3.926862
v -2.266999 0.751696 3.980370
v -0.272009 0.751696 4.122856
v -2.280799 0.737253 4.176364
v -0.285809 0.737253 4.318851
v -2.294069 0.694477 4.364827
v -0.299079 0.694477 4.507314
v -2.306298 0.625013 4.538515
v -0.311308 0.625013 4.681002
v -2.317018 0.531530 4.690754
v -0.322028 0.531530 4.833241
v -2.325814 0.417620 4.815693
v -0.330825 0.417620 4.958180
v -2.332351 0.287662 4.908532
v -0.337361 0.287662 5.051018
v -2.336377 0.146649 4.965701
v -0.341387 0.146649 5.108188
v -3.374953 -0.109999 4.518146
v -3.371934 -0.215770 4.487385
v -3.367031 -0.313250 4.437433
v -3.360432 -0.398691 4.370208
v -3.352392 -0.468811 4.288293
v -3.343219 -0.520915 4.194839
v -3.333265 -0.553001 4.093434
v -3.322914 -0.563835 3.987977
v -3.312563 -0.553001 3.882519
v -3.302610 -0.520915 3.781114
v -3.293437 -0.468811 3.687660
v -3.285396 -0.398691 3.605746
v -3.278798 -0.313250 3.538521
v -3.273895 -0.215770 3.488568
v -3.270875 -0.109999 3.457807
v -3.270875 0.109999 3.457807
v -3.273895 0.215770 3.488568
v -3.278798 0.313250 3.538521
v -3.285396 0.398692 3.605746
v -3.293437 0.468812 3.687660
v -3.302610 0.520916 3.781114
v -3.312563 0.553001 3.882519
v -3.322914 0.563835 3.987977
v -3.333265 0.553001 4.093434
v -3.343219 0.520916 4.194839
v -3.352392 0.468812 4.288293
v -3.360432 0.398692 4.370208
v -3.367031 0.313250 4.437433
v -3.371934 0.215770 4.487385
v -3.374953 0.109999 4.518146
v -3.548681 -0.023864 4.401263
v -3.548026 -0.046811 4.394589
v -3.546962 -0.067960 4.383752
v -3.545531 -0.086496 4.369167
v -3.543787 -0.101709 4.351396
v -3.541796 -0.113013 4.331121
v -3.539637 -0.119974 4.309121
v -3.537391 -0.122324 4.286242
v -3.535146 -0.119974 4.263363
v -3.532986 -0.113013 4.241363
v -3.530996 -0.101709 4.221088
v -3.529252 -0.086496 4.203317
v -3.527820 -0.067960 4.188733
v -3.526756 -0.046811 4.177895
v -3.526101 -0.023864 4.171221
v -3.526101 0.023864 4.171221
v -3.526756 0.046812 4.177895
v -3.527820 0.067960 4.188733
v -3.529252 0.086497 4.203317
v -3.530996 0.101709 4.221088
v -3.532986 0.113013 4.241363
v -3.535146 0.119974 4.263363
v -3.537391 0.122325 4.286242
v -3.539637 0.119974 4.309121
v -3.541796 0.113013 4.331121
v -3.543787 0.101709 4.351396
v -3.545531 0.086497 4.369167
v -3.546962 0.067960 4.383752
v -3.548026 0.046812 4.394589
v -3.548681 0.023864 4.401263
v 1.135714 -0.121423 5.108993
v 1.139740 -0.238180 5.051823
v 1.146276 -0.345783 4.958984
v 1.155073 -0.440099 4.834045
v 1.165792 -0.517501 4.681806
v 1.178022 -0.575016 4.508118
v 1.191292 -0.610434 4.319655
v 1.205092 -0.622393 4.123661
v 1.218892 -0.610434 3.927666
v 1.232162 -0.575016 3.739203
v 1.244391 -0.517501 3.565515
v 1.255110 -0.440099 3.413275
v 1.263907 -0.345783 3.288337
v 1.270444 -0.238180 3.195498
v 1.274469 -0.121423 3.138328
v 1.274469 0.121423 3.138328
v 1.270444 0.238180 3.195498
v 1.263907 0.345783 3.288337
v 1.255110 0.440099 3.413275
v 1.244391 0.517501 3.565515
v 1.232162 0.575016 3.739203
v 1.218892 0.610434 3.927666
v 1.205092 0.622393 4.123661
v 1.191292 0.610434 4.319655
v 1.178022 0.575016 4.508118
v 1.165792 0.517501 4.681806
v 1.155073 0.440099 4.834045
v 1.146276 0.345783 4.958984
v 1.139740 0.238180 5.051823
v 1.135714 0.121423 5.108993
v 1.599891 0.170135 5.166335
v 1.670669 0.125541 5.123653
v 1.741243 0.090745 5.054340
v 1.808900 0.067084 4.961061
v 1.871039 0.055467 4.847400
v 1.925274 0.056340 4.717726
v 1.969519 0.069670 4.577021
v 2.002074 0.094945 4.430693
v 2.021689 0.131194 4.284364
v 2.027610 0.177023 4.143659
v 2.019608 0.230671 4.013984
v 1.997992 0.290076 3.900323
v 1.963592 0.352956 3.807044
v 1.917730 0.416895 3.737732
v 1.862169 0.479434 3.695050
v 1.730780 0.590849 3.695050
v 1.660001 0.635443 3.737732
v 1.589427 0.670239 3.807044
v 1.521771 0.693900 3.900323
v 1.459632 0.705517 4.013984
v 1.405397 0.704644 4.143659
v 1.361152 0.691314 4.284364
v 1.328596 0.666039 4.430693
v 1.308981 0.629790 4.577021
v 1.303061 0.583961 4.717726
v 1.311063 0.530313 4.847400
v 1.332679 0.470908 4.961061
v 1.367079 0.408028 5.054340
v 1.412941 0.344089 5.123653
v 1.468502 0.281550 5.166335
v 1.690093 0.309509 5.234801
v 1.750537 0.284459 5.208162
v 1.815321 0.272080 5.164902
v 1.881955 0.272846 5.106685
v 1.947879 0.286728 5.035746
v 2.010559 0.313193 4.954814
v 2.067587 0.351224 4.866996
v 2.116771 0.399358 4.775670
v 2.156220 0.455747 4.684342
v 2.184420 0.518223 4.596525
v 2.200285 0.584386 4.515592
v 2.203207 0.651692 4.444654
v 2.193073 0.717556 4.386436
v 2.170273 0.779445 4.343177
v 2.135683 0.834983 4.316538
v 2.036850 0.918791 4.316538
v 1.976406 0.943840 4.343177
v 1.911622 0.956219 4.386436
v 1.844988 0.955453 4.444654
v 1.779064 0.941571 4.515592
v 1.716384 0.915106 4.596525
v 1.659356 0.877076 4.684342
v 1.610172 0.828941 4.775670
v 1.570723 0.772553 4.866996
v 1.542523 0.710076 4.954814
v 1.526658 0.643914 5.035746
v 1.523736 0.576608 5.106685
v 1.533870 0.510744 5.164902
v 1.556670 0.448854 5.208162
v 1.591260 0.393316 5.234801
v 1.777860 0.429305 5.419374
v 1.833524 0.414287 5.406141
v 1.895974 0.413595 5.384652
v 1.962809 0.427256 5.355732
v 2.031463 0.454744 5.320493
v 2.099295 0.495003 5.280290
v 2.163700 0.546486 5.236666
v 2.222202 0.607215 5.191300
v 2.272554 0.674855 5.145933
v 2.312820 0.746807 5.102310
v 2.341453 0.820308 5.062106
v 2.357351 0.892530 5.026867
v 2.359905 0.960700 4.997948
v 2.349017 1.022197 4.976459
v 2.325104 1.074659 4.963225
v 2.242347 1.144835 4.963225
v 2.186683 1.159852 4.976459
v 2.124233 1.160544 4.997948
v 2.057398 1.146884 5.026867
v 1.988744 1.119396 5.062106
v 1.920912 1.079136 5.102310
v 1.856507 1.027653 5.145933
v 1.798004 0.966925 5.191300
v 1.747653 0.899284 5.236666
v 1.707387 0.827332 5.280290
v 1.678755 0.753832 5.320493
v 1.662856 0.681609 5.355732
v 1.660302 0.613439 5.384652
v 1.671190 0.551942 5.406141
v 1.695103 0.499481 5.419374
v 1.904161 0.580361 5.759117
v 1.958424 0.565721 5.746217
v 2.019302 0.565047 5.725269
v 2.084456 0.578363 5.697077
v 2.151381 0.605160 5.662724
v 2.217506 0.644405 5.623534
v 2.280290 0.694592 5.581008
v 2.337320 0.753792 5.536784
v 2.386404 0.819730 5.492558
v 2.425656 0.889872 5.450033
v 2.453568 0.961522 5.410842
v 2.469067 1.031927 5.376490
v 2.471556 1.098380 5.348298
v 2.460942 1.158330 5.327350
v 2.437632 1.209471 5.314450
v 2.356958 1.277881 5.314450
v 2.302695 1.292520 5.327350
v 2.241816 1.293194 5.348298
v 2.176663 1.279878 5.376490
v 2.109738 1.253082 5.410842
v 2.043612 1.213836 5.450033
v 1.980829 1.163649 5.492558
v 1.923799 1.104448 5.536784
v 1.874715 1.038511 5.581008
v 1.835462 0.968369 5.623534
v 1.807551 0.896720 5.662724
v 1.792052 0.826315 5.697077
v 1.789562 0.759861 5.725269
v 1.800176 0.699911 5.746217
v 1.823487 0.648770 5.759117
v 0.305763 -0.691120 4.123233
v 0.319563 -0.677841 3.927238
v 0.375140 0.134831 3.137901
v 0.371115 0.264480 3.195071
v 0.278693 0.638512 4.507691
v 0.266463 0.574646 4.681379
v 0.255744 -0.488696 4.833618
v 0.266463 -0.574646 4.681379
v 0.364578 -0.383966 3.287909
v 0.371115 -0.264480 3.195071
v 0.332832 0.638512 3.738776
v 0.319563 0.677841 3.927238
v 0.236385 -0.134831 5.108565
v 0.236385 0.134831 5.108565
v 0.332832 -0.638512 3.738776
v 0.364578 0.383966 3.287909
v 0.255744 0.488696 4.833618
v 0.278693 -0.638512 4.507691
v 0.375140 -0.134831 3.137901
v 0.305763 0.691120 4.123233
v 0.240410 -0.264480 5.051395
v 0.345062 -0.574646 3.565087
v 0.355781 0.488696 3.412848
v 0.246947 0.383966 4.958557
v 0.291963 -0.677841 4.319228
v 0.291963 0.677841 4.319228
v 0.246947 -0.383966 4.958557
v 0.355781 -0.488696 3.412848
v 0.345062 0.574646 3.565087
v 0.240410 0.264480 5.051395
v 0.925229 -0.730194 3.751458
v 0.997630 -0.734908 3.523852
v 1.063874 -0.655811 3.400137
v 1.115966 -0.554977 3.272612
v 1.166875 -0.404045 3.192263
v 1.194085 -0.323983 3.171896
v 0.540328 -0.746202 3.738452
v 0.616458 -0.526004 3.159573
v 0.479740 -0.306150 3.174786
v 0.534406 -0.772967 3.592752
v 0.539353 -0.715232 3.359969
v 0.564969 -0.675086 3.284512
v 0.828173 -0.426553 2.422909
v 0.860269 -0.331398 2.372253
v 0.877423 -0.280923 2.359413
v 0.513257 -0.408287 2.351643
v 0.427064 -0.269680 2.361235
v 0.480796 -0.502276 2.430411
v 0.894316 -0.407602 0.840321
v 0.907457 -0.368641 0.819580
v 0.914481 -0.347974 0.814322
v 0.765374 -0.400123 0.811141
v 0.730082 -0.343371 0.815068
v 0.752083 -0.438607 0.843392
v 0.962981 -0.395798 0.318752
v 0.979619 -0.317359 0.276996
v 0.988513 -0.275752 0.266411
v 0.799725 -0.380740 0.260007
v 0.755042 -0.266484 0.267913
v 0.782897 -0.458218 0.324937
v 1.206823 -0.478928 0.002957
v 1.230220 -0.414069 0.003856
v 1.242726 -0.241070 0.004560
v 0.977247 -0.503197 -0.005590
v 0.914411 -0.228037 0.016405
v 0.953582 -0.566705 0.011653
v -3.695491 -0.025786 4.270264
v -3.691154 -0.050581 4.268689
v -3.684113 -0.073432 4.266131
v -3.674637 -0.093462 4.262689
v -3.663090 -0.109899 4.258495
v -3.649917 -0.122114 4.253710
v -3.635623 -0.129635 4.248518
v -3.620757 -0.132175 4.243117
v -3.605892 -0.129635 4.237718
v -3.591598 -0.122114 4.232525
v -3.578424 -0.109899 4.227740
v -3.566878 -0.093462 4.223546
v -3.557402 -0.073432 4.220104
v -3.550360 -0.050581 4.217546
v -3.546024 -0.025786 4.215971
v -3.546024 0.025786 4.215971
v -3.550360 0.050581 4.217546
v -3.557402 0.073433 4.220104
v -3.566878 0.093462 4.223546
v -3.578424 0.109900 4.227740
v -3.591598 0.122114 4.232525
v -3.605892 0.129635 4.237718
v -3.620757 0.132175 4.243117
v -3.635623 0.129635 4.248518
v -3.649917 0.122114 4.253710
v -3.663090 0.109900 4.258495
v -3.674637 0.093462 4.262689
v -3.684113 0.073433 4.266131
v -3.691154 0.050581 4.268689
v -3.695491 0.025786 4.270264
v -3.822892 -0.025786 4.070524
v -3.818313 -0.050581 4.069960
v -3.810878 -0.073432 4.069044
v -3.800871 -0.093462 4.067811
v -3.788679 -0.109899 4.066309
v -3.774768 -0.122114 4.064596
v -3.759674 -0.129635 4.062736
v -3.743977 -0.132175 4.060802
v -3.728280 -0.129635 4.058868
v -3.713186 -0.122114 4.057009
v -3.699276 -0.109899 4.055295
v -3.687083 -0.093462 4.053793
v -3.677077 -0.073432 4.052560
v -3.669642 -0.050581 4.051644
v -3.665063 -0.025786 4.051080
v -3.665063 0.025786 4.051080
v -3.669642 0.050581 4.051644
v -3.677077 0.073433 4.052560
v -3.687083 0.093462 4.053793
v -3.699276 0.109900 4.055295
v -3.713186 0.122114 4.057009
v -3.728280 0.129635 4.058868
v -3.743977 0.132175 4.060802
v -3.759674 0.129635 4.062736
v -3.774768 0.122114 4.064596
v -3.788679 0.109900 4.066309
v -3.800871 0.093462 4.067811
v -3.810878 0.073433 4.069044
v -3.818313 0.050581 4.069960
v -3.822892 0.025786 4.070524
v -3.927948 -0.040540 3.782676
v -3.920749 -0.079523 3.781789
v -3.909060 -0.115450 3.780349
v -3.893328 -0.146940 3.778411
v -3.874159 -0.172783 3.776050
v -3.852289 -0.191986 3.773356
v -3.828558 -0.203811 3.770432
v -3.803880 -0.207804 3.767391
v -3.779201 -0.203811 3.764352
v -3.755471 -0.191986 3.761428
v -3.733601 -0.172783 3.758734
v -3.714431 -0.146940 3.756372
v -3.698700 -0.115450 3.754434
v -3.687010 -0.079523 3.752994
v -3.679811 -0.040540 3.752107
v -3.679811 0.040541 3.752107
v -3.687010 0.079523 3.752994
v -3.698700 0.115450 3.754434
v -3.714431 0.146940 3.756372
v -3.733601 0.172783 3.758734
v -3.755471 0.191986 3.761428
v -3.779201 0.203812 3.764352
v -3.803880 0.207804 3.767391
v -3.828558 0.203812 3.770432
v -3.852289 0.191986 3.773356
v -3.874159 0.172783 3.776050
v -3.893328 0.146940 3.778411
v -3.909060 0.115450 3.780349
v -3.920749 0.079523 3.781789
v -3.927948 0.040541 3.782676
v -3.955723 -0.040540 3.557221
v -3.948524 -0.079523 3.556334
v -3.936835 -0.115450 3.554894
v -3.921103 -0.146940 3.552956
v -3.901934 -0.172783 3.550595
v -3.880064 -0.191986 3.547901
v -3.856333 -0.203811 3.544977
v -3.831655 -0.207804 3.541936
v -3.806976 -0.203811 3.538897
v -3.783245 -0.191986 3.535973
v -3.761375 -0.172783 3.533278
v -3.742206 -0.146940 3.530917
v -3.726475 -0.115450 3.528979
v -3.714785 -0.079523 3.527539
v -3.707586 -0.040540 3.526652
v -3.707586 0.040541 3.526652
v -3.714785 0.079523 3.527539
v -3.726475 0.115450 3.528979
v -3.742206 0.146940 3.530917
v -3.761375 0.172783 3.533278
v -3.783245 0.191986 3.535973
v -3.806976 0.203812 3.538897
v -3.831655 0.207804 3.541936
v -3.856333 0.203812 3.544977
v -3.880064 0.191986 3.547901
v -3.901934 0.172783 3.550595
v -3.921103 0.146940 3.552956
v -3.936835 0.115450 3.554894
v -3.948524 0.079523 3.556334
v -3.955723 0.040541 3.557221
v -3.943283 -0.033931 3.365977
v -3.937258 -0.066557 3.365235
v -3.927475 -0.096626 3.364029
v -3.914308 -0.122982 3.362407
v -3.898264 -0.144612 3.360431
v -3.879960 -0.160684 3.358176
v -3.860098 -0.170581 3.355730
v -3.839444 -0.173923 3.353184
v -3.818788 -0.170581 3.350640
v -3.798927 -0.160684 3.348193
v -3.780623 -0.144612 3.345938
v -3.764579 -0.122982 3.343962
v -3.751413 -0.096626 3.342340
v -3.741629 -0.066557 3.341135
v -3.735603 -0.033931 3.340392
v -3.735603 0.033931 3.340392
v -3.741629 0.066558 3.341135
v -3.751413 0.096627 3.342340
v -3.764579 0.122982 3.343962
v -3.780623 0.144612 3.345938
v -3.798927 0.160684 3.348193
v -3.818788 0.170581 3.350640
v -3.839444 0.173923 3.353184
v -3.860098 0.170581 3.355730
v -3.879960 0.160684 3.358176
v -3.898264 0.144612 3.360431
v -3.914308 0.122982 3.362407
v -3.927475 0.096627 3.364029
v -3.937258 0.066558 3.365235
v -3.943283 0.033931 3.365977
v -3.999487 -0.024803 3.165774
v -3.995083 -0.048653 3.165231
v -3.987931 -0.070634 3.164350
v -3.978306 -0.089900 3.163164
v -3.966578 -0.105711 3.161720
v -3.953198 -0.117459 3.160072
v -3.938679 -0.124694 3.158283
v -3.923581 -0.127137 3.156422
v -3.908482 -0.124694 3.154563
v -3.893963 -0.117459 3.152774
v -3.880583 -0.105711 3.151125
v -3.868855 -0.089900 3.149681
v -3.859231 -0.070634 3.148495
v -3.852078 -0.048653 3.147614
v -3.847674 -0.024803 3.147071
v -3.847674 0.024803 3.147071
v -3.852078 0.048653 3.147614
v -3.859231 0.070634 3.148495
v -3.868855 0.089900 3.149681
v -3.880583 0.105711 3.151125
v -3.893963 0.117460 3.152774
v -3.908482 0.124695 3.154563
v -3.923581 0.127137 3.156422
v -3.938679 0.124695 3.158283
v -3.953198 0.117460 3.160072
v -3.966578 0.105711 3.161720
v -3.978306 0.089900 3.163164
v -3.987931 0.070634 3.164350
v -3.995083 0.048653 3.165231
v -3.999487 0.024803 3.165774
v -4.048895 -0.009559 3.001214
v -4.047197 -0.018751 3.001005
v -4.044441 -0.027222 3.000665
v -4.040731 -0.034647 3.000209
v -4.036211 -0.040741 2.999652
v -4.031055 -0.045269 2.999017
v -4.025459 -0.048058 2.998327
v -4.019640 -0.048999 2.997610
v -4.013821 -0.048058 2.996893
v -4.008225 -0.045269 2.996204
v -4.003069 -0.040741 2.995569
v -3.998549 -0.034647 2.995012
v -3.994840 -0.027222 2.994555
v -3.992083 -0.018751 2.994215
v -3.990386 -0.009559 2.994006
v -3.990386 0.009559 2.994006
v -3.992083 0.018751 2.994215
v -3.994840 0.027223 2.994555
v -3.998549 0.034648 2.995012
v -4.003069 0.040741 2.995569
v -4.008225 0.045269 2.996204
v -4.013821 0.048058 2.996893
v -4.019640 0.048999 2.997610
v -4.025459 0.048058 2.998327
v -4.031055 0.045269 2.999017
v -4.036211 0.040741 2.999652
v -4.040731 0.034648 3.000209
v -4.044441 0.027223 3.000665
v -4.047197 0.018751 3.001005
v -4.048895 0.009559 3.001214
v -2.255856 -0.697834 4.359193
v -2.245769 -0.755130 4.215931
v -2.234823 -0.790412 4.060483
v -2.132857 -0.802326 3.898823
v -2.074960 -0.790412 3.737162
v -2.064015 -0.755130 3.581714
v -2.053928 -0.697834 3.438453
v -2.045086 -0.620728 3.312883
v -2.037830 -0.526773 3.209831
v -2.032439 -0.419580 3.133255
v -3.276834 -0.568996 4.152805
v -3.269269 -0.611973 4.075722
v -3.261059 -0.638437 3.992080
v -3.252521 -0.647373 3.905097
v -3.243983 -0.638437 3.818114
v -3.235773 -0.611973 3.734473
v -3.228207 -0.568996 3.657389
v -3.221575 -0.511160 3.589825
v -3.216133 -0.440686 3.534377
v -3.212088 -0.360282 3.493174
v -2.406369 -0.681771 2.805735
v -2.402091 -0.565422 2.744970
v -2.398912 -0.432681 2.699817
v -3.100088 -0.546088 2.969034
v -3.096879 -0.458817 2.936339
v -3.094494 -0.359250 2.912044
v -3.132962 -0.485780 2.020461
v -3.138756 -0.439554 1.996963
v -3.143061 -0.386814 1.979502
v -3.375355 -0.431872 2.166824
v -3.378129 -0.397198 2.154069
v -3.380191 -0.357639 2.144592
v -3.069959 -0.503389 1.884579
v -3.050458 -0.463067 1.857812
v -3.030560 -0.415587 1.836493
v -3.324489 -0.368131 1.885821
v -3.310776 -0.337197 1.870732
v -3.296530 -0.301070 1.858449
v -3.021925 -0.462010 0.735693
v -3.009968 -0.437286 0.719280
v -2.997767 -0.408173 0.706208
v -3.177992 -0.379075 0.736454
v -3.169584 -0.360108 0.727202
v -3.160849 -0.337957 0.719670
v -2.924316 -0.480723 0.292249
v -2.906615 -0.444123 0.267953
v -2.888554 -0.401026 0.248602
v -3.155349 -0.436553 0.293377
v -3.142902 -0.408475 0.279681
v -3.129971 -0.375684 0.268531
v -2.673331 -0.510733 -0.011707
v -2.652993 -0.416329 -0.016271
v -2.632241 -0.314665 -0.012286
v -2.938791 -0.428045 0.013563
v -2.924489 -0.360693 0.015059
v -2.909631 -0.287005 0.021704
v 1.937615 0.619812 5.855067
v 1.991878 0.605173 5.842167
v 2.052756 0.604498 5.821219
v 2.117909 0.617815 5.793027
v 2.184835 0.644611 5.758675
v 2.250960 0.683856 5.719484
v 2.313744 0.734044 5.676958
v 2.370774 0.793244 5.632734
v 2.419858 0.859182 5.588509
v 2.459110 0.929323 5.545983
v 2.487022 1.000974 5.506792
v 2.502520 1.071378 5.472440
v 2.505010 1.137832 5.444248
v 2.494396 1.197781 5.423300
v 2.471085 1.248922 5.410400
v 2.390411 1.317332 5.410400
v 2.336149 1.331972 5.423300
v 2.275270 1.332646 5.444248
v 2.210117 1.319329 5.472440
v 2.143192 1.292533 5.506792
v 2.077066 1.253287 5.545983
v 2.014282 1.203100 5.588509
v 1.957252 1.143900 5.632734
v 1.908168 1.077962 5.676958
v 1.868916 1.007820 5.719484
v 1.841005 0.936171 5.758675
v 1.825506 0.865766 5.793027
v 1.823016 0.799312 5.821219
v 1.833630 0.739363 5.842167
v 1.856941 0.688222 5.855067
v 1.902187 0.538426 6.175650
v 1.982732 0.516695 6.156501
v 2.073096 0.515694 6.125407
v 2.169807 0.535461 6.083561
v 2.269148 0.575236 6.032569
v 2.367300 0.633490 5.974397
v 2.460493 0.707985 5.911273
v 2.545146 0.795859 5.845629
v 2.618004 0.893734 5.779983
v 2.676268 0.997848 5.716861
v 2.717699 1.104203 5.658688
v 2.740704 1.208707 5.607696
v 2.744400 1.307348 5.565850
v 2.728645 1.396334 5.534756
v 2.694044 1.472246 5.515608
v 2.574295 1.573789 5.515608
v 2.493750 1.595519 5.534756
v 2.403385 1.596520 5.565850
v 2.306675 1.576754 5.607697
v 2.207335 1.536979 5.658688
v 2.109181 1.478724 5.716861
v 2.015988 1.404229 5.779983
v 1.931336 1.316355 5.845629
v 1.858478 1.218480 5.911273
v 1.800214 1.114366 5.974397
v 1.758784 1.008013 6.032569
v 1.735778 0.903507 6.083561
v 1.732082 0.804866 6.125407
v 1.747837 0.715881 6.156501
v 1.782439 0.639969 6.175650
v 2.090861 0.763396 6.379480
v 2.162308 0.733311 6.368959
v 2.238719 0.718045 6.351877
v 2.317158 0.718184 6.328887
v 2.394614 0.733726 6.300871
v 2.468105 0.764067 6.268912
v 2.534811 0.808048 6.234231
v 2.592167 0.863974 6.198166
v 2.637969 0.929699 6.162100
v 2.670456 1.002695 6.127421
v 2.688380 1.080158 6.095460
v 2.691054 1.159111 6.067446
v 2.678372 1.236519 6.044455
v 2.650824 1.309408 6.027372
v 2.609468 1.374978 6.016852
v 2.492157 1.474455 6.016852
v 2.420710 1.504539 6.027372
v 2.344300 1.519805 6.044455
v 2.265859 1.519666 6.067446
v 2.188405 1.504125 6.095460
v 2.114913 1.473783 6.127421
v 2.048207 1.429803 6.162100
v 1.990851 1.373876 6.198166
v 1.945050 1.308152 6.234231
v 1.912562 1.235155 6.268912
v 1.894638 1.157693 6.300871
v 1.891964 1.078739 6.328887
v 1.904646 1.001331 6.351877
v 1.932194 0.928442 6.368959
v 1.973550 0.862873 6.379480
v 2.239396 0.995693 6.391197
v 2.276515 0.980063 6.385731
v 2.316212 0.972132 6.376856
v 2.356964 0.972204 6.364912
v 2.397204 0.980278 6.350357
v 2.435385 0.996042 6.333754
v 2.470041 1.018891 6.315736
v 2.499838 1.047946 6.296999
v 2.523634 1.082092 6.278262
v 2.540512 1.120016 6.260245
v 2.549824 1.160259 6.243640
v 2.551213 1.201278 6.229086
v 2.544625 1.241494 6.217142
v 2.530313 1.279362 6.208267
v 2.508827 1.313427 6.202801
v 2.447881 1.365108 6.202801
v 2.410762 1.380738 6.208267
v 2.371064 1.388669 6.217142
v 2.330312 1.388596 6.229086
v 2.290073 1.380523 6.243640
v 2.251891 1.364759 6.260245
v 2.217236 1.341910 6.278262
v 2.187438 1.312854 6.296999
v 2.163643 1.278709 6.315736
v 2.146765 1.240785 6.333754
v 2.137453 1.200541 6.350357
v 2.136064 1.159522 6.364912
v 2.142652 1.119307 6.376856
v 2.156964 1.081439 6.385731
v 2.178450 1.047374 6.391197
v 2.328880 1.139837 6.415458
v 2.342794 1.133978 6.413409
v 2.357676 1.131005 6.410082
v 2.372952 1.131032 6.405604
v 2.388038 1.134059 6.400148
v 2.402350 1.139968 6.393924
v 2.415342 1.148533 6.387169
v 2.426512 1.159426 6.380146
v 2.435432 1.172226 6.373121
v 2.441759 1.186442 6.366367
v 2.445250 1.201529 6.360143
v 2.445771 1.216905 6.354687
v 2.443301 1.231981 6.350209
v 2.437936 1.246177 6.346882
v 2.429882 1.258947 6.344833
v 2.407035 1.278320 6.344833
v 2.393120 1.284180 6.346882
v 2.378238 1.287153 6.350209
v 2.362962 1.287125 6.354687
v 2.347877 1.284099 6.360143
v 2.333564 1.278190 6.366367
v 2.320573 1.269624 6.373121
v 2.309402 1.258732 6.380146
v 2.300482 1.245932 6.387169
v 2.294155 1.231715 6.393924
v 2.290664 1.216629 6.400148
v 2.290143 1.201253 6.405604
v 2.292613 1.186177 6.410082
v 2.297978 1.171981 6.413409
v 2.306033 1.159211 6.415458
v 2.282025 0.392627 6.400887
v 2.345923 0.418211 6.368088
v 2.409057 0.455682 6.330670
v 2.376805 0.510159 6.558686
v 2.426626 0.520156 6.540666
v 2.473897 0.539672 6.520109
v 2.658885 0.224473 6.857711
v 2.668432 0.228296 6.852811
v 2.677866 0.233895 6.847219
v 2.673047 0.242035 6.881290
v 2.680491 0.243529 6.878597
v 2.687554 0.246445 6.875525
v 2.857993 1.556970 5.477744
v 2.847510 1.616180 5.457054
v 2.824487 1.666690 5.444314
v 2.744808 1.734256 5.444314
v 2.691215 1.748714 5.457055
v 2.631088 1.749380 5.477744
v 2.814059 1.509843 5.796198
v 2.795729 1.558341 5.784832
v 2.768212 1.601970 5.777832
v 2.690155 1.668160 5.777833
v 2.642616 1.688178 5.784832
v 2.591773 1.698336 5.796199
v 2.970833 1.850207 5.465672
v 2.961858 1.861354 5.452713
v 2.951301 1.872483 5.444732
v 2.927110 1.892997 5.444732
v 2.914405 1.901593 5.452713
v 2.901942 1.908625 5.465672
v 3.009837 1.897626 5.542881
v 3.000806 1.908264 5.534820
v 2.990318 1.918993 5.529856
v 2.966619 1.939089 5.529856
v 2.954319 1.947683 5.534820
v 2.942348 1.954854 5.542881
v -2.336377 -0.146649 4.965701
v -0.341387 -0.146649 5.108188
v -2.332351 -0.287662 4.908532
v -0.337361 -0.287662 5.051018
v -2.325814 -0.417620 4.815693
v -0.330825 -0.417620 4.958180
v -2.317018 -0.531530 4.690754
v -0.322028 -0.531530 4.833241
v -2.097221 -0.625013 4.538515
v -0.311308 -0.625013 4.681002
v -2.084991 -0.694477 4.364827
v -0.299079 -0.694477 4.507314
v -2.071721 -0.737253 4.176364
v -0.285809 -0.737253 4.318851
v -1.966509 -0.751696 3.980370
v -0.272009 -0.751696 4.122856
v -1.907023 -0.737253 3.784375
v -0.258209 -0.737253 3.926862
v -1.893753 -0.694477 3.595912
v -0.244939 -0.694477 3.738399
v -1.881524 -0.625013 3.422224
v -0.232710 -0.625013 3.564710
v -1.870805 -0.531530 3.269985
v -0.221991 -0.531530 3.412471
v -1.862008 -0.417620 3.145046
v -0.213193 -0.417620 3.287532
v -1.855471 -0.287662 3.052207
v -0.206657 -0.287662 3.194694
v -1.851445 -0.146649 2.995038
v -0.202631 -0.146649 3.137524
v -1.902384 0.146649 2.995038
v -0.202631 0.146649 3.137524
v -2.064548 0.287662 3.052207
v -0.206657 0.287662 3.194694
v -2.208184 0.417620 3.145046
v -0.213193 0.417620 3.287532
v -2.216980 0.531530 3.269985
v -0.221991 0.531530 3.412471
v -2.227700 0.625013 3.422224
v -0.232710 0.625013 3.564710
v -2.239929 0.694477 3.595912
v -0.244939 0.694477 3.738399
v -2.253199 0.737253 3.784375
v -0.258209 0.737253 3.926862
v -2.266999 0.751696 3.980370
v -0.272009 0.751696 4.122856
v -2.280799 0.737253 4.176364
v -0.285809 0.737253 4.318851
v -2.294069 0.694477 4.364827
v -0.299079 0.694477 4.507314
v -2.306298 0.625013 4.538515
v -0.311308 0.625013 4.681002
v -2.317018 0.531530 4.690754
v -0.322028 0.531530 4.833241
v -2.325814 0.417620 4.815693
v -0.330825 0.417620 4.958180
v -2.332351 0.287662 4.908532
v -0.337361 0.287662 5.051018
v -2.336377 0.146649 4.965701
v -0.341387 0.146649 5.108188
v -3.374953 -0.109999 4.518146
v -3.371934 -0.215770 4.487385
v -3.367031 -0.313250 4.437433
v -3.360432 -0.398691 4.370208
v -3.352392 -0.468811 4.288293
v -3.343219 -0.520915 4.194839
v -3.333265 -0.553001 4.093434
v -3.322914 -0.563835 3.987977
v -3.312563 -0.553001 3.882519
v -3.302610 -0.520915 3.781114
v -3.293437 -0.468811 3.687660
v -3.285396 -0.398691 3.605746
v -3.278798 -0.313250 3.538521
v -3.273895 -0.215770 3.488568
v -3.270875 -0.109999 3.457807
v -3.270875 0.109999 3.457807
v -3.273895 0.215770 3.488568
v -3.278798 0.313250 3.538521
v -3.285396 0.398692 3.605746
v -3.293437 0.468812 3.687660
v -3.302610 0.520916 3.781114
v -3.312563 0.553001 3.882519
v -3.322914 0.563835 3.987977
v -3.333265 0.553001 4.093434
v -3.343219 0.520916 4.194839
v -3.352392 0.468812 4.288293
v -3.360432 0.398692 4.370208
v -3.367031 0.313250 4.437433
v -3.371934 0.215770 4.487385
v -3.374953 0.109999 4.518146
v -3.548681 -0.023864 4.401263
v -3.548026 -0.046811 4.394589
v -3.546962 -0.067960 4.383752
v -3.545531 -0.086496 4.369167
v -3.543787 -0.101709 4.351396
v -3.541796 -0.113013 4.331121
v -3.539637 -0.119974 4.309121
v -3.537391 -0.122324 4.286242
v -3.535146 -0.119974 4.263363
v -3.532986 -0.113013 4.241363
v -3.530996 -0.101709 4.221088
v -3.529252 -0.086496 4.203317
v -3.527820 -0.067960 4.188733
v -3.526756 -0.046811 4.177895
v -3.526101 -0.023864 4.171221
v -3.526101 0.023864 4.171221
v -3.526756 0.046812 4.177895
v -3.527820 0.067960 4.188733
v -3.529252 0.086497 4.203317
v -3.530996 0.101709 4.221088
v -3.532986 0.113013 4.241363
v -3.535146 0.119974 4.263363
v -3.537391 0.122325 4.286242
v -3.539637 0.119974 4.309121
v -3.541796 0.113013 4.331121
v -3.543787 0.101709 4.351396
v -3.545531 0.086497 4.369167
v -3.546962 0.067960 4.383752
v -3.548026 0.046812 4.394589
v -3.548681 0.023864 4.401263
v 1.135714 -0.121423 5.108993
v 1.139740 -0.238180 5.051823
v 1.146276 -0.345783 4.958984
v 1.155073 -0.440099 4.834045
v 1.165792 -0.517501 4.681806
v 1.178022 -0.575016 4.508118
v 1.191292 -0.610434 4.319655
v 1.205092 -0.622393 4.123661
v 1.218892 -0.610434 3.927666
v 1.232162 -0.575016 3.739203
v 1.244391 -0.517501 3.565515
v 1.255110 -0.440099 3.413275
v 1.263907 -0.345783 3.288337
v 1.270444 -0.238180 3.195498
v 1.274469 -0.121423 3.138328
v 1.274469 0.121423 3.138328
v 1.270444 0.238180 3.195498
v 1.263907 0.345783 3.288337
v 1.255110 0.440099 3.413275
v 1.244391 0.517501 3.565515
v 1.232162 0.575016 3.739203
v 1.218892 0.610434 3.927666
v 1.205092 0.622393 4.123661
v 1.191292 0.610434 4.319655
v 1.178022 0.575016 4.508118
v 1.165792 0.517501 4.681806
v 1.155073 0.440099 4.834045
v 1.146276 0.345783 4.958984
v 1.139740 0.238180 5.051823
v 1.135714 0.121423 5.108993
v 1.531627 -0.222813 5.180748
v 1.468502 -0.281550 5.166335
v 1.412941 -0.344089 5.123653
v 1.367079 -0.408028 5.054340
v 1.332679 -0.470908 4.961061
v 1.311063 -0.530313 4.847400
v 1.303061 -0.583961 4.717726
v 1.308981 -0.629790 4.577021
v 1.328596 -0.666039 4.430693
v 1.361152 -0.691314 4.284364
v 1.405397 -0.704644 4.143659
v 1.459631 -0.705517 4.013984
v 1.521771 -0.693900 3.900323
v 1.589427 -0.670239 3.807044
v 1.660001 -0.635443 3.737732
v 1.730780 -0.590849 3.695050
v 1.799044 -0.538171 3.680638
v 1.862169 -0.479434 3.695050
v 1.917730 -0.416895 3.737732
v 1.963592 -0.352956 3.807044
v 1.997992 -0.290076 3.900323
v 2.019608 -0.230671 4.013984
v 2.027610 -0.177022 4.143659
v 2.021689 -0.131194 4.284364
v 2.002074 -0.094945 4.430693
v 1.969519 -0.069670 4.577021
v 1.925274 -0.056340 4.717726
v 1.871039 -0.055467 4.847400
v 1.808900 -0.067084 4.961061
v 1.741243 -0.090745 5.054340
v 1.670669 -0.125541 5.123653
v 1.599890 -0.170135 5.166335
v 1.636312 -0.346265 5.243796
v 1.591260 -0.393316 5.234801
v 1.556670 -0.448854 5.208162
v 1.533870 -0.510744 5.164902
v 1.523736 -0.576608 5.106685
v 1.526658 -0.643914 5.035746
v 1.542523 -0.710076 4.954814
v 1.570723 -0.772553 4.866996
v 1.610172 -0.828941 4.775670
v 1.659356 -0.877076 4.684342
v 1.716384 -0.915106 4.596525
v 1.779064 -0.941571 4.515592
v 1.844988 -0.955453 4.444654
v 1.911622 -0.956219 4.386436
v 1.976406 -0.943840 4.343177
v 2.036850 -0.918791 4.316538
v 2.090631 -0.882034 4.307543
v 2.135683 -0.834983 4.316538
v 2.170273 -0.779445 4.343177
v 2.193073 -0.717556 4.386436
v 2.203207 -0.651692 4.444654
v 2.200285 -0.584386 4.515592
v 2.184420 -0.518223 4.596525
v 2.156220 -0.455747 4.684342
v 2.116771 -0.399358 4.775670
v 2.067587 -0.351224 4.866996
v 2.010559 -0.313193 4.954814
v 1.947879 -0.286728 5.035746
v 1.881955 -0.272846 5.106685
v 1.815320 -0.272080 5.164902
v 1.750537 -0.284459 5.208162
v 1.690093 -0.309509 5.234801
v 1.731120 -0.458071 5.423842
v 1.695102 -0.499481 5.419374
v 1.671190 -0.551942 5.406141
v 1.660302 -0.613439 5.384652
v 1.662856 -0.681609 5.355732
v 1.678755 -0.753832 5.320493
v 1.707387 -0.827332 5.280290
v 1.747653 -0.899284 5.236666
v 1.798004 -0.966925 5.191300
v 1.856507 -1.027653 5.145933
v 1.920912 -1.079136 5.102310
v 1.988744 -1.119396 5.062106
v 2.057397 -1.146883 5.026867
v 2.124233 -1.160544 4.997948
v 2.186683 -1.159852 4.976459
v 2.242347 -1.144835 4.963225
v 2.289086 -1.116068 4.958757
v 2.325104 -1.074659 4.963225
v 2.349017 -1.022197 4.976459
v 2.359905 -0.960700 4.997948
v 2.357351 -0.892530 5.026867
v 2.341452 -0.820308 5.062106
v 2.312819 -0.746807 5.102310
v 2.272554 -0.674855 5.145933
v 2.222202 -0.607214 5.191300
v 2.163700 -0.546486 5.236666
v 2.099295 -0.495003 5.280290
v 2.031463 -0.454744 5.320493
v 1.962809 -0.427256 5.355732
v 1.895973 -0.413595 5.384652
v 1.833524 -0.414287 5.406141
v 1.777859 -0.429305 5.419374
v 1.858598 -0.608403 5.763473
v 1.823487 -0.648770 5.759117
v 1.800176 -0.699911 5.746217
v 1.789562 -0.759861 5.725269
v 1.792052 -0.826315 5.697077
v 1.807551 -0.896720 5.662724
v 1.835462 -0.968369 5.623534
v 1.874714 -1.038511 5.581008
v 1.923799 -1.104448 5.536784
v 1.980829 -1.163649 5.492558
v 2.043612 -1.213836 5.450033
v 2.109738 -1.253082 5.410842
v 2.176663 -1.279878 5.376490
v 2.241816 -1.293194 5.348298
v 2.302695 -1.292520 5.327350
v 2.356957 -1.277880 5.314450
v 2.402520 -1.249838 5.310094
v 2.437631 -1.209471 5.314450
v 2.460942 -1.158330 5.327350
v 2.471556 -1.098380 5.348298
v 2.469066 -1.031927 5.376490
v 2.453568 -0.961522 5.410842
v 2.425656 -0.889872 5.450033
v 2.386404 -0.819730 5.492558
v 2.337320 -0.753792 5.536784
v 2.280290 -0.694592 5.581008
v 2.217506 -0.644405 5.623534
v 2.151381 -0.605160 5.662724
v 2.084455 -0.578363 5.697077
v 2.019302 -0.565047 5.725269
v 1.958424 -0.565721 5.746217
v 1.904161 -0.580361 5.759117
v 0.305763 -0.691120 4.123233
v 0.319563 -0.677841 3.927238
v 0.375140 0.134831 3.137901
v 0.371115 0.264480 3.195071
v 0.278693 0.638512 4.507691
v 0.266463 0.574646 4.681379
v 0.255744 -0.488696 4.833618
v 0.266463 -0.574646 4.681379
v 0.364578 -0.383966 3.287909
v 0.371115 -0.264480 3.195071
v 0.332832 0.638512 3.738776
v 0.319563 0.677841 3.927238
v 0.236385 -0.134831 5.108565
v 0.236385 0.134831 5.108565
v 0.332832 -0.638512 3.738776
v 0.364578 0.383966 3.287909
v 0.255744 0.488696 4.833618
v 0.278693 -0.638512 4.507691
v 0.375140 -0.134831 3.137901
v 0.305763 0.691120 4.123233
v 0.240410 -0.264480 5.051395
v 0.345062 -0.574646 3.565087
v 0.355781 0.488696 3.412848
v 0.246947 0.383966 4.958557
v 0.291963 -0.677841 4.319228
v 0.291963 0.677841 4.319228
v 0.246947 -0.383966 4.958557
v 0.355781 -0.488696 3.412848
v 0.345062 0.574646 3.565087
v 0.240410 0.264480 5.051395
v 0.925229 -0.730194 3.751458
v 0.997630 -0.734908 3.523852
v 1.063874 -0.655811 3.400137
v 1.115966 -0.554977 3.272612
v 1.166875 -0.404045 3.192263
v 1.194085 -0.323983 3.171896
v 0.540328 -0.746202 3.738452
v 0.616458 -0.526004 3.159573
v 0.479740 -0.306150 3.174786
v 0.534406 -0.772967 3.592752
v 0.539353 -0.715232 3.359969
v 0.564969 -0.675086 3.284512
v 0.828173 -0.426553 2.422909
v 0.860269 -0.331398 2.372253
v 0.877423 -0.280923 2.359413
v 0.513257 -0.408287 2.351643
v 0.427064 -0.269680 2.361235
v 0.480796 -0.502276 2.430411
v 0.894316 -0.407602 0.840321
v 0.907457 -0.368641 0.819580
v 0.914481 -0.347974 0.814322
v 0.765374 -0.400123 0.811141
v 0.730082 -0.343371 0.815068
v 0.752083 -0.438607 0.843392
v 0.962981 -0.395798 0.318752
v 0.979619 -0.317359 0.276996
v 0.988513 -0.275752 0.266411
v 0.799725 -0.380740 0.260007
v 0.755042 -0.266484 0.267913
v 0.782897 -0.458218 0.324937
v 1.206823 -0.478928 0.002957
v 1.230220 -0.414069 0.003856
v 1.242726 -0.241070 0.004560
v 0.977247 -0.503197 -0.005590
v 0.914411 -0.228037 0.016405
v 0.953582 -0.566705 0.011653
v -3.695491 -0.025786 4.270264
v -3.691154 -0.050581 4.268689
v -3.684113 -0.073432 4.266131
v -3.674637 -0.093462 4.262689
v -3.663090 -0.109899 4.258495
v -3.649917 -0.122114 4.253710
v -3.635623 -0.129635 4.248518
v -3.620757 -0.132175 4.243117
v -3.605892 -0.129635 4.237718
v -3.591598 -0.122114 4.232525
v -3.578424 -0.109899 4.227740
v -3.566878 -0.093462 4.223546
v -3.557402 -0.073432 4.220104
v -3.550360 -0.050581 4.217546
v -3.546024 -0.025786 4.215971
v -3.546024 0.025786 4.215971
v -3.550360 0.050581 4.217546
v -3.557402 0.073433 4.220104
v -3.566878 0.093462 4.223546
v -3.578424 0.109900 4.227740
v -3.591598 0.122114 4.232525
v -3.605892 0.129635 4.237718
v -3.620757 0.132175 4.243117
v -3.635623 0.129635 4.248518
v -3.649917 0.122114 4.253710
v -3.663090 0.109900 4.258495
v -3.674637 0.093462 4.262689
v -3.684113 0.073433 4.266131
v -3.691154 0.050581 4.268689
v -3.695491 0.025786 4.270264
v -3.822892 -0.025786 4.070524
v -3.818313 -0.050581 4.069960
v -3.810878 -0.073432 4.069044
v -3.800871 -0.093462 4.067811
v -3.788679 -0.109899 4.066309
v -3.774768 -0.122114 4.064596
v -3.759674 -0.129635 4.062736
v -3.743977 -0.132175 4.060802
v -3.728280 -0.129635 4.058868
v -3.713186 -0.122114 4.057009
v -3.699276 -0.109899 4.055295
v -3.687083 -0.093462 4.053793
v -3.677077 -0.073432 4.052560
v -3.669642 -0.050581 4.051644
v -3.665063 -0.025786 4.051080
v -3.665063 0.025786 4.051080
v -3.669642 0.050581 4.051644
v -3.677077 0.073433 4.052560
v -3.687083 0.093462 4.053793
v -3.699276 0.109900 4.055295
v -3.713186 0.122114 4.057009
v -3.728280 0.129635 4.058868
v -3.743977 0.132175 4.060802
v -3.759674 0.129635 4.062736
v -3.774768 0.122114 4.064596
v -3.788679 0.109900 4.066309
v -3.800871 0.093462 4.067811
v -3.810878 0.073433 4.069044
v -3.818313 0.050581 4.069960
v -3.822892 0.025786 4.070524
v -3.927948 -0.040540 3.782676
v -3.920749 -0.079523 3.781789
v -3.909060 -0.115450 3.780349
v -3.893328 -0.146940 3.778411
v -3.874159 -0.172783 3.776050
v -3.852289 -0.191986 3.773356
v -3.828558 -0.203811 3.770432
v -3.803880 -0.207804 3.767391
v -3.779201 -0.203811 3.764352
v -3.755471 -0.191986 3.761428
v -3.733601 -0.172783 3.758734
v -3.714431 -0.146940 3.756372
v -3.698700 -0.115450 3.754434
v -3.687010 -0.079523 3.752994
v -3.679811 -0.040540 3.752107
v -3.679811 0.040541 3.752107
v -3.687010 0.079523 3.752994
v -3.698700 0.115450 3.754434
v -3.714431 0.146940 3.756372
v -3.733601 0.172783 3.758734
v -3.755471 0.191986 3.761428
v -3.779201 0.203812 3.764352
v -3.803880 0.207804 3.767391
v -3.828558 0.203812 3.770432
v -3.852289 0.191986 3.773356
v -3.874159 0.172783 3.776050
v -3.893328 0.146940 3.778411
v -3.909060 0.115450 3.780349
v -3.920749 0.079523 3.781789
v -3.927948 0.040541 3.782676
v -3.955723 -0.040540 3.557221
v -3.948524 -0.079523 3.556334
v -3.936835 -0.115450 3.554894
v -3.921103 -0.146940 3.552956
v -3.901934 -0.172783 3.550595
v -3.880064 -0.191986 3.547901
v -3.856333 -0.203811 3.544977
v -3.831655 -0.207804 3.541936
v -3.806976 -0.203811 3.538897
v -3.783245 -0.191986 3.535973
v -3.761375 -0.172783 3.533278
v -3.742206 -0.146940 3.530917
v -3.726475 -0.115450 3.528979
v -3.714785 -0.079523 3.527539
v -3.707586 -0.040540 3.526652
v -3.707586 0.040541 3.526652
v -3.714785 0.079523 3.527539
v -3.726475 0.115450 3.528979
v -3.742206 0.146940 3.530917
v -3.761375 0.172783 3.533278
v -3.783245 0.191986 3.535973
v -3.806976 0.203812 3.538897
v -3.831655 0.207804 3.541936
v -3.856333 0.203812 3.544977
v -3.880064 0.191986 3.547901
v -3.901934 0.172783 3.550595
v -3.921103 0.146940 3.552956
v -3.936835 0.115450 3.554894
v -3.948524 0.079523 3.556334
v -3.955723 0.040541 3.557221
v -3.943283 -0.033931 3.365977
v -3.937258 -0.066557 3.365235
v -3.927475 -0.096626 3.364029
v -3.914308 -0.122982 3.362407
v -3.898264 -0.144612 3.360431
v -3.879960 -0.160684 3.358176
v -3.860098 -0.170581 3.355730
v -3.839444 -0.173923 3.353184
v -3.818788 -0.170581 3.350640
v -3.798927 -0.160684 3.348193
v -3.780623 -0.144612 3.345938
v -3.764579 -0.122982 3.343962
v -3.751413 -0.096626 3.342340
v -3.741629 -0.066557 3.341135
v -3.735603 -0.033931 3.340392
v -3.735603 0.033931 3.340392
v -3.741629 0.066558 3.341135
v -3.751413 0.096627 3.342340
v -3.764579 0.122982 3.343962
v -3.780623 0.144612 3.345938
v -3.798927 0.160684 3.348193
v -3.818788 0.170581 3.350640
v -3.839444 0.173923 3.353184
v -3.860098 0.170581 3.355730
v -3.879960 0.160684 3.358176
v -3.898264 0.144612 3.360431
v -3.914308 0.122982 3.362407
v -3.927475 0.096627 3.364029
v -3.937258 0.066558 3.365235
v -3.943283 0.033931 3.365977
v -3.999487 -0.024803 3.165774
v -3.995083 -0.048653 3.165231
v -3.987931 -0.070634 3.164350
v -3.978306 -0.089900 3.163164
v -3.966578 -0.105711 3.161720
v -3.953198 -0.117459 3.160072
v -3.938679 -0.124694 3.158283
v -3.923581 -0.127137 3.156422
v -3.908482 -0.124694 3.154563
v -3.893963 -0.117459 3.152774
v -3.880583 -0.105711 3.151125
v -3.868855 -0.089900 3.149681
v -3.859231 -0.070634 3.148495
v -3.852078 -0.048653 3.147614
v -3.847674 -0.024803 3.147071
v -3.847674 0.024803 3.147071
v -3.852078 0.048653 3.147614
v -3.859231 0.070634 3.148495
v -3.868855 0.089900 3.149681
v -3.880583 0.105711 3.151125
v -3.893963 0.117460 3.152774
v -3.908482 0.124695 3.154563
v -3.923581 0.127137 3.156422
v -3.938679 0.124695 3.158283
v -3.953198 0.117460 3.160072
v -3.966578 0.105711 3.161720
v -3.978306 0.089900 3.163164
v -3.987931 0.070634 3.164350
v -3.995083 0.048653 3.165231
v -3.999487 0.024803 3.165774
v -4.048895 -0.009559 3.001214
v -4.047197 -0.018751 3.001005
v -4.044441 -0.027222 3.000665
v -4.040731 -0.034647 3.000209
v -4.036211 -0.040741 2.999652
v -4.031055 -0.045269 2.999017
v -4.025459 -0.048058 2.998327
v -4.019640 -0.048999 2.997610
v -4.013821 -0.048058 2.996893
v -4.008225 -0.045269 2.996204
v -4.003069 -0.040741 2.995569
v -3.998549 -0.034647 2.995012
v -3.994840 -0.027222 2.994555
v -3.992083 -0.018751 2.994215
v -3.990386 -0.009559 2.994006
v -3.990386 0.009559 2.994006
v -3.992083 0.018751 2.994215
v -3.994840 0.027223 2.994555
v -3.998549 0.034648 2.995012
v -4.003069 0.040741 2.995569
v -4.008225 0.045269 2.996204
v -4.013821 0.048058 2.996893
v -4.019640 0.048999 2.997610
v -4.025459 0.048058 2.998327
v -4.031055 0.045269 2.999017
v -4.036211 0.040741 2.999652
v -4.040731 0.034648 3.000209
v -4.044441 0.027223 3.000665
v -4.047197 0.018751 3.001005
v -4.048895 0.009559 3.001214
v -2.255856 -0.697834 4.359193
v -2.245769 -0.755130 4.215931
v -2.234823 -0.790412 4.060483
v -2.132857 -0.802326 3.898823
v -2.074960 -0.790412 3.737162
v -2.064015 -0.755130 3.581714
v -2.053928 -0.697834 3.438453
v -2.045086 -0.620728 3.312883
v -2.037830 -0.526773 3.209831
v -2.032439 -0.419580 3.133255
v -3.276834 -0.568996 4.152805
v -3.269269 -0.611973 4.075722
v -3.261059 -0.638437 3.992080
v -3.252521 -0.647373 3.905097
v -3.243983 -0.638437 3.818114
v -3.235773 -0.611973 3.734473
v -3.228207 -0.568996 3.657389
v -3.221575 -0.511160 3.589825
v -3.216133 -0.440686 3.534377
v -3.212088 -0.360282 3.493174
v -2.406369 -0.681771 2.805735
v -2.402091 -0.565422 2.744970
v -2.398912 -0.432681 2.699817
v -3.100088 -0.546088 2.969034
v -3.096879 -0.458817 2.936339
v -3.094494 -0.359250 2.912044
v -3.132962 -0.485780 2.020461
v -3.138756 -0.439554 1.996963
v -3.143061 -0.386814 1.979502
v -3.375355 -0.431872 2.166824
v -3.378129 -0.397198 2.154069
v -3.380191 -0.357639 2.144592
v -3.069959 -0.503389 1.884579
v -3.050458 -0.463067 1.857812
v -3.030560 -0.415587 1.836493
v -3.324489 -0.368131 1.885821
v -3.310776 -0.337197 1.870732
v -3.296530 -0.301070 1.858449
v -3.021925 -0.462010 0.735693
v -3.009968 -0.437286 0.719280
v -2.997767 -0.408173 0.706208
v -3.177992 -0.379075 0.736454
v -3.169584 -0.360108 0.727202
v -3.160849 -0.337957 0.719670
v -2.924316 -0.480723 0.292249
v -2.906615 -0.444123 0.267953
v -2.888554 -0.401026 0.248602
v -3.155349 -0.436553 0.293377
v -3.142902 -0.408475 0.279681
v -3.129971 -0.375684 0.268531
v -2.673331 -0.510733 -0.011707
v -2.652993 -0.416329 -0.016271
v -2.632241 -0.314665 -0.012286
v -2.938791 -0.428045 0.013563
v -2.924489 -0.360693 0.015059
v -2.909631 -0.287005 0.021704
v 1.892052 -0.647854 5.859423
v 1.856941 -0.688222 5.855067
v 1.833630 -0.739363 5.842167
v 1.823016 -0.799312 5.821219
v 1.825506 -0.865766 5.793027
v 1.841005 -0.936171 5.758675
v 1.868916 -1.007820 5.719484
v 1.908168 -1.077962 5.676958
v 1.957252 -1.143900 5.632734
v 2.014282 -1.203100 5.588509
v 2.077066 -1.253287 5.545983
v 2.143192 -1.292534 5.506792
v 2.210117 -1.319329 5.472440
v 2.275270 -1.332646 5.444248
v 2.336148 -1.331971 5.423300
v 2.390411 -1.317332 5.410400
v 2.435974 -1.289289 5.406044
v 2.471085 -1.248922 5.410400
v 2.494396 -1.197781 5.423300
v 2.505010 -1.137832 5.444248
v 2.502520 -1.071378 5.472440
v 2.487022 -1.000974 5.506792
v 2.459110 -0.929323 5.545983
v 2.419858 -0.859182 5.588509
v 2.370774 -0.793244 5.632734
v 2.313744 -0.734044 5.676958
v 2.250960 -0.683856 5.719484
v 2.184835 -0.644611 5.758675
v 2.117909 -0.617815 5.793027
v 2.052756 -0.604498 5.821219
v 1.991878 -0.605173 5.842167
v 1.937615 -0.619812 5.855067
v 1.834556 -0.580050 6.182115
v 1.782439 -0.639969 6.175650
v 1.747837 -0.715881 6.156501
v 1.732082 -0.804866 6.125407
v 1.735778 -0.903507 6.083561
v 1.758784 -1.008013 6.032569
v 1.800214 -1.114366 5.974397
v 1.858478 -1.218480 5.911273
v 1.931336 -1.316355 5.845629
v 2.015988 -1.404229 5.779983
v 2.109181 -1.478724 5.716861
v 2.207335 -1.536979 5.658688
v 2.306675 -1.576754 5.607697
v 2.403385 -1.596520 5.565850
v 2.493750 -1.595519 5.534756
v 2.574295 -1.573789 5.515608
v 2.641926 -1.532164 5.509143
v 2.694044 -1.472245 5.515608
v 2.728645 -1.396334 5.534756
v 2.744400 -1.307348 5.565850
v 2.740704 -1.208707 5.607696
v 2.717699 -1.104202 5.658688
v 2.676268 -0.997848 5.716861
v 2.618004 -0.893734 5.779983
v 2.545146 -0.795859 5.845629
v 2.460493 -0.707985 5.911273
v 2.367300 -0.633490 5.974397
v 2.269148 -0.575236 6.032569
v 2.169807 -0.535461 6.083561
v 2.073096 -0.515694 6.125407
v 1.982732 -0.516695 6.156501
v 1.902187 -0.538426 6.175650
v 2.027125 -0.807143 6.383032
v 1.973550 -0.862873 6.379480
v 1.932194 -0.928442 6.368959
v 1.904646 -1.001331 6.351877
v 1.891964 -1.078739 6.328887
v 1.894638 -1.157693 6.300871
v 1.912562 -1.235155 6.268912
v 1.945050 -1.308151 6.234231
v 1.990851 -1.373875 6.198166
v 2.048207 -1.429803 6.162100
v 2.114913 -1.473783 6.127421
v 2.188405 -1.504125 6.095460
v 2.265859 -1.519666 6.067446
v 2.344300 -1.519805 6.044455
v 2.420710 -1.504539 6.027372
v 2.492157 -1.474454 6.016852
v 2.555892 -1.430706 6.013300
v 2.609468 -1.374977 6.016852
v 2.650824 -1.309408 6.027372
v 2.678373 -1.236519 6.044455
v 2.691054 -1.159111 6.067446
v 2.688380 -1.080158 6.095460
v 2.670456 -1.002695 6.127421
v 2.637969 -0.929699 6.162100
v 2.592167 -0.863974 6.198166
v 2.534811 -0.808047 6.234231
v 2.468105 -0.764067 6.268912
v 2.394614 -0.733725 6.300871
v 2.317158 -0.718184 6.328887
v 2.238719 -0.718045 6.351877
v 2.162308 -0.733311 6.368959
v 2.090861 -0.763396 6.379480
v 2.206284 -1.018421 6.393042
v 2.178450 -1.047374 6.391197
v 2.156964 -1.081439 6.385731
v 2.142652 -1.119307 6.376856
v 2.136064 -1.159522 6.364912
v 2.137453 -1.200541 6.350357
v 2.146765 -1.240785 6.333754
v 2.163643 -1.278708 6.315736
v 2.187438 -1.312854 6.296999
v 2.217236 -1.341910 6.278262
v 2.251891 -1.364758 6.260245
v 2.290073 -1.380522 6.243640
v 2.330312 -1.388596 6.229086
v 2.371064 -1.388668 6.217142
v 2.410762 -1.380737 6.208267
v 2.447881 -1.365107 6.202801
v 2.480993 -1.342379 6.200956
v 2.508827 -1.313426 6.202801
v 2.530313 -1.279361 6.208267
v 2.544625 -1.241493 6.217142
v 2.551213 -1.201278 6.229086
v 2.549824 -1.160259 6.243640
v 2.540512 -1.120015 6.260245
v 2.523634 -1.082092 6.278262
v 2.499838 -1.047946 6.296999
v 2.470041 -1.018891 6.315736
v 2.435385 -0.996041 6.333754
v 2.397204 -0.980278 6.350357
v 2.356964 -0.972204 6.364912
v 2.316212 -0.972132 6.376856
v 2.276515 -0.980063 6.385731
v 2.239396 -0.995693 6.391197
v 2.316467 -1.148357 6.416150
v 2.306033 -1.159211 6.415458
v 2.297978 -1.171981 6.413409
v 2.292613 -1.186176 6.410082
v 2.290143 -1.201252 6.405604
v 2.290664 -1.216629 6.400148
v 2.294155 -1.231715 6.393924
v 2.300482 -1.245932 6.387169
v 2.309402 -1.258732 6.380146
v 2.320573 -1.269624 6.373121
v 2.333564 -1.278189 6.366367
v 2.347877 -1.284099 6.360143
v 2.362962 -1.287125 6.354687
v 2.378238 -1.287152 6.350209
v 2.393120 -1.284179 6.346882
v 2.407035 -1.278320 6.344833
v 2.419447 -1.269800 6.344142
v 2.429882 -1.258946 6.344833
v 2.437936 -1.246177 6.346882
v 2.443301 -1.231981 6.350209
v 2.445771 -1.216905 6.354687
v 2.445250 -1.201528 6.360143
v 2.441759 -1.186442 6.366367
v 2.435432 -1.172226 6.373121
v 2.426512 -1.159425 6.380146
v 2.415342 -1.148533 6.387169
v 2.402350 -1.139968 6.393924
v 2.388038 -1.134059 6.400148
v 2.372952 -1.131032 6.405604
v 2.357676 -1.131005 6.410082
v 2.342794 -1.133978 6.413409
v 2.328880 -1.139837 6.415458
v 1.576525 -0.990874 6.400887
v 1.591323 -1.058094 6.368088
v 1.617972 -1.126503 6.330670
v 1.676988 -1.103587 6.558686
v 1.678708 -1.154372 6.540666
v 1.690237 -1.204197 6.520109
v 1.082346 -1.121826 6.857711
v 1.084557 -1.131871 6.852811
v 1.088539 -1.142092 6.847219
v 1.097357 -1.138668 6.881290
v 1.097614 -1.146256 6.878597
v 1.099336 -1.153701 6.875525
v 2.631088 -1.749380 5.477744
v 2.691215 -1.748714 5.457055
v 2.744808 -1.734255 5.444314
v 2.789809 -1.706559 5.440012
v 2.824487 -1.666690 5.444314
v 2.847510 -1.616180 5.457054
v 2.857993 -1.556970 5.477744
v 2.591773 -1.698336 5.796199
v 2.642616 -1.688178 5.784832
v 2.690155 -1.668160 5.777833
v 2.732563 -1.639051 5.775469
v 2.768212 -1.601970 5.777832
v 2.795729 -1.558341 5.784832
v 2.814059 -1.509842 5.796198
v 2.901942 -1.908625 5.465672
v 2.914405 -1.901592 5.452713
v 2.927110 -1.892996 5.444732
v 2.939569 -1.883167 5.442038
v 2.951301 -1.872483 5.444732
v 2.961858 -1.861353 5.452713
v 2.970833 -1.850207 5.465672
v 2.942348 -1.954854 5.542881
v 2.954319 -1.947683 5.534820
v 2.966619 -1.939089 5.529856
v 2.978774 -1.929402 5.528180
v 2.990318 -1.918993 5.529856
v 3.000806 -1.908264 5.534820
v 3.009837 -1.897625 5.542881
v -2.336377 0.146649 4.965701
v -0.341387 0.146649 5.108188
v -2.332351 0.287662 4.908532
v -0.337361 0.287662 5.051018
v -2.325814 0.417620 4.815693
v -0.330825 0.417620 4.958180
v -2.317018 0.531530 4.690754
v -0.322028 0.531530 4.833241
v -2.097221 0.625013 4.538515
v -0.311308 0.625013 4.681002
v -2.084991 0.694477 4.364827
v -0.299079 0.694477 4.507314
v -2.071721 0.737253 4.176364
v -0.285809 0.737253 4.318851
v -1.966509 0.751696 3.980370
v -0.272009 0.751696 4.122856
v -1.907023 0.737253 3.784375
v -0.258209 0.737253 3.926862
v -1.893753 0.694477 3.595912
v -0.244939 0.694477 3.738399
v -1.881524 0.625013 3.422224
v -0.232710 0.625013 3.564710
v -1.870805 0.531530 3.269985
v -0.221991 0.531530 3.412471
v -1.862008 0.417620 3.145046
v -0.213193 0.417620 3.287532
v -1.855471 0.287662 3.052207
v -0.206657 0.287662 3.194694
v -1.851445 0.146649 2.995038
v -0.202631 0.146649 3.137524
v -1.902384 -0.146649 2.995038
v -0.202631 -0.146649 3.137524
v -2.064548 -0.287662 3.052207
v -0.206657 -0.287662 3.194694
v -2.208184 -0.417620 3.145046
v -0.213193 -0.417620 3.287532
v -2.216980 -0.531529 3.269985
v -0.221991 -0.531529 3.412471
v -2.227700 -0.625013 3.422224
v -0.232710 -0.625013 3.564710
v -2.239929 -0.694477 3.595912
v -0.244939 -0.694477 3.738399
v -2.253199 -0.737253 3.784375
v -0.258209 -0.737253 3.926862
v -2.266999 -0.751696 3.980370
v -0.272009 -0.751696 4.122856
v -2.280799 -0.737253 4.176364
v -0.285809 -0.737253 4.318851
v -2.294069 -0.694477 4.364827
v -0.299079 -0.694477 4.507314
v -2.306298 -0.625013 4.538515
v -0.311308 -0.625013 4.681002
v -2.317018 -0.531529 4.690754
v -0.322028 -0.531529 4.833241
v -2.325814 -0.417620 4.815693
v -0.330825 -0.417620 4.958180
v -2.332351 -0.287662 4.908532
v -0.337361 -0.287662 5.051018
v -2.336377 -0.146649 4.965701
v -0.341387 -0.146649 5.108188
v -3.374953 0.109999 4.518146
v -3.371934 0.215770 4.487385
v -3.367031 0.313250 4.437433
v -3.360432 0.398691 4.370208
v -3.352392 0.468812 4.288293
v -3.343219 0.520915 4.194839
v -3.333265 0.553001 4.093434
v -3.322914 0.563835 3.987977
v -3.312563 0.553001 3.882519
v -3.302610 0.520915 3.781114
v -3.293437 0.468811 3.687660
v -3.285396 0.398691 3.605746
v -3.278798 0.313250 3.538521
v -3.273895 0.215770 3.488568
v -3.270875 0.109999 3.457807
v -3.270875 -0.109999 3.457807
v -3.273895 -0.215770 3.488568
v -3.278798 -0.313250 3.538521
v -3.285396 -0.398692 3.605746
v -3.293437 -0.468812 3.687660
v -3.302610 -0.520916 3.781114
v -3.312563 -0.553001 3.882519
v -3.322914 -0.563835 3.987977
v -3.333265 -0.553001 4.093434
v -3.343219 -0.520916 4.194839
v -3.352392 -0.468812 4.288293
v -3.360432 -0.398692 4.370208
v -3.367031 -0.313250 4.437433
v -3.371934 -0.215770 4.487385
v -3.374953 -0.109999 4.518146
v -3.548681 0.023864 4.401263
v -3.548026 0.046811 4.394589
v -3.546962 0.067960 4.383752
v -3.545531 0.086496 4.369167
v -3.543787 0.101709 4.351396
v -3.541796 0.113013 4.331121
v -3.539637 0.119974 4.309121
v -3.537391 0.122324 4.286242
v -3.535146 0.119974 4.263363
v -3.532986 0.113013 4.241363
v -3.530996 0.101709 4.221088
v -3.529252 0.086496 4.203317
v -3.527820 0.067960 4.188733
v -3.526756 0.046811 4.177895
v -3.526101 0.023864 4.171221
v -3.526101 -0.023864 4.171221
v -3.526756 -0.046812 4.177895
v -3.527820 -0.067960 4.188733
v -3.529252 -0.086496 4.203317
v -3.530996 -0.101709 4.221088
v -3.532986 -0.113013 4.241363
v -3.535146 -0.119974 4.263363
v -3.537391 -0.122324 4.286242
v -3.539637 -0.119974 4.309121
v -3.541796 -0.113013 4.331121
v -3.543787 -0.101709 4.351396
v -3.545531 -0.086496 4.369167
v -3.546962 -0.067960 4.383752
v -3.548026 -0.046812 4.394589
v -3.548681 -0.023864 4.401263
v 1.135714 0.121423 5.108993
v 1.139740 0.238180 5.051823
v 1.146276 0.345783 4.958984
v 1.155073 0.440099 4.834045
v 1.165792 0.517501 4.681806
v 1.178022 0.575017 4.508118
v 1.191292 0.610434 4.319655
v 1.205092 0.622393 4.123661
v 1.218892 0.610434 3.927666
v 1.232162 0.575017 3.739203
v 1.244391 0.517501 3.565515
v 1.255110 0.440099 3.413275
v 1.263907 0.345783 3.288337
v 1.270444 0.238180 3.195498
v 1.274469 0.121423 3.138328
v 1.274469 -0.121423 3.138328
v 1.270444 -0.238180 3.195498
v 1.263907 -0.345783 3.288337
v 1.255110 -0.440099 3.413275
v 1.244391 -0.517501 3.565515
v 1.232162 -0.575016 3.739203
v 1.218892 -0.610434 3.927666
v 1.205092 -0.622393 4.123661
v 1.191292 -0.610434 4.319655
v 1.178022 -0.575016 4.508118
v 1.165792 -0.517501 4.681806
v 1.155073 -0.440098 4.834045
v 1.146276 -0.345783 4.958984
v 1.139740 -0.238180 5.051823
v 1.135714 -0.121423 5.108993
v 1.599891 -0.170135 5.166335
v 1.670669 -0.125541 5.123653
v 1.741243 -0.090745 5.054340
v 1.808900 -0.067084 4.961061
v 1.871039 -0.055467 4.847400
v 1.925274 -0.056340 4.717726
v 1.969519 -0.069670 4.577021
v 2.002074 -0.094945 4.430693
v 2.021689 -0.131194 4.284364
v 2.027610 -0.177022 4.143659
v 2.019608 -0.230671 4.013984
v 1.997992 -0.290076 3.900323
v 1.963592 -0.352956 3.807044
v 1.917730 -0.416895 3.737732
v 1.862169 -0.479434 3.695050
v 1.730780 -0.590849 3.695050
v 1.660001 -0.635443 3.737732
v 1.589427 -0.670239 3.807044
v 1.521771 -0.693900 3.900323
v 1.459632 -0.705517 4.013984
v 1.405397 -0.704644 4.143659
v 1.361152 -0.691314 4.284364
v 1.328596 -0.666039 4.430693
v 1.308981 -0.629790 4.577021
v 1.303061 -0.583961 4.717726
v 1.311063 -0.530313 4.847400
v 1.332679 -0.470908 4.961061
v 1.367079 -0.408028 5.054340
v 1.412941 -0.344089 5.123653
v 1.468502 -0.281550 5.166335
v 1.690093 -0.309509 5.234801
v 1.750537 -0.284459 5.208162
v 1.815321 -0.272080 5.164902
v 1.881955 -0.272846 5.106685
v 1.947879 -0.286728 5.035746
v 2.010559 -0.313193 4.954814
v 2.067587 -0.351223 4.866996
v 2.116771 -0.399358 4.775670
v 2.156220 -0.455747 4.684342
v 2.184420 -0.518223 4.596525
v 2.200285 -0.584386 4.515592
v 2.203207 -0.651692 4.444654
v 2.193073 -0.717555 4.386436
v 2.170273 -0.779445 4.343177
v 2.135683 -0.834983 4.316538
v 2.036850 -0.918791 4.316538
v 1.976406 -0.943840 4.343177
v 1.911622 -0.956219 4.386436
v 1.844988 -0.955453 4.444654
v 1.779064 -0.941571 4.515592
v 1.716384 -0.915106 4.596525
v 1.659356 -0.877076 4.684342
v 1.610172 -0.828941 4.775670
v 1.570723 -0.772553 4.866996
v 1.542523 -0.710076 4.954814
v 1.526658 -0.643914 5.035746
v 1.523736 -0.576607 5.106685
v 1.533870 -0.510744 5.164902
v 1.556670 -0.448854 5.208162
v 1.591260 -0.393316 5.234801
v 1.777860 -0.429305 5.419374
v 1.833524 -0.414287 5.406141
v 1.895974 -0.413595 5.384652
v 1.962809 -0.427256 5.355732
v 2.031463 -0.454744 5.320493
v 2.099295 -0.495003 5.280290
v 2.163700 -0.546486 5.236666
v 2.222202 -0.607214 5.191300
v 2.272554 -0.674855 5.145933
v 2.312820 -0.746807 5.102310
v 2.341453 -0.820308 5.062106
v 2.357351 -0.892530 5.026867
v 2.359905 -0.960700 4.997948
v 2.349017 -1.022197 4.976459
v 2.325104 -1.074659 4.963225
v 2.242347 -1.144835 4.963225
v 2.186683 -1.159852 4.976459
v 2.124233 -1.160544 4.997948
v 2.057398 -1.146883 5.026867
v 1.988744 -1.119396 5.062106
v 1.920912 -1.079136 5.102310
v 1.856507 -1.027653 5.145933
v 1.798004 -0.966924 5.191300
v 1.747653 -0.899284 5.236666
v 1.707387 -0.827331 5.280290
v 1.678755 -0.753832 5.320493
v 1.662856 -0.681609 5.355732
v 1.660302 -0.613439 5.384652
v 1.671190 -0.551942 5.406141
v 1.695103 -0.499480 5.419374
v 1.904161 -0.580361 5.759117
v 1.958424 -0.565721 5.746217
v 2.019302 -0.565047 5.725269
v 2.084456 -0.578363 5.697077
v 2.151381 -0.605160 5.662724
v 2.217506 -0.644405 5.623534
v 2.280290 -0.694592 5.581008
v 2.337320 -0.753792 5.536784
v 2.386404 -0.819730 5.492558
v 2.425656 -0.889872 5.450033
v 2.453568 -0.961522 5.410842
v 2.469067 -1.031927 5.376490
v 2.471556 -1.098380 5.348298
v 2.460942 -1.158330 5.327350
v 2.437632 -1.209471 5.314450
v 2.356958 -1.277880 5.314450
v 2.302695 -1.292520 5.327350
v 2.241816 -1.293194 5.348298
v 2.176663 -1.279878 5.376490
v 2.109738 -1.253082 5.410842
v 2.043612 -1.213836 5.450033
v 1.980829 -1.163648 5.492558
v 1.923799 -1.104448 5.536784
v 1.874715 -1.038510 5.581008
v 1.835462 -0.968369 5.623534
v 1.807551 -0.896720 5.662724
v 1.792052 -0.826314 5.697077
v 1.789562 -0.759861 5.725269
v 1.800176 -0.699911 5.746217
v 1.823487 -0.648770 5.759117
v 0.305763 0.691120 4.123233
v 0.319563 0.677841 3.927238
v 0.375140 -0.134831 3.137901
v 0.371115 -0.264480 3.195071
v 0.278693 -0.638512 4.507691
v 0.266463 -0.574645 4.681379
v 0.255744 0.488696 4.833618
v 0.266463 0.574646 4.681379
v 0.364578 0.383966 3.287909
v 0.371115 0.264480 3.195071
v 0.332832 -0.638512 3.738776
v 0.319563 -0.677841 3.927238
v 0.236385 0.134831 5.108565
v 0.236385 -0.134831 5.108565
v 0.332832 0.638512 3.738776
v 0.364578 -0.383966 3.287909
v 0.255744 -0.488696 4.833618
v 0.278693 0.638512 4.507691
v 0.375140 0.134831 3.137901
v 0.305763 -0.691120 4.123233
v 0.240410 0.264481 5.051395
v 0.345062 0.574646 3.565087
v 0.355781 -0.488696 3.412848
v 0.246947 -0.383966 4.958557
v 0.291963 0.677841 4.319228
v 0.291963 -0.677841 4.319228
v 0.246947 0.383966 4.958557
v 0.355781 0.488696 3.412848
v 0.345062 -0.574645 3.565087
v 0.240410 -0.264480 5.051395
v 0.925229 0.730194 3.751458
v 0.997630 0.734908 3.523852
v 1.063874 0.655811 3.400137
v 1.115966 0.554977 3.272612
v 1.166875 0.404045 3.192263
v 1.194085 0.323983 3.171896
v 0.540328 0.746203 3.738452
v 0.616458 0.526004 3.159573
v 0.479740 0.306150 3.174786
v 0.534406 0.772967 3.592752
v 0.539353 0.715232 3.359969
v 0.564969 0.675086 3.284512
v 0.828173 0.426553 2.422909
v 0.860269 0.331398 2.372253
v 0.877423 0.280923 2.359413
v 0.513257 0.408287 2.351643
v 0.427064 0.269680 2.361235
v 0.480796 0.502276 2.430411
v 0.894316 0.407602 0.840321
v 0.907457 0.368641 0.819580
v 0.914481 0.347974 0.814322
v 0.765374 0.400123 0.811141
v 0.730082 0.343371 0.815068
v 0.752083 0.438607 0.843392
v 0.962981 0.395798 0.318752
v 0.979619 0.317359 0.276996
v 0.988513 0.275752 0.266411
v 0.799725 0.380740 0.260007
v 0.755042 0.266484 0.267913
v 0.782897 0.458218 0.324937
v 1.206823 0.478928 0.002957
v 1.230220 0.414069 0.003856
v 1.242726 0.241070 0.004560
v 0.977247 0.503197 -0.005590
v 0.914411 0.228037 0.016405
v 0.953582 0.566705 0.011653
v -3.695491 0.025786 4.270264
v -3.691154 0.050581 4.268689
v -3.684113 0.073433 4.266131
v -3.674637 0.093462 4.262689
v -3.663090 0.109900 4.258495
v -3.649917 0.122114 4.253710
v -3.635623 0.129635 4.248518
v -3.620757 0.132175 4.243117
v -3.605892 0.129635 4.237718
v -3.591598 0.122114 4.232525
v -3.578424 0.109900 4.227740
v -3.566878 0.093462 4.223546
v -3.557402 0.073433 4.220104
v -3.550360 0.050581 4.217546
v -3.546024 0.025786 4.215971
v -3.546024 -0.025786 4.215971
v -3.550360 -0.050581 4.217546
v -3.557402 -0.073432 4.220104
v -3.566878 -0.093462 4.223546
v -3.578424 -0.109900 4.227740
v -3.591598 -0.122114 4.232525
v -3.605892 -0.129635 4.237718
v -3.620757 -0.132175 4.243117
v -3.635623 -0.129635 4.248518
v -3.649917 -0.122114 4.253710
v -3.663090 -0.109900 4.258495
v -3.674637 -0.093462 4.262689
v -3.684113 -0.073432 4.266131
v -3.691154 -0.050581 4.268689
v -3.695491 -0.025786 4.270264
v -3.822892 0.025786 4.070524
v -3.818313 0.050581 4.069960
v -3.810878 0.073433 4.069044
v -3.800871 0.093462 4.067811
v -3.788679 0.109900 4.066309
v -3.774768 0.122114 4.064596
v -3.759674 0.129635 4.062736
v -3.743977 0.132175 4.060802
v -3.728280 0.129635 4.058868
v -3.713186 0.122114 4.057009
v -3.699276 0.109900 4.055295
v -3.687083 0.093462 4.053793
v -3.677077 0.073433 4.052560
v -3.669642 0.050581 4.051644
v -3.665063 0.025786 4.051080
v -3.665063 -0.025786 4.051080
v -3.669642 -0.050581 4.051644
v -3.677077 -0.073433 4.052560
v -3.687083 -0.093462 4.053793
v -3.699276 -0.109900 4.055295
v -3.713186 -0.122114 4.057009
v -3.728280 -0.129635 4.058868
v -3.743977 -0.132175 4.060802
v -3.759674 -0.129635 4.062736
v -3.774768 -0.122114 4.064596
v -3.788679 -0.109900 4.066309
v -3.800871 -0.093462 4.067811
v -3.810878 -0.073433 4.069044
v -3.818313 -0.050581 4.069960
v -3.822892 -0.025786 4.070524
v -3.927948 0.040541 3.782676
v -3.920749 0.079523 3.781789
v -3.909060 0.115450 3.780349
v -3.893328 0.146940 3.778411
v -3.874159 0.172783 3.776050
v -3.852289 0.191986 3.773356
v -3.828558 0.203811 3.770432
v -3.803880 0.207804 3.767391
v -3.779201 0.203811 3.764352
v -3.755471 0.191986 3.761428
v -3.733601 0.172783 3.758734
v -3.714431 0.146940 3.756372
v -3.698700 0.115450 3.754434
v -3.687010 0.079523 3.752994
v -3.679811 0.040541 3.752107
v -3.679811 -0.040541 3.752107
v -3.687010 -0.079523 3.752994
v -3.698700 -0.115450 3.754434
v -3.714431 -0.146940 3.756372
v -3.733601 -0.172783 3.758734
v -3.755471 -0.191986 3.761428
v -3.779201 -0.203812 3.764352
v -3.803880 -0.207804 3.767391
v -3.828558 -0.203812 3.770432
v -3.852289 -0.191986 3.773356
v -3.874159 -0.172783 3.776050
v -3.893328 -0.146940 3.778411
v -3.909060 -0.115450 3.780349
v -3.920749 -0.079523 3.781789
v -3.927948 -0.040541 3.782676
v -3.955723 0.040541 3.557221
v -3.948524 0.079523 3.556334
v -3.936835 0.115450 3.554894
v -3.921103 0.146940 3.552956
v -3.901934 0.172783 3.550595
v -3.880064 0.191986 3.547901
v -3.856333 0.203811 3.544977
v -3.831655 0.207804 3.541936
v -3.806976 0.203811 3.538897
v -3.783245 0.191986 3.535973
v -3.761375 0.172783 3.533278
v -3.742206 0.146940 3.530917
v -3.726475 0.115450 3.528979
v -3.714785 0.079523 3.527539
v -3.707586 0.040541 3.526652
v -3.707586 -0.040541 3.526652
v -3.714785 -0.079523 3.527539
v -3.726475 -0.115450 3.528979
v -3.742206 -0.146940 3.530917
v -3.761375 -0.172783 3.533278
v -3.783245 -0.191986 3.535973
v -3.806976 -0.203812 3.538897
v -3.831655 -0.207804 3.541936
v -3.856333 -0.203812 3.544977
v -3.880064 -0.191986 3.547901
v -3.901934 -0.172783 3.550595
v -3.921103 -0.146940 3.552956
v -3.936835 -0.115450 3.554894
v -3.948524 -0.079523 3.556334
v -3.955723 -0.040541 3.557221
v -3.943283 0.033931 3.365977
v -3.937258 0.066557 3.365235
v -3.927475 0.096627 3.364029
v -3.914308 0.122982 3.362407
v -3.898264 0.144612 3.360431
v -3.879960 0.160684 3.358176
v -3.860098 0.170581 3.355730
v -3.839444 0.173923 3.353184
v -3.818788 0.170581 3.350640
v -3.798927 0.160684 3.348193
v -3.780623 0.144612 3.345938
v -3.764579 0.122982 3.343962
v -3.751413 0.096627 3.342340
v -3.741629 0.066557 3.341135
v -3.735603 0.033931 3.340392
v -3.735603 -0.033931 3.340392
v -3.741629 -0.066558 3.341135
v -3.751413 -0.096627 3.342340
v -3.764579 -0.122982 3.343962
v -3.780623 -0.144612 3.345938
v -3.798927 -0.160684 3.348193
v -3.818788 -0.170581 3.350640
v -3.839444 -0.173923 3.353184
v -3.860098 -0.170581 3.355730
v -3.879960 -0.160684 3.358176
v -3.898264 -0.144612 3.360431
v -3.914308 -0.122982 3.362407
v -3.927475 -0.096627 3.364029
v -3.937258 -0.066558 3.365235
v -3.943283 -0.033931 3.365977
v -3.999487 0.024803 3.165774
v -3.995083 0.048653 3.165231
v -3.987931 0.070634 3.164350
v -3.978306 0.089900 3.163164
v -3.966578 0.105711 3.161720
v -3.953198 0.117460 3.160072
v -3.938679 0.124694 3.158283
v -3.923581 0.127137 3.156422
v -3.908482 0.124694 3.154563
v -3.893963 0.117460 3.152774
v -3.880583 0.105711 3.151125
v -3.868855 0.089900 3.149681
v -3.859231 0.070634 3.148495
v -3.852078 0.048653 3.147614
v -3.847674 0.024803 3.147071
v -3.847674 -0.024803 3.147071
v -3.852078 -0.048653 3.147614
v -3.859231 -0.070634 3.148495
v -3.868855 -0.089900 3.149681
v -3.880583 -0.105711 3.151125
v -3.893963 -0.117460 3.152774
v -3.908482 -0.124694 3.154563
v -3.923581 -0.127137 3.156422
v -3.938679 -0.124694 3.158283
v -3.953198 -0.117460 3.160072
v -3.966578 -0.105711 3.161720
v -3.978306 -0.089900 3.163164
v -3.987931 -0.070634 3.164350
v -3.995083 -0.048653 3.165231
v -3.999487 -0.024803 3.165774
v -4.048895 0.009559 3.001214
v -4.047197 0.018751 3.001005
v -4.044441 0.027222 3.000665
v -4.040731 0.034648 3.000209
v -4.036211 0.040741 2.999652
v -4.031055 0.045269 2.999017
v -4.025459 0.048058 2.998327
v -4.019640 0.048999 2.997610
v -4.013821 0.048058 2.996893
v -4.008225 0.045269 2.996204
v -4.003069 0.040741 2.995569
v -3.998549 0.034648 2.995012
v -3.994840 0.027222 2.994555
v -3.992083 0.018751 2.994215
v -3.990386 0.009559 2.994006
v -3.990386 -0.009559 2.994006
v -3.992083 -0.018751 2.994215
v -3.994840 -0.027223 2.994555
v -3.998549 -0.034648 2.995012
v -4.003069 -0.040741 2.995569
v -4.008225 -0.045269 2.996204
v -4.013821 -0.048058 2.996893
v -4.019640 -0.048999 2.997610
v -4.025459 -0.048058 2.998327
v -4.031055 -0.045269 2.999017
v -4.036211 -0.040741 2.999652
v -4.040731 -0.034648 3.000209
v -4.044441 -0.027223 3.000665
v -4.047197 -0.018751 3.001005
v -4.048895 -0.009559 3.001214
v -2.255856 0.697834 4.359193
v -2.245769 0.755130 4.215931
v -2.234823 0.790412 4.060483
v -2.132857 0.802326 3.898823
v -2.074960 0.790412 3.737162
v -2.064015 0.755130 3.581714
v -2.053928 0.697834 3.438453
v -2.045086 0.620728 3.312883
v -2.037830 0.526773 3.209831
v -2.032439 0.419580 3.133255
v -3.276834 0.568996 4.152805
v -3.269269 0.611973 4.075722
v -3.261059 0.638438 3.992080
v -3.252521 0.647374 3.905097
v -3.243983 0.638438 3.818114
v -3.235773 0.611973 3.734473
v -3.228207 0.568996 3.657389
v -3.221575 0.511160 3.589825
v -3.216133 0.440686 3.534377
v -3.212088 0.360283 3.493174
v -2.406369 0.681772 2.805735
v -2.402091 0.565423 2.744970
v -2.398912 0.432681 2.699817
v -3.100088 0.546088 2.969034
v -3.096879 0.458817 2.936339
v -3.094494 0.359250 2.912044
v -3.132962 0.485780 2.020461
v -3.138756 0.439554 1.996963
v -3.143061 0.386814 1.979502
v -3.375355 0.431872 2.166824
v -3.378129 0.397198 2.154069
v -3.380191 0.357639 2.144592
v -3.069959 0.503389 1.884579
v -3.050458 0.463067 1.857812
v -3.030560 0.415587 1.836493
v -3.324489 0.368131 1.885821
v -3.310776 0.337197 1.870732
v -3.296530 0.301070 1.858449
v -3.021925 0.462010 0.735693
v -3.009968 0.437286 0.719280
v -2.997767 0.408173 0.706208
v -3.177992 0.379075 0.736454
v -3.169584 0.360108 0.727202
v -3.160849 0.337957 0.719670
v -2.924316 0.480723 0.292249
v -2.906615 0.444123 0.267953
v -2.888554 0.401026 0.248602
v -3.155349 0.436553 0.293377
v -3.142902 0.408475 0.279681
v -3.129971 0.375684 0.268531
v -2.673331 0.510733 -0.011707
v -2.652993 0.416329 -0.016271
v -2.632241 0.314665 -0.012286
v -2.938791 0.428045 0.013563
v -2.924489 0.360693 0.015059
v -2.909631 0.287005 0.021704
v 1.937615 -0.619812 5.855067
v 1.991878 -0.605172 5.842167
v 2.052756 -0.604498 5.821219
v 2.117909 -0.617815 5.793027
v 2.184835 -0.644611 5.758675
v 2.250960 -0.683856 5.719484
v 2.313744 -0.734044 5.676958
v 2.370774 -0.793244 5.632734
v 2.419858 -0.859182 5.588509
v 2.459110 -0.929323 5.545983
v 2.487022 -1.000973 5.506792
v 2.502520 -1.071378 5.472440
v 2.505010 -1.137832 5.444248
v 2.494396 -1.197781 5.423300
v 2.471085 -1.248922 5.410400
v 2.390411 -1.317332 5.410400
v 2.336149 -1.331971 5.423300
v 2.275270 -1.332646 5.444248
v 2.210117 -1.319329 5.472440
v 2.143192 -1.292533 5.506792
v 2.077066 -1.253287 5.545983
v 2.014282 -1.203100 5.588509
v 1.957252 -1.143900 5.632734
v 1.908168 -1.077962 5.676958
v 1.868916 -1.007820 5.719484
v 1.841005 -0.936171 5.758675
v 1.825506 -0.865766 5.793027
v 1.823016 -0.799312 5.821219
v 1.833630 -0.739363 5.842167
v 1.856941 -0.688222 5.855067
v 1.902187 -0.538426 6.175650
v 1.982732 -0.516695 6.156501
v 2.073096 -0.515694 6.125407
v 2.169807 -0.535461 6.083561
v 2.269148 -0.575236 6.032569
v 2.367300 -0.633490 5.974397
v 2.460493 -0.707985 5.911273
v 2.545146 -0.795859 5.845629
v 2.618004 -0.893734 5.779983
v 2.676268 -0.997848 5.716861
v 2.717699 -1.104202 5.658688
v 2.740704 -1.208707 5.607696
v 2.744400 -1.307348 5.565850
v 2.728645 -1.396334 5.534756
v 2.694044 -1.472245 5.515608
v 2.574295 -1.573789 5.515608
v 2.493750 -1.595519 5.534756
v 2.403385 -1.596520 5.565850
v 2.306675 -1.576754 5.607697
v 2.207335 -1.536979 5.658688
v 2.109181 -1.478724 5.716861
v 2.015988 -1.404229 5.779983
v 1.931336 -1.316355 5.845629
v 1.858478 -1.218480 5.911273
v 1.800214 -1.114366 5.974397
v 1.758784 -1.008013 6.032569
v 1.735778 -0.903507 6.083561
v 1.732082 -0.804866 6.125407
v 1.747837 -0.715880 6.156501
v 1.782439 -0.639969 6.175650
v 2.090861 -0.763396 6.379480
v 2.162308 -0.733311 6.368959
v 2.238719 -0.718045 6.351877
v 2.317158 -0.718184 6.328887
v 2.394614 -0.733726 6.300871
v 2.468105 -0.764067 6.268912
v 2.534811 -0.808047 6.234231
v 2.592167 -0.863974 6.198166
v 2.637969 -0.929699 6.162100
v 2.670456 -1.002695 6.127421
v 2.688380 -1.080158 6.095460
v 2.691054 -1.159111 6.067446
v 2.678372 -1.236519 6.044455
v 2.650824 -1.309408 6.027372
v 2.609468 -1.374977 6.016852
v 2.492157 -1.474454 6.016852
v 2.420710 -1.504539 6.027372
v 2.344300 -1.519805 6.044455
v 2.265859 -1.519666 6.067446
v 2.188405 -1.504125 6.095460
v 2.114913 -1.473783 6.127421
v 2.048207 -1.429803 6.162100
v 1.990851 -1.373875 6.198166
v 1.945050 -1.308151 6.234231
v 1.912562 -1.235155 6.268912
v 1.894638 -1.157693 6.300871
v 1.891964 -1.078739 6.328887
v 1.904646 -1.001331 6.351877
v 1.932194 -0.928442 6.368959
v 1.973550 -0.862873 6.379480
v 2.239396 -0.995693 6.391197
v 2.276515 -0.980063 6.385731
v 2.316212 -0.972132 6.376856
v 2.356964 -0.972204 6.364912
v 2.397204 -0.980278 6.350357
v 2.435385 -0.996041 6.333754
v 2.470041 -1.018891 6.315736
v 2.499838 -1.047946 6.296999
v 2.523634 -1.082092 6.278262
v 2.540512 -1.120015 6.260245
v 2.549824 -1.160259 6.243640
v 2.551213 -1.201278 6.229086
v 2.544625 -1.241493 6.217142
v 2.530313 -1.279361 6.208267
v 2.508827 -1.313426 6.202801
v 2.447881 -1.365107 6.202801
v 2.410762 -1.380737 6.208267
v 2.371064 -1.388668 6.217142
v 2.330312 -1.388596 6.229086
v 2.290073 -1.380522 6.243640
v 2.251891 -1.364758 6.260245
v 2.217236 -1.341910 6.278262
v 2.187438 -1.312854 6.296999
v 2.163643 -1.278708 6.315736
v 2.146765 -1.240785 6.333754
v 2.137453 -1.200541 6.350357
v 2.136064 -1.159522 6.364912
v 2.142652 -1.119307 6.376856
v 2.156964 -1.081439 6.385731
v 2.178450 -1.047374 6.391197
v 2.328880 -1.139837 6.415458
v 2.342794 -1.133978 6.413409
v 2.357676 -1.131005 6.410082
v 2.372952 -1.131032 6.405604
v 2.388038 -1.134059 6.400148
v 2.402350 -1.139968 6.393924
v 2.415342 -1.148533 6.387169
v 2.426512 -1.159425 6.380146
v 2.435432 -1.172226 6.373121
v 2.441759 -1.186442 6.366367
v 2.445250 -1.201528 6.360143
v 2.445771 -1.216905 6.354687
v 2.443301 -1.231981 6.350209
v 2.437936 -1.246177 6.346882
v 2.429882 -1.258946 6.344833
v 2.407035 -1.278320 6.344833
v 2.393120 -1.284179 6.346882
v 2.378238 -1.287152 6.350209
v 2.362962 -1.287125 6.354687
v 2.347877 -1.284099 6.360143
v 2.333564 -1.278189 6.366367
v 2.320573 -1.269624 6.373121
v 2.309402 -1.258732 6.380146
v 2.300482 -1.245932 6.387169
v 2.294155 -1.231715 6.393924
v 2.290664 -1.216629 6.400148
v 2.290143 -1.201252 6.405604
v 2.292613 -1.186176 6.410082
v 2.297978 -1.171981 6.413409
v 2.306033 -1.159211 6.415458
v 2.282025 -0.392627 6.400887
v 2.345923 -0.418211 6.368088
v 2.409057 -0.455682 6.330670
v 2.376805 -0.510159 6.558686
v 2.426626 -0.520156 6.540666
v 2.473897 -0.539672 6.520109
v 2.658885 -0.224473 6.857711
v 2.668432 -0.228296 6.852811
v 2.677866 -0.233895 6.847219
v 2.673047 -0.242035 6.881290
v 2.680491 -0.243528 6.878597
v 2.687554 -0.246444 6.875525
v 2.857993 -1.556970 5.477744
v 2.847510 -1.616180 5.457054
v 2.824487 -1.666690 5.444314
v 2.744808 -1.734255 5.444314
v 2.691215 -1.748714 5.457055
v 2.631088 -1.749380 5.477744
v 2.814059 -1.509842 5.796198
v 2.795729 -1.558341 5.784832
v 2.768212 -1.601970 5.777832
v 2.690155 -1.668160 5.777833
v 2.642616 -1.688178 5.784832
v 2.591773 -1.698336 5.796199
v 2.970833 -1.850207 5.465672
v 2.961858 -1.861353 5.452713
v 2.951301 -1.872483 5.444732
v 2.927110 -1.892997 5.444732
v 2.914405 -1.901592 5.452713
v 2.901942 -1.908625 5.465672
v 3.009837 -1.897625 5.542881
v 3.000806 -1.908264 5.534820
v 2.990318 -1.918993 5.529856
v 2.966619 -1.939089 5.529856
v 2.954319 -1.947683 5.534820
v 2.942348 -1.954854 5.542881
vn -0.0706 0.1308 0.9889
vn -0.0660 0.3765 0.9241
vn -0.0579 0.5822 0.8110
vn -0.0479 0.7398 0.6711
vn -0.0347 0.8732 0.4861
vn -0.0295 0.9288 0.3694
vn -0.0176 0.9753 0.2201
vn -0.0056 0.9975 0.0705
vn 0.0060 0.9974 -0.0717
vn 0.0190 0.9753 -0.2200
vn 0.0319 0.9288 -0.3692
vn 0.0450 0.8527 -0.5204
vn 0.0579 0.7398 -0.6704
vn 0.0700 0.5822 -0.8100
vn 0.0798 0.3765 -0.9230
vn 0.0854 0.1308 -0.9877
vn 0.0825 -0.1589 -0.9838
vn 0.0686 -0.4416 -0.8946
vn 0.0559 -0.6205 -0.7822
vn 0.0479 -0.7398 -0.6711
vn 0.0372 -0.8527 -0.5210
vn 0.0264 -0.9288 -0.3696
vn 0.0157 -0.9753 -0.2203
vn 0.0052 -0.9973 -0.0731
vn -0.0052 -0.9973 0.0731
vn -0.0157 -0.9753 0.2203
vn -0.0264 -0.9288 0.3696
vn -0.0372 -0.8527 0.5210
vn -0.0479 -0.7398 0.6711
vn -0.0579 -0.5822 0.8110
vn 0.0747 0.9957 -0.0555
vn -0.0660 -0.3765 0.9241
vn -0.0706 -0.1308 0.9889
vn -0.2976 0.1772 -0.9381
vn -0.9106 -0.4105 -0.0472
vn -0.2640 -0.8135 -0.5181
vn -0.3451 -0.4417 0.8281
vn -0.8205 0.5549 -0.1375
vn -0.3153 -0.0125 -0.9489
vn -0.1844 -0.9612 0.2052
vn -0.3009 0.7152 0.6309
vn 0.2133 0.7294 -0.6500
vn -0.2253 -0.8991 -0.3754
vn -0.3776 -0.2685 0.8862
vn -0.2077 0.8383 0.5041
vn -0.3207 -0.0152 -0.9471
vn -0.2169 -0.8615 0.4590
vn -0.2813 0.7425 0.6080
vn 0.1913 0.9660 0.1739
vn -0.1958 -0.9533 -0.2301
vn -0.3994 0.1233 0.9084
vn -0.3968 -0.0899 0.9135
vn -0.7695 0.6386 -0.0099
vn -0.3411 -0.2669 -0.9013
vn -0.2582 -0.7463 0.6135
vn -0.6409 0.7477 0.1737
vn -0.2960 0.2589 -0.9194
vn -0.1784 -0.9803 -0.0848
vn -0.3803 0.3568 0.8533
vn 0.3434 0.9208 -0.1848
vn -0.3074 -0.6923 -0.6528
vn -0.3034 -0.6036 0.7373
vn -0.6741 0.3097 -0.6705
vn -0.3108 0.0865 -0.9465
vn -0.1744 -0.9828 0.0601
vn -0.3446 0.5571 0.7556
vn 0.2801 0.8458 -0.4541
vn -0.9386 0.2110 -0.2728
vn -0.8903 -0.4520 0.0556
vn -0.9404 0.1625 -0.2988
vn -0.8585 -0.4790 0.1828
vn -0.9414 0.1151 -0.3171
vn -0.5839 0.0817 0.8077
vn -0.8120 -0.4803 0.3315
vn -0.9419 0.0687 -0.3287
vn -0.6202 0.2354 0.7483
vn -0.7506 -0.4434 0.4899
vn -0.9422 0.0228 -0.3343
vn -0.6816 0.3606 0.6368
vn -0.6815 -0.3606 0.6368
vn -0.9422 -0.0228 -0.3343
vn -0.7506 0.4434 0.4899
vn -0.6202 -0.2353 0.7483
vn -0.9419 -0.0687 -0.3287
vn -0.8120 0.4804 0.3315
vn -0.5839 -0.0817 0.8077
vn -0.9414 -0.1151 -0.3171
vn -0.8586 0.4790 0.1828
vn -0.9404 -0.1625 -0.2988
vn -0.8903 0.4520 0.0556
vn -0.9386 -0.2110 -0.2728
vn -0.9106 0.4105 -0.0472
vn -0.9358 -0.2608 -0.2373
vn -0.9233 0.3622 -0.1278
vn -0.9311 -0.3115 -0.1900
vn -0.9311 0.3115 -0.1900
vn -0.9233 -0.3622 -0.1278
vn -0.9358 0.2608 -0.2373
vn 0.3497 -0.6447 0.6797
vn 0.0122 -0.4038 -0.9148
vn 0.0593 -0.9356 0.3482
vn 0.0562 0.8884 0.4556
vn 0.7288 0.6297 -0.2689
vn 0.0733 -0.9773 -0.1988
vn 0.0019 0.1570 0.9876
vn -0.0005 -0.1417 0.9899
vn -0.6975 0.6919 -0.1864
vn 0.0265 -0.6142 -0.7887
vn 0.0467 -0.8684 0.4936
vn 0.0666 0.9458 0.3179
vn 0.0070 0.4399 -0.8980
vn 0.0761 -0.9952 -0.0621
vn 0.0124 0.4394 0.8982
vn -0.7269 0.4727 -0.4982
vn 0.0418 -0.7671 -0.6401
vn 0.0322 -0.7649 0.6434
vn 0.0733 0.9792 0.1892
vn 0.0005 0.1570 -0.9876
vn 0.0745 -0.9946 0.0726
vn 0.0273 0.6521 0.7577
vn -0.5838 0.3935 -0.7102
vn 0.0556 -0.8711 -0.4879
vn 0.0175 -0.6129 0.7900
vn 0.0760 0.9949 0.0661
vn 0.0026 -0.1417 -0.9899
vn 0.0688 -0.9756 0.2084
vn 0.0427 0.7959 0.6039
vn 0.6668 0.7202 -0.1915
vn 0.0664 -0.9380 -0.3402
vn 0.0056 -0.4033 0.9150
vn 0.6438 0.5068 -0.5733
vn 0.7419 -0.1134 -0.6608
vn -0.4850 0.7141 0.5049
vn 0.2028 -0.4897 0.8480
vn 0.7726 -0.3005 -0.5593
vn -0.4890 0.7910 0.3677
vn 0.0120 -0.2494 0.9683
vn 0.7112 -0.2154 -0.6692
vn -0.4738 0.8454 0.2466
vn 0.7428 -0.3953 -0.5404
vn -0.4421 0.8867 0.1355
vn 0.7446 -0.5229 -0.4149
vn -0.3947 0.9184 0.0282
vn 0.7314 -0.6130 -0.2987
vn -0.3319 0.9398 -0.0807
vn 0.7105 -0.6774 -0.1907
vn -0.2519 0.9477 -0.1958
vn 0.6848 -0.7234 -0.0874
vn -0.1497 0.9354 -0.3203
vn 0.6551 -0.7554 0.0153
vn -0.0183 0.8907 -0.4542
vn 0.6204 -0.7747 0.1217
vn 0.1473 0.7944 -0.5893
vn 0.5786 -0.7805 0.2367
vn 0.3386 0.6264 -0.7022
vn -0.1878 0.0389 0.9814
vn 0.5251 -0.7685 0.3656
vn 0.5241 0.3890 -0.7576
vn -0.3790 0.4175 0.8259
vn 0.4527 -0.7291 0.5133
vn 0.6635 0.1247 -0.7377
vn -0.4539 0.5977 0.6608
vn 0.9707 -0.1237 -0.2058
vn -0.6850 0.4615 0.5637
vn 0.1575 -0.5156 0.8422
vn 0.8207 0.2695 -0.5037
vn -0.6868 0.5823 0.4350
vn -0.1058 -0.3797 0.9191
vn 0.9151 0.0582 -0.3991
vn -0.6692 0.6711 0.3189
vn 0.9518 -0.1076 -0.2874
vn -0.6395 0.7385 0.2136
vn 0.9558 -0.2320 -0.1807
vn -0.5998 0.7917 0.1157
vn 0.9421 -0.3252 -0.0812
vn -0.5497 0.8351 0.0220
vn 0.9180 -0.3963 0.0128
vn -0.4866 0.8708 -0.0705
vn 0.8861 -0.4516 0.1039
vn -0.4066 0.8988 -0.1640
vn 0.8465 -0.4954 0.1948
vn -0.3040 0.9165 -0.2599
vn 0.7973 -0.5305 0.2880
vn -0.1719 0.9180 -0.3575
vn 0.7343 -0.5584 0.3861
vn -0.0043 0.8920 -0.4521
vn -0.3622 -0.1642 0.9175
vn 0.6507 -0.5788 0.4914
vn 0.1980 0.8233 -0.5319
vn -0.5483 0.0809 0.8323
vn 0.5359 -0.5882 0.6057
vn 0.4182 0.7002 -0.5786
vn -0.6477 0.2963 0.7019
vn 0.3754 -0.5752 0.7268
vn 0.8537 -0.5168 -0.0644
vn -0.7849 0.5954 0.1715
vn 0.9535 -0.2726 -0.1286
vn -0.7279 0.6777 0.1040
vn 0.9193 -0.3895 -0.0573
vn -0.6617 0.7488 0.0383
vn 0.8750 -0.4841 0.0092
vn -0.5834 0.8117 -0.0273
vn 0.8229 -0.5635 0.0731
vn -0.4886 0.8674 -0.0948
vn 0.7623 -0.6328 0.1360
vn -0.3704 0.9140 -0.1654
vn 0.6908 -0.6949 0.1998
vn -0.2201 0.9456 -0.2395
vn 0.6037 -0.7514 0.2662
vn -0.0285 0.9489 -0.3142
vn -0.6211 -0.4756 0.6230
vn 0.4938 -0.8017 0.3367
vn 0.2059 0.9015 -0.3806
vn -0.7910 -0.2186 0.5714
vn 0.3504 -0.8407 0.4128
vn 0.4626 0.7800 -0.4213
vn -0.8710 0.0222 0.4908
vn 0.1603 -0.8549 0.4934
vn 0.7072 0.5700 -0.4184
vn -0.8882 0.2199 0.4034
vn -0.0848 -0.8169 0.5705
vn 0.8782 0.3080 -0.3659
vn -0.8700 0.3750 0.3200
vn -0.3662 -0.6917 0.6224
vn 0.9552 0.0685 -0.2879
vn -0.8331 0.4970 0.2429
vn 0.8482 -0.5235 -0.0805
vn -0.6493 0.7578 -0.0644
vn 0.7986 -0.6017 -0.0108
vn -0.5586 0.8206 -0.1208
vn 0.7351 -0.6767 0.0421
vn -0.4446 0.8771 -0.1820
vn 0.6606 -0.7445 0.0966
vn -0.2964 0.9219 -0.2496
vn 0.5704 -0.8067 0.1547
vn -0.1006 0.9412 -0.3226
vn -0.6815 -0.5394 0.4946
vn 0.4574 -0.8620 0.2186
vn 0.1513 0.9070 -0.3930
vn -0.8524 -0.2766 0.4437
vn 0.3105 -0.9052 0.2901
vn 0.4398 0.7829 -0.4401
vn -0.9291 -0.0359 0.3680
vn 0.1164 -0.9225 0.3680
vn 0.7005 0.5618 -0.4401
vn -0.9438 0.1584 0.2901
vn -0.1336 -0.8862 0.4437
vn 0.8701 0.2975 -0.3930
vn -0.9252 0.3103 0.2186
vn -0.4208 -0.7605 0.4946
vn 0.9450 0.0546 -0.3226
vn -0.8890 0.4309 0.1547
vn 0.9579 -0.1418 -0.2496
vn -0.8425 0.5300 0.0966
vn 0.9379 -0.2953 -0.1820
vn -0.7877 0.6146 0.0421
vn 0.9009 -0.4170 -0.1208
vn -0.7242 0.6895 -0.0108
vn 0.0077 -0.4033 0.9151
vn 0.0900 -0.9269 -0.3644
vn 0.0451 0.7671 -0.6399
vn 0.0562 0.7632 0.6437
vn 0.0938 -0.9695 0.2266
vn 0.0033 -0.1305 -0.9914
vn 0.1039 0.9918 0.0745
vn 0.0228 -0.5804 0.8140
vn 0.0746 -0.8521 -0.5180
vn 0.0649 0.8709 -0.4871
vn 0.0351 0.6120 0.7901
vn 0.1019 -0.9916 0.0802
vn 0.0006 0.1417 -0.9899
vn 0.0999 0.9726 0.2100
vn 0.0425 -0.7368 0.6748
vn 0.0553 -0.7398 -0.6706
vn 0.0819 0.9373 -0.3389
vn 0.0145 0.3753 0.9268
vn 0.1041 -0.9924 -0.0658
vn 0.0089 0.4037 -0.9149
vn 0.0901 0.9327 0.3493
vn 0.0626 -0.8485 0.5254
vn 0.0344 -0.5821 -0.8124
vn 0.0947 0.9758 -0.1970
vn -0.0006 -0.1417 0.9899
vn 0.0020 0.1305 0.9914
vn 0.1001 -0.9718 -0.2135
vn 0.0252 0.6142 -0.7887
vn 0.0752 0.8661 0.4942
vn 0.0803 -0.9235 0.3750
vn 0.0157 -0.3761 -0.9265
vn 0.1021 0.9930 -0.0601
vn -0.8478 0.5294 0.0312
vn 0.0890 0.9948 0.0489
vn 0.1350 0.8660 -0.4814
vn 0.1632 0.8052 -0.5700
vn 0.2037 0.9555 -0.2134
vn -0.4530 0.8734 0.1789
vn 0.0263 0.9297 0.3674
vn -0.3550 0.5614 -0.7475
vn 0.7881 0.4745 -0.3920
vn 0.4427 0.8864 -0.1354
vn 0.0027 -0.2630 -0.9648
vn 0.7554 0.3906 -0.5261
vn 0.2129 0.9771 -0.0028
vn -0.8451 0.5157 -0.1410
vn 0.8547 0.3804 -0.3533
vn -0.8748 -0.4508 0.1774
vn 0.0251 -0.9988 0.0431
vn 0.8175 0.4602 -0.3464
vn 0.0402 -0.9899 0.1359
vn -0.9843 -0.1673 -0.0555
vn 0.9526 0.3020 0.0362
vn -0.9667 -0.2022 -0.1571
vn 0.0248 -0.9988 -0.0427
vn 0.9490 0.3133 0.0364
vn 0.3054 0.8360 0.4559
vn -0.7933 0.2726 -0.5444
vn 0.9496 0.2978 0.0981
vn -0.8473 0.5192 -0.1116
vn 0.2137 0.9756 0.0496
vn 0.9583 0.2592 0.1203
vn -0.0358 -0.0067 -0.9993
vn 0.0372 -0.0004 -0.9993
vn 0.8012 -0.1398 0.5818
vn -0.7939 -0.1349 -0.5928
vn 0.0453 -0.9836 0.1743
vn 0.7391 -0.0133 0.6734
vn 0.8013 0.1611 -0.5761
vn 0.1649 -0.9827 -0.0848
vn 0.2070 0.5423 -0.8143
vn 0.0614 -0.9923 0.1080
vn -0.1072 0.1745 -0.9788
vn -0.0889 -0.9521 0.2925
vn -0.4833 -0.0788 -0.8719
vn -0.3936 -0.6708 0.6286
vn -0.7322 -0.1513 -0.6640
vn -0.6656 0.0763 0.7424
vn -0.4996 -0.5265 0.6880
vn -0.8581 -0.1183 -0.4996
vn -0.6462 0.2301 0.7276
vn -0.5720 -0.3942 0.7193
vn -0.9134 -0.0435 -0.4048
vn -0.6031 0.3876 0.6972
vn -0.6199 -0.2733 0.7355
vn -0.9275 -0.0266 -0.3728
vn -0.5315 0.5487 0.6453
vn -0.6495 -0.1608 0.7432
vn -0.9081 -0.0928 -0.4083
vn -0.4267 0.7073 0.5636
vn -0.6645 -0.0531 0.7454
vn -0.8284 -0.2219 -0.5143
vn -0.2880 0.8482 0.4446
vn -0.6026 -0.4642 -0.6492
vn -0.2689 0.8384 0.4742
vn -0.2125 -0.7319 -0.6474
vn -0.0690 0.9624 0.2627
vn 0.0837 -0.8738 -0.4790
vn 0.1472 0.9873 -0.0591
vn 0.1883 -0.9415 -0.2794
vn -0.9368 -0.0587 0.3449
vn -0.8315 0.1656 0.5303
vn -0.7535 -0.4404 0.4881
vn 0.8097 0.0528 -0.5845
vn -0.8078 0.2835 0.5168
vn -0.8011 -0.3045 0.5153
vn 0.8090 -0.0580 -0.5849
vn -0.7660 0.4130 0.4927
vn -0.8288 -0.1786 0.5303
vn 0.7981 -0.1762 -0.5762
vn -0.6965 0.5579 0.4512
vn -0.8416 -0.0588 0.5368
vn 0.7743 -0.3009 -0.5567
vn -0.5831 0.7175 0.3810
vn 0.7322 -0.4363 -0.5230
vn -0.4034 0.8754 0.2663
vn 0.6621 -0.5847 -0.4688
vn -0.1471 0.9842 0.0982
vn 0.5486 -0.7424 -0.3845
vn 0.1470 0.9841 -0.0993
vn 0.3743 -0.8903 -0.2593
vn 0.4015 0.8737 -0.2748
vn 0.1350 -0.9865 -0.0924
vn 0.5766 0.7127 -0.3994
vn -0.1353 -0.9866 0.0915
vn 0.6835 0.5508 -0.4790
vn -0.3774 -0.8911 0.2520
vn 0.7461 0.4052 -0.5283
vn -0.5569 -0.7447 0.3677
vn 0.7819 0.2768 -0.5585
vn -0.8421 0.0545 0.5366
vn -0.6769 -0.5883 0.4423
vn 0.6521 -0.7539 -0.0803
vn 0.9503 -0.3102 -0.0252
vn -0.5984 0.7283 0.3340
vn 0.8945 -0.4470 -0.0019
vn -0.3926 0.8651 0.3121
vn 0.8042 -0.5935 0.0328
vn -0.1211 0.9550 0.2709
vn 0.6632 -0.7440 0.0810
vn 0.1814 0.9606 0.2106
vn 0.4555 -0.8788 0.1426
vn 0.4555 0.8788 0.1426
vn 0.1814 -0.9606 0.2106
vn 0.6633 0.7440 0.0810
vn -0.1211 -0.9550 0.2709
vn 0.8042 0.5935 0.0328
vn -0.3927 -0.8651 0.3121
vn 0.8945 0.4470 -0.0019
vn -0.5984 -0.7283 0.3340
vn 0.9503 0.3102 -0.0252
vn -0.9368 0.0587 0.3449
vn -0.7391 -0.5796 0.3432
vn 0.9824 0.1823 -0.0395
vn -0.9214 0.1780 0.3454
vn -0.8306 -0.4363 0.3460
vn 0.9971 0.0601 -0.0462
vn -0.8880 0.3028 0.3461
vn -0.8880 -0.3028 0.3461
vn 0.9971 -0.0601 -0.0462
vn -0.8307 0.4362 0.3460
vn -0.9214 -0.1780 0.3454
vn 0.9825 -0.1823 -0.0395
vn -0.7391 0.5796 0.3432
vn -0.1775 -0.9699 -0.1668
vn 0.1574 0.9874 -0.0194
vn 0.4400 -0.8964 -0.0542
vn 0.4400 0.8964 -0.0542
vn 0.1574 -0.9874 -0.0194
vn 0.6521 0.7539 -0.0803
vn -0.1574 -0.9874 0.0194
vn 0.7950 0.5986 -0.0979
vn -0.4400 -0.8964 0.0542
vn 0.8865 0.4496 -0.1092
vn -0.6521 -0.7539 0.0803
vn 0.9431 0.3115 -0.1162
vn -0.9907 0.0603 0.1220
vn -0.7950 -0.5986 0.0979
vn 0.9757 0.1829 -0.1202
vn -0.9757 0.1829 0.1202
vn -0.8865 -0.4496 0.1092
vn 0.9907 0.0603 -0.1220
vn -0.9431 0.3115 0.1162
vn -0.9431 -0.3115 0.1162
vn 0.9907 -0.0603 -0.1220
vn -0.8865 0.4496 0.1092
vn -0.9758 -0.1829 0.1202
vn 0.9757 -0.1829 -0.1202
vn -0.7950 0.5986 0.0979
vn -0.9907 -0.0603 0.1220
vn 0.9431 -0.3115 -0.1162
vn -0.6521 0.7539 0.0803
vn 0.8865 -0.4496 -0.1092
vn -0.4400 0.8964 0.0542
vn 0.7950 -0.5986 -0.0979
vn -0.1574 0.9874 0.0194
vn -0.9618 0.0596 0.2673
vn 0.7839 0.5970 -0.1703
vn -0.4555 -0.8783 -0.1452
vn 0.8786 0.4489 -0.1627
vn -0.6633 -0.7383 -0.1222
vn 0.9373 0.3113 -0.1566
vn -0.9960 0.0592 -0.0668
vn -0.8034 -0.5866 -0.1024
vn 0.9712 0.1828 -0.1526
vn -0.9812 0.1796 -0.0700
vn -0.8933 -0.4409 -0.0873
vn 0.9868 0.0603 -0.1506
vn -0.9490 0.3057 -0.0767
vn -0.9490 -0.3057 -0.0767
vn 0.9868 -0.0603 -0.1506
vn -0.8933 0.4409 -0.0873
vn -0.9812 -0.1796 -0.0700
vn 0.9712 -0.1828 -0.1526
vn -0.8034 0.5866 -0.1024
vn -0.9960 -0.0592 -0.0668
vn 0.9373 -0.3113 -0.1566
vn -0.6633 0.7383 -0.1222
vn 0.8786 -0.4489 -0.1627
vn -0.4556 0.8783 -0.1452
vn 0.7839 -0.5971 -0.1703
vn -0.1775 0.9699 -0.1668
vn 0.6368 -0.7502 -0.1782
vn 0.1354 0.9742 -0.1805
vn 0.4203 -0.8887 -0.1832
vn 0.4203 0.8887 -0.1832
vn 0.1354 -0.9742 -0.1805
vn 0.6368 0.7502 -0.1782
vn -0.8748 0.4484 0.1831
vn -0.7869 -0.5977 0.1535
vn 0.8493 0.1683 -0.5003
vn -0.9490 0.1811 0.2582
vn -0.8704 -0.4475 0.2053
vn 0.8627 0.0554 -0.5027
vn -0.9206 0.3091 0.2385
vn -0.9206 -0.3091 0.2385
vn 0.8627 -0.0554 -0.5027
vn -0.8704 0.4475 0.2053
vn -0.9490 -0.1811 0.2582
vn 0.8493 -0.1682 -0.5003
vn -0.7869 0.5977 0.1535
vn -0.9618 -0.0597 0.2673
vn 0.8204 -0.2868 -0.4947
vn -0.6525 0.7539 0.0767
vn 0.7705 -0.4147 -0.4842
vn -0.4487 0.8932 -0.0290
vn 0.6902 -0.5545 -0.4649
vn -0.1764 0.9719 -0.1557
vn 0.5650 -0.7039 -0.4305
vn 0.1200 0.9531 -0.2779
vn 0.3771 -0.8486 -0.3711
vn 0.3771 0.8486 -0.3711
vn 0.1200 -0.9531 -0.2779
vn 0.5650 0.7039 -0.4305
vn -0.1764 -0.9719 -0.1557
vn 0.6902 0.5545 -0.4649
vn -0.4487 -0.8932 -0.0290
vn 0.7705 0.4147 -0.4841
vn -0.6525 -0.7539 0.0767
vn 0.8204 0.2867 -0.4947
vn -0.1223 -0.0000 -0.9925
vn -0.9465 -0.1808 0.2674
vn 0.7160 -0.1478 -0.6823
vn -0.7946 0.5986 0.1014
vn -0.9576 -0.0595 0.2820
vn 0.6899 -0.2517 -0.6787
vn -0.6609 0.7503 -0.0168
vn 0.6456 -0.3639 -0.6714
vn -0.4562 0.8733 -0.1709
vn 0.5757 -0.4871 -0.6567
vn -0.1908 0.9216 -0.3381
vn 0.4682 -0.6214 -0.6282
vn 0.0823 0.8736 -0.4796
vn 0.3074 -0.7588 -0.5742
vn 0.3074 0.7588 -0.5742
vn 0.0823 -0.8736 -0.4796
vn 0.4683 0.6214 -0.6282
vn -0.1908 -0.9216 -0.3380
vn 0.5757 0.4871 -0.6567
vn -0.4562 -0.8733 -0.1709
vn 0.6457 0.3638 -0.6714
vn -0.6609 -0.7503 -0.0168
vn 0.6899 0.2516 -0.6787
vn -0.9576 0.0595 0.2820
vn -0.7946 -0.5987 0.1014
vn 0.7160 0.1478 -0.6823
vn -0.9464 0.1809 0.2674
vn -0.8749 -0.4484 0.1831
vn 0.7281 0.0487 -0.6837
vn -0.9212 0.3092 0.2360
vn -0.9212 -0.3092 0.2360
vn 0.7281 -0.0487 -0.6837
vn -0.2014 0.7343 -0.6483
vn -0.1516 0.9847 0.0863
vn -0.9798 0.0249 -0.1983
vn -0.1368 0.9840 -0.1145
vn 0.7307 0.4208 -0.5376
vn -0.1437 0.9394 -0.3113
vn -0.1871 0.9166 0.3534
vn -0.1685 0.8538 -0.4926
vn -0.1707 0.9441 0.2820
vn 0.0060 0.9283 0.3717
vn -0.8371 0.4925 -0.2380
vn 0.3412 0.8808 -0.3283
vn -0.8337 0.4434 -0.3291
vn 0.2841 0.9587 0.0156
vn 0.0628 0.5822 -0.8106
vn -0.8124 0.4011 -0.4231
vn 0.1508 0.9617 0.2289
vn -0.7664 0.3596 -0.5322
vn 0.3016 0.8218 -0.4834
vn -0.3315 0.8375 0.4344
vn 0.6674 0.2541 -0.7000
vn -0.9366 -0.0347 0.3487
vn -0.0834 0.9957 0.0397
vn 0.7141 0.5416 -0.4435
vn -0.9802 0.0368 -0.1944
vn 0.0760 -0.9926 -0.0943
vn 0.8386 -0.2317 0.4930
vn -0.9314 -0.2945 -0.2141
vn 0.0946 -0.9949 -0.0343
vn -0.2472 0.9675 -0.0529
vn -0.9386 -0.0505 0.3414
vn 0.6309 0.3773 -0.6779
vn -0.4688 0.8818 -0.0514
vn 0.3966 -0.9178 0.0175
vn 0.4012 -0.9062 0.1333
vn -0.3605 0.8935 -0.2679
vn -0.9289 -0.3391 -0.1490
vn 0.8801 -0.2981 0.3695
vn 0.9312 0.2925 0.2177
vn -0.9366 -0.3379 -0.0924
vn -0.9280 -0.3521 -0.1216
vn 0.9058 0.4231 0.0226
vn -0.9368 -0.3279 -0.1222
vn 0.9259 0.3771 0.0244
vn -0.1858 0.9672 -0.1732
vn 0.1419 -0.8897 0.4339
vn 0.1077 -0.9933 0.0412
vn -0.4670 0.8796 0.0902
vn -0.9264 -0.3645 -0.0946
vn 0.9275 0.3045 0.2170
vn -0.1027 0.0259 -0.9944
vn -0.0921 -0.1078 -0.9899
vn -0.7745 -0.1779 -0.6071
vn 0.7725 -0.0468 0.6333
vn -0.7656 -0.2092 -0.6083
vn 0.7468 0.0144 0.6649
vn -0.4247 0.5408 -0.7261
vn -0.6551 0.7513 -0.0805
vn 0.7933 -0.6083 -0.0265
vn -0.5646 0.8138 -0.1377
vn 0.7297 -0.6832 0.0265
vn -0.4511 0.8697 -0.2003
vn 0.6551 -0.7513 0.0805
vn -0.3035 0.9138 -0.2699
vn 0.5646 -0.8138 0.1377
vn -0.1085 0.9321 -0.3454
vn -0.6913 -0.5509 0.4675
vn 0.4511 -0.8697 0.2003
vn 0.1425 0.8970 -0.4185
vn -0.8616 -0.2872 0.4185
vn 0.3035 -0.9138 0.2699
vn 0.4305 0.7721 -0.4675
vn -0.9374 -0.0453 0.3454
vn 0.1085 -0.9321 0.3454
vn 0.6913 0.5509 -0.4675
vn -0.9511 0.1501 0.2699
vn -0.1425 -0.8970 0.4185
vn 0.8616 0.2872 -0.4185
vn -0.9317 0.3029 0.2003
vn -0.4305 -0.7721 0.4675
vn 0.9374 0.0453 -0.3454
vn -0.8951 0.4240 0.1377
vn 0.9511 -0.1501 -0.2699
vn -0.8482 0.5235 0.0805
vn 0.9317 -0.3029 -0.2003
vn -0.7933 0.6083 0.0265
vn 0.8951 -0.4240 -0.1377
vn -0.7297 0.6832 -0.0265
vn -0.2135 -0.1982 -0.9566
vn 0.3319 -0.8851 -0.3263
vn -0.2750 0.5093 -0.8155
vn -0.7136 -0.6491 -0.2635
vn 0.2168 -0.9284 -0.3019
vn -0.0953 0.4355 -0.8951
vn -0.8501 -0.4546 -0.2660
vn 0.0725 -0.9561 -0.2840
vn 0.1028 0.3136 -0.9440
vn -0.9266 -0.2592 -0.2723
vn -0.1043 -0.9565 -0.2723
vn 0.2926 0.1526 -0.9440
vn -0.9551 -0.0847 -0.2840
vn -0.3095 -0.9129 -0.2660
vn 0.4453 -0.0228 -0.8951
vn -0.9513 0.0621 -0.3019
vn -0.5238 -0.8101 -0.2635
vn 0.5474 -0.1880 -0.8155
vn -0.9274 0.1828 -0.3263
vn 0.6029 -0.3306 -0.7261
vn -0.8904 0.2815 -0.3576
vn 0.6228 -0.4495 -0.6403
vn -0.8437 0.3623 -0.3962
vn 0.6170 -0.5489 -0.5640
vn -0.7878 0.4282 -0.4427
vn 0.5920 -0.6334 -0.4983
vn -0.7216 0.4805 -0.4983
vn 0.5512 -0.7072 -0.4427
vn -0.6423 0.5190 -0.5640
vn 0.4953 -0.7731 -0.3962
vn -0.5453 0.5410 -0.6403
vn 0.4232 -0.8325 -0.3576
vn 0.7285 0.4049 0.5526
vn -0.7357 -0.1219 0.6663
vn 0.2016 -0.7659 0.6105
vn 0.5014 0.4361 0.7472
vn -0.8491 0.0177 0.5279
vn -0.0040 -0.6696 0.7428
vn -0.2650 -0.1421 -0.9537
vn -0.3782 0.8982 -0.2241
vn -0.2417 -0.5199 0.8193
vn 0.4490 0.4797 0.7538
vn 0.7384 0.1041 0.6663
vn 0.9723 0.1968 0.1262
vn -0.8478 0.5240 0.0818
vn 0.9977 -0.0102 0.0664
vn -0.7907 0.6113 0.0338
vn 0.9756 -0.2190 0.0164
vn -0.7151 0.6989 0.0135
vn 0.9120 -0.4102 -0.0090
vn -0.6168 0.7869 0.0181
vn 0.8207 -0.5714 0.0009
vn -0.4904 0.8704 0.0442
vn 0.7138 -0.6984 0.0521
vn -0.3314 0.9395 0.0872
vn 0.5963 -0.7894 0.1459
vn -0.1398 0.9802 0.1399
vn 0.5830 -0.7891 0.1935
vn -0.3254 -0.0592 -0.9437
vn -0.4399 -0.3708 0.8179
vn 0.4874 -0.8147 0.3141
vn 0.3999 0.5214 0.7538
vn -0.5926 -0.2510 0.7654
vn 0.3640 -0.8108 0.4583
vn 0.7570 0.0918 0.6470
vn -0.2517 0.4183 0.8727
vn 0.7592 0.2965 0.5794
vn -0.2419 0.5021 0.8303
vn 0.7664 0.1916 0.6131
vn -0.2146 0.5806 0.7854
vn 0.7522 0.0950 0.6520
vn -0.1698 0.6511 0.7397
vn 0.7192 0.0100 0.6948
vn -0.1077 0.7111 0.6948
vn 0.6701 -0.0611 0.7397
vn -0.0292 0.7576 0.6520
vn 0.6078 -0.1169 0.7854
vn 0.0638 0.7874 0.6131
vn 0.5349 -0.1566 0.8303
vn 0.1684 0.7974 0.5794
vn 0.4538 -0.1799 0.8727
vn 0.2804 0.7849 0.5526
vn -0.0613 0.0047 0.9981
vn 0.3671 -0.1868 0.9113
vn 0.3937 0.7484 0.5338
vn -0.1272 0.0784 0.9888
vn 0.2771 -0.1773 0.9443
vn 0.5016 0.6882 0.5241
vn -0.1808 0.1592 0.9706
vn 0.1865 -0.1523 0.9706
vn 0.5970 0.6073 0.5241
vn -0.2202 0.2444 0.9443
vn 0.0982 -0.1126 0.9888
vn 0.6739 0.5107 0.5338
vn -0.2442 0.3316 0.9113
vn 0.0146 -0.0597 0.9981
vn 0.2665 0.3143 0.9112
vn -0.1958 0.6654 0.7204
vn 0.7316 -0.0017 0.6818
vn -0.1212 0.7214 0.6818
vn 0.6885 -0.0844 0.7203
vn -0.0332 0.7618 0.6470
vn 0.6293 -0.1542 0.7617
vn 0.0657 0.7845 0.6167
vn 0.5560 -0.2088 0.8046
vn 0.1720 0.7877 0.5916
vn 0.4702 -0.2464 0.8475
vn 0.2818 0.7701 0.5723
vn -0.1321 -0.0639 0.9892
vn 0.3746 -0.2653 0.8884
vn 0.3903 0.7314 0.5592
vn -0.2083 0.0255 0.9777
vn 0.2717 -0.2644 0.9253
vn 0.4924 0.6725 0.5525
vn -0.2667 0.1232 0.9559
vn 0.1651 -0.2430 0.9559
vn 0.5830 0.5957 0.5525
vn -0.3053 0.2248 0.9253
vn 0.0592 -0.2013 0.9777
vn 0.6578 0.5046 0.5592
vn -0.3230 0.3262 0.8884
vn -0.0415 -0.1407 0.9892
vn 0.7137 0.4039 0.5723
vn -0.3199 0.4237 0.8475
vn 0.7490 0.2984 0.5916
vn -0.2968 0.5144 0.8046
vn 0.7632 0.1930 0.6167
vn -0.2550 0.5956 0.7617
vn -0.6953 -0.1170 -0.7091
vn 0.4862 0.2348 0.8417
vn 0.3296 -0.8548 0.4008
vn -0.8957 -0.0195 -0.4442
vn 0.7254 0.2082 0.6561
vn -0.8849 0.0954 -0.4559
vn -0.9139 0.1629 0.3719
vn -0.9242 0.3073 0.2265
vn -0.2500 0.9256 -0.2842
vn 0.2125 -0.8541 0.4747
vn 0.4799 0.2789 0.8318
vn -0.6931 -0.1871 -0.6961
vn 0.9070 -0.4164 0.0635
vn -0.3103 0.3587 -0.8804
vn 0.3379 0.4241 0.8402
vn -0.4092 0.5772 -0.7067
vn 0.3095 0.4403 0.8428
vn 0.2798 0.4534 0.8463
vn 0.5636 0.3844 0.7312
vn -0.1607 -0.2430 -0.9566
vn -0.0968 -0.2847 -0.9537
vn 0.2871 0.6188 0.7312
vn -0.0053 -0.3307 -0.9437
vn 0.3483 0.5660 0.7472
vn 0.9169 -0.3931 0.0683
vn -0.5377 0.8404 0.0683
vn 0.4288 0.7001 -0.5709
vn 0.5911 0.5624 -0.5782
vn 0.7024 0.4212 -0.5738
vn 0.7926 0.2521 -0.5552
vn -0.0113 0.8743 -0.4853
vn 0.2123 0.8147 -0.5396
vn 0.2951 0.4620 0.8363
vn -0.1224 0.1151 -0.9858
vn -0.5002 0.8329 -0.2369
vn 0.1578 0.5375 0.8284
vn 0.0737 -0.0434 -0.9963
vn -0.0243 0.5906 0.8066
vn 0.2443 -0.1310 -0.9608
vn 0.4696 -0.2160 -0.8560
vn -0.0347 -0.8732 0.4861
vn -0.0295 -0.9288 0.3694
vn -0.0176 -0.9753 0.2201
vn -0.0056 -0.9975 0.0705
vn 0.0060 -0.9974 -0.0717
vn 0.0190 -0.9753 -0.2200
vn 0.0319 -0.9288 -0.3692
vn 0.0450 -0.8527 -0.5204
vn 0.0579 -0.7398 -0.6704
vn 0.0700 -0.5822 -0.8100
vn 0.0798 -0.3765 -0.9230
vn 0.0854 -0.1308 -0.9877
vn 0.0774 0.3765 -0.9232
vn 0.0622 0.5822 -0.8106
vn 0.0479 0.7398 -0.6711
vn 0.0372 0.8527 -0.5210
vn 0.0264 0.9288 -0.3696
vn 0.0157 0.9753 -0.2203
vn 0.0052 0.9973 -0.0731
vn -0.0052 0.9973 0.0731
vn -0.0157 0.9753 0.2203
vn -0.0264 0.9288 0.3696
vn -0.0372 0.8527 0.5210
vn -0.2976 -0.1772 -0.9381
vn -0.2640 0.8135 -0.5181
vn -0.8205 -0.5549 -0.1375
vn -0.3153 0.0125 -0.9489
vn -0.1844 0.9612 0.2052
vn -0.3009 -0.7152 0.6309
vn 0.2133 -0.7294 -0.6500
vn -0.2253 0.8991 -0.3754
vn -0.2067 -0.8290 0.5196
vn -0.3207 0.0152 -0.9471
vn -0.2195 0.9111 0.3489
vn -0.1787 -0.9323 0.3145
vn 0.1913 -0.9660 0.1739
vn -0.1958 0.9533 -0.2301
vn -0.3994 -0.1233 0.9084
vn -0.7695 -0.6386 -0.0099
vn -0.3411 0.2669 -0.9013
vn -0.2571 0.8315 0.4925
vn -0.6409 -0.7477 0.1737
vn -0.2984 -0.3513 -0.8874
vn -0.1784 0.9803 -0.0848
vn -0.3803 -0.3568 0.8533
vn 0.3434 -0.9208 -0.1848
vn -0.3074 0.6923 -0.6528
vn -0.6741 -0.3097 -0.6705
vn -0.3130 -0.1211 -0.9420
vn -0.1744 0.9828 0.0601
vn -0.3446 -0.5571 0.7556
vn -0.8585 0.4790 0.1828
vn -0.8120 0.4803 0.3315
vn -0.6815 0.3606 0.6368
vn -0.6202 0.2353 0.7483
vn 0.0122 0.4038 -0.9148
vn 0.0593 0.9356 0.3482
vn 0.7288 -0.6297 -0.2689
vn 0.0733 0.9773 -0.1988
vn -0.0005 0.1417 0.9899
vn -0.6695 -0.6807 -0.2974
vn 0.0265 0.6142 -0.7887
vn 0.0467 0.8684 0.4936
vn 0.0761 0.9952 -0.0621
vn -0.7648 -0.5365 -0.3567
vn 0.0418 0.7671 -0.6401
vn 0.0322 0.7649 0.6434
vn 0.0745 0.9946 0.0726
vn -0.7304 -0.4973 -0.4683
vn 0.0556 0.8711 -0.4879
vn 0.0175 0.6129 0.7900
vn 0.0026 0.1417 -0.9899
vn 0.0688 0.9756 0.2084
vn 0.6668 -0.7202 -0.1915
vn 0.0664 0.9380 -0.3402
vn 0.0056 0.4033 0.9150
vn 0.4363 -0.7031 0.5615
vn 0.5118 -0.7507 0.4177
vn -0.2146 0.1557 0.9642
vn 0.5672 -0.7691 0.2946
vn 0.6105 -0.7695 0.1876
vn 0.6464 -0.7575 0.0917
vn 0.6779 -0.7352 0.0029
vn 0.7065 -0.7029 -0.0824
vn 0.7330 -0.6595 -0.1668
vn 0.7574 -0.6020 -0.2528
vn 0.7788 -0.5258 -0.3421
vn 0.7940 -0.4240 -0.4356
vn -0.0232 -0.1572 0.9873
vn 0.1734 -0.4283 0.8869
vn 0.3281 -0.6056 0.7250
vn 0.5672 -0.6004 0.5637
vn 0.6867 -0.5824 0.4350
vn 0.7715 -0.5506 0.3189
vn 0.8331 -0.5102 0.2136
vn 0.8791 -0.4624 0.1157
vn 0.9137 -0.4058 0.0220
vn 0.9386 -0.3378 -0.0705
vn 0.9531 -0.2543 -0.1640
vn 0.9539 -0.1501 -0.2599
vn 0.9337 -0.0195 -0.3575
vn 0.8807 0.1416 -0.4521
vn -0.1028 -0.3842 0.9175
vn 0.7799 0.3298 -0.5319
vn 0.1694 -0.5278 0.8323
vn 0.6225 0.5270 -0.5786
vn 0.3982 -0.5906 0.7019
vn 0.7157 -0.6770 0.1715
vn 0.7875 -0.6074 0.1040
vn 0.8469 -0.5304 0.0383
vn 0.8962 -0.4429 -0.0273
vn 0.9355 -0.3403 -0.0948
vn -0.7280 0.6777 0.1040
vn 0.9623 -0.2161 -0.1654
vn 0.9689 -0.0626 -0.2395
vn 0.9408 0.1270 -0.3142
vn -0.3677 -0.6904 0.6230
vn 0.8558 0.3505 -0.3806
vn -0.0864 -0.8161 0.5714
vn 0.6939 0.5839 -0.4213
vn 0.1642 -0.8557 0.4908
vn 0.3621 -0.8403 0.4034
vn 0.5122 -0.7971 0.3200
vn 0.6264 -0.7407 0.2429
vn 0.4573 -0.8620 0.2186
vn 0.0900 0.9269 -0.3644
vn 0.0938 0.9695 0.2266
vn 0.0033 0.1305 -0.9914
vn 0.0228 0.5804 0.8140
vn 0.0746 0.8521 -0.5180
vn 0.1019 0.9916 0.0802
vn 0.0425 0.7368 0.6748
vn 0.0553 0.7398 -0.6706
vn 0.0145 -0.3753 0.9268
vn 0.1041 0.9924 -0.0658
vn 0.0626 0.8485 0.5254
vn 0.0344 0.5821 -0.8124
vn 0.0020 -0.1305 0.9914
vn 0.1001 0.9718 -0.2135
vn 0.0803 0.9235 0.3750
vn 0.0157 0.3761 -0.9265
vn -0.8478 -0.5294 0.0312
vn 0.0348 -0.9832 0.1792
vn 0.0440 -0.9699 -0.2396
vn 0.1341 -0.8930 -0.4296
vn 0.2037 -0.9555 -0.2134
vn -0.4504 -0.8671 -0.2127
vn 0.0652 -0.8724 0.4844
vn -0.3550 -0.5614 -0.7475
vn 0.7237 -0.5743 -0.3826
vn 0.4427 -0.8864 -0.1354
vn -0.0116 0.4130 -0.9107
vn 0.7060 -0.4868 -0.5145
vn 0.2129 -0.9771 -0.0028
vn -0.8451 -0.5157 -0.1410
vn 0.8547 -0.3804 -0.3533
vn -0.8748 0.4508 0.1774
vn 0.0251 0.9988 0.0431
vn 0.8175 -0.4602 -0.3464
vn 0.0253 0.9898 0.1402
vn -0.9591 0.2748 -0.0674
vn 0.9526 -0.3020 0.0362
vn -0.9667 0.2022 -0.1571
vn 0.0248 0.9988 -0.0427
vn 0.9490 -0.3133 0.0364
vn 0.3054 -0.8360 0.4559
vn -0.7933 -0.2726 -0.5444
vn 0.9496 -0.2978 0.0981
vn -0.8473 -0.5192 -0.1116
vn 0.2137 -0.9756 0.0496
vn 0.9583 -0.2592 0.1203
vn 0.0085 0.0816 -0.9966
vn 0.0657 -0.2842 -0.9565
vn 0.8012 0.1398 0.5818
vn -0.8890 -0.1649 -0.4272
vn 0.0402 0.9836 0.1758
vn 0.7391 0.0133 0.6734
vn 0.1649 0.9827 -0.0848
vn 0.0614 0.9923 0.1080
vn -0.0889 0.9521 0.2925
vn -0.6656 -0.0763 0.7424
vn -0.6462 -0.2301 0.7276
vn -0.6031 -0.3876 0.6972
vn -0.9275 0.0266 -0.3728
vn -0.5315 -0.5487 0.6453
vn -0.9081 0.0928 -0.4083
vn -0.4267 -0.7073 0.5636
vn -0.8284 0.2219 -0.5143
vn -0.2880 -0.8482 0.4446
vn -0.6026 0.4642 -0.6492
vn -0.2125 0.7319 -0.6474
vn 0.0837 0.8738 -0.4790
vn 0.1883 0.9415 -0.2794
vn -0.7535 0.4404 0.4881
vn -0.8011 0.3045 0.5153
vn 0.8090 0.0580 -0.5849
vn -0.8288 0.1786 0.5303
vn 0.7981 0.1762 -0.5762
vn -0.8416 0.0589 0.5368
vn 0.7743 0.3009 -0.5567
vn 0.7322 0.4363 -0.5230
vn 0.6621 0.5847 -0.4688
vn 0.5486 0.7424 -0.3845
vn 0.3743 0.8903 -0.2593
vn 0.1350 0.9865 -0.0924
vn -0.1353 0.9866 0.0915
vn -0.3774 0.8911 0.2520
vn -0.5569 0.7447 0.3677
vn -0.6769 0.5883 0.4423
vn 0.6632 0.7440 0.0810
vn -0.3927 0.8651 0.3121
vn -0.8306 -0.4362 0.3460
vn -0.9757 -0.1829 0.1202
vn 0.7839 -0.5970 -0.1703
vn -0.4555 0.8783 -0.1452
vn -0.4556 -0.8783 -0.1452
vn 0.6367 -0.7502 -0.1782
vn 0.8493 0.1682 -0.5003
vn -0.9618 0.0597 0.2673
vn 0.8204 0.2868 -0.4947
vn 0.7705 0.4147 -0.4842
vn -0.9465 0.1808 0.2674
vn 0.6899 0.2517 -0.6787
vn 0.6456 0.3639 -0.6714
vn 0.4682 0.6214 -0.6282
vn -0.1908 0.9216 -0.3380
vn 0.6457 -0.3639 -0.6714
vn -0.7946 0.5987 0.1014
vn -0.8749 0.4483 0.1831
vn -0.2002 -0.8286 -0.5229
vn -0.1371 -0.9905 -0.0135
vn -0.9798 -0.0501 -0.1939
vn -0.1362 -0.9832 -0.1212
vn 0.7307 -0.4208 -0.5376
vn -0.1474 -0.9623 -0.2288
vn -0.1871 -0.9166 0.3534
vn -0.1701 -0.9108 -0.3762
vn -0.1568 -0.9655 0.2081
vn 0.0060 -0.9283 0.3717
vn -0.8371 -0.4925 -0.2380
vn 0.3412 -0.8808 -0.3283
vn -0.8337 -0.4434 -0.3291
vn 0.2841 -0.9587 0.0156
vn 0.0628 -0.5822 -0.8106
vn -0.8124 -0.4011 -0.4231
vn 0.1508 -0.9617 0.2289
vn -0.7664 -0.3596 -0.5322
vn 0.3016 -0.8218 -0.4834
vn -0.3315 -0.8375 0.4344
vn 0.6674 -0.2541 -0.7000
vn -0.9330 0.1062 0.3438
vn -0.0834 -0.9957 0.0397
vn 0.7141 -0.5416 -0.4435
vn -0.9796 -0.0720 -0.1877
vn 0.0541 0.9985 0.0127
vn 0.8386 0.2317 0.4930
vn -0.9614 -0.1105 -0.2519
vn 0.0946 0.9949 -0.0343
vn -0.2041 -0.9774 -0.0551
vn -0.9261 0.1617 0.3408
vn 0.6309 -0.3773 -0.6779
vn -0.4688 -0.8818 -0.0514
vn 0.3966 0.9178 0.0175
vn 0.2996 0.9155 0.2686
vn -0.3605 -0.8935 -0.2679
vn -0.9655 -0.1544 -0.2098
vn 0.8801 0.2981 0.3695
vn 0.9312 -0.2925 0.2177
vn -0.9366 0.3379 -0.0924
vn -0.9280 0.3521 -0.1216
vn 0.9058 -0.4231 0.0226
vn -0.9368 0.3278 -0.1222
vn 0.9259 -0.3771 0.0244
vn -0.1858 -0.9672 -0.1732
vn 0.1295 0.8908 0.4356
vn 0.3915 0.9188 -0.0500
vn -0.4670 -0.8796 0.0902
vn -0.9264 0.3645 -0.0946
vn 0.9275 -0.3045 0.2170
vn -0.1027 -0.0259 -0.9944
vn -0.1153 0.0624 -0.9914
vn -0.7905 0.0528 -0.6102
vn 0.7725 0.0468 0.6333
vn -0.7761 0.0940 -0.6236
vn 0.7468 -0.0144 0.6649
vn 0.3036 -0.9138 0.2699
vn -0.1085 0.9322 -0.3454
vn -0.1043 -0.9566 -0.2723
vn 0.1027 0.3136 -0.9440
vn 0.6170 -0.5488 -0.5640
vn -0.7886 0.0737 0.6105
vn -0.6599 -0.1134 0.7427
vn 0.9479 -0.2264 -0.2241
vn -0.4734 -0.3234 0.8193
vn -0.0180 0.7454 0.6663
vn 0.6555 -0.7508 0.0818
vn 0.7323 -0.6802 0.0338
vn 0.8064 -0.5912 0.0135
vn 0.8771 -0.4799 0.0181
vn 0.9388 -0.3415 0.0442
vn 0.9810 -0.1734 0.0872
vn 0.9899 0.0222 0.1399
vn -0.8738 0.4462 0.1935
vn -0.8834 0.3477 0.3141
vn -0.8594 0.2266 0.4583
vn -0.2147 0.5806 0.7854
vn -0.2203 0.2444 0.9443
vn -0.1807 0.1592 0.9706
vn 0.6884 -0.0845 0.7204
vn 0.7315 -0.0017 0.6818
vn -0.2550 0.5957 0.7617
vn 0.2201 -0.8496 -0.4793
vn -0.0326 0.7612 0.6477
vn -0.8972 0.1855 0.4008
vn 0.1271 -0.8869 -0.4442
vn 0.0869 0.7497 0.6561
vn 0.2387 -0.8574 -0.4559
vn 0.9021 0.1841 -0.3904
vn -0.7895 -0.1591 0.5927
vn 0.0596 0.7939 0.6051
vn 0.1322 -0.8899 -0.4366
vn -0.5590 0.8267 0.0635
vn 0.3632 0.4027 0.8402
vn 0.3838 0.3773 0.8428
vn 0.4015 0.3501 0.8463
vn -0.2134 -0.1982 -0.9566
vn -0.2651 -0.1421 -0.9537
vn 0.6206 0.5375 -0.5709
vn 0.2122 0.8147 -0.5396
vn 0.8644 0.1317 -0.4853
vn 0.7691 0.3425 -0.5397
vn -0.0549 0.0656 -0.9963
vn -0.1691 0.2197 -0.9608
vn -0.2898 0.4280 -0.8560
vn 0.3281 0.6056 0.7250
vn 0.6225 -0.5270 -0.5786
vn 0.7419 0.1134 -0.6608
vn -0.4850 -0.7141 0.5049
vn 0.1734 0.4283 0.8869
vn 0.7726 0.3005 -0.5593
vn -0.4890 -0.7910 0.3677
vn -0.0232 0.1572 0.9873
vn 0.7940 0.4240 -0.4356
vn -0.4738 -0.8454 0.2466
vn 0.7788 0.5258 -0.3421
vn -0.4421 -0.8867 0.1355
vn 0.7574 0.6020 -0.2527
vn -0.3947 -0.9184 0.0282
vn 0.7330 0.6595 -0.1668
vn -0.3319 -0.9398 -0.0807
vn 0.7065 0.7029 -0.0824
vn -0.2519 -0.9477 -0.1958
vn 0.6779 0.7352 0.0029
vn -0.1497 -0.9354 -0.3203
vn 0.6464 0.7575 0.0917
vn -0.0183 -0.8907 -0.4542
vn 0.6105 0.7695 0.1876
vn 0.1473 -0.7944 -0.5893
vn 0.5672 0.7691 0.2946
vn 0.3386 -0.6264 -0.7022
vn -0.2146 -0.1557 0.9642
vn 0.5118 0.7507 0.4177
vn 0.5241 -0.3890 -0.7576
vn -0.3790 -0.4175 0.8259
vn 0.4363 0.7031 0.5615
vn 0.6635 -0.1247 -0.7377
vn -0.4539 -0.5977 0.6608
vn 0.9689 0.0626 -0.2395
vn -0.6850 -0.4615 0.5637
vn 0.1694 0.5278 0.8323
vn 0.7799 -0.3298 -0.5319
vn -0.6868 -0.5823 0.4350
vn -0.1028 0.3842 0.9175
vn 0.8807 -0.1416 -0.4521
vn -0.6692 -0.6711 0.3189
vn 0.9337 0.0195 -0.3575
vn -0.6395 -0.7385 0.2136
vn 0.9539 0.1501 -0.2599
vn -0.5998 -0.7917 0.1157
vn 0.9531 0.2543 -0.1640
vn -0.5497 -0.8351 0.0220
vn 0.9386 0.3378 -0.0705
vn -0.4866 -0.8708 -0.0705
vn 0.9137 0.4058 0.0220
vn -0.4066 -0.8988 -0.1640
vn 0.8791 0.4624 0.1157
vn -0.3040 -0.9165 -0.2599
vn 0.8331 0.5102 0.2136
vn -0.1719 -0.9180 -0.3575
vn 0.7715 0.5506 0.3189
vn -0.0043 -0.8920 -0.4521
vn -0.3622 0.1642 0.9175
vn 0.6867 0.5824 0.4350
vn 0.1980 -0.8233 -0.5319
vn -0.5483 -0.0809 0.8323
vn 0.5672 0.6004 0.5637
vn 0.4182 -0.7002 -0.5786
vn -0.6477 -0.2963 0.7019
vn 0.3982 0.5906 0.7019
vn 0.8537 0.5168 -0.0644
vn -0.7849 -0.5954 0.1715
vn 0.9623 0.2161 -0.1654
vn -0.7280 -0.6777 0.1040
vn 0.9355 0.3403 -0.0948
vn -0.6617 -0.7488 0.0383
vn 0.8962 0.4429 -0.0273
vn -0.5834 -0.8117 -0.0273
vn 0.8469 0.5304 0.0383
vn -0.4886 -0.8674 -0.0948
vn 0.7875 0.6074 0.1040
vn -0.3704 -0.9140 -0.1654
vn 0.7157 0.6770 0.1715
vn -0.2201 -0.9456 -0.2395
vn 0.6264 0.7407 0.2429
vn -0.0285 -0.9489 -0.3142
vn -0.6211 0.4756 0.6230
vn 0.5122 0.7971 0.3200
vn 0.2059 -0.9015 -0.3806
vn -0.7910 0.2186 0.5714
vn 0.3621 0.8403 0.4034
vn 0.4626 -0.7800 -0.4213
vn -0.8710 -0.0222 0.4908
vn 0.1642 0.8557 0.4908
vn 0.6939 -0.5839 -0.4213
vn -0.8882 -0.2199 0.4034
vn -0.0864 0.8161 0.5714
vn 0.8558 -0.3505 -0.3806
vn -0.8700 -0.3750 0.3200
vn -0.3677 0.6904 0.6230
vn 0.9408 -0.1270 -0.3142
vn -0.8331 -0.4970 0.2429
vn 0.8482 0.5235 -0.0805
vn -0.6493 -0.7578 -0.0644
vn 0.7986 0.6017 -0.0108
vn -0.5586 -0.8206 -0.1208
vn 0.7351 0.6767 0.0421
vn -0.4446 -0.8771 -0.1820
vn 0.6606 0.7445 0.0966
vn -0.2964 -0.9219 -0.2496
vn 0.5704 0.8067 0.1547
vn -0.1006 -0.9412 -0.3226
vn -0.6815 0.5394 0.4946
vn 0.4573 0.8620 0.2186
vn 0.1513 -0.9070 -0.3930
vn -0.8524 0.2766 0.4437
vn 0.3105 0.9052 0.2901
vn 0.4398 -0.7829 -0.4401
vn -0.9291 0.0359 0.3680
vn 0.1164 0.9225 0.3680
vn 0.7005 -0.5618 -0.4401
vn -0.9438 -0.1584 0.2901
vn -0.1336 0.8862 0.4437
vn 0.8701 -0.2975 -0.3930
vn -0.9252 -0.3103 0.2186
vn -0.4208 0.7605 0.4946
vn 0.9450 -0.0546 -0.3226
vn -0.8890 -0.4309 0.1547
vn 0.9579 0.1418 -0.2496
vn -0.8425 -0.5300 0.0966
vn 0.9379 0.2953 -0.1820
vn -0.7877 -0.6146 0.0421
vn 0.9009 0.4170 -0.1208
vn -0.7242 -0.6895 -0.0108
vn -0.4247 -0.5408 -0.7261
vn -0.6551 -0.7513 -0.0805
vn 0.7933 0.6083 -0.0265
vn -0.5646 -0.8138 -0.1377
vn 0.7297 0.6832 0.0265
vn -0.4511 -0.8697 -0.2003
vn 0.6551 0.7513 0.0805
vn -0.3035 -0.9138 -0.2699
vn 0.5646 0.8138 0.1377
vn -0.1085 -0.9322 -0.3454
vn -0.6913 0.5509 0.4675
vn 0.4511 0.8697 0.2003
vn 0.1425 -0.8970 -0.4185
vn -0.8616 0.2872 0.4185
vn 0.3035 0.9138 0.2699
vn 0.4305 -0.7721 -0.4675
vn -0.9374 0.0453 0.3454
vn 0.1085 0.9321 0.3454
vn 0.6913 -0.5509 -0.4675
vn -0.9511 -0.1501 0.2699
vn -0.1425 0.8970 0.4185
vn 0.8616 -0.2872 -0.4185
vn -0.9317 -0.3029 0.2003
vn -0.4305 0.7721 0.4675
vn 0.9374 -0.0453 -0.3454
vn -0.8951 -0.4240 0.1377
vn 0.9511 0.1501 -0.2699
vn -0.8482 -0.5235 0.0805
vn 0.9317 0.3029 -0.2003
vn -0.7933 -0.6083 0.0265
vn 0.8951 0.4240 -0.1377
vn -0.7297 -0.6832 -0.0265
vn -0.2134 0.1982 -0.9566
vn 0.3319 0.8851 -0.3263
vn -0.2750 -0.5093 -0.8155
vn -0.7136 0.6491 -0.2635
vn 0.2168 0.9284 -0.3019
vn -0.0953 -0.4355 -0.8951
vn -0.8501 0.4546 -0.2660
vn 0.0725 0.9561 -0.2840
vn 0.1027 -0.3136 -0.9440
vn -0.9266 0.2592 -0.2723
vn -0.1043 0.9566 -0.2723
vn 0.2926 -0.1526 -0.9440
vn -0.9551 0.0847 -0.2840
vn -0.3095 0.9129 -0.2660
vn 0.4453 0.0228 -0.8951
vn -0.9513 -0.0621 -0.3019
vn -0.5238 0.8101 -0.2635
vn 0.5474 0.1880 -0.8155
vn -0.9274 -0.1828 -0.3263
vn 0.6029 0.3306 -0.7261
vn -0.8904 -0.2815 -0.3576
vn 0.6228 0.4495 -0.6403
vn -0.8437 -0.3623 -0.3962
vn 0.6170 0.5489 -0.5640
vn -0.7878 -0.4282 -0.4427
vn 0.5920 0.6334 -0.4983
vn -0.7216 -0.4805 -0.4983
vn 0.5512 0.7072 -0.4427
vn -0.6423 -0.5190 -0.5640
vn 0.4953 0.7731 -0.3962
vn -0.5453 -0.5410 -0.6403
vn 0.4232 0.8325 -0.3576
vn 0.7285 -0.4049 0.5526
vn -0.7886 -0.0737 0.6105
vn 0.2016 0.7659 0.6105
vn 0.5014 -0.4362 0.7472
vn -0.8594 -0.2266 0.4583
vn -0.0041 0.6696 0.7428
vn -0.2651 0.1421 -0.9537
vn -0.3782 -0.8982 -0.2241
vn -0.2417 0.5199 0.8193
vn 0.4490 -0.4797 0.7538
vn 0.7384 -0.1041 0.6663
vn 0.9899 -0.0222 0.1399
vn -0.8478 -0.5240 0.0818
vn 0.9810 0.1734 0.0872
vn -0.7907 -0.6113 0.0338
vn 0.9388 0.3415 0.0442
vn -0.7151 -0.6989 0.0135
vn 0.8771 0.4799 0.0181
vn -0.6168 -0.7869 0.0181
vn 0.8064 0.5912 0.0135
vn -0.4904 -0.8704 0.0442
vn 0.7323 0.6802 0.0338
vn -0.3314 -0.9395 0.0872
vn 0.6555 0.7508 0.0818
vn -0.1398 -0.9802 0.1399
vn 0.5830 0.7891 0.1935
vn -0.3254 0.0592 -0.9437
vn -0.4734 0.3234 0.8193
vn 0.4874 0.8147 0.3141
vn 0.3999 -0.5214 0.7538
vn -0.6599 0.1134 0.7427
vn 0.3640 0.8108 0.4583
vn 0.7570 -0.0918 0.6470
vn -0.2517 -0.4183 0.8727
vn 0.7592 -0.2965 0.5794
vn -0.2419 -0.5021 0.8303
vn 0.7664 -0.1916 0.6131
vn -0.2147 -0.5806 0.7854
vn 0.7522 -0.0950 0.6520
vn -0.1698 -0.6511 0.7397
vn 0.7192 -0.0100 0.6948
vn -0.1077 -0.7111 0.6948
vn 0.6701 0.0611 0.7397
vn -0.0292 -0.7576 0.6520
vn 0.6078 0.1169 0.7854
vn 0.0638 -0.7874 0.6131
vn 0.5349 0.1566 0.8303
vn 0.1684 -0.7974 0.5794
vn 0.4538 0.1799 0.8727
vn 0.2804 -0.7849 0.5526
vn -0.0613 -0.0047 0.9981
vn 0.3671 0.1868 0.9113
vn 0.3937 -0.7484 0.5338
vn -0.1272 -0.0784 0.9888
vn 0.2771 0.1773 0.9443
vn 0.5016 -0.6882 0.5241
vn -0.1807 -0.1592 0.9706
vn 0.1865 0.1523 0.9706
vn 0.5970 -0.6073 0.5241
vn -0.2203 -0.2444 0.9443
vn 0.0982 0.1126 0.9888
vn 0.6739 -0.5107 0.5338
vn -0.2442 -0.3316 0.9113
vn 0.0146 0.0597 0.9981
vn 0.2665 -0.3143 0.9112
vn -0.1958 -0.6654 0.7204
vn 0.7315 0.0017 0.6818
vn -0.1212 -0.7214 0.6818
vn 0.6884 0.0845 0.7204
vn -0.0332 -0.7618 0.6470
vn 0.6293 0.1542 0.7617
vn 0.0657 -0.7845 0.6167
vn 0.5559 0.2088 0.8046
vn 0.1720 -0.7877 0.5916
vn 0.4702 0.2464 0.8475
vn 0.2818 -0.7701 0.5723
vn -0.1321 0.0639 0.9892
vn 0.3746 0.2653 0.8884
vn 0.3903 -0.7314 0.5592
vn -0.2083 -0.0255 0.9777
vn 0.2717 0.2644 0.9253
vn 0.4924 -0.6725 0.5525
vn -0.2667 -0.1232 0.9559
vn 0.1651 0.2430 0.9559
vn 0.5830 -0.5957 0.5525
vn -0.3053 -0.2248 0.9253
vn 0.0592 0.2013 0.9777
vn 0.6578 -0.5046 0.5592
vn -0.3230 -0.3262 0.8884
vn -0.0415 0.1407 0.9892
vn 0.7137 -0.4039 0.5723
vn -0.3199 -0.4237 0.8475
vn 0.7490 -0.2984 0.5916
vn -0.2968 -0.5144 0.8046
vn 0.7632 -0.1930 0.6167
vn -0.2550 -0.5956 0.7617
vn -0.6953 0.1170 -0.7091
vn 0.4862 -0.2348 0.8417
vn 0.3296 0.8548 0.4008
vn -0.8957 0.0195 -0.4442
vn 0.7254 -0.2082 0.6561
vn -0.8849 -0.0954 -0.4559
vn -0.8835 -0.3477 0.3141
vn -0.8737 -0.4462 0.1935
vn -0.2500 -0.9256 -0.2842
vn 0.2125 0.8541 0.4747
vn 0.4799 -0.2789 0.8318
vn -0.6931 0.1871 -0.6961
vn 0.9070 0.4164 0.0635
vn -0.1691 -0.2197 -0.9608
vn 0.3380 -0.4241 0.8402
vn -0.2898 -0.4280 -0.8560
vn 0.3095 -0.4403 0.8428
vn 0.2798 -0.4534 0.8463
vn 0.5636 -0.3844 0.7312
vn -0.1607 0.2430 -0.9566
vn -0.0968 0.2847 -0.9537
vn 0.2871 -0.6188 0.7312
vn -0.0053 0.3307 -0.9437
vn 0.3483 -0.5660 0.7472
vn 0.9169 0.3931 0.0683
vn -0.5377 -0.8404 0.0683
vn 0.4288 -0.7001 -0.5709
vn 0.6206 -0.5375 -0.5709
vn 0.7691 -0.3425 -0.5397
vn 0.8644 -0.1317 -0.4853
vn -0.0113 -0.8743 -0.4853
vn 0.2123 -0.8147 -0.5396
vn 0.3632 -0.4027 0.8402
vn -0.0549 -0.0656 -0.9963
vn -0.5590 -0.8267 0.0635
vn 0.3838 -0.3773 0.8428
vn 0.0737 0.0434 -0.9963
vn 0.4015 -0.3501 0.8463
vn 0.2443 0.1310 -0.9608
vn 0.4696 0.2160 -0.8560
vn -0.4010 -0.5257 0.7502
vn 0.3948 -0.7180 -0.5733
vn 0.3004 -0.5935 -0.7467
vn -0.3124 -0.3303 0.8907
vn 0.1007 -0.7667 -0.6341
vn -0.0648 -0.8638 -0.4996
vn -0.1911 -0.9095 -0.3693
vn -0.2856 -0.9250 -0.2507
vn -0.3568 -0.9232 -0.1430
vn -0.4105 -0.9108 -0.0428
vn -0.4494 -0.8917 0.0540
vn -0.4738 -0.8675 0.1514
vn 0.7574 0.6020 -0.2528
vn -0.4835 -0.8381 0.2526
vn -0.4812 -0.7991 0.3603
vn -0.4702 -0.7423 0.4774
vn 0.6516 -0.0630 -0.7559
vn -0.4474 -0.6564 0.6075
vn 0.5005 -0.3429 -0.7949
vn -0.2807 -0.9375 -0.2058
vn -0.5345 -0.0711 0.8422
vn 0.1318 -0.8537 -0.5037
vn -0.3573 0.1664 0.9190
vn -0.0922 -0.9123 -0.3991
vn -0.2617 -0.9214 -0.2874
vn -0.3850 -0.9050 -0.1807
vn -0.4748 -0.8763 -0.0812
vn -0.5410 -0.8409 0.0128
vn -0.5904 -0.8004 0.1039
vn -0.6271 -0.7542 0.1948
vn -0.6537 -0.6998 0.2880
vn -0.6709 -0.6331 0.3861
vn -0.6774 -0.5474 0.4914
vn -0.6679 -0.4326 0.6057
vn -0.6288 -0.2764 0.7268
vn -0.4248 -0.8961 -0.1286
vn -0.5345 -0.8432 -0.0573
vn -0.6205 -0.7841 0.0092
vn -0.6904 -0.7197 0.0731
vn -0.7488 -0.6487 0.1360
vn -0.7984 -0.5680 0.1998
vn -0.8400 -0.4728 0.2662
vn -0.8716 -0.3562 0.3367
vn -0.8867 -0.2083 0.4128
vn -0.8696 -0.0184 0.4934
vn 0.4467 -0.7908 -0.4184
vn -0.7921 0.2171 0.5705
vn 0.1603 -0.9167 -0.3659
vn -0.6226 0.4744 0.6224
vn -0.0885 -0.9536 -0.2879
vn 0.9008 0.4170 -0.1208
vn 0.4574 0.8620 0.2186
vn 0.3036 0.9138 0.2699
vn -0.1085 -0.9321 -0.3454
vn 0.4452 0.0228 -0.8951
vn 0.6170 0.5488 -0.5640
vn 0.2803 -0.7849 0.5526
vn -0.0000 0.7457 0.6663
vn 0.1562 0.8348 0.5279
vn -0.0969 0.2847 -0.9537
vn 0.9479 0.2264 -0.2241
vn -0.0180 -0.7454 0.6663
vn 0.0352 -0.9914 0.1262
vn -0.1731 -0.9827 0.0664
vn -0.3755 -0.9267 0.0164
vn -0.5537 -0.8327 -0.0090
vn -0.6978 -0.7163 0.0009
vn -0.8057 -0.5901 0.0521
vn -0.8762 -0.4593 0.1459
vn -0.8738 -0.4462 0.1935
vn -0.2939 0.4946 0.8179
vn -0.8834 -0.3477 0.3141
vn -0.1508 0.6257 0.7654
vn 0.1866 0.1523 0.9706
vn -0.2550 -0.5957 0.7617
vn -0.0414 0.1407 0.9892
vn 0.2717 0.2644 0.9254
vn 0.3745 0.2653 0.8884
vn 0.4703 0.2464 0.8474
vn 0.0656 -0.7845 0.6167
vn 0.2201 0.8496 -0.4793
vn -0.0325 -0.7613 0.6476
vn -0.8972 -0.1855 0.4008
vn 0.1271 0.8869 -0.4442
vn 0.0869 -0.7497 0.6561
vn 0.2387 0.8574 -0.4559
vn 0.3101 0.8750 0.3719
vn 0.4542 0.8616 0.2265
vn 0.9021 -0.1841 -0.3904
vn -0.7895 0.1591 0.5927
vn 0.0596 -0.7939 0.6051
vn 0.1322 0.8899 -0.4366
vn 0.4046 0.2475 -0.8804
vn 0.6364 0.3093 -0.7067
vn 0.4583 -0.6750 -0.5782
vn 0.3007 -0.7618 -0.5738
vn 0.1192 -0.8231 -0.5552
vn 0.7691 -0.3425 -0.5396
vn 0.4076 -0.3667 0.8363
vn 0.1336 0.1019 -0.9858
vn 0.9034 0.3574 -0.2369
vn 0.5044 -0.2435 0.8284
vn 0.5866 -0.0725 0.8066
vn -0.0415 0.8527 0.5207
vn -0.0061 0.9973 0.0731
vn 0.0063 0.9973 -0.0731
vn 0.0774 -0.3765 -0.9232
vn 0.0622 -0.5822 -0.8106
vn -0.2954 0.1564 -0.9425
vn -0.2653 -0.7194 -0.6419
vn -0.3212 -0.0861 -0.9431
vn -0.2004 -0.9396 0.2776
vn -0.3034 0.6036 0.7373
vn -0.2231 -0.8419 -0.4913
vn -0.2067 0.8290 0.5196
vn -0.3416 -0.2534 -0.9050
vn -0.2195 -0.9111 0.3489
vn -0.1787 0.9323 0.3145
vn 0.1969 0.9608 0.1950
vn -0.1908 -0.9304 -0.3131
vn -0.3968 0.0899 0.9135
vn -0.3493 -0.4133 -0.8409
vn -0.2571 -0.8315 0.4925
vn -0.2984 0.3513 -0.8874
vn -0.1748 -0.9776 -0.1176
vn -0.3776 0.2685 0.8862
vn -0.3097 -0.5731 -0.7587
vn -0.3130 0.1211 -0.9420
vn -0.1782 -0.9805 0.0832
vn -0.3451 0.4417 0.8281
vn -0.6202 -0.2354 0.7483
vn 0.0070 -0.4399 -0.8980
vn 0.0666 -0.9458 0.3179
vn 0.7384 0.6421 -0.2061
vn 0.0694 -0.9813 -0.1795
vn 0.0019 -0.1570 0.9876
vn -0.6695 0.6807 -0.2974
vn 0.0195 -0.6538 -0.7564
vn 0.0562 -0.8884 0.4556
vn 0.0747 -0.9957 -0.0555
vn -0.7648 0.5365 -0.3567
vn 0.0342 -0.7988 -0.6006
vn 0.0427 -0.7959 0.6039
vn 0.0760 -0.9949 0.0661
vn -0.7304 0.4973 -0.4683
vn 0.0484 -0.8917 -0.4500
vn 0.0273 -0.6521 0.7577
vn 0.0005 -0.1570 -0.9876
vn 0.0733 -0.9792 0.1892
vn 0.6675 0.7360 -0.1131
vn 0.0604 -0.9488 -0.3099
vn 0.0124 -0.4394 0.8982
vn 0.5005 0.3429 -0.7949
vn -0.4474 0.6564 0.6075
vn 0.6516 0.0630 -0.7559
vn -0.4702 0.7423 0.4774
vn -0.4812 0.7991 0.3603
vn -0.4835 0.8381 0.2526
vn 0.7574 -0.6020 -0.2527
vn -0.4738 0.8675 0.1514
vn -0.4494 0.8917 0.0540
vn -0.4105 0.9108 -0.0428
vn -0.3568 0.9232 -0.1430
vn -0.2856 0.9250 -0.2507
vn -0.1911 0.9095 -0.3693
vn -0.0648 0.8638 -0.4996
vn 0.1007 0.7667 -0.6341
vn -0.3124 0.3303 0.8907
vn 0.3004 0.5935 -0.7467
vn -0.4010 0.5257 0.7502
vn -0.6679 0.4326 0.6057
vn -0.6774 0.5474 0.4914
vn -0.6709 0.6331 0.3861
vn -0.6537 0.6998 0.2880
vn -0.6271 0.7542 0.1948
vn -0.5904 0.8004 0.1039
vn -0.5410 0.8409 0.0128
vn -0.4748 0.8763 -0.0812
vn -0.3850 0.9050 -0.1807
vn -0.2617 0.9214 -0.2874
vn -0.0921 0.9123 -0.3991
vn -0.3573 -0.1664 0.9190
vn 0.1318 0.8537 -0.5037
vn -0.5345 0.0711 0.8422
vn 0.3948 0.7180 -0.5733
vn -0.6288 0.2764 0.7268
vn -0.7984 0.5680 0.1998
vn -0.7488 0.6487 0.1360
vn -0.6904 0.7197 0.0731
vn -0.6205 0.7841 0.0092
vn -0.5345 0.8432 -0.0573
vn -0.4248 0.8961 -0.1286
vn -0.2807 0.9375 -0.2058
vn -0.0885 0.9536 -0.2879
vn -0.6226 -0.4744 0.6224
vn 0.1603 0.9167 -0.3659
vn -0.7921 -0.2171 0.5705
vn 0.4467 0.7908 -0.4184
vn -0.8696 0.0184 0.4934
vn -0.8867 0.2083 0.4128
vn -0.8716 0.3562 0.3367
vn -0.8400 0.4728 0.2662
vn 0.0819 -0.9373 -0.3389
vn 0.0999 -0.9726 0.2100
vn 0.0006 -0.1417 -0.9899
vn 0.0351 -0.6120 0.7901
vn 0.0649 -0.8709 -0.4871
vn 0.1039 -0.9918 0.0745
vn 0.0562 -0.7632 0.6437
vn 0.0451 -0.7671 -0.6399
vn 0.0077 0.4033 0.9151
vn 0.1021 -0.9930 -0.0601
vn 0.0752 -0.8661 0.4942
vn 0.0252 -0.6142 -0.7887
vn -0.0006 0.1417 0.9899
vn 0.0947 -0.9758 -0.1970
vn 0.0901 -0.9327 0.3493
vn 0.0089 -0.4037 -0.9149
vn 0.0348 0.9832 0.1792
vn 0.0440 0.9699 -0.2396
vn 0.1341 0.8930 -0.4296
vn -0.4504 0.8671 -0.2127
vn 0.0652 0.8724 0.4844
vn -0.5606 0.2951 -0.7737
vn 0.7237 0.5743 -0.3826
vn 0.4504 0.8781 0.1615
vn -0.0116 -0.4130 -0.9107
vn 0.7060 0.4868 -0.5145
vn 0.0253 -0.9898 0.1402
vn -0.9591 -0.2748 -0.0674
vn -0.8529 0.1549 -0.4986
vn 0.9774 0.1814 0.1082
vn -0.9306 0.3591 -0.0706
vn 0.3281 0.9444 0.0218
vn 0.9823 0.1462 0.1168
vn 0.0085 -0.0816 -0.9966
vn 0.0657 0.2842 -0.9565
vn 0.6675 0.2505 0.7012
vn -0.8890 0.1649 -0.4272
vn 0.0402 -0.9836 0.1758
vn 0.7200 0.0549 0.6918
vn 0.1472 -0.9873 -0.0591
vn -0.0690 -0.9624 0.2627
vn -0.2689 -0.8384 0.4742
vn -0.6645 0.0531 0.7454
vn -0.6495 0.1608 0.7432
vn -0.6199 0.2733 0.7355
vn -0.9134 0.0435 -0.4048
vn -0.5720 0.3942 0.7193
vn -0.8581 0.1183 -0.4996
vn -0.4996 0.5265 0.6880
vn -0.7322 0.1513 -0.6641
vn -0.3936 0.6708 0.6286
vn -0.4833 0.0788 -0.8719
vn -0.1071 -0.1745 -0.9788
vn 0.2070 -0.5423 -0.8143
vn 0.2801 -0.8458 -0.4541
vn -0.7660 -0.4130 0.4927
vn -0.8078 -0.2835 0.5168
vn 0.8097 -0.0528 -0.5845
vn -0.8315 -0.1656 0.5303
vn 0.8013 -0.1611 -0.5761
vn -0.8421 -0.0545 0.5366
vn 0.7819 -0.2768 -0.5585
vn 0.7461 -0.4052 -0.5283
vn 0.6835 -0.5508 -0.4790
vn 0.5766 -0.7127 -0.3994
vn 0.4015 -0.8737 -0.2748
vn 0.1470 -0.9841 -0.0993
vn -0.1471 -0.9842 0.0982
vn -0.4034 -0.8754 0.2663
vn -0.5831 -0.7175 0.3810
vn -0.8416 0.0588 0.5368
vn -0.6965 -0.5579 0.4512
vn 0.6633 -0.7440 0.0810
vn 0.9825 0.1823 -0.0395
vn -0.8307 -0.4362 0.3460
vn -0.8306 0.4363 0.3460
vn 0.9824 -0.1823 -0.0395
vn 0.7950 0.5987 -0.0979
vn 0.7839 0.5971 -0.1703
vn 0.6367 0.7502 -0.1782
vn -0.8749 0.4484 0.1831
vn 0.8493 -0.1683 -0.5003
vn -0.9618 -0.0596 0.2673
vn 0.8204 -0.2867 -0.4947
vn 0.7705 -0.4147 -0.4841
vn -0.1223 0.0001 -0.9925
vn -0.1223 -0.0002 -0.9925
vn -0.1223 -0.0001 -0.9925
vn -0.1223 0.0002 -0.9925
vn -0.9464 -0.1809 0.2674
vn 0.6899 -0.2516 -0.6787
vn 0.6457 -0.3638 -0.6714
vn 0.4683 -0.6214 -0.6282
vn -0.1908 -0.9216 -0.3381
vn 0.6457 0.3639 -0.6714
vn -0.7946 -0.5986 0.1014
vn -0.2002 0.8286 -0.5229
vn -0.1371 0.9905 -0.0135
vn -0.9798 0.0501 -0.1939
vn -0.1362 0.9832 -0.1212
vn 0.7465 0.2302 -0.6242
vn -0.1474 0.9623 -0.2288
vn -0.1848 0.8660 0.4647
vn -0.1701 0.9108 -0.3762
vn -0.1568 0.9655 0.2081
vn 0.2928 0.9556 0.0344
vn 0.6783 0.1804 -0.7123
vn -0.9330 -0.1062 0.3438
vn -0.1385 0.9667 0.2150
vn 0.7576 0.3238 -0.5667
vn -0.9796 0.0720 -0.1877
vn 0.0541 -0.9985 0.0127
vn 0.7804 0.0471 0.6234
vn -0.9614 0.1105 -0.2519
vn 0.0983 -0.9946 -0.0345
vn -0.2041 0.9774 -0.0551
vn -0.9261 -0.1617 0.3408
vn 0.6624 0.2718 -0.6981
vn 0.2996 -0.9155 0.2686
vn -0.4672 0.8782 -0.1028
vn -0.9655 0.1544 -0.2098
vn 0.8398 0.0471 0.5409
vn -0.9368 -0.3278 -0.1222
vn -0.3075 0.9378 -0.1613
vn 0.1295 -0.8908 0.4356
vn 0.3915 -0.9188 -0.0500
vn -0.1878 0.9822 0.0001
vn -0.1055 -0.0445 -0.9934
vn -0.1153 -0.0624 -0.9914
vn -0.7905 -0.0528 -0.6102
vn 0.7461 0.1292 0.6532
vn -0.7761 -0.0940 -0.6236
vn 0.7307 0.1750 0.6599
vn 0.4452 -0.0228 -0.8951
vn -0.0000 -0.7457 0.6663
vn 0.5014 0.4362 0.7472
vn -0.1508 -0.6257 0.7654
vn -0.2939 -0.4946 0.8179
vn -0.8762 0.4593 0.1459
vn -0.8057 0.5901 0.0521
vn -0.6978 0.7163 0.0009
vn -0.5537 0.8327 -0.0090
vn -0.3755 0.9267 0.0164
vn -0.1731 0.9827 0.0664
vn 0.0352 0.9914 0.1262
vn 0.4542 -0.8616 0.2265
vn 0.3101 -0.8750 0.3719
vn 0.1562 -0.8348 0.5279
vn 0.2803 0.7849 0.5526
vn 0.3671 -0.1868 0.9112
vn 0.1866 -0.1523 0.9706
vn 0.2668 0.3143 0.9111
vn 0.2665 0.3143 0.9111
vn 0.2664 0.3143 0.9112
vn 0.2666 0.3143 0.9111
vn 0.2662 0.3141 0.9113
vn 0.2666 0.3142 0.9111
vn 0.0656 0.7845 0.6167
vn 0.5559 -0.2088 0.8046
vn 0.4703 -0.2464 0.8474
vn 0.3745 -0.2653 0.8884
vn 0.2717 -0.2644 0.9254
vn 0.0593 -0.2013 0.9777
vn -0.0414 -0.1407 0.9892
vn -0.8835 0.3477 0.3141
vn -0.8737 0.4462 0.1935
vn 0.9034 -0.3574 -0.2369
vn 0.4076 0.3667 0.8363
vn 0.5044 0.2435 0.8284
vn 0.5866 0.0725 0.8066
vn -0.0969 -0.2847 -0.9537
vn 0.4583 0.6750 -0.5782
vn 0.1192 0.8231 -0.5552
vn 0.3007 0.7618 -0.5738
vn 0.1336 -0.1019 -0.9858
vn 0.4046 -0.2475 -0.8804
vn 0.6363 -0.3093 -0.7067
vn -0.0415 -0.8527 0.5207
vn -0.0061 -0.9973 0.0731
vn 0.0063 -0.9973 -0.0731
vn 0.0825 0.1589 -0.9838
vn 0.0686 0.4416 -0.8946
vn 0.0559 0.6205 -0.7822
vn -0.2954 -0.1564 -0.9425
vn -0.2653 0.7194 -0.6419
vn -0.3212 0.0861 -0.9431
vn -0.2004 0.9396 0.2776
vn -0.2231 0.8419 -0.4913
vn -0.2077 -0.8383 0.5041
vn -0.3416 0.2534 -0.9050
vn -0.2169 0.8615 0.4590
vn -0.2813 -0.7425 0.6080
vn 0.1969 -0.9608 0.1950
vn -0.1908 0.9304 -0.3131
vn -0.3493 0.4133 -0.8409
vn -0.2582 0.7463 0.6135
vn -0.2960 -0.2589 -0.9194
vn -0.1748 0.9776 -0.1176
vn -0.3097 0.5731 -0.7587
vn -0.3108 -0.0865 -0.9465
vn -0.1782 0.9805 0.0832
vn -0.6816 -0.3606 0.6368
vn -0.8120 -0.4804 0.3315
vn -0.8586 -0.4790 0.1828
vn 0.7384 -0.6421 -0.2061
vn 0.0694 0.9813 -0.1795
vn -0.6975 -0.6919 -0.1864
vn 0.0195 0.6538 -0.7564
vn -0.7269 -0.4727 -0.4982
vn 0.0342 0.7988 -0.6006
vn -0.5838 -0.3935 -0.7102
vn 0.0484 0.8917 -0.4500
vn 0.6675 -0.7360 -0.1131
vn 0.0604 0.9488 -0.3099
vn 0.6205 -0.7747 0.1217
vn -0.0922 0.9123 -0.3991
vn 0.9151 0.0582 -0.3990
vn 0.8750 -0.4840 0.0092
vn 0.0890 -0.9948 0.0489
vn 0.1350 -0.8660 -0.4814
vn 0.1632 -0.8052 -0.5700
vn -0.4530 -0.8734 0.1789
vn 0.0263 -0.9297 0.3674
vn -0.5606 -0.2951 -0.7737
vn 0.7881 -0.4745 -0.3920
vn 0.4504 -0.8781 0.1615
vn 0.0027 0.2630 -0.9648
vn 0.7554 -0.3906 -0.5261
vn 0.0402 0.9899 0.1359
vn -0.9843 0.1673 -0.0555
vn -0.8529 -0.1549 -0.4986
vn 0.9774 -0.1814 0.1082
vn -0.9306 -0.3591 -0.0706
vn 0.3281 -0.9444 0.0218
vn 0.9823 -0.1462 0.1168
vn -0.0358 0.0067 -0.9993
vn 0.0372 0.0004 -0.9993
vn 0.6675 -0.2505 0.7012
vn -0.7939 0.1349 -0.5928
vn 0.0453 0.9836 0.1743
vn 0.7200 -0.0549 0.6918
vn -0.1072 -0.1745 -0.9788
vn -0.7322 0.1513 -0.6640
vn -0.7322 -0.1513 -0.6641
vn -0.1071 0.1745 -0.9788
vn -0.6966 0.5579 0.4512
vn -0.3926 -0.8651 0.3121
vn 0.7950 -0.5987 -0.0979
vn -0.9758 0.1829 0.1202
vn 0.9868 -0.0602 -0.1506
vn -0.8748 -0.4484 0.1831
vn 0.4683 0.6213 -0.6282
vn -0.2014 -0.7343 -0.6483
vn -0.1516 -0.9847 0.0863
vn -0.9798 -0.0249 -0.1983
vn -0.1368 -0.9840 -0.1145
vn 0.7465 -0.2302 -0.6242
vn -0.1437 -0.9394 -0.3113
vn -0.1848 -0.8660 0.4647
vn -0.1685 -0.8538 -0.4926
vn -0.1707 -0.9441 0.2820
vn 0.2928 -0.9556 0.0344
vn 0.6783 -0.1804 -0.7123
vn -0.9366 0.0347 0.3487
vn -0.1385 -0.9667 0.2150
vn 0.7576 -0.3238 -0.5667
vn -0.9802 -0.0368 -0.1944
vn 0.0760 0.9926 -0.0943
vn 0.7804 -0.0471 0.6234
vn -0.9314 0.2945 -0.2141
vn 0.0983 0.9946 -0.0345
vn -0.2472 -0.9675 -0.0529
vn -0.9386 0.0505 0.3414
vn 0.6624 -0.2718 -0.6981
vn 0.4012 0.9062 0.1333
vn -0.4672 -0.8782 -0.1028
vn -0.9289 0.3391 -0.1490
vn 0.8398 -0.0471 0.5409
vn -0.9368 0.3279 -0.1222
vn -0.3075 -0.9378 -0.1613
vn 0.1419 0.8897 0.4339
vn 0.1077 0.9933 0.0412
vn -0.1878 -0.9822 0.0001
vn -0.1055 0.0445 -0.9934
vn -0.0921 0.1078 -0.9899
vn -0.7745 0.1779 -0.6071
vn 0.7461 -0.1292 0.6532
vn -0.7656 0.2092 -0.6083
vn 0.7307 -0.1750 0.6599
vn 0.2665 0.3142 0.9112
vn -0.3053 0.2248 0.9254
vn -0.0325 0.7613 0.6476
vn 0.0595 0.7939 0.6051
vn 0.6364 -0.3093 -0.7067
vn 0.3497 0.6447 0.6797
vn 0.6438 -0.5068 -0.5733
vn 0.2028 0.4897 0.8480
vn 0.0120 0.2494 0.9683
vn 0.7112 0.2154 -0.6692
vn 0.7428 0.3953 -0.5404
vn 0.7446 0.5229 -0.4149
vn 0.7314 0.6130 -0.2987
vn 0.7105 0.6774 -0.1907
vn 0.6848 0.7234 -0.0874
vn 0.6551 0.7554 0.0153
vn 0.6204 0.7747 0.1217
vn 0.5786 0.7805 0.2367
vn -0.1878 -0.0389 0.9814
vn 0.5251 0.7685 0.3656
vn 0.4527 0.7291 0.5133
vn 0.9707 0.1237 -0.2058
vn 0.1575 0.5156 0.8422
vn 0.8207 -0.2695 -0.5037
vn -0.1058 0.3797 0.9191
vn 0.9151 -0.0582 -0.3991
vn 0.9518 0.1076 -0.2874
vn 0.9558 0.2320 -0.1807
vn 0.9421 0.3252 -0.0812
vn 0.9180 0.3963 0.0128
vn 0.8861 0.4516 0.1039
vn 0.8465 0.4954 0.1948
vn 0.7973 0.5305 0.2880
vn 0.7343 0.5584 0.3861
vn -0.0921 -0.9123 -0.3991
vn 0.6507 0.5788 0.4914
vn 0.5359 0.5882 0.6057
vn 0.3754 0.5752 0.7268
vn 0.9535 0.2726 -0.1286
vn 0.9193 0.3895 -0.0573
vn 0.8750 0.4841 0.0092
vn 0.8229 0.5635 0.0731
vn 0.7623 0.6328 0.1360
vn 0.6908 0.6949 0.1998
vn 0.6037 0.7514 0.2662
vn 0.4938 0.8017 0.3367
vn 0.3504 0.8407 0.4128
vn 0.1603 0.8549 0.4934
vn 0.7072 -0.5700 -0.4184
vn -0.0848 0.8169 0.5705
vn 0.8782 -0.3080 -0.3659
vn -0.3662 0.6917 0.6224
vn 0.9552 -0.0685 -0.2879
vn -0.2135 0.1982 -0.9566
vn 0.1028 -0.3136 -0.9440
vn -0.1043 0.9565 -0.2723
vn -0.7357 0.1219 0.6663
vn 0.5014 -0.4361 0.7472
vn -0.8491 -0.0177 0.5279
vn -0.2650 0.1421 -0.9537
vn 0.9723 -0.1968 0.1262
vn 0.9977 0.0102 0.0664
vn 0.9756 0.2190 0.0164
vn 0.9120 0.4102 -0.0090
vn 0.8207 0.5714 0.0009
vn 0.7138 0.6984 0.0521
vn 0.5963 0.7894 0.1459
vn -0.4399 0.3708 0.8179
vn -0.5926 0.2510 0.7654
vn -0.2146 -0.5806 0.7854
vn 0.3671 0.1868 0.9112
vn 0.5016 -0.6882 0.5242
vn -0.1808 -0.1592 0.9706
vn -0.2202 -0.2444 0.9443
vn 0.2666 -0.3143 0.9111
vn 0.2664 -0.3143 0.9112
vn 0.2664 -0.3141 0.9112
vn 0.2665 -0.3143 0.9111
vn 0.7316 0.0017 0.6818
vn 0.6885 0.0844 0.7203
vn 0.4924 -0.6725 0.5526
vn -0.9139 -0.1629 0.3719
vn -0.9242 -0.3073 0.2265
vn -0.3103 -0.3587 -0.8804
vn -0.4092 -0.5772 -0.7067
vn 0.5911 -0.5624 -0.5782
vn 0.7024 -0.4212 -0.5738
vn 0.7926 -0.2521 -0.5552
vn 0.2951 -0.4620 0.8363
vn -0.1224 -0.1151 -0.9858
vn -0.5002 -0.8329 -0.2369
vn 0.1578 -0.5375 0.8284
vn -0.0243 -0.5906 0.8066
vn 0.6205 0.7747 0.1217
vn 0.9151 -0.0582 -0.3990
vn 0.8750 0.4840 0.0092
vn -0.0040 0.6696 0.7428
vn 0.2669 -0.3143 0.9110
vn 0.5560 0.2088 0.8046
vn -0.0326 -0.7612 0.6477
vn 0.0595 -0.7939 0.6051
vn 0.2122 -0.8147 -0.5396
vn 0.3379 -0.4241 0.8402
vt 1.000000 0.500000
vt 0.968750 1.000000
vt 0.968750 0.500000
vt 0.937500 1.000000
vt 0.937500 0.500000
vt 0.906250 1.000000
vt 0.906250 0.500000
vt 0.875000 1.000000
vt 0.875000 0.500000
vt 0.843750 0.500000
vt 0.812500 1.000000
vt 0.812500 0.500000
vt 0.781250 1.000000
vt 0.781250 0.500000
vt 0.750000 0.500000
vt 0.750000 1.000000
vt 0.718750 0.500000
vt 0.687500 1.000000
vt 0.687500 0.500000
vt 0.656250 1.000000
vt 0.656250 0.500000
vt 0.625000 1.000000
vt 0.625000 0.500000
vt 0.593750 1.000000
vt 0.593750 0.500000
vt 0.562500 1.000000
vt 0.562500 0.500000
vt 0.531250 1.000000
vt 0.531250 0.500000
vt 0.500000 1.000000
vt 0.500000 0.500000
vt 0.468750 1.000000
vt 0.468750 0.500000
vt 0.437500 1.000000
vt 0.437500 0.500000
vt 0.406250 1.000000
vt 0.406250 0.500000
vt 0.375000 0.500000
vt 0.375000 1.000000
vt 0.343750 0.500000
vt 0.343750 1.000000
vt 0.312500 0.500000
vt 0.312500 1.000000
vt 0.281250 0.500000
vt 0.281250 1.000000
vt 0.250000 0.500000
vt 0.250000 1.000000
vt 0.218750 0.500000
vt 0.218750 1.000000
vt 0.187500 0.500000
vt 0.187500 1.000000
vt 0.156250 0.500000
vt 0.156250 1.000000
vt 0.125000 0.500000
vt 0.125000 1.000000
vt 0.093750 0.500000
vt 0.093750 1.000000
vt 0.062500 0.500000
vt 0.718750 1.000000
vt 0.062500 1.000000
vt 0.031250 0.500000
vt 0.031250 1.000000
vt 0.000000 0.500000
vt 0.468750 1.000000
vt 0.437500 1.000000
vt 0.843750 1.000000
vt 1.000000 1.000000
vt 0.000000 1.000000
vt 0.093750 1.000000
vt 0.781250 1.000000
vt 0.218750 1.000000
vt 0.593750 1.000000
vt 0.875000 1.000000
vt 0.616663 0.449553
vt 0.658156 0.471731
vt 0.616663 0.050447
vt 0.419706 0.419706
vt 0.383337 0.449553
vt 0.080294 0.419706
vt 0.883337 0.449553
vt 0.841844 0.471731
vt 0.883337 0.050447
vt 0.158156 0.471731
vt 0.203178 0.485388
vt 0.296822 0.485388
vt 0.703178 0.485388
vt 0.750000 0.490000
vt 0.750000 0.010000
vt 0.796822 0.485388
vt 0.796822 0.014612
vt 0.841844 0.028269
vt 0.919706 0.419706
vt 0.919706 0.080294
vt 0.949553 0.383337
vt 0.949553 0.116663
vt 0.971731 0.341844
vt 0.985388 0.296822
vt 0.971731 0.158156
vt 0.990000 0.250000
vt 0.985388 0.203178
vt 0.703178 0.014612
vt 0.658156 0.028269
vt 0.580294 0.080294
vt 0.580294 0.419706
vt 0.550447 0.116663
vt 0.550447 0.383337
vt 0.528269 0.158156
vt 0.514612 0.203178
vt 0.528269 0.341844
vt 0.510000 0.250000
vt 0.514612 0.296822
vt 0.341844 0.471731
vt 0.250000 0.490000
vt 0.116663 0.449553
vt 0.050447 0.383337
vt 0.028269 0.341844
vt 0.449553 0.383337
vt 0.014612 0.296822
vt 0.485388 0.296822
vt 0.010000 0.250000
vt 0.490000 0.250000
vt 0.014612 0.203178
vt 0.485388 0.203178
vt 0.028269 0.158156
vt 0.471731 0.158156
vt 0.050447 0.116663
vt 0.080294 0.080294
vt 0.449553 0.116663
vt 0.116663 0.050447
vt 0.419706 0.080294
vt 0.158156 0.028269
vt 0.383337 0.050447
vt 0.203178 0.014612
vt 0.341844 0.028269
vt 0.250000 0.010000
vt 0.296822 0.014612
vt 0.471731 0.341844
s 0
f 1/1/1 4/2/1 3/3/1
f 3/3/2 6/4/2 5/5/2
f 5/5/3 8/6/3 7/7/3
f 7/7/4 10/8/4 9/9/4
f 10/8/5 11/10/5 9/9/5
f 11/10/6 14/11/6 13/12/6
f 13/12/7 16/13/7 15/14/7
f 16/13/8 17/15/8 15/14/8
f 18/16/9 19/17/9 17/15/9
f 19/17/10 22/18/10 21/19/10
f 21/19/11 24/20/11 23/21/11
f 23/21/12 26/22/12 25/23/12
f 25/23/13 28/24/13 27/25/13
f 27/25/14 30/26/14 29/27/14
f 29/27/15 32/28/15 31/29/15
f 31/29/16 34/30/16 33/31/16
f 33/31/17 36/32/17 35/33/17
f 35/33/18 38/34/18 37/35/18
f 37/35/19 40/36/19 39/37/19
f 40/36/20 41/38/20 39/37/20
f 42/39/21 43/40/21 41/38/21
f 44/41/22 45/42/22 43/40/22
f 46/43/23 47/44/23 45/42/23
f 48/45/24 49/46/24 47/44/24
f 50/47/25 51/48/25 49/46/25
f 52/49/26 53/50/26 51/48/26
f 54/51/27 55/52/27 53/50/27
f 56/53/28 57/54/28 55/52/28
f 58/55/29 59/56/29 57/54/29
f 60/57/30 61/58/30 59/56/30
f 290/59/31 137/16/31 138/59/31
f 62/60/32 63/61/32 61/58/32
f 64/62/33 1/63/33 63/61/33
f 79/27/34 590/27/34 29/27/34
f 90/48/35 121/46/35 89/46/35
f 43/40/36 85/38/36 41/38/36
f 59/56/37 95/58/37 94/56/37
f 74/17/38 594/15/38 595/17/38
f 35/33/39 81/31/39 33/31/39
f 53/50/40 90/48/40 51/48/40
f 9/9/41 68/7/41 7/7/41
f 25/23/42 589/25/42 588/23/42
f 45/42/43 86/40/43 43/40/43
f 61/58/44 96/61/44 95/58/44
f 70/10/45 581/10/45 591/10/45
f 37/35/46 82/33/46 35/33/46
f 53/50/47 92/52/47 91/50/47
f 9/9/48 70/10/48 69/9/48
f 17/15/49 583/14/49 15/14/49
f 47/44/50 87/42/50 45/42/50
f 3/3/51 65/1/51 1/1/51
f 63/61/52 65/63/52 96/61/52
f 73/15/53 593/14/53 594/15/53
f 39/37/54 83/35/54 37/35/54
f 55/52/55 93/54/55 92/52/55
f 72/14/56 592/12/56 593/14/56
f 29/27/57 80/29/57 79/27/57
f 49/46/58 88/44/58 47/44/58
f 5/5/59 66/3/59 3/3/59
f 21/19/60 585/17/60 19/17/60
f 41/38/61 84/37/61 39/37/61
f 57/54/62 94/56/62 93/54/62
f 78/25/63 600/27/63 79/27/63
f 31/29/64 81/31/64 80/29/64
f 51/48/65 89/46/65 49/46/65
f 7/7/66 67/5/66 5/5/66
f 106/17/67 367/19/67 366/17/67
f 76/21/68 109/23/68 108/21/68
f 91/50/69 122/48/69 90/48/69
f 77/23/70 110/25/70 109/23/70
f 92/52/71 123/50/71 91/50/71
f 78/25/72 111/27/72 110/25/72
f 65/1/73 98/3/73 97/1/73
f 93/54/74 124/52/74 92/52/74
f 79/27/75 112/29/75 111/27/75
f 66/3/76 99/5/76 98/3/76
f 94/56/77 125/54/77 93/54/77
f 80/29/78 113/31/78 112/29/78
f 67/5/79 100/7/79 99/5/79
f 95/58/80 126/56/80 94/56/80
f 82/33/81 113/31/81 81/31/81
f 68/7/82 101/9/82 100/7/82
f 96/61/83 127/58/83 95/58/83
f 83/35/84 114/33/84 82/33/84
f 69/9/85 102/10/85 101/9/85
f 65/63/86 128/61/86 96/61/86
f 84/37/87 115/35/87 83/35/87
f 70/10/88 103/12/88 102/10/88
f 85/38/89 116/37/89 84/37/89
f 71/12/90 104/14/90 103/12/90
f 86/40/91 117/38/91 85/38/91
f 72/14/92 105/15/92 104/14/92
f 87/42/93 118/40/93 86/40/93
f 73/15/94 106/17/94 105/15/94
f 88/44/95 119/42/95 87/42/95
f 74/17/96 107/19/96 106/17/96
f 89/46/97 120/44/97 88/44/97
f 75/19/98 108/21/98 107/19/98
f 159/60/99 190/57/99 191/60/99
f 291/64/100 147/34/100 292/65/100
f 293/51/101 156/53/101 294/53/101
f 296/66/102 133/8/102 134/66/102
f 141/22/103 323/20/103 140/20/103
f 299/43/104 152/45/104 300/45/104
f 302/2/105 129/67/105 130/2/105
f 303/62/106 129/68/106 301/68/106
f 311/20/107 330/18/107 331/20/107
f 292/65/108 148/36/108 305/36/108
f 294/53/109 157/55/109 306/55/109
f 307/11/110 134/66/110 135/11/110
f 308/28/111 143/26/111 144/28/111
f 300/45/112 153/47/112 309/47/112
f 310/4/113 130/2/113 131/4/113
f 318/22/114 331/20/114 332/22/114
f 305/36/115 149/39/115 312/39/115
f 306/55/116 158/57/116 313/69/116
f 314/70/117 135/11/117 136/13/117
f 315/30/118 144/28/118 145/30/118
f 309/47/119 154/49/119 316/71/119
f 317/6/120 131/4/120 132/6/120
f 297/72/121 332/22/121 328/72/121
f 312/39/122 150/41/122 319/41/122
f 313/69/123 159/60/123 320/60/123
f 289/16/124 136/13/124 137/16/124
f 315/30/125 146/32/125 291/64/125
f 316/71/126 155/51/126 293/51/126
f 295/73/127 132/6/127 133/8/127
f 140/20/128 322/18/128 139/18/128
f 319/41/129 151/43/129 299/43/129
f 320/60/130 160/62/130 303/62/130
f 178/32/131 209/30/131 210/32/131
f 145/30/132 178/32/132 146/32/132
f 132/6/133 165/8/133 133/8/133
f 160/62/134 191/60/134 192/62/134
f 146/32/135 179/34/135 147/34/135
f 133/8/136 166/66/136 134/66/136
f 129/68/137 192/62/137 161/68/137
f 148/36/138 179/34/138 180/36/138
f 134/66/139 167/11/139 135/11/139
f 149/39/140 180/36/140 181/39/140
f 135/11/141 168/13/141 136/13/141
f 150/41/142 181/39/142 182/41/142
f 136/13/143 169/16/143 137/16/143
f 151/43/144 182/41/144 183/43/144
f 137/16/145 170/59/145 138/59/145
f 152/45/146 183/43/146 184/45/146
f 138/59/147 171/18/147 139/18/147
f 153/47/148 184/45/148 185/47/148
f 139/18/149 172/20/149 140/20/149
f 154/49/150 185/47/150 186/49/150
f 140/20/151 173/22/151 141/22/151
f 155/51/152 186/49/152 187/51/152
f 141/22/153 174/24/153 142/24/153
f 156/53/154 187/51/154 188/53/154
f 142/24/155 175/26/155 143/26/155
f 130/2/156 161/67/156 162/2/156
f 157/55/157 188/53/157 189/55/157
f 143/26/158 176/28/158 144/28/158
f 130/2/159 163/4/159 131/4/159
f 158/57/160 189/55/160 190/57/160
f 144/28/161 177/30/161 145/30/161
f 131/4/162 164/6/162 132/6/162
f 213/39/163 244/36/163 245/39/163
f 164/6/164 197/8/164 165/8/164
f 192/62/165 223/60/165 224/62/165
f 179/34/166 210/32/166 211/34/166
f 165/8/167 198/66/167 166/66/167
f 161/68/168 224/62/168 193/68/168
f 180/36/169 211/34/169 212/36/169
f 166/66/170 199/11/170 167/11/170
f 181/39/171 212/36/171 213/39/171
f 167/11/172 200/13/172 168/13/172
f 182/41/173 213/39/173 214/41/173
f 168/13/174 201/16/174 169/16/174
f 183/43/175 214/41/175 215/43/175
f 169/16/176 202/59/176 170/59/176
f 184/45/177 215/43/177 216/45/177
f 170/59/178 203/18/178 171/18/178
f 185/47/179 216/45/179 217/47/179
f 171/18/180 204/20/180 172/20/180
f 186/49/181 217/47/181 218/49/181
f 172/20/182 205/22/182 173/22/182
f 187/51/183 218/49/183 219/51/183
f 173/22/184 206/24/184 174/24/184
f 188/53/185 219/51/185 220/53/185
f 174/24/186 207/26/186 175/26/186
f 161/67/187 194/2/187 162/2/187
f 189/55/188 220/53/188 221/55/188
f 175/26/189 208/28/189 176/28/189
f 162/2/190 195/4/190 163/4/190
f 190/57/191 221/55/191 222/57/191
f 176/28/192 209/30/192 177/30/192
f 163/4/193 196/6/193 164/6/193
f 191/60/194 222/57/194 223/60/194
f 248/45/195 279/43/195 280/45/195
f 199/11/196 232/13/196 200/13/196
f 214/41/197 245/39/197 246/41/197
f 200/13/198 233/16/198 201/16/198
f 215/43/199 246/41/199 247/43/199
f 201/16/200 234/59/200 202/59/200
f 216/45/201 247/43/201 248/45/201
f 202/59/202 235/18/202 203/18/202
f 217/47/203 248/45/203 249/47/203
f 203/18/204 236/20/204 204/20/204
f 218/49/205 249/47/205 250/49/205
f 204/20/206 237/22/206 205/22/206
f 219/51/207 250/49/207 251/51/207
f 205/22/208 238/24/208 206/24/208
f 220/53/209 251/51/209 252/53/209
f 206/24/210 239/26/210 207/26/210
f 193/67/211 226/2/211 194/2/211
f 221/55/212 252/53/212 253/55/212
f 207/26/213 240/28/213 208/28/213
f 194/2/214 227/4/214 195/4/214
f 222/57/215 253/55/215 254/57/215
f 208/28/216 241/30/216 209/30/216
f 195/4/217 228/6/217 196/6/217
f 223/60/218 254/57/218 255/60/218
f 210/32/219 241/30/219 242/32/219
f 196/6/220 229/8/220 197/8/220
f 224/62/221 255/60/221 256/62/221
f 211/34/222 242/32/222 243/34/222
f 197/8/223 230/66/223 198/66/223
f 193/68/224 256/62/224 225/68/224
f 212/36/225 243/34/225 244/36/225
f 198/66/226 231/11/226 199/11/226
f 280/45/227 659/43/227 660/45/227
f 234/59/228 267/18/228 235/18/228
f 249/47/229 280/45/229 281/47/229
f 235/18/230 268/20/230 236/20/230
f 249/47/231 282/49/231 250/49/231
f 236/20/232 269/22/232 237/22/232
f 250/49/233 283/51/233 251/51/233
f 237/22/234 270/24/234 238/24/234
f 251/51/235 284/53/235 252/53/235
f 238/24/236 271/26/236 239/26/236
f 226/2/237 257/67/237 258/2/237
f 252/53/238 285/55/238 253/55/238
f 239/26/239 272/28/239 240/28/239
f 227/4/240 258/2/240 259/4/240
f 253/55/241 286/57/241 254/57/241
f 240/28/242 273/30/242 241/30/242
f 228/6/243 259/4/243 260/6/243
f 254/57/244 287/60/244 255/60/244
f 242/32/245 273/30/245 274/32/245
f 229/8/246 260/6/246 261/8/246
f 255/60/247 288/62/247 256/62/247
f 243/34/248 274/32/248 275/34/248
f 230/66/249 261/8/249 262/66/249
f 256/62/250 257/68/250 225/68/250
f 244/36/251 275/34/251 276/36/251
f 231/11/252 262/66/252 263/11/252
f 245/39/253 276/36/253 277/39/253
f 232/13/254 263/11/254 264/13/254
f 246/41/255 277/39/255 278/41/255
f 233/16/256 264/13/256 265/16/256
f 247/43/257 278/41/257 279/43/257
f 233/16/258 266/59/258 234/59/258
f 64/62/259 320/60/259 303/62/259
f 44/41/260 299/43/260 46/43/260
f 28/24/261 318/22/261 297/72/261
f 10/8/262 317/6/262 295/73/262
f 52/49/263 293/51/263 54/51/263
f 34/30/264 291/64/264 36/32/264
f 18/16/265 314/70/265 289/16/265
f 60/57/266 320/60/266 62/60/266
f 42/39/267 319/41/267 44/41/267
f 26/22/268 311/20/268 318/22/268
f 8/6/269 310/4/269 317/6/269
f 50/47/270 316/71/270 52/49/270
f 34/30/271 308/28/271 315/30/271
f 16/13/272 307/11/272 314/70/272
f 58/55/273 313/69/273 60/57/273
f 40/36/274 312/39/274 42/39/274
f 24/20/275 304/18/275 311/20/275
f 4/2/276 310/4/276 6/4/276
f 48/45/277 309/47/277 50/47/277
f 32/28/278 298/26/278 308/28/278
f 14/11/279 296/66/279 307/11/279
f 56/53/280 306/55/280 58/55/280
f 38/34/281 305/36/281 40/36/281
f 22/18/282 290/59/282 304/18/282
f 2/68/283 303/62/283 301/68/283
f 2/67/284 302/2/284 4/2/284
f 46/43/285 300/45/285 48/45/285
f 30/26/286 297/72/286 298/26/286
f 12/66/287 295/73/287 296/66/287
f 54/51/288 294/53/288 56/53/288
f 36/32/289 292/65/289 38/34/289
f 20/59/290 289/16/290 290/59/290
f 329/26/291 336/72/291 337/26/291
f 330/18/292 321/59/292 322/18/292
f 331/20/293 322/18/293 323/20/293
f 332/22/294 323/20/294 324/22/294
f 332/22/295 333/22/295 338/22/295
f 304/18/296 327/59/296 330/18/296
f 290/59/297 321/59/297 327/59/297
f 297/72/298 329/26/298 298/26/298
f 141/22/299 325/24/299 324/22/299
f 139/18/300 321/59/300 138/59/300
f 143/26/301 329/26/301 326/26/301
f 142/24/302 326/26/302 325/24/302
f 333/22/303 344/22/303 338/22/303
f 336/72/304 343/26/304 337/26/304
f 326/26/305 334/24/305 325/24/305
f 328/72/306 338/22/306 336/72/306
f 329/26/307 335/26/307 326/26/307
f 325/24/308 333/22/308 324/22/308
f 341/26/309 349/26/309 347/26/309
f 342/72/310 350/22/310 348/72/310
f 334/24/311 339/22/311 333/22/311
f 336/72/312 344/22/312 342/72/312
f 335/26/313 343/26/313 341/26/313
f 335/26/314 340/24/314 334/24/314
f 345/22/315 356/22/315 350/22/315
f 348/72/316 355/26/316 349/26/316
f 341/26/317 346/24/317 340/24/317
f 342/72/318 349/26/318 343/26/318
f 339/22/319 350/22/319 344/22/319
f 340/24/320 345/22/320 339/22/320
f 355/26/321 352/24/321 353/26/321
f 354/72/322 351/22/322 352/24/322
f 346/24/323 351/22/323 345/22/323
f 348/72/324 356/22/324 354/72/324
f 347/26/325 355/26/325 353/26/325
f 347/26/326 352/24/326 346/24/326
f 371/27/327 404/29/327 403/27/327
f 121/46/328 380/44/328 120/44/328
f 107/19/329 368/21/329 367/19/329
f 122/48/330 381/46/330 121/46/330
f 108/21/331 369/23/331 368/21/331
f 123/50/332 382/48/332 122/48/332
f 109/23/333 370/25/333 369/23/333
f 123/50/334 384/52/334 383/50/334
f 110/25/335 371/27/335 370/25/335
f 98/3/336 357/1/336 97/1/336
f 124/52/337 385/54/337 384/52/337
f 111/27/338 372/29/338 371/27/338
f 99/5/339 358/3/339 98/3/339
f 125/54/340 386/56/340 385/54/340
f 112/29/341 373/31/341 372/29/341
f 100/7/342 359/5/342 99/5/342
f 126/56/343 387/58/343 386/56/343
f 114/33/344 373/31/344 113/31/344
f 101/9/345 360/7/345 100/7/345
f 127/58/346 388/61/346 387/58/346
f 115/35/347 374/33/347 114/33/347
f 102/10/348 361/9/348 101/9/348
f 128/61/349 357/63/349 388/61/349
f 116/37/350 375/35/350 115/35/350
f 103/12/351 362/10/351 102/10/351
f 117/38/352 376/37/352 116/37/352
f 103/12/353 364/14/353 363/12/353
f 118/40/354 377/38/354 117/38/354
f 104/14/355 365/15/355 364/14/355
f 119/42/356 378/40/356 118/40/356
f 105/15/357 366/17/357 365/15/357
f 120/44/358 379/42/358 119/42/358
f 420/61/359 421/63/359 452/61/359
f 358/3/360 391/5/360 390/3/360
f 386/56/361 417/54/361 385/54/361
f 372/29/362 405/31/362 404/29/362
f 359/5/363 392/7/363 391/5/363
f 387/58/364 418/56/364 386/56/364
f 374/33/365 405/31/365 373/31/365
f 360/7/366 393/9/366 392/7/366
f 388/61/367 419/58/367 387/58/367
f 375/35/368 406/33/368 374/33/368
f 361/9/369 394/10/369 393/9/369
f 357/63/370 420/61/370 388/61/370
f 376/37/371 407/35/371 375/35/371
f 362/10/372 395/12/372 394/10/372
f 377/38/373 408/37/373 376/37/373
f 363/12/374 396/14/374 395/12/374
f 378/40/375 409/38/375 377/38/375
f 364/14/376 397/15/376 396/14/376
f 379/42/377 410/40/377 378/40/377
f 365/15/378 398/17/378 397/15/378
f 380/44/379 411/42/379 379/42/379
f 366/17/380 399/19/380 398/17/380
f 381/46/381 412/44/381 380/44/381
f 367/19/382 400/21/382 399/19/382
f 382/48/383 413/46/383 381/46/383
f 368/21/384 401/23/384 400/21/384
f 383/50/385 414/48/385 382/48/385
f 369/23/386 402/25/386 401/23/386
f 384/52/387 415/50/387 383/50/387
f 370/25/388 403/27/388 402/25/388
f 357/1/389 390/3/389 389/1/389
f 385/54/390 416/52/390 384/52/390
f 442/40/391 475/42/391 474/40/391
f 408/37/392 439/35/392 407/35/392
f 395/12/393 426/10/393 394/10/393
f 409/38/394 440/37/394 408/37/394
f 395/12/395 428/14/395 427/12/395
f 410/40/396 441/38/396 409/38/396
f 396/14/397 429/15/397 428/14/397
f 411/42/398 442/40/398 410/40/398
f 397/15/399 430/17/399 429/15/399
f 412/44/400 443/42/400 411/42/400
f 398/17/401 431/19/401 430/17/401
f 413/46/402 444/44/402 412/44/402
f 399/19/403 432/21/403 431/19/403
f 414/48/404 445/46/404 413/46/404
f 400/21/405 433/23/405 432/21/405
f 415/50/406 446/48/406 414/48/406
f 401/23/407 434/25/407 433/23/407
f 415/50/408 448/52/408 447/50/408
f 402/25/409 435/27/409 434/25/409
f 390/3/410 421/1/410 389/1/410
f 416/52/411 449/54/411 448/52/411
f 403/27/412 436/29/412 435/27/412
f 391/5/413 422/3/413 390/3/413
f 417/54/414 450/56/414 449/54/414
f 404/29/415 437/31/415 436/29/415
f 392/7/416 423/5/416 391/5/416
f 418/56/417 451/58/417 450/56/417
f 406/33/418 437/31/418 405/31/418
f 393/9/419 424/7/419 392/7/419
f 419/58/420 452/61/420 451/58/420
f 407/35/421 438/33/421 406/33/421
f 394/10/422 425/9/422 393/9/422
f 477/46/423 510/48/423 509/46/423
f 429/15/424 462/17/424 461/15/424
f 443/42/425 476/44/425 475/42/425
f 431/19/426 462/17/426 430/17/426
f 445/46/427 476/44/427 444/44/427
f 432/21/428 463/19/428 431/19/428
f 445/46/429 478/48/429 477/46/429
f 433/23/430 464/21/430 432/21/430
f 446/48/431 479/50/431 478/48/431
f 433/23/432 466/25/432 465/23/432
f 448/52/433 479/50/433 447/50/433
f 434/25/434 467/27/434 466/25/434
f 422/3/435 453/1/435 421/1/435
f 449/54/436 480/52/436 448/52/436
f 435/27/437 468/29/437 467/27/437
f 422/3/438 455/5/438 454/3/438
f 450/56/439 481/54/439 449/54/439
f 436/29/440 469/31/440 468/29/440
f 423/5/441 456/7/441 455/5/441
f 450/56/442 483/58/442 482/56/442
f 438/33/443 469/31/443 437/31/443
f 424/7/444 457/9/444 456/7/444
f 451/58/445 484/61/445 483/58/445
f 438/33/446 471/35/446 470/33/446
f 426/10/447 457/9/447 425/9/447
f 452/61/448 453/63/448 484/61/448
f 440/37/449 471/35/449 439/35/449
f 426/10/450 459/12/450 458/10/450
f 441/38/451 472/37/451 440/37/451
f 428/14/452 459/12/452 427/12/452
f 442/40/453 473/38/453 441/38/453
f 429/15/454 460/14/454 428/14/454
f 485/1/455 518/3/455 517/1/455
f 465/23/456 496/21/456 464/21/456
f 478/48/457 511/50/457 510/48/457
f 466/25/458 497/23/458 465/23/458
f 480/52/459 511/50/459 479/50/459
f 467/27/460 498/25/460 466/25/460
f 453/1/461 486/3/461 485/1/461
f 481/54/462 512/52/462 480/52/462
f 468/29/463 499/27/463 467/27/463
f 454/3/464 487/5/464 486/3/464
f 482/56/465 513/54/465 481/54/465
f 469/31/466 500/29/466 468/29/466
f 455/5/467 488/7/467 487/5/467
f 483/58/468 514/56/468 482/56/468
f 469/31/469 502/33/469 501/31/469
f 456/7/470 489/9/470 488/7/470
f 484/61/471 515/58/471 483/58/471
f 470/33/472 503/35/472 502/33/472
f 457/9/473 490/10/473 489/9/473
f 453/63/474 516/61/474 484/61/474
f 471/35/475 504/37/475 503/35/475
f 458/10/476 491/12/476 490/10/476
f 472/37/477 505/38/477 504/37/477
f 460/14/478 491/12/478 459/12/478
f 473/38/479 506/40/479 505/38/479
f 461/15/480 492/14/480 460/14/480
f 474/40/481 507/42/481 506/40/481
f 462/17/482 493/15/482 461/15/482
f 475/42/483 508/44/483 507/42/483
f 463/19/484 494/17/484 462/17/484
f 476/44/485 509/46/485 508/44/485
f 464/21/486 495/19/486 463/19/486
f 520/7/487 553/9/487 552/7/487
f 513/54/488 544/52/488 512/52/488
f 499/27/489 532/29/489 531/27/489
f 486/3/490 519/5/490 518/3/490
f 514/56/491 545/54/491 513/54/491
f 500/29/492 533/31/492 532/29/492
f 487/5/493 520/7/493 519/5/493
f 515/58/494 546/56/494 514/56/494
f 502/33/495 533/31/495 501/31/495
f 488/7/496 521/9/496 520/7/496
f 516/61/497 547/58/497 515/58/497
f 503/35/498 534/33/498 502/33/498
f 489/9/499 522/10/499 521/9/499
f 485/63/500 548/61/500 516/61/500
f 504/37/501 535/35/501 503/35/501
f 490/10/502 523/12/502 522/10/502
f 505/38/503 536/37/503 504/37/503
f 491/12/504 524/14/504 523/12/504
f 506/40/505 537/38/505 505/38/505
f 492/14/506 525/15/506 524/14/506
f 507/42/507 538/40/507 506/40/507
f 493/15/508 526/17/508 525/15/508
f 508/44/509 539/42/509 507/42/509
f 494/17/510 527/19/510 526/17/510
f 509/46/511 540/44/511 508/44/511
f 495/19/512 528/21/512 527/19/512
f 510/48/513 541/46/513 509/46/513
f 496/21/514 529/23/514 528/21/514
f 511/50/515 542/48/515 510/48/515
f 497/23/516 530/25/516 529/23/516
f 512/52/517 543/50/517 511/50/517
f 498/25/518 531/27/518 530/25/518
f 578/74/519 579/75/519 568/76/519
f 548/61/520 579/58/520 547/58/520
f 535/35/521 566/33/521 534/33/521
f 521/9/522 554/10/522 553/9/522
f 517/63/523 580/61/523 548/61/523
f 536/37/524 567/35/524 535/35/524
f 522/10/525 555/12/525 554/10/525
f 537/38/526 568/37/526 536/37/526
f 523/12/527 556/14/527 555/12/527
f 538/40/528 569/38/528 537/38/528
f 524/14/529 557/15/529 556/14/529
f 539/42/530 570/40/530 538/40/530
f 525/15/531 558/17/531 557/15/531
f 540/44/532 571/42/532 539/42/532
f 526/17/533 559/19/533 558/17/533
f 541/46/534 572/44/534 540/44/534
f 527/19/535 560/21/535 559/19/535
f 542/48/536 573/46/536 541/46/536
f 528/21/537 561/23/537 560/21/537
f 543/50/538 574/48/538 542/48/538
f 529/23/539 562/25/539 561/23/539
f 544/52/540 575/50/540 543/50/540
f 530/25/541 563/27/541 562/25/541
f 517/1/542 550/3/542 549/1/542
f 545/54/543 576/52/543 544/52/543
f 531/27/544 564/29/544 563/27/544
f 518/3/545 551/5/545 550/3/545
f 546/56/546 577/54/546 545/54/546
f 533/31/547 564/29/547 532/29/547
f 519/5/548 552/7/548 551/5/548
f 547/58/549 578/56/549 546/56/549
f 533/31/550 566/33/550 565/31/550
f 587/21/551 598/23/551 597/21/551
f 583/14/552 594/15/552 593/14/552
f 600/27/553 605/25/553 606/27/553
f 584/15/554 595/17/554 594/15/554
f 590/27/555 602/25/555 589/25/555
f 585/17/556 596/19/556 595/17/556
f 582/12/557 591/10/557 581/10/557
f 586/19/558 597/21/558 596/19/558
f 582/12/559 593/14/559 592/12/559
f 13/12/560 581/10/560 11/10/560
f 75/19/561 595/17/561 596/19/561
f 21/19/562 587/21/562 586/19/562
f 75/19/563 597/21/563 76/21/563
f 19/17/564 584/15/564 17/15/564
f 27/25/565 590/27/565 589/25/565
f 76/21/566 598/23/566 77/23/566
f 15/14/567 582/12/567 13/12/567
f 77/23/568 599/25/568 78/25/568
f 23/21/569 588/23/569 587/21/569
f 71/12/570 591/10/570 592/12/570
f 603/27/571 608/25/571 602/25/571
f 606/27/572 611/25/572 612/27/572
f 588/23/573 604/23/573 598/23/573
f 589/25/574 601/23/574 588/23/574
f 599/25/575 604/23/575 605/25/575
f 590/27/576 606/27/576 603/27/576
f 609/27/577 614/25/577 608/25/577
f 612/27/578 617/25/578 618/27/578
f 606/27/579 609/27/579 603/27/579
f 604/23/580 607/23/580 610/23/580
f 605/25/581 610/23/581 611/25/581
f 602/25/582 607/23/582 601/23/582
f 613/23/583 622/23/583 616/23/583
f 615/27/584 624/27/584 621/27/584
f 609/27/585 618/27/585 615/27/585
f 607/23/586 616/23/586 610/23/586
f 611/25/587 616/23/587 617/25/587
f 608/25/588 613/23/588 607/23/588
f 621/27/589 626/25/589 620/25/589
f 624/27/590 629/25/590 630/27/590
f 617/25/591 622/23/591 623/25/591
f 614/25/592 619/23/592 613/23/592
f 618/27/593 623/25/593 624/27/593
f 615/27/594 620/25/594 614/25/594
f 625/23/595 634/23/595 628/23/595
f 627/27/596 636/27/596 633/27/596
f 621/27/597 630/27/597 627/27/597
f 619/23/598 628/23/598 622/23/598
f 623/25/599 628/23/599 629/25/599
f 620/25/600 625/23/600 619/23/600
f 632/25/601 634/23/601 631/23/601
f 632/25/602 636/27/602 635/25/602
f 629/25/603 634/23/603 635/25/603
f 626/25/604 631/23/604 625/23/604
f 630/27/605 635/25/605 636/27/605
f 627/27/606 632/25/606 626/25/606
f 650/24/607 681/22/607 682/24/607
f 266/59/608 647/18/608 267/18/608
f 281/47/609 660/45/609 661/47/609
f 268/20/610 647/18/610 648/20/610
f 281/47/611 662/49/611 282/49/611
f 268/20/612 649/22/612 269/22/612
f 283/51/613 662/49/613 663/51/613
f 269/22/614 650/24/614 270/24/614
f 283/51/615 664/53/615 284/53/615
f 271/26/616 650/24/616 651/26/616
f 258/2/617 637/67/617 638/2/617
f 285/55/618 664/53/618 665/55/618
f 271/26/619 652/28/619 272/28/619
f 258/2/620 639/4/620 259/4/620
f 286/57/621 665/55/621 666/57/621
f 273/30/622 652/28/622 653/30/622
f 260/6/623 639/4/623 640/6/623
f 286/57/624 667/60/624 287/60/624
f 273/30/625 654/32/625 274/32/625
f 261/8/626 640/6/626 641/8/626
f 288/62/627 667/60/627 668/62/627
f 275/34/628 654/32/628 655/34/628
f 261/8/629 642/66/629 262/66/629
f 288/62/630 637/68/630 257/68/630
f 275/34/631 656/36/631 276/36/631
f 263/11/632 642/66/632 643/11/632
f 276/36/633 657/39/633 277/39/633
f 263/11/634 644/13/634 264/13/634
f 278/41/635 657/39/635 658/41/635
f 265/16/636 644/13/636 645/16/636
f 278/41/637 659/43/637 279/43/637
f 265/16/638 646/59/638 266/59/638
f 685/30/639 811/28/639 812/30/639
f 664/53/640 695/51/640 696/53/640
f 651/26/641 682/24/641 683/26/641
f 637/67/642 670/2/642 638/2/642
f 665/55/643 696/53/643 697/55/643
f 652/28/644 683/26/644 684/28/644
f 638/2/645 671/4/645 639/4/645
f 666/57/646 697/55/646 698/57/646
f 653/30/647 684/28/647 685/30/647
f 639/4/648 672/6/648 640/6/648
f 667/60/649 698/57/649 699/60/649
f 653/30/650 686/32/650 654/32/650
f 640/6/651 673/8/651 641/8/651
f 668/62/652 699/60/652 700/62/652
f 654/32/653 687/34/653 655/34/653
f 641/8/654 674/66/654 642/66/654
f 637/68/655 700/62/655 669/68/655
f 655/34/656 688/36/656 656/36/656
f 642/66/657 675/11/657 643/11/657
f 656/36/658 689/39/658 657/39/658
f 643/11/659 676/13/659 644/13/659
f 657/39/660 690/41/660 658/41/660
f 644/13/661 677/16/661 645/16/661
f 658/41/662 691/43/662 659/43/662
f 646/59/663 677/16/663 678/59/663
f 659/43/664 692/45/664 660/45/664
f 647/18/665 678/59/665 679/18/665
f 660/45/666 693/47/666 661/47/666
f 648/20/667 679/18/667 680/20/667
f 662/49/668 693/47/668 694/49/668
f 649/22/669 680/20/669 681/22/669
f 663/51/670 694/49/670 695/51/670
f 720/36/671 751/34/671 752/36/671
f 672/6/672 703/4/672 704/6/672
f 698/57/673 731/60/673 699/60/673
f 718/32/674 821/34/674 820/32/674
f 673/8/675 704/6/675 705/8/675
f 699/60/676 732/62/676 700/62/676
f 684/28/677 810/26/677 811/28/677
f 707/11/678 799/11/678 802/11/678
f 700/62/679 701/68/679 669/68/679
f 717/30/680 820/32/680 819/30/680
f 706/66/681 802/11/681 801/66/681
f 689/39/682 720/36/682 721/39/682
f 675/11/683 708/13/683 676/13/683
f 690/41/684 721/39/684 722/41/684
f 676/13/685 709/16/685 677/16/685
f 691/43/686 722/41/686 723/43/686
f 677/16/687 710/59/687 678/59/687
f 692/45/688 723/43/688 724/45/688
f 678/59/689 711/18/689 679/18/689
f 693/47/690 724/45/690 725/47/690
f 679/18/691 712/20/691 680/20/691
f 694/49/692 725/47/692 726/49/692
f 680/20/693 713/22/693 681/22/693
f 695/51/694 726/49/694 727/51/694
f 681/22/695 714/24/695 682/24/695
f 695/51/696 728/53/696 696/53/696
f 683/26/697 809/24/697 810/26/697
f 670/2/698 701/67/698 702/2/698
f 696/53/699 729/55/699 697/55/699
f 717/30/700 818/28/700 716/28/700
f 671/4/701 702/2/701 703/4/701
f 697/55/702 730/57/702 698/57/702
f 755/43/703 786/41/703 787/43/703
f 707/11/704 738/66/704 739/11/704
f 721/39/705 752/36/705 753/39/705
f 708/13/706 739/11/706 740/13/706
f 721/39/707 754/41/707 722/41/707
f 709/16/708 740/13/708 741/16/708
f 722/41/709 755/43/709 723/43/709
f 710/59/710 741/16/710 742/59/710
f 723/43/711 756/45/711 724/45/711
f 711/18/712 742/59/712 743/18/712
f 724/45/713 757/47/713 725/47/713
f 712/20/714 743/18/714 744/20/714
f 725/47/715 758/49/715 726/49/715
f 713/22/716 744/20/716 745/22/716
f 726/49/717 759/51/717 727/51/717
f 713/22/718 746/24/718 714/24/718
f 727/51/719 760/53/719 728/53/719
f 714/24/720 747/26/720 715/26/720
f 702/2/721 733/67/721 734/2/721
f 728/53/722 761/55/722 729/55/722
f 715/26/723 748/28/723 716/28/723
f 703/4/724 734/2/724 735/4/724
f 729/55/725 762/57/725 730/57/725
f 716/28/726 749/30/726 717/30/726
f 704/6/727 735/4/727 736/6/727
f 730/57/728 763/60/728 731/60/728
f 718/32/729 749/30/729 750/32/729
f 705/8/730 736/6/730 737/8/730
f 731/60/731 764/62/731 732/62/731
f 719/34/732 750/32/732 751/34/732
f 706/66/733 737/8/733 738/66/733
f 732/62/734 733/68/734 701/68/734
f 769/77/735 768/78/735 793/79/735
f 741/16/736 774/59/736 742/59/736
f 756/45/737 787/43/737 788/45/737
f 742/59/738 775/18/738 743/18/738
f 757/47/739 788/45/739 789/47/739
f 743/18/740 776/20/740 744/20/740
f 757/47/741 790/49/741 758/49/741
f 744/20/742 777/22/742 745/22/742
f 758/49/743 791/51/743 759/51/743
f 745/22/744 778/24/744 746/24/744
f 759/51/745 792/53/745 760/53/745
f 746/24/746 779/26/746 747/26/746
f 734/2/747 765/67/747 766/2/747
f 760/53/748 793/55/748 761/55/748
f 747/26/749 780/28/749 748/28/749
f 735/4/750 766/2/750 767/4/750
f 761/55/751 794/57/751 762/57/751
f 748/28/752 781/30/752 749/30/752
f 736/6/753 767/4/753 768/6/753
f 762/57/754 795/60/754 763/60/754
f 750/32/755 781/30/755 782/32/755
f 737/8/756 768/6/756 769/8/756
f 763/60/757 796/62/757 764/62/757
f 751/34/758 782/32/758 783/34/758
f 738/66/759 769/8/759 770/66/759
f 764/62/760 765/68/760 733/68/760
f 752/36/761 783/34/761 784/36/761
f 739/11/762 770/66/762 771/11/762
f 753/39/763 784/36/763 785/39/763
f 740/13/764 771/11/764 772/13/764
f 754/41/765 785/39/765 786/41/765
f 741/16/766 772/13/766 773/16/766
f 798/66/767 805/11/767 799/11/767
f 801/66/768 808/11/768 807/66/768
f 705/8/769 797/8/769 673/8/769
f 673/8/770 798/66/770 674/66/770
f 705/8/771 801/66/771 800/8/771
f 674/66/772 799/11/772 675/11/772
f 804/66/773 806/8/773 807/66/773
f 805/11/774 807/66/774 808/11/774
f 802/11/775 805/11/775 808/11/775
f 800/8/776 803/8/776 797/8/776
f 800/8/777 807/66/777 806/8/777
f 797/8/778 804/66/778 798/66/778
f 815/36/779 836/36/779 822/36/779
f 811/28/780 824/26/780 825/28/780
f 819/30/781 832/28/781 818/28/781
f 810/26/782 823/24/782 824/26/782
f 818/28/783 831/26/783 817/26/783
f 817/26/784 830/24/784 816/24/784
f 719/34/785 822/36/785 821/34/785
f 685/30/786 813/32/786 686/32/786
f 686/32/787 814/34/787 687/34/787
f 715/26/788 816/24/788 714/24/788
f 687/34/789 815/36/789 688/36/789
f 716/28/790 817/26/790 715/26/790
f 688/36/791 822/36/791 720/36/791
f 682/24/792 816/24/792 809/24/792
f 825/28/793 833/30/793 826/30/793
f 827/32/794 833/30/794 834/32/794
f 828/34/795 834/32/795 835/34/795
f 829/36/796 835/34/796 836/36/796
f 823/24/797 831/26/797 824/26/797
f 824/26/798 832/28/798 825/28/798
f 819/30/799 834/32/799 833/30/799
f 812/30/800 825/28/800 826/30/800
f 809/24/801 830/24/801 823/24/801
f 820/32/802 835/34/802 834/32/802
f 812/30/803 827/32/803 813/32/803
f 821/34/804 836/36/804 835/34/804
f 813/32/805 828/34/805 814/34/805
f 814/34/806 829/36/806 815/36/806
f 1/1/33 838/2/33 2/67/33
f 837/3/32 840/4/32 838/2/32
f 839/5/30 842/6/30 840/4/30
f 841/7/29 844/8/29 842/6/29
f 845/10/807 844/8/807 843/9/807
f 845/10/808 848/11/808 846/66/808
f 847/12/809 850/13/809 848/11/809
f 851/15/810 850/13/810 849/14/810
f 853/17/811 852/16/811 851/15/811
f 853/17/812 856/18/812 854/59/812
f 855/19/813 858/20/813 856/18/813
f 857/21/814 860/22/814 858/20/814
f 859/23/815 862/24/815 860/22/815
f 861/25/816 864/26/816 862/24/816
f 863/27/817 866/28/817 864/26/817
f 865/29/818 34/30/818 866/28/818
f 33/31/16 868/32/16 34/30/16
f 867/33/819 870/34/819 868/32/819
f 869/35/820 872/36/820 870/34/820
f 873/38/821 872/36/821 871/37/821
f 875/40/822 874/39/822 873/38/822
f 877/42/823 876/41/823 875/40/823
f 879/44/824 878/43/824 877/42/824
f 881/46/825 880/45/825 879/44/825
f 883/48/826 882/47/826 881/46/826
f 885/50/827 884/49/827 883/48/827
f 887/52/828 886/51/828 885/50/828
f 889/54/829 888/53/829 887/52/829
f 891/56/4 890/55/4 889/54/4
f 893/58/3 892/57/3 891/56/3
f 1108/59/112 964/16/112 1107/16/112
f 895/61/2 894/60/2 893/58/2
f 1/63/1 896/62/1 895/61/1
f 1392/27/830 910/27/830 863/27/830
f 949/46/92 920/48/92 919/46/92
f 915/38/831 875/40/831 873/38/831
f 891/56/66 925/58/66 893/58/66
f 905/17/832 1396/15/832 904/15/832
f 81/31/833 867/33/833 33/31/833
f 920/48/834 885/50/834 883/48/834
f 899/7/835 843/9/835 841/7/835
f 859/23/836 1391/25/836 861/25/836
f 916/40/837 877/42/837 875/40/837
f 893/58/59 926/61/59 895/61/59
f 901/10/838 1383/10/838 845/10/838
f 912/33/839 869/35/839 867/33/839
f 885/50/840 922/52/840 887/52/840
f 843/9/841 901/10/841 845/10/841
f 1385/14/842 851/15/842 849/14/842
f 917/42/843 879/44/843 877/42/843
f 65/1/844 837/3/844 1/1/844
f 895/61/51 65/63/51 1/63/51
f 904/15/845 1395/14/845 903/14/845
f 913/35/846 871/37/846 869/35/846
f 887/52/847 923/54/847 889/54/847
f 903/14/848 1394/12/848 902/12/848
f 863/27/849 911/29/849 865/29/849
f 918/44/850 881/46/850 879/44/850
f 897/3/851 839/5/851 837/3/851
f 1387/17/852 855/19/852 853/17/852
f 914/37/853 873/38/853 871/37/853
f 889/54/41 924/56/41 891/56/41
f 1402/27/854 909/25/854 910/27/854
f 865/29/855 81/31/855 33/31/855
f 919/46/856 883/48/856 881/46/856
f 898/5/857 841/7/857 839/5/857
f 935/17/358 1182/19/358 936/19/358
f 907/21/91 938/23/91 908/23/91
f 950/48/90 921/50/90 920/48/90
f 908/23/89 939/25/89 909/25/89
f 951/50/858 922/52/858 921/50/858
f 909/25/87 940/27/87 910/27/87
f 65/1/86 927/3/86 897/3/86
f 952/52/859 923/54/859 922/52/859
f 910/27/84 941/29/84 911/29/84
f 897/3/83 928/5/83 898/5/83
f 953/54/82 924/56/82 923/54/82
f 911/29/81 113/31/81 81/31/81
f 898/5/80 929/7/80 899/7/80
f 954/56/860 925/58/860 924/56/860
f 113/31/78 912/33/78 81/31/78
f 899/7/77 930/9/77 900/9/77
f 955/58/861 926/61/861 925/58/861
f 942/33/75 913/35/75 912/33/75
f 900/9/74 931/10/74 901/10/74
f 956/61/73 65/63/73 926/61/73
f 943/35/72 914/37/72 913/35/72
f 901/10/71 932/12/71 902/12/71
f 944/37/70 915/38/70 914/37/70
f 902/12/69 933/14/69 903/14/69
f 945/38/68 916/40/68 915/38/68
f 903/14/35 934/15/35 904/15/35
f 946/40/98 917/42/98 916/40/98
f 904/15/97 935/17/97 905/17/97
f 947/42/96 918/44/96 917/42/96
f 905/17/95 936/19/95 906/19/95
f 948/44/94 919/46/94 918/44/94
f 906/19/93 937/21/93 907/21/93
f 985/60/162 1014/57/162 984/57/162
f 973/34/862 1109/64/862 1110/65/862
f 982/53/863 1111/51/863 1112/53/863
f 1114/66/109 960/8/109 1113/73/109
f 1139/20/864 968/22/864 967/20/864
f 978/45/865 1117/43/865 1118/45/865
f 1119/2/106 129/67/106 301/67/106
f 129/68/866 1120/62/866 301/68/866
f 1128/20/867 1146/18/867 1121/18/867
f 974/36/868 1110/65/868 1122/36/868
f 983/55/869 1112/53/869 1123/55/869
f 1124/11/101 961/66/101 1114/66/101
f 1125/28/100 970/26/100 1116/26/100
f 979/47/870 1118/45/870 1126/47/870
f 1127/4/130 957/2/130 1119/2/130
f 1134/22/871 1147/20/871 1128/20/871
f 975/39/872 1122/36/872 1129/39/872
f 984/57/873 1123/55/873 1130/69/873
f 1131/70/126 962/11/126 1124/11/126
f 315/30/125 971/28/125 1125/28/125
f 980/49/874 1126/47/874 1132/71/874
f 1133/6/123 958/4/123 1127/4/123
f 1115/72/875 1148/22/875 1134/22/875
f 976/41/876 1129/39/876 1135/41/876
f 985/60/877 1130/69/877 1136/60/877
f 1107/16/119 963/13/119 1131/70/119
f 972/32/878 315/30/878 1109/64/878
f 981/51/879 1132/71/879 1111/51/879
f 1113/73/116 959/6/116 1133/6/116
f 1138/18/880 967/20/880 966/18/880
f 977/43/881 1135/41/881 1117/43/881
f 986/62/882 1136/60/882 1120/62/882
f 1002/32/192 209/30/192 177/30/192
f 972/32/161 177/30/161 145/30/161
f 990/8/883 959/6/883 960/8/883
f 986/62/159 1015/60/159 985/60/159
f 973/34/158 1002/32/158 972/32/158
f 991/66/884 960/8/884 961/66/884
f 161/68/885 986/62/885 129/68/885
f 974/36/155 1003/34/155 973/34/155
f 992/11/886 961/66/886 962/11/886
f 975/39/153 1004/36/153 974/36/153
f 993/13/887 962/11/887 963/13/887
f 976/41/151 1005/39/151 975/39/151
f 994/16/888 963/13/888 964/16/888
f 977/43/149 1006/41/149 976/41/149
f 995/59/889 964/16/889 965/59/889
f 978/45/147 1007/43/147 977/43/147
f 996/18/890 965/59/890 966/18/890
f 979/47/145 1008/45/145 978/45/145
f 997/20/891 966/18/891 967/20/891
f 980/49/143 1009/47/143 979/47/143
f 998/22/892 967/20/892 968/22/892
f 981/51/141 1010/49/141 980/49/141
f 999/24/893 968/22/893 969/24/893
f 982/53/139 1011/51/139 981/51/139
f 1000/26/894 969/24/894 970/26/894
f 987/2/895 129/67/895 957/2/895
f 983/55/136 1012/53/136 982/53/136
f 971/28/135 1000/26/135 970/26/135
f 988/4/896 957/2/896 958/4/896
f 984/57/133 1013/55/133 983/55/133
f 145/30/132 1001/28/132 971/28/132
f 989/6/897 958/4/897 959/6/897
f 1035/39/208 1064/36/208 1034/36/208
f 1020/8/898 989/6/898 990/8/898
f 1016/62/190 1045/60/190 1015/60/190
f 1003/34/189 1032/32/189 1002/32/189
f 1021/66/899 990/8/899 991/66/899
f 161/68/187 1046/62/187 1016/62/187
f 1004/36/186 1033/34/186 1003/34/186
f 1022/11/900 991/66/900 992/11/900
f 1005/39/184 1034/36/184 1004/36/184
f 1023/13/901 992/11/901 993/13/901
f 1006/41/182 1035/39/182 1005/39/182
f 1024/16/902 993/13/902 994/16/902
f 1007/43/180 1036/41/180 1006/41/180
f 1025/59/903 994/16/903 995/59/903
f 1008/45/178 1037/43/178 1007/43/178
f 1026/18/904 995/59/904 996/18/904
f 1009/47/176 1038/45/176 1008/45/176
f 1027/20/905 996/18/905 997/20/905
f 1010/49/174 1039/47/174 1009/47/174
f 1028/22/906 997/20/906 998/22/906
f 1011/51/172 1040/49/172 1010/49/172
f 1029/24/907 998/22/907 999/24/907
f 1012/53/170 1041/51/170 1011/51/170
f 1030/26/908 999/24/908 1000/26/908
f 1017/2/909 161/67/909 987/2/909
f 1013/55/167 1042/53/167 1012/53/167
f 1031/28/910 1000/26/910 1001/28/910
f 1018/4/911 987/2/911 988/4/911
f 1014/57/164 1043/55/164 1013/55/164
f 209/30/912 1001/28/912 177/30/912
f 1019/6/913 988/4/913 989/6/913
f 1015/60/193 1044/57/193 1014/57/193
f 1068/45/228 1097/43/228 1067/43/228
f 1053/13/914 1022/11/914 1023/13/914
f 1036/41/206 1065/39/206 1035/39/206
f 1054/16/915 1023/13/915 1024/16/915
f 1037/43/204 1066/41/204 1036/41/204
f 1055/59/916 1024/16/916 1025/59/916
f 1038/45/202 1067/43/202 1037/43/202
f 1056/18/917 1025/59/917 1026/18/917
f 1039/47/200 1068/45/200 1038/45/200
f 1057/20/918 1026/18/918 1027/20/918
f 1040/49/919 1069/47/919 1039/47/919
f 1058/22/920 1027/20/920 1028/22/920
f 1041/51/196 1070/49/196 1040/49/196
f 1059/24/921 1028/22/921 1029/24/921
f 1042/53/226 1071/51/226 1041/51/226
f 1060/26/922 1029/24/922 1030/26/922
f 1047/2/923 193/67/923 1017/2/923
f 1043/55/223 1072/53/223 1042/53/223
f 1061/28/924 1030/26/924 1031/28/924
f 1048/4/925 1017/2/925 1018/4/925
f 1044/57/220 1073/55/220 1043/55/220
f 241/30/926 1031/28/926 209/30/926
f 1049/6/927 1018/4/927 1019/6/927
f 1045/60/217 1074/57/217 1044/57/217
f 1032/32/216 241/30/216 209/30/216
f 1050/8/928 1019/6/928 1020/8/928
f 1046/62/214 1075/60/214 1045/60/214
f 1033/34/213 1062/32/213 1032/32/213
f 1051/66/929 1020/8/929 1021/66/929
f 193/68/211 1076/62/211 1046/62/211
f 1034/36/210 1063/34/210 1033/34/210
f 1052/11/930 1021/66/930 1022/11/930
f 1098/45/608 1459/43/608 1097/43/608
f 1086/18/195 1055/59/195 1056/18/195
f 1069/47/258 1098/45/258 1068/45/258
f 1087/20/257 1056/18/257 1057/20/257
f 1100/49/256 1069/47/256 1070/49/256
f 1088/22/255 1057/20/255 1058/22/255
f 1101/51/254 1070/49/254 1071/51/254
f 1089/24/253 1058/22/253 1059/24/253
f 1102/53/252 1071/51/252 1072/53/252
f 1090/26/251 1059/24/251 1060/26/251
f 1047/2/250 257/67/250 225/67/250
f 1103/55/249 1072/53/249 1073/55/249
f 1091/28/248 1060/26/248 1061/28/248
f 1048/4/247 1077/2/247 1047/2/247
f 1104/57/246 1073/55/246 1074/57/246
f 273/30/245 1061/28/245 241/30/245
f 1049/6/244 1078/4/244 1048/4/244
f 1105/60/243 1074/57/243 1075/60/243
f 1062/32/242 273/30/242 241/30/242
f 1050/8/241 1079/6/241 1049/6/241
f 1106/62/240 1075/60/240 1076/62/240
f 1063/34/239 1092/32/239 1062/32/239
f 1051/66/931 1080/8/931 1050/8/931
f 257/68/237 1076/62/237 225/68/237
f 1064/36/236 1093/34/236 1063/34/236
f 1052/11/235 1081/66/235 1051/66/235
f 1065/39/234 1094/36/234 1064/36/234
f 1053/13/233 1082/11/233 1052/11/233
f 1066/41/232 1095/39/232 1065/39/232
f 1054/16/231 1083/13/231 1053/13/231
f 1067/43/230 1096/41/230 1066/41/230
f 1085/59/229 1054/16/229 1055/59/229
f 896/62/276 1136/60/276 894/60/276
f 1117/43/932 876/41/932 878/43/932
f 862/24/274 1134/22/274 860/22/274
f 844/8/273 1133/6/273 842/6/273
f 1111/51/933 884/49/933 886/51/933
f 1109/64/934 34/30/934 868/32/934
f 852/16/270 1131/70/270 850/13/270
f 1136/60/935 892/57/935 894/60/935
f 1135/41/936 874/39/936 876/41/936
f 860/22/267 1128/20/267 858/20/267
f 842/6/266 1127/4/266 840/4/266
f 1132/71/937 882/47/937 884/49/937
f 34/30/264 1125/28/264 866/28/264
f 850/13/263 1124/11/263 848/11/263
f 1130/69/938 890/55/938 892/57/938
f 1129/39/939 872/36/939 874/39/939
f 858/20/260 1121/18/260 856/18/260
f 1127/4/940 838/2/940 840/4/940
f 1126/47/941 880/45/941 882/47/941
f 866/28/289 1116/26/289 864/26/289
f 848/11/288 1114/66/288 846/66/288
f 1123/55/942 888/53/942 890/55/942
f 1122/36/943 870/34/943 872/36/943
f 856/18/285 1108/59/285 854/59/285
f 2/68/284 1120/62/284 896/62/284
f 1119/2/944 2/67/944 838/2/944
f 1118/45/945 878/43/945 880/45/945
f 864/26/281 1115/72/281 862/24/281
f 846/66/280 1113/73/280 844/8/280
f 1112/53/946 886/51/946 888/53/946
f 1110/65/947 868/32/947 870/34/947
f 854/59/277 1107/16/277 852/16/277
f 1145/26/948 1152/72/948 1144/72/948
f 1146/18/949 1137/59/949 1143/59/949
f 1147/20/950 1138/18/950 1146/18/950
f 1148/22/951 1139/20/951 1147/20/951
f 1148/22/952 1149/22/952 1140/22/952
f 1121/18/953 1143/59/953 1108/59/953
f 1108/59/954 1137/59/954 965/59/954
f 1145/26/955 1115/72/955 1116/26/955
f 968/22/956 1141/24/956 969/24/956
f 1137/59/957 966/18/957 965/59/957
f 970/26/958 1145/26/958 1116/26/958
f 969/24/959 1142/26/959 970/26/959
f 1160/22/960 1149/22/960 1154/22/960
f 1159/26/961 1152/72/961 1153/26/961
f 1150/24/962 1142/26/962 1141/24/962
f 1144/72/963 1154/22/963 1148/22/963
f 1151/26/964 1145/26/964 1142/26/964
f 1149/22/965 1141/24/965 1140/22/965
f 1157/26/966 1165/26/966 1159/26/966
f 1158/72/967 1166/22/967 1160/22/967
f 1155/22/968 1150/24/968 1149/22/968
f 1152/72/969 1160/22/969 1154/22/969
f 1151/26/970 1159/26/970 1153/26/970
f 1156/24/971 1151/26/971 1150/24/971
f 1172/22/972 1161/22/972 1166/22/972
f 1171/26/973 1164/72/973 1165/26/973
f 1162/24/974 1157/26/974 1156/24/974
f 1165/26/975 1158/72/975 1159/26/975
f 1166/22/976 1155/22/976 1160/22/976
f 1161/22/977 1156/24/977 1155/22/977
f 1171/26/978 1168/24/978 1170/72/978
f 1170/72/979 1167/22/979 1172/22/979
f 1167/22/980 1162/24/980 1161/22/980
f 1164/72/981 1172/22/981 1166/22/981
f 1163/26/982 1171/26/982 1165/26/982
f 1168/24/983 1163/26/983 1162/24/983
f 1186/27/368 1217/29/368 1187/29/368
f 1194/44/984 949/46/984 948/44/984
f 936/19/356 1183/21/356 937/21/356
f 1195/46/985 950/48/985 949/46/985
f 937/21/354 1184/23/354 938/23/354
f 1196/48/986 951/50/986 950/48/986
f 938/23/352 1185/25/352 939/25/352
f 951/50/351 1198/52/351 952/52/351
f 939/25/350 1186/27/350 940/27/350
f 357/1/987 927/3/987 97/1/987
f 952/52/348 1199/54/348 953/54/348
f 940/27/347 1187/29/347 941/29/347
f 1173/3/988 928/5/988 927/3/988
f 953/54/345 1200/56/345 954/56/345
f 941/29/344 373/31/344 113/31/344
f 1174/5/989 929/7/989 928/5/989
f 954/56/342 1201/58/342 955/58/342
f 373/31/990 942/33/990 113/31/990
f 1175/7/991 930/9/991 929/7/991
f 955/58/339 1202/61/339 956/61/339
f 1188/33/992 943/35/992 942/33/992
f 1176/9/993 931/10/993 930/9/993
f 956/61/336 357/63/336 97/63/336
f 1189/35/994 944/37/994 943/35/994
f 1177/10/995 932/12/995 931/10/995
f 1190/37/996 945/38/996 944/37/996
f 932/12/332 1179/14/332 933/14/332
f 1191/38/997 946/40/997 945/38/997
f 933/14/330 1180/15/330 934/15/330
f 1192/40/998 947/42/998 946/40/998
f 934/15/328 1181/17/328 935/17/328
f 1193/42/999 948/44/999 947/42/999
f 1232/61/410 421/63/410 389/63/410
f 1173/3/367 1204/5/367 1174/5/367
f 1229/54/1000 1200/56/1000 1199/54/1000
f 1187/29/365 405/31/365 373/31/365
f 1174/5/364 1205/7/364 1175/7/364
f 1230/56/1001 1201/58/1001 1200/56/1001
f 405/31/1002 1188/33/1002 373/31/1002
f 1175/7/361 1206/9/361 1176/9/361
f 1231/58/1003 1202/61/1003 1201/58/1003
f 1218/33/1004 1189/35/1004 1188/33/1004
f 1176/9/390 1207/10/390 1177/10/390
f 1232/61/1005 357/63/1005 1202/61/1005
f 1219/35/1006 1190/37/1006 1189/35/1006
f 1177/10/387 1208/12/387 1178/12/387
f 1220/37/1007 1191/38/1007 1190/37/1007
f 1178/12/385 1209/14/385 1179/14/385
f 1221/38/1008 1192/40/1008 1191/38/1008
f 1179/14/383 1210/15/383 1180/15/383
f 1222/40/1009 1193/42/1009 1192/40/1009
f 1180/15/381 1211/17/381 1181/17/381
f 1223/42/1010 1194/44/1010 1193/42/1010
f 1181/17/379 1212/19/379 1182/19/379
f 1224/44/1011 1195/46/1011 1194/44/1011
f 1182/19/377 1213/21/377 1183/21/377
f 1225/46/1012 1196/48/1012 1195/46/1012
f 1183/21/375 1214/23/375 1184/23/375
f 1226/48/1013 1197/50/1013 1196/48/1013
f 1184/23/373 1215/25/373 1185/25/373
f 1227/50/1014 1198/52/1014 1197/50/1014
f 1185/25/371 1216/27/371 1186/27/371
f 357/1/370 1203/3/370 1173/3/370
f 1228/52/1015 1199/54/1015 1198/52/1015
f 1252/40/428 1283/42/428 1253/42/428
f 1249/35/409 1220/37/409 1219/35/409
f 1237/10/408 1208/12/408 1207/10/408
f 1250/37/407 1221/38/407 1220/37/407
f 1208/12/406 1239/14/406 1209/14/406
f 1251/38/405 1222/40/405 1221/38/405
f 1209/14/404 1240/15/404 1210/15/404
f 1252/40/1016 1223/42/1016 1222/40/1016
f 1210/15/402 1241/17/402 1211/17/402
f 1253/42/401 1224/44/401 1223/42/401
f 1211/17/400 1242/19/400 1212/19/400
f 1254/44/399 1225/46/399 1224/44/399
f 1212/19/398 1243/21/398 1213/21/398
f 1255/46/397 1226/48/397 1225/46/397
f 1213/21/396 1244/23/396 1214/23/396
f 1256/48/1017 1227/50/1017 1226/48/1017
f 1214/23/394 1245/25/394 1215/25/394
f 1227/50/393 1258/52/393 1228/52/393
f 1215/25/392 1246/27/392 1216/27/392
f 421/1/359 1203/3/359 389/1/359
f 1228/52/422 1259/54/422 1229/54/422
f 1216/27/421 1247/29/421 1217/29/421
f 1233/3/420 1204/5/420 1203/3/420
f 1229/54/419 1260/56/419 1230/56/419
f 1217/29/418 437/31/418 405/31/418
f 1234/5/417 1205/7/417 1204/5/417
f 1230/56/416 1261/58/416 1231/58/416
f 437/31/415 1218/33/415 405/31/415
f 1235/7/1018 1206/9/1018 1205/7/1018
f 1231/58/413 1262/61/413 1232/61/413
f 1248/33/412 1219/35/412 1218/33/412
f 1236/9/411 1207/10/411 1206/9/411
f 1285/46/480 1316/48/480 1286/48/480
f 1240/15/427 1271/17/427 1241/17/427
f 1253/42/426 1284/44/426 1254/44/426
f 1271/17/425 1242/19/425 1241/17/425
f 1284/44/424 1255/46/424 1254/44/424
f 1272/19/391 1243/21/391 1242/19/391
f 1255/46/454 1286/48/454 1256/48/454
f 1273/21/453 1244/23/453 1243/21/453
f 1256/48/452 1287/50/452 1257/50/452
f 1244/23/451 1275/25/451 1245/25/451
f 1287/50/450 1258/52/450 1257/50/450
f 1245/25/449 1276/27/449 1246/27/449
f 453/1/448 1233/3/448 421/1/448
f 1288/52/447 1259/54/447 1258/52/447
f 1276/27/446 1247/29/446 1246/27/446
f 1233/3/1019 1264/5/1019 1234/5/1019
f 1289/54/444 1260/56/444 1259/54/444
f 1247/29/443 469/31/443 437/31/443
f 1234/5/442 1265/7/442 1235/7/442
f 1290/56/441 1261/58/441 1260/56/441
f 469/31/440 1248/33/440 437/31/440
f 1235/7/439 1266/9/439 1236/9/439
f 1261/58/438 1292/61/438 1262/61/438
f 1278/33/437 1249/35/437 1248/33/437
f 1266/9/436 1237/10/436 1236/9/436
f 1262/61/435 453/63/435 421/63/435
f 1279/35/434 1250/37/434 1249/35/434
f 1237/10/433 1268/12/433 1238/12/433
f 1280/37/432 1251/38/432 1250/37/432
f 1268/12/431 1239/14/431 1238/12/431
f 1281/38/430 1252/40/430 1251/38/430
f 1269/14/429 1240/15/429 1239/14/429
f 485/1/500 1323/3/500 1293/3/500
f 1303/21/1020 1274/23/1020 1273/21/1020
f 1286/48/1021 1317/50/1021 1287/50/1021
f 1304/23/477 1275/25/477 1274/23/477
f 1317/50/476 1288/52/476 1287/50/476
f 1305/25/475 1276/27/475 1275/25/475
f 453/1/474 1293/3/474 1263/3/474
f 1318/52/473 1289/54/473 1288/52/473
f 1306/27/472 1277/29/472 1276/27/472
f 1263/3/471 1294/5/471 1264/5/471
f 1319/54/470 1290/56/470 1289/54/470
f 1307/29/469 469/31/469 1277/29/469
f 1264/5/468 1295/7/468 1265/7/468
f 1320/56/467 1291/58/467 1290/56/467
f 469/31/466 1308/33/466 1278/33/466
f 1265/7/465 1296/9/465 1266/9/465
f 1321/58/464 1292/61/464 1291/58/464
f 1278/33/463 1309/35/463 1279/35/463
f 1266/9/462 1297/10/462 1267/10/462
f 1322/61/461 453/63/461 1292/61/461
f 1279/35/460 1310/37/460 1280/37/460
f 1267/10/459 1298/12/459 1268/12/459
f 1280/37/458 1311/38/458 1281/38/458
f 1298/12/1022 1269/14/1022 1268/12/1022
f 1281/38/456 1312/40/456 1282/40/456
f 1299/14/423 1270/15/423 1269/14/423
f 1282/40/486 1313/42/486 1283/42/486
f 1300/15/485 1271/17/485 1270/15/485
f 1283/42/484 1314/44/484 1284/44/484
f 1301/17/483 1272/19/483 1271/17/483
f 1284/44/482 1315/46/482 1285/46/482
f 1302/19/1023 1273/21/1023 1272/19/1023
f 1325/7/546 1356/9/546 1326/9/546
f 1348/52/499 1319/54/499 1318/52/499
f 1306/27/498 1337/29/498 1307/29/498
f 1293/3/497 1324/5/497 1294/5/497
f 1349/54/496 1320/56/496 1319/54/496
f 1307/29/495 533/31/495 501/31/495
f 1294/5/494 1325/7/494 1295/7/494
f 1350/56/493 1321/58/493 1320/56/493
f 533/31/492 1308/33/492 501/31/492
f 1295/7/491 1326/9/491 1296/9/491
f 1351/58/490 1322/61/490 1321/58/490
f 1338/33/1024 1309/35/1024 1308/33/1024
f 1296/9/488 1327/10/488 1297/10/488
f 1352/61/1025 485/63/1025 1322/61/1025
f 1339/35/1026 1310/37/1026 1309/35/1026
f 1297/10/517 1328/12/517 1298/12/517
f 1340/37/1027 1311/38/1027 1310/37/1027
f 1298/12/515 1329/14/515 1299/14/515
f 1341/38/514 1312/40/514 1311/38/514
f 1299/14/513 1330/15/513 1300/15/513
f 1342/40/512 1313/42/512 1312/40/512
f 1300/15/511 1331/17/511 1301/17/511
f 1343/42/510 1314/44/510 1313/42/510
f 1301/17/509 1332/19/509 1302/19/509
f 1344/44/508 1315/46/508 1314/44/508
f 1302/19/507 1333/21/507 1303/21/507
f 1345/46/506 1316/48/506 1315/46/506
f 1303/21/505 1334/23/505 1304/23/505
f 1346/48/504 1317/50/504 1316/48/504
f 1304/23/503 1335/25/503 1305/25/503
f 1347/50/502 1318/52/502 1317/50/502
f 1305/25/501 1336/27/501 1306/27/501
f 1355/80/519 1354/81/519 1365/82/519
f 1381/58/1028 1352/61/1028 1351/58/1028
f 1368/33/544 1339/35/544 1338/33/544
f 1326/9/543 1357/10/543 1327/10/543
f 1382/61/542 517/63/542 1352/61/542
f 1369/35/1029 1340/37/1029 1339/35/1029
f 1327/10/540 1358/12/540 1328/12/540
f 1370/37/1030 1341/38/1030 1340/37/1030
f 1328/12/538 1359/14/538 1329/14/538
f 1371/38/537 1342/40/537 1341/38/537
f 1329/14/536 1360/15/536 1330/15/536
f 1372/40/1031 1343/42/1031 1342/40/1031
f 1330/15/534 1361/17/534 1331/17/534
f 1373/42/533 1344/44/533 1343/42/533
f 1331/17/532 1362/19/532 1332/19/532
f 1374/44/531 1345/46/531 1344/44/531
f 1332/19/530 1363/21/530 1333/21/530
f 1375/46/1032 1346/48/1032 1345/46/1032
f 1333/21/528 1364/23/528 1334/23/528
f 1376/48/527 1347/50/527 1346/48/527
f 1334/23/1033 1365/25/1033 1335/25/1033
f 1377/50/525 1348/52/525 1347/50/525
f 1335/25/524 1366/27/524 1336/27/524
f 517/1/523 1353/3/523 1323/3/523
f 1378/52/1034 1349/54/1034 1348/52/1034
f 1336/27/521 1367/29/521 1337/29/521
f 1323/3/520 1354/5/520 1324/5/520
f 1379/54/1035 1350/56/1035 1349/54/1035
f 1367/29/550 533/31/550 1337/29/550
f 1324/5/549 1355/7/549 1325/7/549
f 1380/56/548 1351/58/548 1350/56/548
f 533/31/547 1368/33/547 1338/33/547
f 1389/21/1036 1400/23/1036 1390/23/1036
f 1385/14/1037 1396/15/1037 1386/15/1037
f 1402/27/1038 1407/25/1038 1401/25/1038
f 1386/15/1039 1397/17/1039 1387/17/1039
f 1404/25/1040 1392/27/1040 1391/25/1040
f 1387/17/1041 1398/19/1041 1388/19/1041
f 1393/10/1042 1384/12/1042 1383/10/1042
f 1388/19/1043 1399/21/1043 1389/21/1043
f 1384/12/1044 1395/14/1044 1385/14/1044
f 1383/10/1045 847/12/1045 845/10/1045
f 906/19/1046 1397/17/1046 905/17/1046
f 855/19/1047 1389/21/1047 857/21/1047
f 1399/21/1048 906/19/1048 907/21/1048
f 1386/15/1049 853/17/1049 851/15/1049
f 861/25/1050 1392/27/1050 863/27/1050
f 1400/23/1051 907/21/1051 908/23/1051
f 1384/12/1052 849/14/1052 847/12/1052
f 1401/25/1053 908/23/1053 909/25/1053
f 857/21/1054 1390/23/1054 859/23/1054
f 902/12/1055 1393/10/1055 901/10/1055
f 1410/25/1056 1405/27/1056 1404/25/1056
f 1408/27/1057 1413/25/1057 1407/25/1057
f 1406/23/1058 1390/23/1058 1400/23/1058
f 1403/23/1059 1391/25/1059 1390/23/1059
f 1401/25/1060 1406/23/1060 1400/23/1060
f 1392/27/1061 1408/27/1061 1402/27/1061
f 1416/25/1062 1411/27/1062 1410/25/1062
f 1414/27/1063 1419/25/1063 1413/25/1063
f 1411/27/1064 1408/27/1064 1405/27/1064
f 1406/23/1065 1409/23/1065 1403/23/1065
f 1407/25/1066 1412/23/1066 1406/23/1066
f 1409/23/1067 1404/25/1067 1403/23/1067
f 1424/23/1068 1415/23/1068 1418/23/1068
f 1417/27/1069 1426/27/1069 1420/27/1069
f 1411/27/1070 1420/27/1070 1414/27/1070
f 1418/23/1071 1409/23/1071 1412/23/1071
f 1413/25/1072 1418/23/1072 1412/23/1072
f 1415/23/1073 1410/25/1073 1409/23/1073
f 1428/25/1074 1423/27/1074 1422/25/1074
f 1426/27/1075 1431/25/1075 1425/25/1075
f 1419/25/1076 1424/23/1076 1418/23/1076
f 1421/23/1077 1416/25/1077 1415/23/1077
f 1420/27/1078 1425/25/1078 1419/25/1078
f 1422/25/1079 1417/27/1079 1416/25/1079
f 1436/23/1080 1427/23/1080 1430/23/1080
f 1429/27/1081 1438/27/1081 1432/27/1081
f 1423/27/1082 1432/27/1082 1426/27/1082
f 1430/23/1083 1421/23/1083 1424/23/1083
f 1425/25/1084 1430/23/1084 1424/23/1084
f 1427/23/1085 1422/25/1085 1421/23/1085
f 1436/23/1086 1434/25/1086 1433/23/1086
f 1434/25/1087 1438/27/1087 1435/27/1087
f 1431/25/1088 1436/23/1088 1430/23/1088
f 1433/23/1089 1428/25/1089 1427/23/1089
f 1432/27/1090 1437/25/1090 1431/25/1090
f 1434/25/1091 1429/27/1091 1428/25/1091
f 1451/24/658 1480/22/658 1450/22/658
f 1086/18/227 1447/59/227 1085/59/227
f 1461/47/638 1098/45/638 1099/47/638
f 1087/20/637 1448/18/637 1086/18/637
f 1462/49/636 1099/47/636 1100/49/636
f 1450/22/635 1087/20/635 1088/22/635
f 1101/51/634 1462/49/634 1100/49/634
f 1451/24/633 1088/22/633 1089/24/633
f 1464/53/632 1101/51/632 1102/53/632
f 1090/26/631 1451/24/631 1089/24/631
f 1077/2/630 637/67/630 257/67/630
f 1103/55/629 1464/53/629 1102/53/629
f 1453/28/628 1090/26/628 1091/28/628
f 1078/4/627 1439/2/627 1077/2/627
f 1104/57/626 1465/55/626 1103/55/626
f 273/30/625 1453/28/625 1091/28/625
f 1079/6/624 1440/4/624 1078/4/624
f 1467/60/623 1104/57/623 1105/60/623
f 1454/32/622 273/30/622 1092/32/622
f 1442/8/1092 1079/6/1092 1080/8/1092
f 1106/62/620 1467/60/620 1105/60/620
f 1455/34/619 1092/32/619 1093/34/619
f 1443/66/618 1080/8/618 1081/66/618
f 257/68/617 1468/62/617 1106/62/617
f 1456/36/1093 1093/34/1093 1094/36/1093
f 1082/11/615 1443/66/615 1081/66/615
f 1457/39/614 1094/36/614 1095/39/614
f 1445/13/613 1082/11/613 1083/13/613
f 1096/41/612 1457/39/612 1095/39/612
f 1084/16/611 1445/13/611 1083/13/611
f 1459/43/610 1096/41/610 1097/43/610
f 1447/59/609 1084/16/609 1085/59/609
f 685/30/786 1603/28/786 1483/28/786
f 1464/53/657 1493/51/657 1463/51/657
f 1452/26/656 1481/24/656 1451/24/656
f 1469/2/655 637/67/655 1439/2/655
f 1465/55/654 1494/53/654 1464/53/654
f 1453/28/653 1482/26/653 1452/26/653
f 1470/4/652 1439/2/652 1440/4/652
f 1466/57/651 1495/55/651 1465/55/651
f 653/30/650 1483/28/650 1453/28/650
f 1471/6/1094 1440/4/1094 1441/6/1094
f 1467/60/648 1496/57/648 1466/57/648
f 1484/32/1095 653/30/1095 1454/32/1095
f 1472/8/646 1441/6/646 1442/8/646
f 1468/62/645 1497/60/645 1467/60/645
f 1485/34/644 1454/32/644 1455/34/644
f 1473/66/643 1442/8/643 1443/66/643
f 637/68/642 1498/62/642 1468/62/642
f 1486/36/641 1455/34/641 1456/36/641
f 1474/11/640 1443/66/640 1444/11/640
f 1487/39/607 1456/36/607 1457/39/607
f 1475/13/670 1444/11/670 1445/13/670
f 1488/41/669 1457/39/669 1458/41/669
f 1476/16/668 1445/13/668 1446/16/668
f 1489/43/667 1458/41/667 1459/43/667
f 1447/59/666 1476/16/666 1446/16/666
f 1490/45/665 1459/43/665 1460/45/665
f 1448/18/664 1477/59/664 1447/59/664
f 1491/47/663 1460/45/663 1461/47/663
f 1449/20/1096 1478/18/1096 1448/18/1096
f 1462/49/661 1491/47/661 1461/47/661
f 1450/22/660 1479/20/660 1449/20/660
f 1463/51/659 1492/49/659 1462/49/659
f 1516/36/720 1545/34/720 1515/34/720
f 1471/6/673 1500/4/673 1470/4/673
f 1527/60/1097 1496/57/1097 1497/60/1097
f 1514/32/790 1611/34/790 1515/34/790
f 1472/8/702 1501/6/702 1471/6/702
f 1528/62/1098 1497/60/1098 1498/62/1098
f 1483/28/787 1602/26/787 1482/26/787
f 1504/11/1099 1591/11/1099 1474/11/1099
f 701/68/1100 1498/62/1100 669/68/1100
f 717/30/700 1610/32/700 1514/32/700
f 1503/66/1101 1594/11/1101 1504/11/1101
f 1487/39/695 1516/36/695 1486/36/695
f 1505/13/1102 1474/11/1102 1475/13/1102
f 1488/41/693 1517/39/693 1487/39/693
f 1506/16/1103 1475/13/1103 1476/16/1103
f 1489/43/691 1518/41/691 1488/41/691
f 1507/59/1104 1476/16/1104 1477/59/1104
f 1490/45/689 1519/43/689 1489/43/689
f 1508/18/1105 1477/59/1105 1478/18/1105
f 1491/47/687 1520/45/687 1490/45/687
f 1509/20/1106 1478/18/1106 1479/20/1106
f 1492/49/685 1521/47/685 1491/47/685
f 1510/22/1107 1479/20/1107 1480/22/1107
f 1493/51/683 1522/49/683 1492/49/683
f 1511/24/1108 1480/22/1108 1481/24/1108
f 1524/53/1109 1493/51/1109 1494/53/1109
f 1482/26/789 1601/24/789 1481/24/789
f 1469/2/679 701/67/679 669/67/679
f 1525/55/1110 1494/53/1110 1495/55/1110
f 1609/28/680 717/30/680 1513/28/680
f 1470/4/676 1499/2/676 1469/2/676
f 1526/57/1111 1495/55/1111 1496/57/1111
f 1549/43/740 1578/41/740 1548/41/740
f 1504/11/719 1533/66/719 1503/66/719
f 1517/39/718 1546/36/718 1516/36/718
f 1505/13/717 1534/11/717 1504/11/717
f 1548/41/716 1517/39/716 1518/41/716
f 1506/16/715 1535/13/715 1505/13/715
f 1549/43/714 1518/41/714 1519/43/714
f 1507/59/713 1536/16/713 1506/16/713
f 1550/45/712 1519/43/712 1520/45/712
f 1508/18/711 1537/59/711 1507/59/711
f 1551/47/710 1520/45/710 1521/47/710
f 1509/20/709 1538/18/709 1508/18/709
f 1552/49/1112 1521/47/1112 1522/49/1112
f 1510/22/707 1539/20/707 1509/20/707
f 1553/51/706 1522/49/706 1523/51/706
f 1541/24/705 1510/22/705 1511/24/705
f 1554/53/704 1523/51/704 1524/53/704
f 1542/26/671 1511/24/671 1512/26/671
f 1499/2/734 733/67/734 701/67/734
f 1555/55/733 1524/53/733 1525/55/733
f 1543/28/732 1512/26/732 1513/28/732
f 1500/4/731 1529/2/731 1499/2/731
f 1556/57/1113 1525/55/1113 1526/57/1113
f 749/30/729 1513/28/729 717/30/729
f 1501/6/728 1530/4/728 1500/4/728
f 1557/60/1114 1526/57/1114 1527/60/1114
f 1514/32/726 749/30/726 717/30/726
f 1502/8/725 1531/6/725 1501/6/725
f 1558/62/724 1527/60/724 1528/62/724
f 1515/34/723 1544/32/723 1514/32/723
f 1503/66/722 1532/8/722 1502/8/722
f 733/68/721 1528/62/721 701/68/721
f 1587/83/735 1588/84/735 1559/85/735
f 1567/59/1115 1536/16/1115 1537/59/1115
f 1550/45/738 1579/43/738 1549/43/738
f 1568/18/1116 1537/59/1116 1538/18/1116
f 1551/47/736 1580/45/736 1550/45/736
f 1569/20/703 1538/18/703 1539/20/703
f 1582/49/1117 1551/47/1117 1552/49/1117
f 1570/22/765 1539/20/765 1540/22/765
f 1583/51/764 1552/49/764 1553/51/764
f 1571/24/763 1540/22/763 1541/24/763
f 1584/53/762 1553/51/762 1554/53/762
f 1572/26/761 1541/24/761 1542/26/761
f 1529/2/760 765/67/760 733/67/760
f 1585/55/759 1554/53/759 1555/55/759
f 1573/28/758 1542/26/758 1543/28/758
f 1530/4/757 1559/2/757 1529/2/757
f 1586/57/756 1555/55/756 1556/57/756
f 781/30/755 1543/28/755 749/30/755
f 1531/6/754 1560/4/754 1530/4/754
f 1587/60/753 1556/57/753 1557/60/753
f 1544/32/752 781/30/752 749/30/752
f 1532/8/751 1561/6/751 1531/6/751
f 1588/62/750 1557/60/750 1558/62/750
f 1545/34/749 1574/32/749 1544/32/749
f 1533/66/748 1562/8/748 1532/8/748
f 765/68/747 1558/62/747 733/68/747
f 1546/36/746 1575/34/746 1545/34/746
f 1534/11/745 1563/66/745 1533/66/745
f 1547/39/744 1576/36/744 1546/36/744
f 1535/13/743 1564/11/743 1534/11/743
f 1548/41/742 1577/39/742 1547/39/742
f 1536/16/741 1565/13/741 1535/13/741
f 1597/11/1118 1590/66/1118 1591/11/1118
f 1593/66/1119 1600/11/1119 1594/11/1119
f 1589/8/1120 1502/8/1120 1472/8/1120
f 1590/66/1121 1472/8/1121 1473/66/1121
f 1502/8/1122 1593/66/1122 1503/66/1122
f 1591/11/1123 1473/66/1123 1474/11/1123
f 1596/66/699 1598/8/699 1595/8/699
f 1597/11/696 1599/66/696 1596/66/696
f 1594/11/1124 1597/11/1124 1591/11/1124
f 1595/8/1125 1592/8/1125 1589/8/1125
f 1598/8/1126 1593/66/1126 1592/8/1126
f 1590/66/1127 1595/8/1127 1589/8/1127
f 1624/36/1128 1606/36/1128 1612/36/1128
f 1603/28/805 1614/26/805 1602/26/805
f 1621/28/1129 819/30/1129 1609/28/1129
f 1602/26/806 1613/24/806 1601/24/806
f 1620/26/1130 1609/28/1130 1608/26/1130
f 1619/24/1131 1608/26/1131 1607/24/1131
f 1515/34/788 1612/36/788 1516/36/788
f 1604/32/1132 685/30/1132 1484/32/1132
f 1605/34/1133 1484/32/1133 1485/34/1133
f 1607/24/785 1512/26/785 1511/24/785
f 1606/36/697 1485/34/697 1486/36/697
f 1608/26/674 1513/28/674 1512/26/674
f 1612/36/792 1486/36/792 1516/36/792
f 1481/24/791 1607/24/791 1511/24/791
f 833/30/1134 1615/28/1134 826/30/1134
f 1616/32/793 833/30/793 826/30/793
f 1617/34/1135 1622/32/1135 1616/32/1135
f 1618/36/797 1623/34/797 1617/34/797
f 1620/26/1136 1613/24/1136 1614/26/1136
f 1621/28/1137 1614/26/1137 1615/28/1137
f 819/30/781 1622/32/781 1610/32/781
f 812/30/803 1615/28/803 1603/28/803
f 1601/24/779 1619/24/779 1607/24/779
f 1610/32/783 1623/34/783 1611/34/783
f 1616/32/1138 812/30/1138 1604/32/1138
f 1611/34/784 1624/36/784 1612/36/784
f 1617/34/1139 1604/32/1139 1605/34/1139
f 1618/36/1140 1605/34/1140 1606/36/1140
f 1/1/33 1626/2/33 2/67/33
f 1625/3/32 1628/4/32 1626/2/32
f 1627/5/30 1630/6/30 1628/4/30
f 1629/7/29 1632/8/29 1630/6/29
f 1633/10/807 1632/8/807 1631/9/807
f 1633/10/808 1636/11/808 1634/66/808
f 1635/12/809 1638/13/809 1636/11/809
f 1639/15/810 1638/13/810 1637/14/810
f 1641/17/811 1640/16/811 1639/15/811
f 1641/17/812 1644/18/812 1642/59/812
f 1643/19/813 1646/20/813 1644/18/813
f 1645/21/814 1648/22/814 1646/20/814
f 1647/23/815 1650/24/815 1648/22/815
f 1649/25/816 1652/26/816 1650/24/816
f 1651/27/817 1654/28/817 1652/26/817
f 1653/29/818 34/30/818 1654/28/818
f 33/31/16 1656/32/16 34/30/16
f 1655/33/819 1658/34/819 1656/32/819
f 1657/35/820 1660/36/820 1658/34/820
f 1661/38/821 1660/36/821 1659/37/821
f 1663/40/822 1662/39/822 1661/38/822
f 1665/42/823 1664/41/823 1663/40/823
f 1667/44/824 1666/43/824 1665/42/824
f 1669/46/825 1668/45/825 1667/44/825
f 1671/48/826 1670/47/826 1669/46/826
f 1673/50/827 1672/49/827 1671/48/827
f 1675/52/828 1674/51/828 1673/50/828
f 1677/54/829 1676/53/829 1675/52/829
f 1679/56/4 1678/55/4 1677/54/4
f 1681/58/3 1680/57/3 1679/56/3
f 1904/59/112 1752/16/112 1903/16/112
f 1683/61/2 1682/60/2 1681/58/2
f 1/63/1 1684/62/1 1683/61/1
f 2188/27/830 1698/27/830 1651/27/830
f 1737/46/92 1708/48/92 1707/46/92
f 1703/38/831 1663/40/831 1661/38/831
f 1679/56/66 1713/58/66 1681/58/66
f 1693/17/832 2192/15/832 1692/15/832
f 81/31/833 1655/33/833 33/31/833
f 1708/48/834 1673/50/834 1671/48/834
f 1687/7/835 1631/9/835 1629/7/835
f 1647/23/836 2187/25/836 1649/25/836
f 1704/40/837 1665/42/837 1663/40/837
f 1681/58/59 1714/61/59 1683/61/59
f 1689/10/838 2179/10/838 1633/10/838
f 1700/33/839 1657/35/839 1655/33/839
f 1673/50/840 1710/52/840 1675/52/840
f 1631/9/841 1689/10/841 1633/10/841
f 2181/14/842 1639/15/842 1637/14/842
f 1705/42/843 1667/44/843 1665/42/843
f 65/1/844 1625/3/844 1/1/844
f 1683/61/51 65/63/51 1/63/51
f 1692/15/845 2191/14/845 1691/14/845
f 1701/35/846 1659/37/846 1657/35/846
f 1675/52/847 1711/54/847 1677/54/847
f 1691/14/848 2190/12/848 1690/12/848
f 1651/27/849 1699/29/849 1653/29/849
f 1706/44/850 1669/46/850 1667/44/850
f 1685/3/851 1627/5/851 1625/3/851
f 2183/17/852 1643/19/852 1641/17/852
f 1702/37/853 1661/38/853 1659/37/853
f 1677/54/41 1712/56/41 1679/56/41
f 2198/27/854 1697/25/854 1698/27/854
f 1653/29/855 81/31/855 33/31/855
f 1707/46/856 1671/48/856 1669/46/856
f 1686/5/857 1629/7/857 1627/5/857
f 1723/17/358 1978/19/358 1724/19/358
f 1695/21/91 1726/23/91 1696/23/91
f 1738/48/90 1709/50/90 1708/48/90
f 1696/23/89 1727/25/89 1697/25/89
f 1739/50/858 1710/52/858 1709/50/858
f 1697/25/87 1728/27/87 1698/27/87
f 65/1/86 1715/3/86 1685/3/86
f 1740/52/859 1711/54/859 1710/52/859
f 1698/27/84 1729/29/84 1699/29/84
f 1685/3/83 1716/5/83 1686/5/83
f 1741/54/82 1712/56/82 1711/54/82
f 1699/29/81 113/31/81 81/31/81
f 1686/5/80 1717/7/80 1687/7/80
f 1742/56/860 1713/58/860 1712/56/860
f 113/31/78 1700/33/78 81/31/78
f 1687/7/77 1718/9/77 1688/9/77
f 1743/58/861 1714/61/861 1713/58/861
f 1730/33/75 1701/35/75 1700/33/75
f 1688/9/74 1719/10/74 1689/10/74
f 1744/61/73 65/63/73 1714/61/73
f 1731/35/72 1702/37/72 1701/35/72
f 1689/10/71 1720/12/71 1690/12/71
f 1732/37/70 1703/38/70 1702/37/70
f 1690/12/69 1721/14/69 1691/14/69
f 1733/38/68 1704/40/68 1703/38/68
f 1691/14/35 1722/15/35 1692/15/35
f 1734/40/98 1705/42/98 1704/40/98
f 1692/15/97 1723/17/97 1693/17/97
f 1735/42/96 1706/44/96 1705/42/96
f 1693/17/95 1724/19/95 1694/19/95
f 1736/44/94 1707/46/94 1706/44/94
f 1694/19/93 1725/21/93 1695/21/93
f 1773/60/1141 1804/57/1141 1772/57/1141
f 1761/34/862 1905/64/862 1906/65/862
f 1770/53/863 1907/51/863 1908/53/863
f 1910/66/109 1748/8/109 1909/73/109
f 1935/20/864 1756/22/864 1755/20/864
f 1766/45/865 1913/43/865 1914/45/865
f 1915/2/106 129/67/106 301/67/106
f 129/68/866 1916/62/866 301/68/866
f 1924/20/867 1942/18/867 1917/18/867
f 1762/36/868 1906/65/868 1918/36/868
f 1771/55/869 1908/53/869 1919/55/869
f 1920/11/101 1749/66/101 1910/66/101
f 1921/28/100 1758/26/100 1912/26/100
f 1767/47/870 1914/45/870 1922/47/870
f 1923/4/130 1745/2/130 1915/2/130
f 1930/22/871 1943/20/871 1924/20/871
f 1763/39/872 1918/36/872 1925/39/872
f 1772/57/873 1919/55/873 1926/69/873
f 1927/70/126 1750/11/126 1920/11/126
f 315/30/125 1759/28/125 1921/28/125
f 1768/49/874 1922/47/874 1928/71/874
f 1929/6/123 1746/4/123 1923/4/123
f 1911/72/875 1944/22/875 1930/22/875
f 1764/41/876 1925/39/876 1931/41/876
f 1773/60/877 1926/69/877 1932/60/877
f 1903/16/119 1751/13/119 1927/70/119
f 1760/32/878 315/30/878 1905/64/878
f 1769/51/879 1928/71/879 1907/51/879
f 1909/73/116 1747/6/116 1929/6/116
f 1934/18/880 1755/20/880 1754/18/880
f 1765/43/881 1931/41/881 1913/43/881
f 1774/62/882 1932/60/882 1916/62/882
f 1792/32/1142 1823/30/1142 1791/30/1142
f 1792/32/1143 145/30/1143 1760/32/1143
f 1779/8/1144 1747/6/1144 1748/8/1144
f 1774/62/1145 1805/60/1145 1773/60/1145
f 1793/34/1146 1760/32/1146 1761/34/1146
f 1780/66/1147 1748/8/1147 1749/66/1147
f 129/68/1148 1806/62/1148 1774/62/1148
f 1762/36/1149 1793/34/1149 1761/34/1149
f 1781/11/1150 1749/66/1150 1750/11/1150
f 1763/39/1151 1794/36/1151 1762/36/1151
f 1782/13/1152 1750/11/1152 1751/13/1152
f 1764/41/1153 1795/39/1153 1763/39/1153
f 1783/16/1154 1751/13/1154 1752/16/1154
f 1765/43/1155 1796/41/1155 1764/41/1155
f 1784/59/1156 1752/16/1156 1753/59/1156
f 1766/45/1157 1797/43/1157 1765/43/1157
f 1785/18/1158 1753/59/1158 1754/18/1158
f 1767/47/1159 1798/45/1159 1766/45/1159
f 1786/20/1160 1754/18/1160 1755/20/1160
f 1768/49/1161 1799/47/1161 1767/47/1161
f 1787/22/1162 1755/20/1162 1756/22/1162
f 1769/51/1163 1800/49/1163 1768/49/1163
f 1788/24/1164 1756/22/1164 1757/24/1164
f 1770/53/1165 1801/51/1165 1769/51/1165
f 1789/26/1166 1757/24/1166 1758/26/1166
f 1745/2/1167 1775/67/1167 129/67/1167
f 1771/55/1168 1802/53/1168 1770/53/1168
f 1790/28/1169 1758/26/1169 1759/28/1169
f 1777/4/1170 1745/2/1170 1746/4/1170
f 1772/57/1171 1803/55/1171 1771/55/1171
f 1791/30/1172 1759/28/1172 145/30/1172
f 1778/6/1173 1746/4/1173 1747/6/1173
f 1827/39/1174 1858/36/1174 1826/36/1174
f 1811/8/1175 1778/6/1175 1779/8/1175
f 1806/62/1176 1837/60/1176 1805/60/1176
f 1793/34/1177 1824/32/1177 1792/32/1177
f 1812/66/1178 1779/8/1178 1780/66/1178
f 1775/68/1179 1838/62/1179 1806/62/1179
f 1794/36/1180 1825/34/1180 1793/34/1180
f 1813/11/1181 1780/66/1181 1781/11/1181
f 1795/39/1182 1826/36/1182 1794/36/1182
f 1814/13/1183 1781/11/1183 1782/13/1183
f 1796/41/1184 1827/39/1184 1795/39/1184
f 1815/16/1185 1782/13/1185 1783/16/1185
f 1797/43/1186 1828/41/1186 1796/41/1186
f 1816/59/1187 1783/16/1187 1784/59/1187
f 1798/45/1188 1829/43/1188 1797/43/1188
f 1817/18/1189 1784/59/1189 1785/18/1189
f 1799/47/1190 1830/45/1190 1798/45/1190
f 1818/20/1191 1785/18/1191 1786/20/1191
f 1800/49/1192 1831/47/1192 1799/47/1192
f 1819/22/1193 1786/20/1193 1787/22/1193
f 1801/51/1194 1832/49/1194 1800/49/1194
f 1820/24/1195 1787/22/1195 1788/24/1195
f 1802/53/1196 1833/51/1196 1801/51/1196
f 1821/26/1197 1788/24/1197 1789/26/1197
f 1808/2/1198 1775/67/1198 1776/2/1198
f 1803/55/1199 1834/53/1199 1802/53/1199
f 1822/28/1200 1789/26/1200 1790/28/1200
f 1809/4/1201 1776/2/1201 1777/4/1201
f 1804/57/1202 1835/55/1202 1803/55/1202
f 1823/30/1203 1790/28/1203 1791/30/1203
f 1810/6/1204 1777/4/1204 1778/6/1204
f 1805/60/1205 1836/57/1205 1804/57/1205
f 1862/45/1206 1893/43/1206 1861/43/1206
f 1846/13/1207 1813/11/1207 1814/13/1207
f 1828/41/1208 1859/39/1208 1827/39/1208
f 1847/16/1209 1814/13/1209 1815/16/1209
f 1829/43/1210 1860/41/1210 1828/41/1210
f 1848/59/1211 1815/16/1211 1816/59/1211
f 1830/45/1212 1861/43/1212 1829/43/1212
f 1849/18/1213 1816/59/1213 1817/18/1213
f 1831/47/1214 1862/45/1214 1830/45/1214
f 1850/20/1215 1817/18/1215 1818/20/1215
f 1832/49/1216 1863/47/1216 1831/47/1216
f 1851/22/1217 1818/20/1217 1819/22/1217
f 1833/51/1218 1864/49/1218 1832/49/1218
f 1852/24/1219 1819/22/1219 1820/24/1219
f 1834/53/1220 1865/51/1220 1833/51/1220
f 1853/26/1221 1820/24/1221 1821/26/1221
f 1840/2/1222 1807/67/1222 1808/2/1222
f 1835/55/1223 1866/53/1223 1834/53/1223
f 1854/28/1224 1821/26/1224 1822/28/1224
f 1841/4/1225 1808/2/1225 1809/4/1225
f 1836/57/1226 1867/55/1226 1835/55/1226
f 1855/30/1227 1822/28/1227 1823/30/1227
f 1842/6/1228 1809/4/1228 1810/6/1228
f 1837/60/1229 1868/57/1229 1836/57/1229
f 1824/32/1230 1855/30/1230 1823/30/1230
f 1843/8/1231 1810/6/1231 1811/8/1231
f 1838/62/1232 1869/60/1232 1837/60/1232
f 1825/34/1233 1856/32/1233 1824/32/1233
f 1844/66/1234 1811/8/1234 1812/66/1234
f 1807/68/1235 1870/62/1235 1838/62/1235
f 1826/36/1236 1857/34/1236 1825/34/1236
f 1845/11/1237 1812/66/1237 1813/11/1237
f 1894/45/1238 2257/43/1238 1893/43/1238
f 1881/18/1239 1848/59/1239 1849/18/1239
f 1863/47/1240 1894/45/1240 1862/45/1240
f 1882/20/1241 1849/18/1241 1850/20/1241
f 1896/49/1242 1863/47/1242 1864/49/1242
f 1883/22/1243 1850/20/1243 1851/22/1243
f 1897/51/1244 1864/49/1244 1865/51/1244
f 1884/24/1245 1851/22/1245 1852/24/1245
f 1898/53/1246 1865/51/1246 1866/53/1246
f 1885/26/1247 1852/24/1247 1853/26/1247
f 1840/2/1248 1871/67/1248 1839/67/1248
f 1899/55/1249 1866/53/1249 1867/55/1249
f 1886/28/1250 1853/26/1250 1854/28/1250
f 1841/4/1251 1872/2/1251 1840/2/1251
f 1900/57/1252 1867/55/1252 1868/57/1252
f 1887/30/1253 1854/28/1253 1855/30/1253
f 1842/6/1254 1873/4/1254 1841/4/1254
f 1901/60/1255 1868/57/1255 1869/60/1255
f 1856/32/1256 1887/30/1256 1855/30/1256
f 1843/8/1257 1874/6/1257 1842/6/1257
f 1902/62/1258 1869/60/1258 1870/62/1258
f 1857/34/1259 1888/32/1259 1856/32/1259
f 1844/66/1260 1875/8/1260 1843/8/1260
f 1871/68/1261 1870/62/1261 1839/68/1261
f 1858/36/1262 1889/34/1262 1857/34/1262
f 1845/11/1263 1876/66/1263 1844/66/1263
f 1859/39/1264 1890/36/1264 1858/36/1264
f 1846/13/1265 1877/11/1265 1845/11/1265
f 1860/41/1266 1891/39/1266 1859/39/1266
f 1847/16/1267 1878/13/1267 1846/13/1267
f 1861/43/1268 1892/41/1268 1860/41/1268
f 1880/59/1269 1847/16/1269 1848/59/1269
f 1684/62/276 1932/60/276 1682/60/276
f 1913/43/932 1664/41/932 1666/43/932
f 1650/24/274 1930/22/274 1648/22/274
f 1632/8/273 1929/6/273 1630/6/273
f 1907/51/933 1672/49/933 1674/51/933
f 1905/64/934 34/30/934 1656/32/934
f 1640/16/270 1927/70/270 1638/13/270
f 1932/60/935 1680/57/935 1682/60/935
f 1931/41/936 1662/39/936 1664/41/936
f 1648/22/267 1924/20/267 1646/20/267
f 1630/6/266 1923/4/266 1628/4/266
f 1928/71/937 1670/47/937 1672/49/937
f 34/30/264 1921/28/264 1654/28/264
f 1638/13/263 1920/11/263 1636/11/263
f 1926/69/938 1678/55/938 1680/57/938
f 1925/39/939 1660/36/939 1662/39/939
f 1646/20/260 1917/18/260 1644/18/260
f 1923/4/940 1626/2/940 1628/4/940
f 1922/47/941 1668/45/941 1670/47/941
f 1654/28/289 1912/26/289 1652/26/289
f 1636/11/288 1910/66/288 1634/66/288
f 1919/55/942 1676/53/942 1678/55/942
f 1918/36/943 1658/34/943 1660/36/943
f 1644/18/285 1904/59/285 1642/59/285
f 2/68/284 1916/62/284 1684/62/284
f 1915/2/944 2/67/944 1626/2/944
f 1914/45/945 1666/43/945 1668/45/945
f 1652/26/281 1911/72/281 1650/24/281
f 1634/66/280 1909/73/280 1632/8/280
f 1908/53/946 1674/51/946 1676/53/946
f 1906/65/947 1656/32/947 1658/34/947
f 1642/59/277 1903/16/277 1640/16/277
f 1941/26/948 1948/72/948 1940/72/948
f 1942/18/949 1933/59/949 1939/59/949
f 1943/20/950 1934/18/950 1942/18/950
f 1944/22/951 1935/20/951 1943/20/951
f 1944/22/952 1945/22/952 1936/22/952
f 1917/18/953 1939/59/953 1904/59/953
f 1904/59/954 1933/59/954 1753/59/954
f 1941/26/955 1911/72/955 1912/26/955
f 1756/22/956 1937/24/956 1757/24/956
f 1933/59/957 1754/18/957 1753/59/957
f 1758/26/958 1941/26/958 1912/26/958
f 1757/24/959 1938/26/959 1758/26/959
f 1956/22/960 1945/22/960 1950/22/960
f 1955/26/961 1948/72/961 1949/26/961
f 1946/24/962 1938/26/962 1937/24/962
f 1940/72/963 1950/22/963 1944/22/963
f 1947/26/964 1941/26/964 1938/26/964
f 1945/22/965 1937/24/965 1936/22/965
f 1953/26/966 1961/26/966 1955/26/966
f 1954/72/967 1962/22/967 1956/22/967
f 1951/22/968 1946/24/968 1945/22/968
f 1948/72/969 1956/22/969 1950/22/969
f 1947/26/970 1955/26/970 1949/26/970
f 1952/24/971 1947/26/971 1946/24/971
f 1968/22/972 1957/22/972 1962/22/972
f 1967/26/973 1960/72/973 1961/26/973
f 1958/24/974 1953/26/974 1952/24/974
f 1961/26/975 1954/72/975 1955/26/975
f 1962/22/976 1951/22/976 1956/22/976
f 1957/22/977 1952/24/977 1951/22/977
f 1967/26/978 1964/24/978 1966/72/978
f 1966/72/979 1963/22/979 1968/22/979
f 1963/22/980 1958/24/980 1957/22/980
f 1960/72/981 1968/22/981 1962/22/981
f 1959/26/982 1967/26/982 1961/26/982
f 1964/24/983 1959/26/983 1958/24/983
f 1982/27/368 2013/29/368 1983/29/368
f 1990/44/984 1737/46/984 1736/44/984
f 1724/19/356 1979/21/356 1725/21/356
f 1991/46/985 1738/48/985 1737/46/985
f 1725/21/354 1980/23/354 1726/23/354
f 1992/48/986 1739/50/986 1738/48/986
f 1726/23/352 1981/25/352 1727/25/352
f 1739/50/351 1994/52/351 1740/52/351
f 1727/25/350 1982/27/350 1728/27/350
f 357/1/987 1715/3/987 97/1/987
f 1740/52/348 1995/54/348 1741/54/348
f 1728/27/347 1983/29/347 1729/29/347
f 1969/3/988 1716/5/988 1715/3/988
f 1741/54/345 1996/56/345 1742/56/345
f 1729/29/344 373/31/344 113/31/344
f 1970/5/989 1717/7/989 1716/5/989
f 1742/56/342 1997/58/342 1743/58/342
f 373/31/990 1730/33/990 113/31/990
f 1971/7/991 1718/9/991 1717/7/991
f 1743/58/339 1998/61/339 1744/61/339
f 1984/33/992 1731/35/992 1730/33/992
f 1972/9/993 1719/10/993 1718/9/993
f 1744/61/336 357/63/336 97/63/336
f 1985/35/994 1732/37/994 1731/35/994
f 1973/10/995 1720/12/995 1719/10/995
f 1986/37/996 1733/38/996 1732/37/996
f 1720/12/332 1975/14/332 1721/14/332
f 1987/38/997 1734/40/997 1733/38/997
f 1721/14/330 1976/15/330 1722/15/330
f 1988/40/998 1735/42/998 1734/40/998
f 1722/15/328 1977/17/328 1723/17/328
f 1989/42/999 1736/44/999 1735/42/999
f 2028/61/410 421/63/410 389/63/410
f 1969/3/367 2000/5/367 1970/5/367
f 2025/54/1000 1996/56/1000 1995/54/1000
f 1983/29/365 405/31/365 373/31/365
f 1970/5/364 2001/7/364 1971/7/364
f 2026/56/1001 1997/58/1001 1996/56/1001
f 405/31/1002 1984/33/1002 373/31/1002
f 1971/7/361 2002/9/361 1972/9/361
f 2027/58/1003 1998/61/1003 1997/58/1003
f 2014/33/1004 1985/35/1004 1984/33/1004
f 1972/9/390 2003/10/390 1973/10/390
f 2028/61/1005 357/63/1005 1998/61/1005
f 2015/35/1006 1986/37/1006 1985/35/1006
f 1973/10/387 2004/12/387 1974/12/387
f 2016/37/1007 1987/38/1007 1986/37/1007
f 1974/12/385 2005/14/385 1975/14/385
f 2017/38/1008 1988/40/1008 1987/38/1008
f 1975/14/383 2006/15/383 1976/15/383
f 2018/40/1009 1989/42/1009 1988/40/1009
f 1976/15/381 2007/17/381 1977/17/381
f 2019/42/1010 1990/44/1010 1989/42/1010
f 1977/17/379 2008/19/379 1978/19/379
f 2020/44/1011 1991/46/1011 1990/44/1011
f 1978/19/377 2009/21/377 1979/21/377
f 2021/46/1012 1992/48/1012 1991/46/1012
f 1979/21/375 2010/23/375 1980/23/375
f 2022/48/1013 1993/50/1013 1992/48/1013
f 1980/23/373 2011/25/373 1981/25/373
f 2023/50/1014 1994/52/1014 1993/50/1014
f 1981/25/371 2012/27/371 1982/27/371
f 357/1/370 1999/3/370 1969/3/370
f 2024/52/1015 1995/54/1015 1994/52/1015
f 2048/40/428 2079/42/428 2049/42/428
f 2045/35/409 2016/37/409 2015/35/409
f 2033/10/408 2004/12/408 2003/10/408
f 2046/37/407 2017/38/407 2016/37/407
f 2004/12/406 2035/14/406 2005/14/406
f 2047/38/405 2018/40/405 2017/38/405
f 2005/14/404 2036/15/404 2006/15/404
f 2048/40/1016 2019/42/1016 2018/40/1016
f 2006/15/402 2037/17/402 2007/17/402
f 2049/42/401 2020/44/401 2019/42/401
f 2007/17/400 2038/19/400 2008/19/400
f 2050/44/399 2021/46/399 2020/44/399
f 2008/19/398 2039/21/398 2009/21/398
f 2051/46/397 2022/48/397 2021/46/397
f 2009/21/396 2040/23/396 2010/23/396
f 2052/48/1017 2023/50/1017 2022/48/1017
f 2010/23/394 2041/25/394 2011/25/394
f 2023/50/393 2054/52/393 2024/52/393
f 2011/25/392 2042/27/392 2012/27/392
f 421/1/359 1999/3/359 389/1/359
f 2024/52/422 2055/54/422 2025/54/422
f 2012/27/421 2043/29/421 2013/29/421
f 2029/3/420 2000/5/420 1999/3/420
f 2025/54/419 2056/56/419 2026/56/419
f 2013/29/418 437/31/418 405/31/418
f 2030/5/417 2001/7/417 2000/5/417
f 2026/56/416 2057/58/416 2027/58/416
f 437/31/415 2014/33/415 405/31/415
f 2031/7/1018 2002/9/1018 2001/7/1018
f 2027/58/413 2058/61/413 2028/61/413
f 2044/33/412 2015/35/412 2014/33/412
f 2032/9/411 2003/10/411 2002/9/411
f 2081/46/480 2112/48/480 2082/48/480
f 2036/15/427 2067/17/427 2037/17/427
f 2049/42/426 2080/44/426 2050/44/426
f 2067/17/425 2038/19/425 2037/17/425
f 2080/44/424 2051/46/424 2050/44/424
f 2068/19/391 2039/21/391 2038/19/391
f 2051/46/454 2082/48/454 2052/48/454
f 2069/21/453 2040/23/453 2039/21/453
f 2052/48/452 2083/50/452 2053/50/452
f 2040/23/451 2071/25/451 2041/25/451
f 2083/50/450 2054/52/450 2053/50/450
f 2041/25/449 2072/27/449 2042/27/449
f 453/1/448 2029/3/448 421/1/448
f 2084/52/447 2055/54/447 2054/52/447
f 2072/27/446 2043/29/446 2042/27/446
f 2029/3/1019 2060/5/1019 2030/5/1019
f 2085/54/444 2056/56/444 2055/54/444
f 2043/29/443 469/31/443 437/31/443
f 2030/5/442 2061/7/442 2031/7/442
f 2086/56/441 2057/58/441 2056/56/441
f 469/31/440 2044/33/440 437/31/440
f 2031/7/439 2062/9/439 2032/9/439
f 2057/58/438 2088/61/438 2058/61/438
f 2074/33/437 2045/35/437 2044/33/437
f 2062/9/436 2033/10/436 2032/9/436
f 2058/61/435 453/63/435 421/63/435
f 2075/35/434 2046/37/434 2045/35/434
f 2033/10/433 2064/12/433 2034/12/433
f 2076/37/432 2047/38/432 2046/37/432
f 2064/12/431 2035/14/431 2034/12/431
f 2077/38/430 2048/40/430 2047/38/430
f 2065/14/429 2036/15/429 2035/14/429
f 485/1/500 2119/3/500 2089/3/500
f 2099/21/1020 2070/23/1020 2069/21/1020
f 2082/48/1021 2113/50/1021 2083/50/1021
f 2100/23/477 2071/25/477 2070/23/477
f 2113/50/476 2084/52/476 2083/50/476
f 2101/25/475 2072/27/475 2071/25/475
f 453/1/474 2089/3/474 2059/3/474
f 2114/52/473 2085/54/473 2084/52/473
f 2102/27/472 2073/29/472 2072/27/472
f 2059/3/471 2090/5/471 2060/5/471
f 2115/54/470 2086/56/470 2085/54/470
f 2103/29/469 469/31/469 2073/29/469
f 2060/5/468 2091/7/468 2061/7/468
f 2116/56/467 2087/58/467 2086/56/467
f 469/31/466 2104/33/466 2074/33/466
f 2061/7/465 2092/9/465 2062/9/465
f 2117/58/464 2088/61/464 2087/58/464
f 2074/33/463 2105/35/463 2075/35/463
f 2062/9/462 2093/10/462 2063/10/462
f 2118/61/461 453/63/461 2088/61/461
f 2075/35/460 2106/37/460 2076/37/460
f 2063/10/459 2094/12/459 2064/12/459
f 2076/37/458 2107/38/458 2077/38/458
f 2094/12/1022 2065/14/1022 2064/12/1022
f 2077/38/456 2108/40/456 2078/40/456
f 2095/14/423 2066/15/423 2065/14/423
f 2078/40/486 2109/42/486 2079/42/486
f 2096/15/485 2067/17/485 2066/15/485
f 2079/42/484 2110/44/484 2080/44/484
f 2097/17/483 2068/19/483 2067/17/483
f 2080/44/482 2111/46/482 2081/46/482
f 2098/19/1023 2069/21/1023 2068/19/1023
f 2121/7/546 2152/9/546 2122/9/546
f 2144/52/499 2115/54/499 2114/52/499
f 2102/27/498 2133/29/498 2103/29/498
f 2089/3/497 2120/5/497 2090/5/497
f 2145/54/496 2116/56/496 2115/54/496
f 2103/29/495 533/31/495 501/31/495
f 2090/5/494 2121/7/494 2091/7/494
f 2146/56/493 2117/58/493 2116/56/493
f 533/31/492 2104/33/492 501/31/492
f 2091/7/491 2122/9/491 2092/9/491
f 2147/58/490 2118/61/490 2117/58/490
f 2134/33/1024 2105/35/1024 2104/33/1024
f 2092/9/488 2123/10/488 2093/10/488
f 2148/61/1025 485/63/1025 2118/61/1025
f 2135/35/1026 2106/37/1026 2105/35/1026
f 2093/10/517 2124/12/517 2094/12/517
f 2136/37/1027 2107/38/1027 2106/37/1027
f 2094/12/515 2125/14/515 2095/14/515
f 2137/38/514 2108/40/514 2107/38/514
f 2095/14/513 2126/15/513 2096/15/513
f 2138/40/512 2109/42/512 2108/40/512
f 2096/15/511 2127/17/511 2097/17/511
f 2139/42/510 2110/44/510 2109/42/510
f 2097/17/509 2128/19/509 2098/19/509
f 2140/44/508 2111/46/508 2110/44/508
f 2098/19/507 2129/21/507 2099/21/507
f 2141/46/506 2112/48/506 2111/46/506
f 2099/21/505 2130/23/505 2100/23/505
f 2142/48/504 2113/50/504 2112/48/504
f 2100/23/503 2131/25/503 2101/25/503
f 2143/50/502 2114/52/502 2113/50/502
f 2101/25/501 2132/27/501 2102/27/501
f 2151/80/519 2150/81/519 2161/82/519
f 2177/58/1028 2148/61/1028 2147/58/1028
f 2164/33/544 2135/35/544 2134/33/544
f 2122/9/543 2153/10/543 2123/10/543
f 2178/61/542 517/63/542 2148/61/542
f 2165/35/1029 2136/37/1029 2135/35/1029
f 2123/10/540 2154/12/540 2124/12/540
f 2166/37/1030 2137/38/1030 2136/37/1030
f 2124/12/538 2155/14/538 2125/14/538
f 2167/38/537 2138/40/537 2137/38/537
f 2125/14/536 2156/15/536 2126/15/536
f 2168/40/1031 2139/42/1031 2138/40/1031
f 2126/15/534 2157/17/534 2127/17/534
f 2169/42/533 2140/44/533 2139/42/533
f 2127/17/532 2158/19/532 2128/19/532
f 2170/44/531 2141/46/531 2140/44/531
f 2128/19/530 2159/21/530 2129/21/530
f 2171/46/1032 2142/48/1032 2141/46/1032
f 2129/21/528 2160/23/528 2130/23/528
f 2172/48/527 2143/50/527 2142/48/527
f 2130/23/1033 2161/25/1033 2131/25/1033
f 2173/50/525 2144/52/525 2143/50/525
f 2131/25/524 2162/27/524 2132/27/524
f 517/1/523 2149/3/523 2119/3/523
f 2174/52/1034 2145/54/1034 2144/52/1034
f 2132/27/521 2163/29/521 2133/29/521
f 2119/3/520 2150/5/520 2120/5/520
f 2175/54/1035 2146/56/1035 2145/54/1035
f 2163/29/550 533/31/550 2133/29/550
f 2120/5/549 2151/7/549 2121/7/549
f 2176/56/548 2147/58/548 2146/56/548
f 533/31/547 2164/33/547 2134/33/547
f 2185/21/1036 2196/23/1036 2186/23/1036
f 2181/14/1037 2192/15/1037 2182/15/1037
f 2198/27/1038 2203/25/1038 2197/25/1038
f 2182/15/1039 2193/17/1039 2183/17/1039
f 2200/25/1040 2188/27/1040 2187/25/1040
f 2183/17/1041 2194/19/1041 2184/19/1041
f 2189/10/1042 2180/12/1042 2179/10/1042
f 2184/19/1043 2195/21/1043 2185/21/1043
f 2180/12/1044 2191/14/1044 2181/14/1044
f 2179/10/1045 1635/12/1045 1633/10/1045
f 1694/19/1046 2193/17/1046 1693/17/1046
f 1643/19/1047 2185/21/1047 1645/21/1047
f 2195/21/1048 1694/19/1048 1695/21/1048
f 2182/15/1049 1641/17/1049 1639/15/1049
f 1649/25/1050 2188/27/1050 1651/27/1050
f 2196/23/1051 1695/21/1051 1696/23/1051
f 2180/12/1052 1637/14/1052 1635/12/1052
f 2197/25/1053 1696/23/1053 1697/25/1053
f 1645/21/1054 2186/23/1054 1647/23/1054
f 1690/12/1055 2189/10/1055 1689/10/1055
f 2206/25/1056 2201/27/1056 2200/25/1056
f 2204/27/1057 2209/25/1057 2203/25/1057
f 2202/23/1058 2186/23/1058 2196/23/1058
f 2199/23/1059 2187/25/1059 2186/23/1059
f 2197/25/1060 2202/23/1060 2196/23/1060
f 2188/27/1061 2204/27/1061 2198/27/1061
f 2212/25/1062 2207/27/1062 2206/25/1062
f 2210/27/1063 2215/25/1063 2209/25/1063
f 2207/27/1064 2204/27/1064 2201/27/1064
f 2202/23/1065 2205/23/1065 2199/23/1065
f 2203/25/1066 2208/23/1066 2202/23/1066
f 2205/23/1067 2200/25/1067 2199/23/1067
f 2220/23/1068 2211/23/1068 2214/23/1068
f 2213/27/1069 2222/27/1069 2216/27/1069
f 2207/27/1070 2216/27/1070 2210/27/1070
f 2214/23/1071 2205/23/1071 2208/23/1071
f 2209/25/1072 2214/23/1072 2208/23/1072
f 2211/23/1073 2206/25/1073 2205/23/1073
f 2224/25/1074 2219/27/1074 2218/25/1074
f 2222/27/1075 2227/25/1075 2221/25/1075
f 2215/25/1076 2220/23/1076 2214/23/1076
f 2217/23/1077 2212/25/1077 2211/23/1077
f 2216/27/1078 2221/25/1078 2215/25/1078
f 2218/25/1079 2213/27/1079 2212/25/1079
f 2232/23/1080 2223/23/1080 2226/23/1080
f 2225/27/1081 2234/27/1081 2228/27/1081
f 2219/27/1082 2228/27/1082 2222/27/1082
f 2226/23/1083 2217/23/1083 2220/23/1083
f 2221/25/1084 2226/23/1084 2220/23/1084
f 2223/23/1085 2218/25/1085 2217/23/1085
f 2232/23/1086 2230/25/1086 2229/23/1086
f 2230/25/1087 2234/27/1087 2231/27/1087
f 2227/25/1088 2232/23/1088 2226/23/1088
f 2229/23/1089 2224/25/1089 2223/23/1089
f 2228/27/1090 2233/25/1090 2227/25/1090
f 2230/25/1091 2225/27/1091 2224/25/1091
f 2248/24/1270 2279/22/1270 2247/22/1270
f 2245/18/1271 1880/59/1271 1881/18/1271
f 1895/47/1272 2258/45/1272 1894/45/1272
f 1882/20/1273 2245/18/1273 1881/18/1273
f 2260/49/1274 1895/47/1274 1896/49/1274
f 2247/22/1275 1882/20/1275 1883/22/1275
f 1897/51/1276 2260/49/1276 1896/49/1276
f 2248/24/1277 1883/22/1277 1884/24/1277
f 2262/53/1278 1897/51/1278 1898/53/1278
f 1885/26/1279 2248/24/1279 1884/24/1279
f 1872/2/1280 2235/67/1280 1871/67/1280
f 1899/55/1281 2262/53/1281 1898/53/1281
f 2250/28/1282 1885/26/1282 1886/28/1282
f 2237/4/1283 1872/2/1283 1873/4/1283
f 1900/57/1284 2263/55/1284 1899/55/1284
f 1887/30/1285 2250/28/1285 1886/28/1285
f 1874/6/1286 2237/4/1286 1873/4/1286
f 2265/60/1287 1900/57/1287 1901/60/1287
f 2252/32/1288 1887/30/1288 1888/32/1288
f 1875/8/1289 2238/6/1289 1874/6/1289
f 1902/62/1290 2265/60/1290 1901/60/1290
f 1889/34/1291 2252/32/1291 1888/32/1291
f 2240/66/1292 1875/8/1292 1876/66/1292
f 2235/68/1293 1902/62/1293 1871/68/1293
f 2254/36/1294 1889/34/1294 1890/36/1294
f 1877/11/1295 2240/66/1295 1876/66/1295
f 2255/39/1296 1890/36/1296 1891/39/1296
f 2242/13/1297 1877/11/1297 1878/13/1297
f 1892/41/1298 2255/39/1298 1891/39/1298
f 1879/16/1299 2242/13/1299 1878/13/1299
f 2257/43/1300 1892/41/1300 1893/43/1300
f 2244/59/1301 1879/16/1301 1880/59/1301
f 2283/30/1302 2409/28/1302 2282/28/1302
f 2262/53/1303 2293/51/1303 2261/51/1303
f 2249/26/1304 2280/24/1304 2248/24/1304
f 2268/2/1305 2235/67/1305 2236/2/1305
f 2263/55/1306 2294/53/1306 2262/53/1306
f 2250/28/1307 2281/26/1307 2249/26/1307
f 2269/4/1308 2236/2/1308 2237/4/1308
f 2264/57/1309 2295/55/1309 2263/55/1309
f 2251/30/1310 2282/28/1310 2250/28/1310
f 2270/6/1311 2237/4/1311 2238/6/1311
f 2265/60/1312 2296/57/1312 2264/57/1312
f 2284/32/1313 2251/30/1313 2252/32/1313
f 2271/8/1314 2238/6/1314 2239/8/1314
f 2266/62/1315 2297/60/1315 2265/60/1315
f 2285/34/1316 2252/32/1316 2253/34/1316
f 2272/66/1317 2239/8/1317 2240/66/1317
f 2235/68/1318 2298/62/1318 2266/62/1318
f 2286/36/1319 2253/34/1319 2254/36/1319
f 2273/11/1320 2240/66/1320 2241/11/1320
f 2287/39/1321 2254/36/1321 2255/39/1321
f 2274/13/1322 2241/11/1322 2242/13/1322
f 2288/41/1323 2255/39/1323 2256/41/1323
f 2275/16/1324 2242/13/1324 2243/16/1324
f 2289/43/1325 2256/41/1325 2257/43/1325
f 2244/59/1326 2275/16/1326 2243/16/1326
f 2290/45/1327 2257/43/1327 2258/45/1327
f 2245/18/1328 2276/59/1328 2244/59/1328
f 2291/47/1329 2258/45/1329 2259/47/1329
f 2246/20/1330 2277/18/1330 2245/18/1330
f 2260/49/1331 2291/47/1331 2259/47/1331
f 2247/22/1332 2278/20/1332 2246/20/1332
f 2261/51/1333 2292/49/1333 2260/49/1333
f 2318/36/1334 2349/34/1334 2317/34/1334
f 2270/6/1335 2301/4/1335 2269/4/1335
f 2329/60/1336 2296/57/1336 2297/60/1336
f 2316/32/1337 2419/34/1337 2317/34/1337
f 2271/8/1338 2302/6/1338 2270/6/1338
f 2330/62/1339 2297/60/1339 2298/62/1339
f 2282/28/1340 2408/26/1340 2281/26/1340
f 2305/11/1341 2397/11/1341 2273/11/1341
f 2299/68/1342 2298/62/1342 2267/68/1342
f 2315/30/1343 2418/32/1343 2316/32/1343
f 2304/66/1344 2400/11/1344 2305/11/1344
f 2287/39/1345 2318/36/1345 2286/36/1345
f 2306/13/1346 2273/11/1346 2274/13/1346
f 2288/41/1347 2319/39/1347 2287/39/1347
f 2307/16/1348 2274/13/1348 2275/16/1348
f 2289/43/1349 2320/41/1349 2288/41/1349
f 2308/59/1350 2275/16/1350 2276/59/1350
f 2290/45/1351 2321/43/1351 2289/43/1351
f 2309/18/1352 2276/59/1352 2277/18/1352
f 2291/47/1353 2322/45/1353 2290/45/1353
f 2310/20/1354 2277/18/1354 2278/20/1354
f 2292/49/1355 2323/47/1355 2291/47/1355
f 2311/22/1356 2278/20/1356 2279/22/1356
f 2293/51/1357 2324/49/1357 2292/49/1357
f 2312/24/1358 2279/22/1358 2280/24/1358
f 2326/53/1359 2293/51/1359 2294/53/1359
f 2281/26/1360 2407/24/1360 2280/24/1360
f 2268/2/1361 2299/67/1361 2267/67/1361
f 2327/55/1362 2294/53/1362 2295/55/1362
f 2416/28/1363 2315/30/1363 2314/28/1363
f 2269/4/1364 2300/2/1364 2268/2/1364
f 2328/57/1365 2295/55/1365 2296/57/1365
f 2353/43/1366 2384/41/1366 2352/41/1366
f 2305/11/1367 2336/66/1367 2304/66/1367
f 2319/39/1368 2350/36/1368 2318/36/1368
f 2306/13/1369 2337/11/1369 2305/11/1369
f 2352/41/1370 2319/39/1370 2320/41/1370
f 2307/16/1371 2338/13/1371 2306/13/1371
f 2353/43/1372 2320/41/1372 2321/43/1372
f 2308/59/1373 2339/16/1373 2307/16/1373
f 2354/45/1374 2321/43/1374 2322/45/1374
f 2309/18/1375 2340/59/1375 2308/59/1375
f 2355/47/1376 2322/45/1376 2323/47/1376
f 2310/20/1377 2341/18/1377 2309/18/1377
f 2356/49/1378 2323/47/1378 2324/49/1378
f 2311/22/1379 2342/20/1379 2310/20/1379
f 2357/51/1380 2324/49/1380 2325/51/1380
f 2344/24/1381 2311/22/1381 2312/24/1381
f 2358/53/1382 2325/51/1382 2326/53/1382
f 2345/26/1383 2312/24/1383 2313/26/1383
f 2300/2/1384 2331/67/1384 2299/67/1384
f 2359/55/1385 2326/53/1385 2327/55/1385
f 2346/28/1386 2313/26/1386 2314/28/1386
f 2301/4/1387 2332/2/1387 2300/2/1387
f 2360/57/1388 2327/55/1388 2328/57/1388
f 2347/30/1389 2314/28/1389 2315/30/1389
f 2302/6/1390 2333/4/1390 2301/4/1390
f 2361/60/1391 2328/57/1391 2329/60/1391
f 2316/32/1392 2347/30/1392 2315/30/1392
f 2303/8/1393 2334/6/1393 2302/6/1393
f 2362/62/1394 2329/60/1394 2330/62/1394
f 2317/34/1395 2348/32/1395 2316/32/1395
f 2304/66/1396 2335/8/1396 2303/8/1396
f 2331/68/1397 2330/62/1397 2299/68/1397
f 2393/83/1398 2394/84/1398 2364/85/1398
f 2372/59/1399 2339/16/1399 2340/59/1399
f 2354/45/1400 2385/43/1400 2353/43/1400
f 2373/18/1401 2340/59/1401 2341/18/1401
f 2355/47/1402 2386/45/1402 2354/45/1402
f 2374/20/1403 2341/18/1403 2342/20/1403
f 2388/49/1404 2355/47/1404 2356/49/1404
f 2375/22/1405 2342/20/1405 2343/22/1405
f 2389/51/1406 2356/49/1406 2357/51/1406
f 2376/24/1407 2343/22/1407 2344/24/1407
f 2390/53/1408 2357/51/1408 2358/53/1408
f 2377/26/1409 2344/24/1409 2345/26/1409
f 2332/2/1410 2363/67/1410 2331/67/1410
f 2391/55/1411 2358/53/1411 2359/55/1411
f 2378/28/1412 2345/26/1412 2346/28/1412
f 2333/4/1413 2364/2/1413 2332/2/1413
f 2392/57/1414 2359/55/1414 2360/57/1414
f 2379/30/1415 2346/28/1415 2347/30/1415
f 2334/6/1416 2365/4/1416 2333/4/1416
f 2393/60/1417 2360/57/1417 2361/60/1417
f 2348/32/1418 2379/30/1418 2347/30/1418
f 2335/8/1419 2366/6/1419 2334/6/1419
f 2394/62/1420 2361/60/1420 2362/62/1420
f 2349/34/1421 2380/32/1421 2348/32/1421
f 2336/66/1422 2367/8/1422 2335/8/1422
f 2363/68/1423 2362/62/1423 2331/68/1423
f 2350/36/1424 2381/34/1424 2349/34/1424
f 2337/11/1425 2368/66/1425 2336/66/1425
f 2351/39/1426 2382/36/1426 2350/36/1426
f 2338/13/1427 2369/11/1427 2337/11/1427
f 2352/41/1428 2383/39/1428 2351/39/1428
f 2339/16/1429 2370/13/1429 2338/13/1429
f 2403/11/1430 2396/66/1430 2397/11/1430
f 2399/66/1431 2406/11/1431 2400/11/1431
f 2395/8/1432 2303/8/1432 2271/8/1432
f 2396/66/1433 2271/8/1433 2272/66/1433
f 2303/8/1434 2399/66/1434 2304/66/1434
f 2397/11/1435 2272/66/1435 2273/11/1435
f 2402/66/1436 2404/8/1436 2401/8/1436
f 2403/11/1437 2405/66/1437 2402/66/1437
f 2400/11/1438 2403/11/1438 2397/11/1438
f 2401/8/1439 2398/8/1439 2395/8/1439
f 2398/8/1440 2405/66/1440 2399/66/1440
f 2402/66/1441 2395/8/1441 2396/66/1441
f 2434/36/1442 2413/36/1442 2420/36/1442
f 2409/28/1443 2422/26/1443 2408/26/1443
f 2430/28/1444 2417/30/1444 2416/28/1444
f 2408/26/1445 2421/24/1445 2407/24/1445
f 2429/26/1446 2416/28/1446 2415/26/1446
f 2428/24/1447 2415/26/1447 2414/24/1447
f 2317/34/1448 2420/36/1448 2318/36/1448
f 2411/32/1449 2283/30/1449 2284/32/1449
f 2412/34/1450 2284/32/1450 2285/34/1450
f 2414/24/1451 2313/26/1451 2312/24/1451
f 2413/36/1452 2285/34/1452 2286/36/1452
f 2415/26/1453 2314/28/1453 2313/26/1453
f 2420/36/1454 2286/36/1454 2318/36/1454
f 2280/24/1455 2414/24/1455 2312/24/1455
f 2431/30/1456 2423/28/1456 2424/30/1456
f 2425/32/1457 2431/30/1457 2424/30/1457
f 2426/34/1458 2432/32/1458 2425/32/1458
f 2427/36/1459 2433/34/1459 2426/34/1459
f 2429/26/1460 2421/24/1460 2422/26/1460
f 2430/28/1461 2422/26/1461 2423/28/1461
f 2417/30/1462 2432/32/1462 2418/32/1462
f 2410/30/1463 2423/28/1463 2409/28/1463
f 2407/24/1464 2428/24/1464 2414/24/1464
f 2418/32/1465 2433/34/1465 2419/34/1465
f 2425/32/1466 2410/30/1466 2411/32/1466
f 2419/34/1467 2434/36/1467 2420/36/1467
f 2426/34/1468 2411/32/1468 2412/34/1468
f 2427/36/1469 2412/34/1469 2413/36/1469
f 1/1/1 2436/2/1 2435/3/1
f 2435/3/2 2438/4/2 2437/5/2
f 2437/5/3 2440/6/3 2439/7/3
f 2439/7/4 2442/8/4 2441/9/4
f 2442/8/5 2443/10/5 2441/9/5
f 2443/10/6 2446/11/6 2445/12/6
f 2445/12/7 2448/13/7 2447/14/7
f 2448/13/8 2449/15/8 2447/14/8
f 2450/16/9 2451/17/9 2449/15/9
f 2451/17/10 2454/18/10 2453/19/10
f 2453/19/11 2456/20/11 2455/21/11
f 2455/21/12 2458/22/12 2457/23/12
f 2457/23/13 2460/24/13 2459/25/13
f 2459/25/14 2462/26/14 2461/27/14
f 2461/27/15 2464/28/15 2463/29/15
f 2463/29/16 34/30/16 33/31/16
f 33/31/17 2466/32/17 2465/33/17
f 2465/33/18 2468/34/18 2467/35/18
f 2467/35/19 2470/36/19 2469/37/19
f 2470/36/20 2471/38/20 2469/37/20
f 2472/39/21 2473/40/21 2471/38/21
f 2474/41/22 2475/42/22 2473/40/22
f 2476/43/23 2477/44/23 2475/42/23
f 2478/45/24 2479/46/24 2477/44/24
f 2480/47/25 2481/48/25 2479/46/25
f 2482/49/26 2483/50/26 2481/48/26
f 2484/51/27 2485/52/27 2483/50/27
f 2486/53/28 2487/54/28 2485/52/28
f 2488/55/29 2489/56/29 2487/54/29
f 2490/57/30 2491/58/30 2489/56/30
f 2706/59/31 2562/16/31 2563/59/31
f 2492/60/32 2493/61/32 2491/58/32
f 2494/62/33 1/63/33 2493/61/33
f 2508/27/34 2990/27/34 2461/27/34
f 2518/48/35 2547/46/35 2517/46/35
f 2473/40/36 2513/38/36 2471/38/36
f 2489/56/37 2523/58/37 2522/56/37
f 2503/17/38 2994/15/38 2995/17/38
f 2465/33/39 81/31/39 33/31/39
f 2483/50/40 2518/48/40 2481/48/40
f 2441/9/41 2497/7/41 2439/7/41
f 2457/23/42 2989/25/42 2988/23/42
f 2475/42/43 2514/40/43 2473/40/43
f 2491/58/44 2524/61/44 2523/58/44
f 2499/10/45 2981/10/45 2991/10/45
f 2467/35/46 2510/33/46 2465/33/46
f 2483/50/47 2520/52/47 2519/50/47
f 2441/9/48 2499/10/48 2498/9/48
f 2449/15/49 2983/14/49 2447/14/49
f 2477/44/50 2515/42/50 2475/42/50
f 2435/3/51 65/1/51 1/1/51
f 2493/61/52 65/63/52 2524/61/52
f 2502/15/53 2993/14/53 2994/15/53
f 2469/37/54 2511/35/54 2467/35/54
f 2485/52/55 2521/54/55 2520/52/55
f 2501/14/56 2992/12/56 2993/14/56
f 2461/27/57 2509/29/57 2508/27/57
f 2479/46/58 2516/44/58 2477/44/58
f 2437/5/59 2495/3/59 2435/3/59
f 2453/19/60 2985/17/60 2451/17/60
f 2471/38/61 2512/37/61 2469/37/61
f 2487/54/62 2522/56/62 2521/54/62
f 2507/25/63 3000/27/63 2508/27/63
f 2463/29/64 81/31/64 2509/29/64
f 2481/48/65 2517/46/65 2479/46/65
f 2439/7/66 2496/5/66 2437/5/66
f 2533/17/67 2780/19/67 2779/17/67
f 2505/21/68 2536/23/68 2535/21/68
f 2519/50/69 2548/48/69 2518/48/69
f 2506/23/70 2537/25/70 2536/23/70
f 2520/52/71 2549/50/71 2519/50/71
f 2507/25/72 2538/27/72 2537/25/72
f 65/1/73 2525/3/73 97/1/73
f 2521/54/74 2550/52/74 2520/52/74
f 2508/27/75 2539/29/75 2538/27/75
f 2495/3/76 2526/5/76 2525/3/76
f 2522/56/77 2551/54/77 2521/54/77
f 2509/29/78 113/31/78 2539/29/78
f 2496/5/79 2527/7/79 2526/5/79
f 2523/58/80 2552/56/80 2522/56/80
f 2510/33/81 113/31/81 81/31/81
f 2497/7/82 2528/9/82 2527/7/82
f 2524/61/83 2553/58/83 2523/58/83
f 2511/35/84 2540/33/84 2510/33/84
f 2498/9/85 2529/10/85 2528/9/85
f 65/63/86 2554/61/86 2524/61/86
f 2512/37/87 2541/35/87 2511/35/87
f 2499/10/88 2530/12/88 2529/10/88
f 2513/38/89 2542/37/89 2512/37/89
f 2500/12/90 2531/14/90 2530/12/90
f 2514/40/91 2543/38/91 2513/38/91
f 2501/14/92 2532/15/92 2531/14/92
f 2515/42/93 2544/40/93 2514/40/93
f 2502/15/94 2533/17/94 2532/15/94
f 2516/44/95 2545/42/95 2515/42/95
f 2503/17/96 2534/19/96 2533/17/96
f 2517/46/97 2546/44/97 2516/44/97
f 2504/19/98 2535/21/98 2534/19/98
f 2583/60/1470 2612/57/1470 2613/60/1470
f 2707/64/100 2571/34/100 2708/65/100
f 2709/51/101 2580/53/101 2710/53/101
f 2712/66/102 2558/8/102 2559/66/102
f 2566/22/103 2737/20/103 2565/20/103
f 2715/43/104 2576/45/104 2716/45/104
f 2717/2/105 129/67/105 2555/2/105
f 2718/62/106 129/68/106 301/68/106
f 2726/20/107 2744/18/107 2745/20/107
f 2708/65/108 2572/36/108 2720/36/108
f 2710/53/109 2581/55/109 2721/55/109
f 2722/11/110 2559/66/110 2560/11/110
f 2723/28/111 2568/26/111 2569/28/111
f 2716/45/112 2577/47/112 2724/47/112
f 2725/4/113 2555/2/113 2556/4/113
f 2732/22/114 2745/20/114 2746/22/114
f 2720/36/115 2573/39/115 2727/39/115
f 2721/55/116 2582/57/116 2728/69/116
f 2729/70/117 2560/11/117 2561/13/117
f 315/30/118 2569/28/118 145/30/118
f 2724/47/119 2578/49/119 2730/71/119
f 2731/6/120 2556/4/120 2557/6/120
f 2713/72/121 2746/22/121 2742/72/121
f 2727/39/122 2574/41/122 2733/41/122
f 2728/69/123 2583/60/123 2734/60/123
f 2705/16/124 2561/13/124 2562/16/124
f 315/30/125 2570/32/125 2707/64/125
f 2730/71/126 2579/51/126 2709/51/126
f 2711/73/127 2557/6/127 2558/8/127
f 2565/20/128 2736/18/128 2564/18/128
f 2733/41/129 2575/43/129 2715/43/129
f 2734/60/130 2584/62/130 2718/62/130
f 2600/32/1471 1823/30/1471 2630/32/1471
f 2570/32/1472 1791/30/1472 2600/32/1472
f 2557/6/1171 2588/8/1171 2558/8/1171
f 2584/62/1473 2613/60/1473 2614/62/1473
f 2571/34/1474 2600/32/1474 2601/34/1474
f 2558/8/1168 2589/66/1168 2559/66/1168
f 2584/62/1167 1775/68/1167 129/68/1167
f 2572/36/1475 2601/34/1475 2602/36/1475
f 2559/66/1165 2590/11/1165 2560/11/1165
f 2573/39/1476 2602/36/1476 2603/39/1476
f 2560/11/1163 2591/13/1163 2561/13/1163
f 2574/41/1477 2603/39/1477 2604/41/1477
f 2561/13/1161 2592/16/1161 2562/16/1161
f 2575/43/1478 2604/41/1478 2605/43/1478
f 2562/16/1159 2593/59/1159 2563/59/1159
f 2576/45/1479 2605/43/1479 2606/45/1479
f 2563/59/1157 2594/18/1157 2564/18/1157
f 2577/47/1480 2606/45/1480 2607/47/1480
f 2564/18/1155 2595/20/1155 2565/20/1155
f 2578/49/1481 2607/47/1481 2608/49/1481
f 2565/20/1482 2596/22/1482 2566/22/1482
f 2579/51/1483 2608/49/1483 2609/51/1483
f 2566/22/1151 2597/24/1151 2567/24/1151
f 2580/53/1484 2609/51/1484 2610/53/1484
f 2567/24/1149 2598/26/1149 2568/26/1149
f 129/67/1148 2585/2/1148 2555/2/1148
f 2581/55/1485 2610/53/1485 2611/55/1485
f 2569/28/1486 2598/26/1486 2599/28/1486
f 2555/2/1145 2586/4/1145 2556/4/1145
f 2582/57/1487 2611/55/1487 2612/57/1487
f 145/30/1488 2599/28/1488 1791/30/1488
f 2556/4/1141 2587/6/1141 2557/6/1141
f 2633/39/1489 2662/36/1489 2663/39/1489
f 2587/6/1202 2618/8/1202 2588/8/1202
f 2614/62/1490 2643/60/1490 2644/62/1490
f 2601/34/1491 2630/32/1491 2631/34/1491
f 2588/8/1199 2619/66/1199 2589/66/1199
f 1775/68/1492 2644/62/1492 1807/68/1492
f 2602/36/1493 2631/34/1493 2632/36/1493
f 2589/66/1196 2620/11/1196 2590/11/1196
f 2603/39/1494 2632/36/1494 2633/39/1494
f 2590/11/1194 2621/13/1194 2591/13/1194
f 2604/41/1495 2633/39/1495 2634/41/1495
f 2591/13/1192 2622/16/1192 2592/16/1192
f 2605/43/1496 2634/41/1496 2635/43/1496
f 2592/16/1190 2623/59/1190 2593/59/1190
f 2606/45/1497 2635/43/1497 2636/45/1497
f 2593/59/1188 2624/18/1188 2594/18/1188
f 2607/47/1498 2636/45/1498 2637/47/1498
f 2594/18/1186 2625/20/1186 2595/20/1186
f 2608/49/1499 2637/47/1499 2638/49/1499
f 2595/20/1184 2626/22/1184 2596/22/1184
f 2609/51/1500 2638/49/1500 2639/51/1500
f 2596/22/1182 2627/24/1182 2597/24/1182
f 2610/53/1501 2639/51/1501 2640/53/1501
f 2597/24/1180 2628/26/1180 2598/26/1180
f 1775/67/1179 2615/2/1179 2585/2/1179
f 2611/55/1502 2640/53/1502 2641/55/1502
f 2598/26/1177 2629/28/1177 2599/28/1177
f 2585/2/1176 2616/4/1176 2586/4/1176
f 2612/57/1503 2641/55/1503 2642/57/1503
f 2599/28/1142 1823/30/1142 1791/30/1142
f 2586/4/1205 2617/6/1205 2587/6/1205
f 2613/60/1504 2642/57/1504 2643/60/1504
f 2666/45/1239 2695/43/1239 2696/45/1239
f 2620/11/1218 2651/13/1218 2621/13/1218
f 2634/41/1505 2663/39/1505 2664/41/1505
f 2621/13/1216 2652/16/1216 2622/16/1216
f 2635/43/1506 2664/41/1506 2665/43/1506
f 2622/16/1214 2653/59/1214 2623/59/1214
f 2636/45/1507 2665/43/1507 2666/45/1507
f 2623/59/1212 2654/18/1212 2624/18/1212
f 2637/47/1508 2666/45/1508 2667/47/1508
f 2624/18/1210 2655/20/1210 2625/20/1210
f 2638/49/1509 2667/47/1509 2668/49/1509
f 2625/20/1208 2656/22/1208 2626/22/1208
f 2639/51/1510 2668/49/1510 2669/51/1510
f 2626/22/1174 2657/24/1174 2627/24/1174
f 2640/53/1511 2669/51/1511 2670/53/1511
f 2627/24/1236 2658/26/1236 2628/26/1236
f 1807/67/1235 2645/2/1235 2615/2/1235
f 2641/55/1512 2670/53/1512 2671/55/1512
f 2628/26/1233 2659/28/1233 2629/28/1233
f 2615/2/1232 2646/4/1232 2616/4/1232
f 2642/57/1513 2671/55/1513 2672/57/1513
f 2629/28/1230 1855/30/1230 1823/30/1230
f 2616/4/1229 2647/6/1229 2617/6/1229
f 2643/60/1514 2672/57/1514 2673/60/1514
f 2630/32/1515 1855/30/1515 2660/32/1515
f 2617/6/1226 2648/8/1226 2618/8/1226
f 2644/62/1516 2673/60/1516 2674/62/1516
f 2631/34/1517 2660/32/1517 2661/34/1517
f 2618/8/1223 2649/66/1223 2619/66/1223
f 1807/68/1518 2674/62/1518 1839/68/1518
f 2632/36/1519 2661/34/1519 2662/36/1519
f 2619/66/1220 2650/11/1220 2620/11/1220
f 2696/45/1271 3057/43/1271 3058/45/1271
f 2653/59/1206 2684/18/1206 2654/18/1206
f 2667/47/1269 2696/45/1269 2697/47/1269
f 2654/18/1520 2685/20/1520 2655/20/1520
f 2667/47/1267 2698/49/1267 2668/49/1267
f 2655/20/1266 2686/22/1266 2656/22/1266
f 2668/49/1265 2699/51/1265 2669/51/1265
f 2656/22/1264 2687/24/1264 2657/24/1264
f 2669/51/1263 2700/53/1263 2670/53/1263
f 2657/24/1262 2688/26/1262 2658/26/1262
f 2645/2/1261 1871/67/1261 2675/2/1261
f 2670/53/1260 2701/55/1260 2671/55/1260
f 2658/26/1259 2689/28/1259 2659/28/1259
f 2646/4/1258 2675/2/1258 2676/4/1258
f 2671/55/1257 2702/57/1257 2672/57/1257
f 2659/28/1256 1887/30/1256 1855/30/1256
f 2647/6/1255 2676/4/1255 2677/6/1255
f 2672/57/1254 2703/60/1254 2673/60/1254
f 2660/32/1253 1887/30/1253 2690/32/1253
f 2648/8/1252 2677/6/1252 2678/8/1252
f 2673/60/1251 2704/62/1251 2674/62/1251
f 2661/34/1250 2690/32/1250 2691/34/1250
f 2649/66/1521 2678/8/1521 2679/66/1521
f 2674/62/1248 1871/68/1248 1839/68/1248
f 2662/36/1247 2691/34/1247 2692/36/1247
f 2650/11/1246 2679/66/1246 2680/11/1246
f 2663/39/1245 2692/36/1245 2693/39/1245
f 2651/13/1244 2680/11/1244 2681/13/1244
f 2664/41/1243 2693/39/1243 2694/41/1243
f 2652/16/1242 2681/13/1242 2682/16/1242
f 2665/43/1241 2694/41/1241 2695/43/1241
f 2652/16/1240 2683/59/1240 2653/59/1240
f 2494/62/259 2734/60/259 2718/62/259
f 2474/41/260 2715/43/260 2476/43/260
f 2460/24/261 2732/22/261 2713/72/261
f 2442/8/262 2731/6/262 2711/73/262
f 2482/49/263 2709/51/263 2484/51/263
f 34/30/264 2707/64/264 2466/32/264
f 2450/16/265 2729/70/265 2705/16/265
f 2490/57/266 2734/60/266 2492/60/266
f 2472/39/267 2733/41/267 2474/41/267
f 2458/22/268 2726/20/268 2732/22/268
f 2440/6/269 2725/4/269 2731/6/269
f 2480/47/270 2730/71/270 2482/49/270
f 34/30/271 2723/28/271 315/30/271
f 2448/13/272 2722/11/272 2729/70/272
f 2488/55/273 2728/69/273 2490/57/273
f 2470/36/274 2727/39/274 2472/39/274
f 2456/20/275 2719/18/275 2726/20/275
f 2436/2/276 2725/4/276 2438/4/276
f 2478/45/277 2724/47/277 2480/47/277
f 2464/28/278 2714/26/278 2723/28/278
f 2446/11/279 2712/66/279 2722/11/279
f 2486/53/280 2721/55/280 2488/55/280
f 2468/34/281 2720/36/281 2470/36/281
f 2454/18/282 2706/59/282 2719/18/282
f 2/68/283 2718/62/283 301/68/283
f 2/67/284 2717/2/284 2436/2/284
f 2476/43/285 2716/45/285 2478/45/285
f 2462/26/286 2713/72/286 2714/26/286
f 2444/66/287 2711/73/287 2712/66/287
f 2484/51/288 2710/53/288 2486/53/288
f 2466/32/289 2708/65/289 2468/34/289
f 2452/59/290 2705/16/290 2706/59/290
f 2743/26/291 2750/72/291 2751/26/291
f 2744/18/292 2735/59/292 2736/18/292
f 2745/20/293 2736/18/293 2737/20/293
f 2746/22/294 2737/20/294 2738/22/294
f 2746/22/295 2747/22/295 2752/22/295
f 2719/18/296 2741/59/296 2744/18/296
f 2706/59/297 2735/59/297 2741/59/297
f 2713/72/298 2743/26/298 2714/26/298
f 2566/22/299 2739/24/299 2738/22/299
f 2564/18/300 2735/59/300 2563/59/300
f 2568/26/301 2743/26/301 2740/26/301
f 2567/24/302 2740/26/302 2739/24/302
f 2747/22/303 2758/22/303 2752/22/303
f 2750/72/304 2757/26/304 2751/26/304
f 2740/26/305 2748/24/305 2739/24/305
f 2742/72/306 2752/22/306 2750/72/306
f 2743/26/307 2749/26/307 2740/26/307
f 2739/24/308 2747/22/308 2738/22/308
f 2755/26/309 2763/26/309 2761/26/309
f 2756/72/310 2764/22/310 2762/72/310
f 2748/24/311 2753/22/311 2747/22/311
f 2750/72/312 2758/22/312 2756/72/312
f 2749/26/313 2757/26/313 2755/26/313
f 2749/26/314 2754/24/314 2748/24/314
f 2759/22/315 2770/22/315 2764/22/315
f 2762/72/316 2769/26/316 2763/26/316
f 2755/26/317 2760/24/317 2754/24/317
f 2756/72/318 2763/26/318 2757/26/318
f 2753/22/319 2764/22/319 2758/22/319
f 2754/24/320 2759/22/320 2753/22/320
f 2769/26/321 2766/24/321 2767/26/321
f 2768/72/322 2765/22/322 2766/24/322
f 2760/24/323 2765/22/323 2759/22/323
f 2762/72/324 2770/22/324 2768/72/324
f 2761/26/325 2769/26/325 2767/26/325
f 2761/26/326 2766/24/326 2760/24/326
f 2784/27/327 2815/29/327 2814/27/327
f 2547/46/328 2792/44/328 2546/44/328
f 2534/19/329 2781/21/329 2780/19/329
f 2548/48/330 2793/46/330 2547/46/330
f 2535/21/331 2782/23/331 2781/21/331
f 2549/50/332 2794/48/332 2548/48/332
f 2536/23/333 2783/25/333 2782/23/333
f 2549/50/334 2796/52/334 2795/50/334
f 2537/25/335 2784/27/335 2783/25/335
f 2525/3/336 357/1/336 97/1/336
f 2550/52/337 2797/54/337 2796/52/337
f 2538/27/338 2785/29/338 2784/27/338
f 2526/5/339 2771/3/339 2525/3/339
f 2551/54/340 2798/56/340 2797/54/340
f 2539/29/341 373/31/341 2785/29/341
f 2527/7/342 2772/5/342 2526/5/342
f 2552/56/343 2799/58/343 2798/56/343
f 2540/33/344 373/31/344 113/31/344
f 2528/9/345 2773/7/345 2527/7/345
f 2553/58/346 2800/61/346 2799/58/346
f 2541/35/347 2786/33/347 2540/33/347
f 2529/10/348 2774/9/348 2528/9/348
f 2554/61/349 357/63/349 2800/61/349
f 2542/37/350 2787/35/350 2541/35/350
f 2530/12/351 2775/10/351 2529/10/351
f 2543/38/352 2788/37/352 2542/37/352
f 2530/12/353 2777/14/353 2776/12/353
f 2544/40/354 2789/38/354 2543/38/354
f 2531/14/355 2778/15/355 2777/14/355
f 2545/42/356 2790/40/356 2544/40/356
f 2532/15/357 2779/17/357 2778/15/357
f 2546/44/358 2791/42/358 2545/42/358
f 2830/61/359 421/63/359 2860/61/359
f 2771/3/360 2802/5/360 2801/3/360
f 2798/56/361 2827/54/361 2797/54/361
f 2785/29/362 405/31/362 2815/29/362
f 2772/5/363 2803/7/363 2802/5/363
f 2799/58/364 2828/56/364 2798/56/364
f 2786/33/365 405/31/365 373/31/365
f 2773/7/366 2804/9/366 2803/7/366
f 2800/61/367 2829/58/367 2799/58/367
f 2787/35/368 2816/33/368 2786/33/368
f 2774/9/369 2805/10/369 2804/9/369
f 357/63/370 2830/61/370 2800/61/370
f 2788/37/371 2817/35/371 2787/35/371
f 2775/10/372 2806/12/372 2805/10/372
f 2789/38/373 2818/37/373 2788/37/373
f 2776/12/374 2807/14/374 2806/12/374
f 2790/40/375 2819/38/375 2789/38/375
f 2777/14/376 2808/15/376 2807/14/376
f 2791/42/377 2820/40/377 2790/40/377
f 2778/15/378 2809/17/378 2808/15/378
f 2792/44/379 2821/42/379 2791/42/379
f 2779/17/380 2810/19/380 2809/17/380
f 2793/46/381 2822/44/381 2792/44/381
f 2780/19/382 2811/21/382 2810/19/382
f 2794/48/383 2823/46/383 2793/46/383
f 2781/21/384 2812/23/384 2811/21/384
f 2795/50/385 2824/48/385 2794/48/385
f 2782/23/386 2813/25/386 2812/23/386
f 2796/52/387 2825/50/387 2795/50/387
f 2783/25/388 2814/27/388 2813/25/388
f 357/1/389 2801/3/389 389/1/389
f 2797/54/390 2826/52/390 2796/52/390
f 2850/40/391 2881/42/391 2880/40/391
f 2818/37/392 2847/35/392 2817/35/392
f 2806/12/393 2835/10/393 2805/10/393
f 2819/38/394 2848/37/394 2818/37/394
f 2806/12/395 2837/14/395 2836/12/395
f 2820/40/396 2849/38/396 2819/38/396
f 2807/14/397 2838/15/397 2837/14/397
f 2821/42/398 2850/40/398 2820/40/398
f 2808/15/399 2839/17/399 2838/15/399
f 2822/44/400 2851/42/400 2821/42/400
f 2809/17/401 2840/19/401 2839/17/401
f 2823/46/402 2852/44/402 2822/44/402
f 2810/19/403 2841/21/403 2840/19/403
f 2824/48/404 2853/46/404 2823/46/404
f 2811/21/405 2842/23/405 2841/21/405
f 2825/50/406 2854/48/406 2824/48/406
f 2812/23/407 2843/25/407 2842/23/407
f 2825/50/408 2856/52/408 2855/50/408
f 2813/25/409 2844/27/409 2843/25/409
f 2801/3/410 421/1/410 389/1/410
f 2826/52/411 2857/54/411 2856/52/411
f 2814/27/412 2845/29/412 2844/27/412
f 2802/5/413 2831/3/413 2801/3/413
f 2827/54/414 2858/56/414 2857/54/414
f 2815/29/415 437/31/415 2845/29/415
f 2803/7/416 2832/5/416 2802/5/416
f 2828/56/417 2859/58/417 2858/56/417
f 2816/33/418 437/31/418 405/31/418
f 2804/9/419 2833/7/419 2803/7/419
f 2829/58/420 2860/61/420 2859/58/420
f 2817/35/421 2846/33/421 2816/33/421
f 2805/10/422 2834/9/422 2804/9/422
f 2883/46/423 2914/48/423 2913/46/423
f 2838/15/424 2869/17/424 2868/15/424
f 2851/42/425 2882/44/425 2881/42/425
f 2840/19/426 2869/17/426 2839/17/426
f 2853/46/427 2882/44/427 2852/44/427
f 2841/21/428 2870/19/428 2840/19/428
f 2853/46/429 2884/48/429 2883/46/429
f 2842/23/430 2871/21/430 2841/21/430
f 2854/48/431 2885/50/431 2884/48/431
f 2842/23/432 2873/25/432 2872/23/432
f 2856/52/433 2885/50/433 2855/50/433
f 2843/25/434 2874/27/434 2873/25/434
f 2831/3/435 453/1/435 421/1/435
f 2857/54/436 2886/52/436 2856/52/436
f 2844/27/437 2875/29/437 2874/27/437
f 2831/3/438 2862/5/438 2861/3/438
f 2858/56/439 2887/54/439 2857/54/439
f 2845/29/440 469/31/440 2875/29/440
f 2832/5/441 2863/7/441 2862/5/441
f 2858/56/442 2889/58/442 2888/56/442
f 2846/33/443 469/31/443 437/31/443
f 2833/7/444 2864/9/444 2863/7/444
f 2859/58/445 2890/61/445 2889/58/445
f 2846/33/446 2877/35/446 2876/33/446
f 2835/10/447 2864/9/447 2834/9/447
f 2860/61/448 453/63/448 2890/61/448
f 2848/37/449 2877/35/449 2847/35/449
f 2835/10/450 2866/12/450 2865/10/450
f 2849/38/451 2878/37/451 2848/37/451
f 2837/14/452 2866/12/452 2836/12/452
f 2850/40/453 2879/38/453 2849/38/453
f 2838/15/454 2867/14/454 2837/14/454
f 485/1/455 2921/3/455 517/1/455
f 2872/23/456 2901/21/456 2871/21/456
f 2884/48/457 2915/50/457 2914/48/457
f 2873/25/458 2902/23/458 2872/23/458
f 2886/52/459 2915/50/459 2885/50/459
f 2874/27/460 2903/25/460 2873/25/460
f 453/1/461 2891/3/461 485/1/461
f 2887/54/462 2916/52/462 2886/52/462
f 2875/29/463 2904/27/463 2874/27/463
f 2861/3/464 2892/5/464 2891/3/464
f 2888/56/465 2917/54/465 2887/54/465
f 469/31/466 2905/29/466 2875/29/466
f 2862/5/467 2893/7/467 2892/5/467
f 2889/58/468 2918/56/468 2888/56/468
f 469/31/469 2906/33/469 501/31/469
f 2863/7/470 2894/9/470 2893/7/470
f 2890/61/471 2919/58/471 2889/58/471
f 2876/33/472 2907/35/472 2906/33/472
f 2864/9/473 2895/10/473 2894/9/473
f 453/63/474 2920/61/474 2890/61/474
f 2877/35/475 2908/37/475 2907/35/475
f 2865/10/476 2896/12/476 2895/10/476
f 2878/37/477 2909/38/477 2908/37/477
f 2867/14/478 2896/12/478 2866/12/478
f 2879/38/479 2910/40/479 2909/38/479
f 2868/15/480 2897/14/480 2867/14/480
f 2880/40/481 2911/42/481 2910/40/481
f 2869/17/482 2898/15/482 2868/15/482
f 2881/42/483 2912/44/483 2911/42/483
f 2870/19/484 2899/17/484 2869/17/484
f 2882/44/485 2913/46/485 2912/44/485
f 2871/21/486 2900/19/486 2870/19/486
f 2923/7/487 2954/9/487 2953/7/487
f 2917/54/488 2946/52/488 2916/52/488
f 2904/27/489 2935/29/489 2934/27/489
f 2891/3/490 2922/5/490 2921/3/490
f 2918/56/491 2947/54/491 2917/54/491
f 2905/29/492 533/31/492 2935/29/492
f 2892/5/493 2923/7/493 2922/5/493
f 2919/58/494 2948/56/494 2918/56/494
f 2906/33/495 533/31/495 501/31/495
f 2893/7/496 2924/9/496 2923/7/496
f 2920/61/497 2949/58/497 2919/58/497
f 2907/35/498 2936/33/498 2906/33/498
f 2894/9/499 2925/10/499 2924/9/499
f 485/63/500 2950/61/500 2920/61/500
f 2908/37/501 2937/35/501 2907/35/501
f 2895/10/502 2926/12/502 2925/10/502
f 2909/38/503 2938/37/503 2908/37/503
f 2896/12/504 2927/14/504 2926/12/504
f 2910/40/505 2939/38/505 2909/38/505
f 2897/14/506 2928/15/506 2927/14/506
f 2911/42/507 2940/40/507 2910/40/507
f 2898/15/508 2929/17/508 2928/15/508
f 2912/44/509 2941/42/509 2911/42/509
f 2899/17/510 2930/19/510 2929/17/510
f 2913/46/511 2942/44/511 2912/44/511
f 2900/19/512 2931/21/512 2930/19/512
f 2914/48/513 2943/46/513 2913/46/513
f 2901/21/514 2932/23/514 2931/21/514
f 2915/50/515 2944/48/515 2914/48/515
f 2902/23/516 2933/25/516 2932/23/516
f 2916/52/517 2945/50/517 2915/50/517
f 2903/25/518 2934/27/518 2933/25/518
f 2978/74/519 2979/75/519 2968/76/519
f 2950/61/520 2979/58/520 2949/58/520
f 2937/35/521 2966/33/521 2936/33/521
f 2924/9/522 2955/10/522 2954/9/522
f 517/63/523 2980/61/523 2950/61/523
f 2938/37/524 2967/35/524 2937/35/524
f 2925/10/525 2956/12/525 2955/10/525
f 2939/38/526 2968/37/526 2938/37/526
f 2926/12/527 2957/14/527 2956/12/527
f 2940/40/528 2969/38/528 2939/38/528
f 2927/14/529 2958/15/529 2957/14/529
f 2941/42/530 2970/40/530 2940/40/530
f 2928/15/531 2959/17/531 2958/15/531
f 2942/44/532 2971/42/532 2941/42/532
f 2929/17/533 2960/19/533 2959/17/533
f 2943/46/534 2972/44/534 2942/44/534
f 2930/19/535 2961/21/535 2960/19/535
f 2944/48/536 2973/46/536 2943/46/536
f 2931/21/537 2962/23/537 2961/21/537
f 2945/50/538 2974/48/538 2944/48/538
f 2932/23/539 2963/25/539 2962/23/539
f 2946/52/540 2975/50/540 2945/50/540
f 2933/25/541 2964/27/541 2963/25/541
f 517/1/542 2951/3/542 549/1/542
f 2947/54/543 2976/52/543 2946/52/543
f 2934/27/544 2965/29/544 2964/27/544
f 2921/3/545 2952/5/545 2951/3/545
f 2948/56/546 2977/54/546 2947/54/546
f 533/31/547 2965/29/547 2935/29/547
f 2922/5/548 2953/7/548 2952/5/548
f 2949/58/549 2978/56/549 2948/56/549
f 533/31/550 2966/33/550 565/31/550
f 2987/21/551 2998/23/551 2997/21/551
f 2983/14/552 2994/15/552 2993/14/552
f 3000/27/553 3005/25/553 3006/27/553
f 2984/15/554 2995/17/554 2994/15/554
f 2990/27/555 3002/25/555 2989/25/555
f 2985/17/556 2996/19/556 2995/17/556
f 2982/12/557 2991/10/557 2981/10/557
f 2986/19/558 2997/21/558 2996/19/558
f 2982/12/559 2993/14/559 2992/12/559
f 2445/12/560 2981/10/560 2443/10/560
f 2504/19/561 2995/17/561 2996/19/561
f 2453/19/562 2987/21/562 2986/19/562
f 2504/19/563 2997/21/563 2505/21/563
f 2451/17/564 2984/15/564 2449/15/564
f 2459/25/565 2990/27/565 2989/25/565
f 2505/21/566 2998/23/566 2506/23/566
f 2447/14/567 2982/12/567 2445/12/567
f 2506/23/568 2999/25/568 2507/25/568
f 2455/21/569 2988/23/569 2987/21/569
f 2500/12/570 2991/10/570 2992/12/570
f 3003/27/571 3008/25/571 3002/25/571
f 3006/27/572 3011/25/572 3012/27/572
f 2988/23/573 3004/23/573 2998/23/573
f 2989/25/574 3001/23/574 2988/23/574
f 2999/25/575 3004/23/575 3005/25/575
f 2990/27/576 3006/27/576 3003/27/576
f 3009/27/577 3014/25/577 3008/25/577
f 3012/27/578 3017/25/578 3018/27/578
f 3006/27/579 3009/27/579 3003/27/579
f 3004/23/580 3007/23/580 3010/23/580
f 3005/25/581 3010/23/581 3011/25/581
f 3002/25/582 3007/23/582 3001/23/582
f 3013/23/583 3022/23/583 3016/23/583
f 3015/27/584 3024/27/584 3021/27/584
f 3009/27/585 3018/27/585 3015/27/585
f 3007/23/586 3016/23/586 3010/23/586
f 3011/25/587 3016/23/587 3017/25/587
f 3008/25/588 3013/23/588 3007/23/588
f 3021/27/589 3026/25/589 3020/25/589
f 3024/27/590 3029/25/590 3030/27/590
f 3017/25/591 3022/23/591 3023/25/591
f 3014/25/592 3019/23/592 3013/23/592
f 3018/27/593 3023/25/593 3024/27/593
f 3015/27/594 3020/25/594 3014/25/594
f 3025/23/595 3034/23/595 3028/23/595
f 3027/27/596 3036/27/596 3033/27/596
f 3021/27/597 3030/27/597 3027/27/597
f 3019/23/598 3028/23/598 3022/23/598
f 3023/25/599 3028/23/599 3029/25/599
f 3020/25/600 3025/23/600 3019/23/600
f 3032/25/601 3034/23/601 3031/23/601
f 3032/25/602 3036/27/602 3035/25/602
f 3029/25/603 3034/23/603 3035/25/603
f 3026/25/604 3031/23/604 3025/23/604
f 3030/27/605 3035/25/605 3036/27/605
f 3027/27/606 3032/25/606 3026/25/606
f 3049/24/1321 3078/22/1321 3079/24/1321
f 2683/59/1238 3046/18/1238 2684/18/1238
f 2697/47/1301 3058/45/1301 3059/47/1301
f 2685/20/1300 3046/18/1300 3047/20/1300
f 2697/47/1299 3060/49/1299 2698/49/1299
f 2685/20/1298 3048/22/1298 2686/22/1298
f 2699/51/1297 3060/49/1297 3061/51/1297
f 2687/24/1296 3048/22/1296 3049/24/1296
f 2699/51/1295 3062/53/1295 2700/53/1295
f 2688/26/1294 3049/24/1294 3050/26/1294
f 2675/2/1293 2235/67/1293 3037/2/1293
f 2701/55/1292 3062/53/1292 3063/55/1292
f 2688/26/1291 3051/28/1291 2689/28/1291
f 2676/4/1290 3037/2/1290 3038/4/1290
f 2701/55/1289 3064/57/1289 2702/57/1289
f 1887/30/1288 3051/28/1288 2251/30/1288
f 2677/6/1287 3038/4/1287 3039/6/1287
f 2702/57/1286 3065/60/1286 2703/60/1286
f 1887/30/1285 3052/32/1285 2690/32/1285
f 2677/6/1522 3040/8/1522 2678/8/1522
f 2704/62/1283 3065/60/1283 3066/62/1283
f 2690/32/1282 3053/34/1282 2691/34/1282
f 2678/8/1281 3041/66/1281 2679/66/1281
f 1871/68/1280 3066/62/1280 2235/68/1280
f 2691/34/1523 3054/36/1523 2692/36/1523
f 2680/11/1278 3041/66/1278 3042/11/1278
f 2692/36/1277 3055/39/1277 2693/39/1277
f 2680/11/1276 3043/13/1276 2681/13/1276
f 2694/41/1275 3055/39/1275 3056/41/1275
f 2682/16/1274 3043/13/1274 3044/16/1274
f 2694/41/1273 3057/43/1273 2695/43/1273
f 2682/16/1272 3045/59/1272 2683/59/1272
f 2283/30/1449 3201/28/1449 2410/30/1449
f 3062/53/1320 3091/51/1320 3092/53/1320
f 3050/26/1319 3079/24/1319 3080/26/1319
f 2235/67/1318 3067/2/1318 3037/2/1318
f 3063/55/1317 3092/53/1317 3093/55/1317
f 3051/28/1524 3080/26/1524 3081/28/1524
f 3037/2/1315 3068/4/1315 3038/4/1315
f 3064/57/1314 3093/55/1314 3094/57/1314
f 2251/30/1313 3081/28/1313 2283/30/1313
f 3038/4/1312 3069/6/1312 3039/6/1312
f 3065/60/1311 3094/57/1311 3095/60/1311
f 2251/30/1310 3082/32/1310 3052/32/1310
f 3039/6/1309 3070/8/1309 3040/8/1309
f 3066/62/1308 3095/60/1308 3096/62/1308
f 3052/32/1307 3083/34/1307 3053/34/1307
f 3040/8/1306 3071/66/1306 3041/66/1306
f 2235/68/1305 3096/62/1305 2267/68/1305
f 3053/34/1304 3084/36/1304 3054/36/1304
f 3041/66/1303 3072/11/1303 3042/11/1303
f 3054/36/1270 3085/39/1270 3055/39/1270
f 3042/11/1333 3073/13/1333 3043/13/1333
f 3055/39/1332 3086/41/1332 3056/41/1332
f 3043/13/1331 3074/16/1331 3044/16/1331
f 3056/41/1330 3087/43/1330 3057/43/1330
f 3045/59/1329 3074/16/1329 3075/59/1329
f 3057/43/1328 3088/45/1328 3058/45/1328
f 3046/18/1327 3075/59/1327 3076/18/1327
f 3058/45/1326 3089/47/1326 3059/47/1326
f 3047/20/1525 3076/18/1525 3077/20/1525
f 3060/49/1324 3089/47/1324 3090/49/1324
f 3048/22/1323 3077/20/1323 3078/22/1323
f 3061/51/1322 3090/49/1322 3091/51/1322
f 3114/36/1526 3143/34/1526 3144/36/1526
f 3069/6/1527 3098/4/1527 3099/6/1527
f 3094/57/1335 3125/60/1335 3095/60/1335
f 3112/32/1453 3209/34/1453 3208/32/1453
f 3070/8/1528 3099/6/1528 3100/8/1528
f 3095/60/1364 3126/62/1364 3096/62/1364
f 3081/28/1529 3200/26/1529 3201/28/1529
f 3102/11/1530 3189/11/1530 3192/11/1530
f 3096/62/1361 2299/68/1361 2267/68/1361
f 2315/30/1363 3208/32/1363 2417/30/1363
f 3101/66/1531 3192/11/1531 3191/66/1531
f 3085/39/1532 3114/36/1532 3115/39/1532
f 3072/11/1357 3103/13/1357 3073/13/1357
f 3086/41/1533 3115/39/1533 3116/41/1533
f 3073/13/1355 3104/16/1355 3074/16/1355
f 3087/43/1534 3116/41/1534 3117/43/1534
f 3074/16/1353 3105/59/1353 3075/59/1353
f 3088/45/1535 3117/43/1535 3118/45/1535
f 3075/59/1351 3106/18/1351 3076/18/1351
f 3089/47/1536 3118/45/1536 3119/47/1536
f 3076/18/1349 3107/20/1349 3077/20/1349
f 3090/49/1537 3119/47/1537 3120/49/1537
f 3077/20/1347 3108/22/1347 3078/22/1347
f 3091/51/1538 3120/49/1538 3121/51/1538
f 3078/22/1345 3109/24/1345 3079/24/1345
f 3091/51/1539 3122/53/1539 3092/53/1539
f 3080/26/1452 3199/24/1452 3200/26/1452
f 3067/2/1540 2299/67/1540 3097/2/1540
f 3092/53/1541 3123/55/1541 3093/55/1541
f 2315/30/1343 3207/28/1343 3111/28/1343
f 3068/4/1542 3097/2/1542 3098/4/1542
f 3093/55/1338 3124/57/1338 3094/57/1338
f 3147/43/1403 3176/41/1403 3177/43/1403
f 3102/11/1382 3131/66/1382 3132/11/1382
f 3115/39/1381 3144/36/1381 3145/39/1381
f 3103/13/1380 3132/11/1380 3133/13/1380
f 3115/39/1379 3146/41/1379 3116/41/1379
f 3104/16/1378 3133/13/1378 3134/16/1378
f 3116/41/1377 3147/43/1377 3117/43/1377
f 3105/59/1376 3134/16/1376 3135/59/1376
f 3117/43/1375 3148/45/1375 3118/45/1375
f 3106/18/1374 3135/59/1374 3136/18/1374
f 3118/45/1373 3149/47/1373 3119/47/1373
f 3107/20/1372 3136/18/1372 3137/20/1372
f 3119/47/1371 3150/49/1371 3120/49/1371
f 3108/22/1370 3137/20/1370 3138/22/1370
f 3120/49/1369 3151/51/1369 3121/51/1369
f 3108/22/1368 3139/24/1368 3109/24/1368
f 3121/51/1367 3152/53/1367 3122/53/1367
f 3109/24/1334 3140/26/1334 3110/26/1334
f 3097/2/1397 2331/67/1397 3127/2/1397
f 3122/53/1396 3153/55/1396 3123/55/1396
f 3110/26/1395 3141/28/1395 3111/28/1395
f 3098/4/1394 3127/2/1394 3128/4/1394
f 3123/55/1393 3154/57/1393 3124/57/1393
f 3111/28/1392 2347/30/1392 2315/30/1392
f 3099/6/1543 3128/4/1543 3129/6/1543
f 3124/57/1390 3155/60/1390 3125/60/1390
f 3112/32/1389 2347/30/1389 3142/32/1389
f 3100/8/1388 3129/6/1388 3130/8/1388
f 3125/60/1387 3156/62/1387 3126/62/1387
f 3113/34/1386 3142/32/1386 3143/34/1386
f 3101/66/1385 3130/8/1385 3131/66/1385
f 3126/62/1384 2331/68/1384 2299/68/1384
f 3160/77/1398 3159/78/1398 3183/79/1398
f 3134/16/1402 3165/59/1402 3135/59/1402
f 3148/45/1401 3177/43/1401 3178/45/1401
f 3135/59/1400 3166/18/1400 3136/18/1400
f 3149/47/1399 3178/45/1399 3179/47/1399
f 3136/18/1366 3167/20/1366 3137/20/1366
f 3149/47/1544 3180/49/1544 3150/49/1544
f 3137/20/1428 3168/22/1428 3138/22/1428
f 3150/49/1427 3181/51/1427 3151/51/1427
f 3138/22/1426 3169/24/1426 3139/24/1426
f 3151/51/1425 3182/53/1425 3152/53/1425
f 3139/24/1424 3170/26/1424 3140/26/1424
f 3127/2/1545 2363/67/1545 3157/2/1545
f 3152/53/1422 3183/55/1422 3153/55/1422
f 3140/26/1421 3171/28/1421 3141/28/1421
f 3128/4/1420 3157/2/1420 3158/4/1420
f 3153/55/1419 3184/57/1419 3154/57/1419
f 3141/28/1418 2379/30/1418 2347/30/1418
f 3129/6/1417 3158/4/1417 3159/6/1417
f 3154/57/1416 3185/60/1416 3155/60/1416
f 3142/32/1415 2379/30/1415 3172/32/1415
f 3130/8/1546 3159/6/1546 3160/8/1546
f 3155/60/1413 3186/62/1413 3156/62/1413
f 3143/34/1412 3172/32/1412 3173/34/1412
f 3131/66/1547 3160/8/1547 3161/66/1547
f 3156/62/1410 2363/68/1410 2331/68/1410
f 3144/36/1409 3173/34/1409 3174/36/1409
f 3132/11/1548 3161/66/1548 3162/11/1548
f 3145/39/1407 3174/36/1407 3175/39/1407
f 3133/13/1406 3162/11/1406 3163/13/1406
f 3146/41/1549 3175/39/1549 3176/41/1549
f 3134/16/1404 3163/13/1404 3164/16/1404
f 3188/66/1550 3195/11/1550 3189/11/1550
f 3191/66/1551 3198/11/1551 3197/66/1551
f 3100/8/1552 3187/8/1552 3070/8/1552
f 3070/8/1553 3188/66/1553 3071/66/1553
f 3100/8/1554 3191/66/1554 3190/8/1554
f 3071/66/1555 3189/11/1555 3072/11/1555
f 3194/66/1556 3196/8/1556 3197/66/1556
f 3195/11/1557 3197/66/1557 3198/11/1557
f 3192/11/1558 3195/11/1558 3198/11/1558
f 3190/8/1559 3193/8/1559 3187/8/1559
f 3191/66/1560 3196/8/1560 3190/8/1560
f 3188/66/1561 3193/8/1561 3194/66/1561
f 3204/36/1464 3222/36/1464 3210/36/1464
f 3201/28/1562 3212/26/1562 3213/28/1562
f 2417/30/1462 3219/28/1462 3207/28/1462
f 3200/26/1563 3211/24/1563 3212/26/1563
f 3207/28/1465 3218/26/1465 3206/26/1465
f 3206/26/1467 3217/24/1467 3205/24/1467
f 3113/34/1451 3210/36/1451 3209/34/1451
f 2283/30/1302 3202/32/1302 3082/32/1302
f 3082/32/1340 3203/34/1340 3083/34/1340
f 3110/26/1448 3205/24/1448 3109/24/1448
f 3083/34/1360 3204/36/1360 3084/36/1360
f 3111/28/1337 3206/26/1337 3110/26/1337
f 3084/36/1455 3210/36/1455 3114/36/1455
f 3079/24/1454 3205/24/1454 3199/24/1454
f 3213/28/1457 2431/30/1457 2424/30/1457
f 3214/32/1564 2431/30/1564 3220/32/1564
f 3215/34/1565 3220/32/1565 3221/34/1565
f 3216/36/1566 3221/34/1566 3222/36/1566
f 3211/24/1459 3218/26/1459 3212/26/1459
f 3212/26/1567 3219/28/1567 3213/28/1567
f 2417/30/1568 3220/32/1568 2431/30/1568
f 2410/30/1569 3213/28/1569 2424/30/1569
f 3199/24/1570 3217/24/1570 3211/24/1570
f 3208/32/1571 3221/34/1571 3220/32/1571
f 2410/30/1463 3214/32/1463 3202/32/1463
f 3209/34/1572 3222/36/1572 3221/34/1572
f 3202/32/1443 3215/34/1443 3203/34/1443
f 3203/34/1445 3216/36/1445 3204/36/1445
f 1/1/1 2/67/1 4/2/1
f 3/3/2 4/2/2 6/4/2
f 5/5/3 6/4/3 8/6/3
f 7/7/4 8/6/4 10/8/4
f 10/8/1573 12/66/1573 11/10/1573
f 11/10/6 12/66/6 14/11/6
f 13/12/7 14/11/7 16/13/7
f 16/13/1574 18/16/1574 17/15/1574
f 18/16/1575 20/59/1575 19/17/1575
f 19/17/10 20/59/10 22/18/10
f 21/19/11 22/18/11 24/20/11
f 23/21/12 24/20/12 26/22/12
f 25/23/13 26/22/13 28/24/13
f 27/25/14 28/24/14 30/26/14
f 29/27/15 30/26/15 32/28/15
f 31/29/16 32/28/16 34/30/16
f 33/31/818 34/30/818 36/32/818
f 35/33/1576 36/32/1576 38/34/1576
f 37/35/1577 38/34/1577 40/36/1577
f 40/36/20 42/39/20 41/38/20
f 42/39/21 44/41/21 43/40/21
f 44/41/22 46/43/22 45/42/22
f 46/43/23 48/45/23 47/44/23
f 48/45/24 50/47/24 49/46/24
f 50/47/25 52/49/25 51/48/25
f 52/49/26 54/51/26 53/50/26
f 54/51/27 56/53/27 55/52/27
f 56/53/28 58/55/28 57/54/28
f 58/55/29 60/57/29 59/56/29
f 60/57/30 62/60/30 61/58/30
f 290/59/870 289/16/870 137/16/870
f 62/60/32 64/62/32 63/61/32
f 64/62/33 2/68/33 1/63/33
f 79/27/1578 600/27/1578 590/27/1578
f 90/48/35 122/48/35 121/46/35
f 43/40/1579 86/40/1579 85/38/1579
f 59/56/857 61/58/857 95/58/857
f 74/17/38 73/15/38 594/15/38
f 35/33/1580 82/33/1580 81/31/1580
f 53/50/1581 91/50/1581 90/48/1581
f 9/9/1582 69/9/1582 68/7/1582
f 25/23/42 27/25/42 589/25/42
f 45/42/1583 87/42/1583 86/40/1583
f 61/58/851 63/61/851 96/61/851
f 70/10/1584 11/10/1584 581/10/1584
f 37/35/1585 83/35/1585 82/33/1585
f 53/50/1586 55/52/1586 92/52/1586
f 9/9/1587 11/10/1587 70/10/1587
f 17/15/1588 584/15/1588 583/14/1588
f 47/44/1589 88/44/1589 87/42/1589
f 3/3/1590 66/3/1590 65/1/1590
f 63/61/844 1/63/844 65/63/844
f 73/15/53 72/14/53 593/14/53
f 39/37/1591 84/37/1591 83/35/1591
f 55/52/1592 57/54/1592 93/54/1592
f 72/14/56 71/12/56 592/12/56
f 29/27/1593 31/29/1593 80/29/1593
f 49/46/1594 89/46/1594 88/44/1594
f 5/5/1595 67/5/1595 66/3/1595
f 21/19/60 586/19/60 585/17/60
f 41/38/1596 85/38/1596 84/37/1596
f 57/54/835 59/56/835 94/56/835
f 78/25/63 599/25/63 600/27/63
f 31/29/1597 33/31/1597 81/31/1597
f 51/48/1598 90/48/1598 89/46/1598
f 7/7/1599 68/7/1599 67/5/1599
f 106/17/999 107/19/999 367/19/999
f 76/21/68 77/23/68 109/23/68
f 91/50/69 123/50/69 122/48/69
f 77/23/70 78/25/70 110/25/70
f 92/52/71 124/52/71 123/50/71
f 78/25/72 79/27/72 111/27/72
f 65/1/73 66/3/73 98/3/73
f 93/54/74 125/54/74 124/52/74
f 79/27/75 80/29/75 112/29/75
f 66/3/861 67/5/861 99/5/861
f 94/56/77 126/56/77 125/54/77
f 80/29/78 81/31/78 113/31/78
f 67/5/860 68/7/860 100/7/860
f 95/58/80 127/58/80 126/56/80
f 82/33/81 114/33/81 113/31/81
f 68/7/82 69/9/82 101/9/82
f 96/61/1600 128/61/1600 127/58/1600
f 83/35/84 115/35/84 114/33/84
f 69/9/859 70/10/859 102/10/859
f 65/63/86 97/63/86 128/61/86
f 84/37/87 116/37/87 115/35/87
f 70/10/858 71/12/858 103/12/858
f 85/38/89 117/38/89 116/37/89
f 71/12/90 72/14/90 104/14/90
f 86/40/91 118/40/91 117/38/91
f 72/14/92 73/15/92 105/15/92
f 87/42/93 119/42/93 118/40/93
f 73/15/94 74/17/94 106/17/94
f 88/44/95 120/44/95 119/42/95
f 74/17/96 75/19/96 107/19/96
f 89/46/97 121/46/97 120/44/97
f 75/19/98 76/21/98 108/21/98
f 159/60/897 158/57/897 190/57/897
f 291/64/1601 146/32/1601 147/34/1601
f 293/51/1602 155/51/1602 156/53/1602
f 296/66/869 295/73/869 133/8/869
f 141/22/1603 324/22/1603 323/20/1603
f 299/43/1604 151/43/1604 152/45/1604
f 302/2/866 301/67/866 129/67/866
f 303/62/1605 160/62/1605 129/68/1605
f 311/20/1606 304/18/1606 330/18/1606
f 292/65/1607 147/34/1607 148/36/1607
f 294/53/1608 156/53/1608 157/55/1608
f 307/11/863 296/66/863 134/66/863
f 308/28/862 298/26/862 143/26/862
f 300/45/1609 152/45/1609 153/47/1609
f 310/4/882 302/2/882 130/2/882
f 318/22/1610 311/20/1610 331/20/1610
f 305/36/1611 148/36/1611 149/39/1611
f 306/55/1612 157/55/1612 158/57/1612
f 314/70/879 307/11/879 135/11/879
f 315/30/878 308/28/878 144/28/878
f 309/47/1613 153/47/1613 154/49/1613
f 317/6/877 310/4/877 131/4/877
f 297/72/1614 318/22/1614 332/22/1614
f 312/39/1615 149/39/1615 150/41/1615
f 313/69/1616 158/57/1616 159/60/1616
f 289/16/874 314/70/874 136/13/874
f 315/30/1617 145/30/1617 146/32/1617
f 316/71/1618 154/49/1618 155/51/1618
f 295/73/873 317/6/873 132/6/873
f 140/20/1619 323/20/1619 322/18/1619
f 319/41/1620 150/41/1620 151/43/1620
f 320/60/1621 159/60/1621 160/62/1621
f 178/32/912 177/30/912 209/30/912
f 145/30/1622 177/30/1622 178/32/1622
f 132/6/1623 164/6/1623 165/8/1623
f 160/62/896 159/60/896 191/60/896
f 146/32/1624 178/32/1624 179/34/1624
f 133/8/1625 165/8/1625 166/66/1625
f 129/68/895 160/62/895 192/62/895
f 148/36/894 147/34/894 179/34/894
f 134/66/1626 166/66/1626 167/11/1626
f 149/39/893 148/36/893 180/36/893
f 135/11/1627 167/11/1627 168/13/1627
f 150/41/1628 149/39/1628 181/39/1628
f 136/13/1629 168/13/1629 169/16/1629
f 151/43/891 150/41/891 182/41/891
f 137/16/1630 169/16/1630 170/59/1630
f 152/45/890 151/43/890 183/43/890
f 138/59/1631 170/59/1631 171/18/1631
f 153/47/889 152/45/889 184/45/889
f 139/18/1632 171/18/1632 172/20/1632
f 154/49/888 153/47/888 185/47/888
f 140/20/1633 172/20/1633 173/22/1633
f 155/51/887 154/49/887 186/49/887
f 141/22/1634 173/22/1634 174/24/1634
f 156/53/886 155/51/886 187/51/886
f 142/24/1635 174/24/1635 175/26/1635
f 130/2/885 129/67/885 161/67/885
f 157/55/884 156/53/884 188/53/884
f 143/26/1636 175/26/1636 176/28/1636
f 130/2/1637 162/2/1637 163/4/1637
f 158/57/883 157/55/883 189/55/883
f 144/28/1638 176/28/1638 177/30/1638
f 131/4/1639 163/4/1639 164/6/1639
f 213/39/921 212/36/921 244/36/921
f 164/6/1640 196/6/1640 197/8/1640
f 192/62/911 191/60/911 223/60/911
f 179/34/910 178/32/910 210/32/910
f 165/8/1641 197/8/1641 198/66/1641
f 161/68/909 192/62/909 224/62/909
f 180/36/908 179/34/908 211/34/908
f 166/66/1642 198/66/1642 199/11/1642
f 181/39/907 180/36/907 212/36/907
f 167/11/1643 199/11/1643 200/13/1643
f 182/41/906 181/39/906 213/39/906
f 168/13/1644 200/13/1644 201/16/1644
f 183/43/905 182/41/905 214/41/905
f 169/16/1645 201/16/1645 202/59/1645
f 184/45/904 183/43/904 215/43/904
f 170/59/1646 202/59/1646 203/18/1646
f 185/47/903 184/45/903 216/45/903
f 171/18/1647 203/18/1647 204/20/1647
f 186/49/902 185/47/902 217/47/902
f 172/20/1648 204/20/1648 205/22/1648
f 187/51/901 186/49/901 218/49/901
f 173/22/1649 205/22/1649 206/24/1649
f 188/53/900 187/51/900 219/51/900
f 174/24/1650 206/24/1650 207/26/1650
f 161/67/1651 193/67/1651 194/2/1651
f 189/55/899 188/53/899 220/53/899
f 175/26/1652 207/26/1652 208/28/1652
f 162/2/1653 194/2/1653 195/4/1653
f 190/57/898 189/55/898 221/55/898
f 176/28/1654 208/28/1654 209/30/1654
f 163/4/1655 195/4/1655 196/6/1655
f 191/60/913 190/57/913 222/57/913
f 248/45/195 247/43/195 279/43/195
f 199/11/1656 231/11/1656 232/13/1656
f 214/41/920 213/39/920 245/39/920
f 200/13/1657 232/13/1657 233/16/1657
f 215/43/918 214/41/918 246/41/918
f 201/16/1658 233/16/1658 234/59/1658
f 216/45/917 215/43/917 247/43/917
f 202/59/1659 234/59/1659 235/18/1659
f 217/47/916 216/45/916 248/45/916
f 203/18/1660 235/18/1660 236/20/1660
f 218/49/915 217/47/915 249/47/915
f 204/20/1661 236/20/1661 237/22/1661
f 219/51/914 218/49/914 250/49/914
f 205/22/1662 237/22/1662 238/24/1662
f 220/53/930 219/51/930 251/51/930
f 206/24/1663 238/24/1663 239/26/1663
f 193/67/1664 225/67/1664 226/2/1664
f 221/55/929 220/53/929 252/53/929
f 207/26/1665 239/26/1665 240/28/1665
f 194/2/1666 226/2/1666 227/4/1666
f 222/57/928 221/55/928 253/55/928
f 208/28/1667 240/28/1667 241/30/1667
f 195/4/1668 227/4/1668 228/6/1668
f 223/60/927 222/57/927 254/57/927
f 210/32/926 209/30/926 241/30/926
f 196/6/1669 228/6/1669 229/8/1669
f 224/62/925 223/60/925 255/60/925
f 211/34/924 210/32/924 242/32/924
f 197/8/1670 229/8/1670 230/66/1670
f 193/68/923 224/62/923 256/62/923
f 212/36/922 211/34/922 243/34/922
f 198/66/1671 230/66/1671 231/11/1671
f 280/45/227 279/43/227 659/43/227
f 234/59/228 266/59/228 267/18/228
f 249/47/229 248/45/229 280/45/229
f 235/18/230 267/18/230 268/20/230
f 249/47/231 281/47/231 282/49/231
f 236/20/232 268/20/232 269/22/232
f 250/49/233 282/49/233 283/51/233
f 237/22/234 269/22/234 270/24/234
f 251/51/235 283/51/235 284/53/235
f 238/24/236 270/24/236 271/26/236
f 226/2/237 225/67/237 257/67/237
f 252/53/931 284/53/931 285/55/931
f 239/26/239 271/26/239 272/28/239
f 227/4/240 226/2/240 258/2/240
f 253/55/241 285/55/241 286/57/241
f 240/28/242 272/28/242 273/30/242
f 228/6/243 227/4/243 259/4/243
f 254/57/244 286/57/244 287/60/244
f 242/32/245 241/30/245 273/30/245
f 229/8/246 228/6/246 260/6/246
f 255/60/247 287/60/247 288/62/247
f 243/34/248 242/32/248 274/32/248
f 230/66/249 229/8/249 261/8/249
f 256/62/250 288/62/250 257/68/250
f 244/36/251 243/34/251 275/34/251
f 231/11/252 230/66/252 262/66/252
f 245/39/253 244/36/253 276/36/253
f 232/13/254 231/11/254 263/11/254
f 246/41/255 245/39/255 277/39/255
f 233/16/256 232/13/256 264/13/256
f 247/43/257 246/41/257 278/41/257
f 233/16/258 265/16/258 266/59/258
f 64/62/940 62/60/940 320/60/940
f 44/41/1672 319/41/1672 299/43/1672
f 28/24/939 26/22/939 318/22/939
f 10/8/938 8/6/938 317/6/938
f 52/49/1673 316/71/1673 293/51/1673
f 34/30/1674 315/30/1674 291/64/1674
f 18/16/937 16/13/937 314/70/937
f 60/57/1675 313/69/1675 320/60/1675
f 42/39/1676 312/39/1676 319/41/1676
f 26/22/936 24/20/936 311/20/936
f 8/6/935 6/4/935 310/4/935
f 50/47/1677 309/47/1677 316/71/1677
f 34/30/934 32/28/934 308/28/934
f 16/13/933 14/11/933 307/11/933
f 58/55/1678 306/55/1678 313/69/1678
f 40/36/1679 305/36/1679 312/39/1679
f 24/20/932 22/18/932 304/18/932
f 4/2/1680 302/2/1680 310/4/1680
f 48/45/1681 300/45/1681 309/47/1681
f 32/28/947 30/26/947 298/26/947
f 14/11/946 12/66/946 296/66/946
f 56/53/1682 294/53/1682 306/55/1682
f 38/34/1683 292/65/1683 305/36/1683
f 22/18/945 20/59/945 290/59/945
f 2/68/944 64/62/944 303/62/944
f 2/67/1684 301/67/1684 302/2/1684
f 46/43/1685 299/43/1685 300/45/1685
f 30/26/943 28/24/943 297/72/943
f 12/66/942 10/8/942 295/73/942
f 54/51/1686 293/51/1686 294/53/1686
f 36/32/1687 291/64/1687 292/65/1687
f 20/59/941 18/16/941 289/16/941
f 329/26/291 328/72/291 336/72/291
f 330/18/1688 327/59/1688 321/59/1688
f 331/20/1689 330/18/1689 322/18/1689
f 332/22/1690 331/20/1690 323/20/1690
f 332/22/295 324/22/295 333/22/295
f 304/18/1691 290/59/1691 327/59/1691
f 290/59/1692 138/59/1692 321/59/1692
f 297/72/1693 328/72/1693 329/26/1693
f 141/22/1694 142/24/1694 325/24/1694
f 139/18/1695 322/18/1695 321/59/1695
f 143/26/1696 298/26/1696 329/26/1696
f 142/24/1697 143/26/1697 326/26/1697
f 333/22/303 339/22/303 344/22/303
f 336/72/304 342/72/304 343/26/304
f 326/26/305 335/26/305 334/24/305
f 328/72/306 332/22/306 338/22/306
f 329/26/307 337/26/307 335/26/307
f 325/24/308 334/24/308 333/22/308
f 341/26/1698 343/26/1698 349/26/1698
f 342/72/1699 344/22/1699 350/22/1699
f 334/24/311 340/24/311 339/22/311
f 336/72/312 338/22/312 344/22/312
f 335/26/313 337/26/313 343/26/313
f 335/26/314 341/26/314 340/24/314
f 345/22/315 351/22/315 356/22/315
f 348/72/1700 354/72/1700 355/26/1700
f 341/26/1701 347/26/1701 346/24/1701
f 342/72/1702 348/72/1702 349/26/1702
f 339/22/1703 345/22/1703 350/22/1703
f 340/24/1704 346/24/1704 345/22/1704
f 355/26/1705 354/72/1705 352/24/1705
f 354/72/1706 356/22/1706 351/22/1706
f 346/24/1707 352/24/1707 351/22/1707
f 348/72/1708 350/22/1708 356/22/1708
f 347/26/1709 349/26/1709 355/26/1709
f 347/26/1710 353/26/1710 352/24/1710
f 371/27/1004 372/29/1004 404/29/1004
f 121/46/1711 381/46/1711 380/44/1711
f 107/19/998 108/21/998 368/21/998
f 122/48/1712 382/48/1712 381/46/1712
f 108/21/997 109/23/997 369/23/997
f 123/50/1713 383/50/1713 382/48/1713
f 109/23/996 110/25/996 370/25/996
f 123/50/995 124/52/995 384/52/995
f 110/25/994 111/27/994 371/27/994
f 98/3/1714 358/3/1714 357/1/1714
f 124/52/993 125/54/993 385/54/993
f 111/27/992 112/29/992 372/29/992
f 99/5/1715 359/5/1715 358/3/1715
f 125/54/991 126/56/991 386/56/991
f 112/29/990 113/31/990 373/31/990
f 100/7/1716 360/7/1716 359/5/1716
f 126/56/989 127/58/989 387/58/989
f 114/33/1717 374/33/1717 373/31/1717
f 101/9/1718 361/9/1718 360/7/1718
f 127/58/988 128/61/988 388/61/988
f 115/35/1719 375/35/1719 374/33/1719
f 102/10/1720 362/10/1720 361/9/1720
f 128/61/987 97/63/987 357/63/987
f 116/37/1721 376/37/1721 375/35/1721
f 103/12/1722 363/12/1722 362/10/1722
f 117/38/1723 377/38/1723 376/37/1723
f 103/12/986 104/14/986 364/14/986
f 118/40/1724 378/40/1724 377/38/1724
f 104/14/985 105/15/985 365/15/985
f 119/42/1725 379/42/1725 378/40/1725
f 105/15/984 106/17/984 366/17/984
f 120/44/1726 380/44/1726 379/42/1726
f 420/61/359 389/63/359 421/63/359
f 358/3/1003 359/5/1003 391/5/1003
f 386/56/1727 418/56/1727 417/54/1727
f 372/29/1002 373/31/1002 405/31/1002
f 359/5/1001 360/7/1001 392/7/1001
f 387/58/1728 419/58/1728 418/56/1728
f 374/33/1729 406/33/1729 405/31/1729
f 360/7/1000 361/9/1000 393/9/1000
f 388/61/1730 420/61/1730 419/58/1730
f 375/35/1731 407/35/1731 406/33/1731
f 361/9/1015 362/10/1015 394/10/1015
f 357/63/1732 389/63/1732 420/61/1732
f 376/37/1733 408/37/1733 407/35/1733
f 362/10/1014 363/12/1014 395/12/1014
f 377/38/1734 409/38/1734 408/37/1734
f 363/12/1013 364/14/1013 396/14/1013
f 378/40/1735 410/40/1735 409/38/1735
f 364/14/1012 365/15/1012 397/15/1012
f 379/42/1736 411/42/1736 410/40/1736
f 365/15/1011 366/17/1011 398/17/1011
f 380/44/1737 412/44/1737 411/42/1737
f 366/17/1010 367/19/1010 399/19/1010
f 381/46/1738 413/46/1738 412/44/1738
f 367/19/1009 368/21/1009 400/21/1009
f 382/48/1739 414/48/1739 413/46/1739
f 368/21/1008 369/23/1008 401/23/1008
f 383/50/1740 415/50/1740 414/48/1740
f 369/23/1007 370/25/1007 402/25/1007
f 384/52/1741 416/52/1741 415/50/1741
f 370/25/1006 371/27/1006 403/27/1006
f 357/1/1742 358/3/1742 390/3/1742
f 385/54/1743 417/54/1743 416/52/1743
f 442/40/391 443/42/391 475/42/391
f 408/37/392 440/37/392 439/35/392
f 395/12/393 427/12/393 426/10/393
f 409/38/394 441/38/394 440/37/394
f 395/12/1017 396/14/1017 428/14/1017
f 410/40/396 442/40/396 441/38/396
f 396/14/397 397/15/397 429/15/397
f 411/42/1744 443/42/1744 442/40/1744
f 397/15/399 398/17/399 430/17/399
f 412/44/400 444/44/400 443/42/400
f 398/17/401 399/19/401 431/19/401
f 413/46/402 445/46/402 444/44/402
f 399/19/1016 400/21/1016 432/21/1016
f 414/48/404 446/48/404 445/46/404
f 400/21/405 401/23/405 433/23/405
f 415/50/406 447/50/406 446/48/406
f 401/23/407 402/25/407 434/25/407
f 415/50/408 416/52/408 448/52/408
f 402/25/409 403/27/409 435/27/409
f 390/3/410 422/3/410 421/1/410
f 416/52/411 417/54/411 449/54/411
f 403/27/1745 404/29/1745 436/29/1745
f 391/5/413 423/5/413 422/3/413
f 417/54/1746 418/56/1746 450/56/1746
f 404/29/415 405/31/415 437/31/415
f 392/7/416 424/7/416 423/5/416
f 418/56/417 419/58/417 451/58/417
f 406/33/418 438/33/418 437/31/418
f 393/9/1747 425/9/1747 424/7/1747
f 419/58/420 420/61/420 452/61/420
f 407/35/1748 439/35/1748 438/33/1748
f 394/10/422 426/10/422 425/9/422
f 477/46/423 478/48/423 510/48/423
f 429/15/424 430/17/424 462/17/424
f 443/42/425 444/44/425 476/44/425
f 431/19/426 463/19/426 462/17/426
f 445/46/427 477/46/427 476/44/427
f 432/21/428 464/21/428 463/19/428
f 445/46/429 446/48/429 478/48/429
f 433/23/1749 465/23/1749 464/21/1749
f 446/48/431 447/50/431 479/50/431
f 433/23/432 434/25/432 466/25/432
f 448/52/433 480/52/433 479/50/433
f 434/25/434 435/27/434 467/27/434
f 422/3/435 454/3/435 453/1/435
f 449/54/436 481/54/436 480/52/436
f 435/27/437 436/29/437 468/29/437
f 422/3/438 423/5/438 455/5/438
f 450/56/439 482/56/439 481/54/439
f 436/29/440 437/31/440 469/31/440
f 423/5/441 424/7/441 456/7/441
f 450/56/442 451/58/442 483/58/442
f 438/33/443 470/33/443 469/31/443
f 424/7/444 425/9/444 457/9/444
f 451/58/1019 452/61/1019 484/61/1019
f 438/33/446 439/35/446 471/35/446
f 426/10/447 458/10/447 457/9/447
f 452/61/448 421/63/448 453/63/448
f 440/37/449 472/37/449 471/35/449
f 426/10/450 427/12/450 459/12/450
f 441/38/451 473/38/451 472/37/451
f 428/14/452 460/14/452 459/12/452
f 442/40/453 474/40/453 473/38/453
f 429/15/454 461/15/454 460/14/454
f 485/1/1025 486/3/1025 518/3/1025
f 465/23/1750 497/23/1750 496/21/1750
f 478/48/457 479/50/457 511/50/457
f 466/25/458 498/25/458 497/23/458
f 480/52/459 512/52/459 511/50/459
f 467/27/460 499/27/460 498/25/460
f 453/1/461 454/3/461 486/3/461
f 481/54/462 513/54/462 512/52/462
f 468/29/463 500/29/463 499/27/463
f 454/3/464 455/5/464 487/5/464
f 482/56/465 514/56/465 513/54/465
f 469/31/466 501/31/466 500/29/466
f 455/5/467 456/7/467 488/7/467
f 483/58/468 515/58/468 514/56/468
f 469/31/469 470/33/469 502/33/469
f 456/7/470 457/9/470 489/9/470
f 484/61/471 516/61/471 515/58/471
f 470/33/472 471/35/472 503/35/472
f 457/9/473 458/10/473 490/10/473
f 453/63/474 485/63/474 516/61/474
f 471/35/475 472/37/475 504/37/475
f 458/10/476 459/12/476 491/12/476
f 472/37/477 473/38/477 505/38/477
f 460/14/1021 492/14/1021 491/12/1021
f 473/38/1020 474/40/1020 506/40/1020
f 461/15/480 493/15/480 492/14/480
f 474/40/481 475/42/481 507/42/481
f 462/17/482 494/17/482 493/15/482
f 475/42/483 476/44/483 508/44/483
f 463/19/484 495/19/484 494/17/484
f 476/44/485 477/46/485 509/46/485
f 464/21/1751 496/21/1751 495/19/1751
f 520/7/1752 521/9/1752 553/9/1752
f 513/54/488 545/54/488 544/52/488
f 499/27/1024 500/29/1024 532/29/1024
f 486/3/490 487/5/490 519/5/490
f 514/56/491 546/56/491 545/54/491
f 500/29/492 501/31/492 533/31/492
f 487/5/493 488/7/493 520/7/493
f 515/58/494 547/58/494 546/56/494
f 502/33/495 534/33/495 533/31/495
f 488/7/496 489/9/496 521/9/496
f 516/61/497 548/61/497 547/58/497
f 503/35/1753 535/35/1753 534/33/1753
f 489/9/499 490/10/499 522/10/499
f 485/63/1754 517/63/1754 548/61/1754
f 504/37/1755 536/37/1755 535/35/1755
f 490/10/502 491/12/502 523/12/502
f 505/38/1756 537/38/1756 536/37/1756
f 491/12/504 492/14/504 524/14/504
f 506/40/505 538/40/505 537/38/505
f 492/14/506 493/15/506 525/15/506
f 507/42/507 539/42/507 538/40/507
f 493/15/508 494/17/508 526/17/508
f 508/44/509 540/44/509 539/42/509
f 494/17/510 495/19/510 527/19/510
f 509/46/511 541/46/511 540/44/511
f 495/19/512 496/21/512 528/21/512
f 510/48/513 542/48/513 541/46/513
f 496/21/514 497/23/514 529/23/514
f 511/50/515 543/50/515 542/48/515
f 497/23/1027 498/25/1027 530/25/1027
f 512/52/517 544/52/517 543/50/517
f 498/25/1026 499/27/1026 531/27/1026
f 580/86/519 549/87/519 565/88/519
f 549/87/519 550/89/519 564/90/519
f 550/89/519 551/81/519 564/90/519
f 551/81/519 552/80/519 563/91/519
f 564/90/519 551/81/519 563/91/519
f 552/80/519 553/92/519 561/93/519
f 553/92/519 554/94/519 560/95/519
f 554/94/519 555/96/519 560/95/519
f 555/96/1757 556/97/1757 559/98/1757
f 560/95/519 555/96/519 559/98/519
f 556/97/1758 557/99/1758 558/100/1758
f 558/100/1759 559/98/1759 556/97/1759
f 560/95/519 561/93/519 553/92/519
f 561/93/519 562/82/519 552/80/519
f 562/82/519 563/91/519 552/80/519
f 564/90/519 565/88/519 549/87/519
f 565/88/519 566/101/519 580/86/519
f 566/101/519 567/102/519 580/86/519
f 567/102/519 568/76/519 579/75/519
f 580/86/519 567/102/519 579/75/519
f 568/76/519 569/103/519 577/104/519
f 569/103/519 570/105/519 576/106/519
f 570/105/1759 571/107/1759 576/106/1759
f 571/107/519 572/108/519 575/109/519
f 576/106/519 571/107/519 575/109/519
f 572/108/1760 573/110/1760 574/111/1760
f 574/111/1759 575/109/1759 572/108/1759
f 576/106/519 577/104/519 569/103/519
f 577/104/519 578/74/519 568/76/519
f 548/61/1761 580/61/1761 579/58/1761
f 535/35/521 567/35/521 566/33/521
f 521/9/1034 522/10/1034 554/10/1034
f 517/63/523 549/63/523 580/61/523
f 536/37/1762 568/37/1762 567/35/1762
f 522/10/525 523/12/525 555/12/525
f 537/38/1763 569/38/1763 568/37/1763
f 523/12/527 524/14/527 556/14/527
f 538/40/528 570/40/528 569/38/528
f 524/14/1032 525/15/1032 557/15/1032
f 539/42/1764 571/42/1764 570/40/1764
f 525/15/531 526/17/531 558/17/531
f 540/44/532 572/44/532 571/42/532
f 526/17/533 527/19/533 559/19/533
f 541/46/534 573/46/534 572/44/534
f 527/19/1031 528/21/1031 560/21/1031
f 542/48/1765 574/48/1765 573/46/1765
f 528/21/537 529/23/537 561/23/537
f 543/50/538 575/50/538 574/48/538
f 529/23/1766 530/25/1766 562/25/1766
f 544/52/540 576/52/540 575/50/540
f 530/25/1029 531/27/1029 563/27/1029
f 517/1/542 518/3/542 550/3/542
f 545/54/1767 577/54/1767 576/52/1767
f 531/27/544 532/29/544 564/29/544
f 518/3/1028 519/5/1028 551/5/1028
f 546/56/546 578/56/546 577/54/546
f 533/31/547 565/31/547 564/29/547
f 519/5/548 520/7/548 552/7/548
f 547/58/549 579/58/549 578/56/549
f 533/31/550 534/33/550 566/33/550
f 587/21/1768 588/23/1768 598/23/1768
f 583/14/1769 584/15/1769 594/15/1769
f 600/27/1770 599/25/1770 605/25/1770
f 584/15/1771 585/17/1771 595/17/1771
f 590/27/1772 603/27/1772 602/25/1772
f 585/17/1773 586/19/1773 596/19/1773
f 582/12/1774 592/12/1774 591/10/1774
f 586/19/1775 587/21/1775 597/21/1775
f 582/12/1776 583/14/1776 593/14/1776
f 13/12/560 582/12/560 581/10/560
f 75/19/561 74/17/561 595/17/561
f 21/19/562 23/21/562 587/21/562
f 75/19/563 596/19/563 597/21/563
f 19/17/1777 585/17/1777 584/15/1777
f 27/25/565 29/27/565 590/27/565
f 76/21/566 597/21/566 598/23/566
f 15/14/567 583/14/567 582/12/567
f 77/23/568 598/23/568 599/25/568
f 23/21/569 25/23/569 588/23/569
f 71/12/570 70/10/570 591/10/570
f 603/27/1778 609/27/1778 608/25/1778
f 606/27/1779 605/25/1779 611/25/1779
f 588/23/1780 601/23/1780 604/23/1780
f 589/25/1781 602/25/1781 601/23/1781
f 599/25/1782 598/23/1782 604/23/1782
f 590/27/1783 600/27/1783 606/27/1783
f 609/27/1784 615/27/1784 614/25/1784
f 612/27/1785 611/25/1785 617/25/1785
f 606/27/1786 612/27/1786 609/27/1786
f 604/23/1787 601/23/1787 607/23/1787
f 605/25/1788 604/23/1788 610/23/1788
f 602/25/1789 608/25/1789 607/23/1789
f 613/23/583 619/23/583 622/23/583
f 615/27/584 618/27/584 624/27/584
f 609/27/1790 612/27/1790 618/27/1790
f 607/23/1791 613/23/1791 616/23/1791
f 611/25/1792 610/23/1792 616/23/1792
f 608/25/1793 614/25/1793 613/23/1793
f 621/27/589 627/27/589 626/25/589
f 624/27/590 623/25/590 629/25/590
f 617/25/591 616/23/591 622/23/591
f 614/25/592 620/25/592 619/23/592
f 618/27/1794 617/25/1794 623/25/1794
f 615/27/594 621/27/594 620/25/594
f 625/23/1795 631/23/1795 634/23/1795
f 627/27/1796 630/27/1796 636/27/1796
f 621/27/1797 624/27/1797 630/27/1797
f 619/23/1798 625/23/1798 628/23/1798
f 623/25/599 622/23/599 628/23/599
f 620/25/600 626/25/600 625/23/600
f 632/25/1799 635/25/1799 634/23/1799
f 632/25/1800 633/27/1800 636/27/1800
f 629/25/1801 628/23/1801 634/23/1801
f 626/25/1802 632/25/1802 631/23/1802
f 630/27/1803 629/25/1803 635/25/1803
f 627/27/1804 633/27/1804 632/25/1804
f 650/24/607 649/22/607 681/22/607
f 266/59/608 646/59/608 647/18/608
f 281/47/609 280/45/609 660/45/609
f 268/20/610 267/18/610 647/18/610
f 281/47/611 661/47/611 662/49/611
f 268/20/612 648/20/612 649/22/612
f 283/51/613 282/49/613 662/49/613
f 269/22/614 649/22/614 650/24/614
f 283/51/615 663/51/615 664/53/615
f 271/26/1093 270/24/1093 650/24/1093
f 258/2/617 257/67/617 637/67/617
f 285/55/618 284/53/618 664/53/618
f 271/26/619 651/26/619 652/28/619
f 258/2/620 638/2/620 639/4/620
f 286/57/621 285/55/621 665/55/621
f 273/30/622 272/28/622 652/28/622
f 260/6/623 259/4/623 639/4/623
f 286/57/624 666/57/624 667/60/624
f 273/30/625 653/30/625 654/32/625
f 261/8/626 260/6/626 640/6/626
f 288/62/627 287/60/627 667/60/627
f 275/34/628 274/32/628 654/32/628
f 261/8/629 641/8/629 642/66/629
f 288/62/630 668/62/630 637/68/630
f 275/34/631 655/34/631 656/36/631
f 263/11/632 262/66/632 642/66/632
f 276/36/633 656/36/633 657/39/633
f 263/11/634 643/11/634 644/13/634
f 278/41/635 277/39/635 657/39/635
f 265/16/636 264/13/636 644/13/636
f 278/41/637 658/41/637 659/43/637
f 265/16/638 645/16/638 646/59/638
f 685/30/1132 684/28/1132 811/28/1132
f 664/53/640 663/51/640 695/51/640
f 651/26/641 650/24/641 682/24/641
f 637/67/642 669/67/642 670/2/642
f 665/55/643 664/53/643 696/53/643
f 652/28/644 651/26/644 683/26/644
f 638/2/645 670/2/645 671/4/645
f 666/57/646 665/55/646 697/55/646
f 653/30/1095 652/28/1095 684/28/1095
f 639/4/648 671/4/648 672/6/648
f 667/60/1094 666/57/1094 698/57/1094
f 653/30/650 685/30/650 686/32/650
f 640/6/651 672/6/651 673/8/651
f 668/62/652 667/60/652 699/60/652
f 654/32/1805 686/32/1805 687/34/1805
f 641/8/654 673/8/654 674/66/654
f 637/68/655 668/62/655 700/62/655
f 655/34/656 687/34/656 688/36/656
f 642/66/657 674/66/657 675/11/657
f 656/36/658 688/36/658 689/39/658
f 643/11/659 675/11/659 676/13/659
f 657/39/660 689/39/660 690/41/660
f 644/13/661 676/13/661 677/16/661
f 658/41/1096 690/41/1096 691/43/1096
f 646/59/663 645/16/663 677/16/663
f 659/43/664 691/43/664 692/45/664
f 647/18/665 646/59/665 678/59/665
f 660/45/666 692/45/666 693/47/666
f 648/20/667 647/18/667 679/18/667
f 662/49/668 661/47/668 693/47/668
f 649/22/669 648/20/669 680/20/669
f 663/51/670 662/49/670 694/49/670
f 720/36/671 719/34/671 751/34/671
f 672/6/1097 671/4/1097 703/4/1097
f 698/57/1806 730/57/1806 731/60/1806
f 718/32/1807 719/34/1807 821/34/1807
f 673/8/1111 672/6/1111 704/6/1111
f 699/60/1808 731/60/1808 732/62/1808
f 684/28/1133 683/26/1133 810/26/1133
f 707/11/678 675/11/678 799/11/678
f 700/62/1809 732/62/1809 701/68/1809
f 717/30/680 718/32/680 820/32/680
f 706/66/681 707/11/681 802/11/681
f 689/39/1108 688/36/1108 720/36/1108
f 675/11/1810 707/11/1810 708/13/1810
f 690/41/1107 689/39/1107 721/39/1107
f 676/13/1811 708/13/1811 709/16/1811
f 691/43/1106 690/41/1106 722/41/1106
f 677/16/1812 709/16/1812 710/59/1812
f 692/45/1105 691/43/1105 723/43/1105
f 678/59/1813 710/59/1813 711/18/1813
f 693/47/1104 692/45/1104 724/45/1104
f 679/18/1814 711/18/1814 712/20/1814
f 694/49/1103 693/47/1103 725/47/1103
f 680/20/1815 712/20/1815 713/22/1815
f 695/51/1102 694/49/1102 726/49/1102
f 681/22/1816 713/22/1816 714/24/1816
f 695/51/1817 727/51/1817 728/53/1817
f 683/26/697 682/24/697 809/24/697
f 670/2/1100 669/67/1100 701/67/1100
f 696/53/1818 728/53/1818 729/55/1818
f 717/30/700 819/30/700 818/28/700
f 671/4/1098 670/2/1098 702/2/1098
f 697/55/1819 729/55/1819 730/57/1819
f 755/43/703 754/41/703 786/41/703
f 707/11/704 706/66/704 738/66/704
f 721/39/705 720/36/705 752/36/705
f 708/13/706 707/11/706 739/11/706
f 721/39/707 753/39/707 754/41/707
f 709/16/1112 708/13/1112 740/13/1112
f 722/41/709 754/41/709 755/43/709
f 710/59/710 709/16/710 741/16/710
f 723/43/711 755/43/711 756/45/711
f 711/18/712 710/59/712 742/59/712
f 724/45/713 756/45/713 757/47/713
f 712/20/714 711/18/714 743/18/714
f 725/47/715 757/47/715 758/49/715
f 713/22/716 712/20/716 744/20/716
f 726/49/717 758/49/717 759/51/717
f 713/22/718 745/22/718 746/24/718
f 727/51/719 759/51/719 760/53/719
f 714/24/1820 746/24/1820 747/26/1820
f 702/2/721 701/67/721 733/67/721
f 728/53/1821 760/53/1821 761/55/1821
f 715/26/723 747/26/723 748/28/723
f 703/4/724 702/2/724 734/2/724
f 729/55/725 761/55/725 762/57/725
f 716/28/726 748/28/726 749/30/726
f 704/6/1114 703/4/1114 735/4/1114
f 730/57/1822 762/57/1822 763/60/1822
f 718/32/729 717/30/729 749/30/729
f 705/8/1113 704/6/1113 736/6/1113
f 731/60/731 763/60/731 764/62/731
f 719/34/732 718/32/732 750/32/732
f 706/66/733 705/8/733 737/8/733
f 732/62/734 764/62/734 733/68/734
f 767/112/735 766/85/735 795/83/735
f 766/85/1823 765/113/1823 796/84/1823
f 795/83/735 766/85/735 796/84/735
f 795/83/735 794/114/735 767/112/735
f 794/114/1824 793/79/1824 768/78/1824
f 767/112/735 794/114/735 768/78/735
f 793/79/1824 792/115/1824 769/77/1824
f 792/115/735 791/116/735 770/117/735
f 769/77/735 792/115/735 770/117/735
f 791/116/1824 790/118/1824 772/119/1824
f 790/118/735 789/120/735 773/121/735
f 789/120/735 788/122/735 774/123/735
f 788/122/735 787/124/735 775/125/735
f 787/124/735 786/126/735 775/125/735
f 786/126/735 785/127/735 776/128/735
f 775/125/735 786/126/735 776/128/735
f 785/127/735 784/129/735 777/130/735
f 784/129/1825 783/131/1825 778/132/1825
f 777/130/1824 784/129/1824 778/132/1824
f 783/131/1826 782/133/1826 779/134/1826
f 782/133/1827 781/135/1827 780/136/1827
f 779/134/1825 782/133/1825 780/136/1825
f 779/134/1828 778/132/1828 783/131/1828
f 777/130/735 776/128/735 785/127/735
f 775/125/735 774/123/735 788/122/735
f 774/123/1824 773/121/1824 789/120/1824
f 773/121/735 772/119/735 790/118/735
f 772/119/1824 771/137/1824 791/116/1824
f 771/137/1825 770/117/1825 791/116/1825
f 741/16/736 773/16/736 774/59/736
f 756/45/1116 755/43/1116 787/43/1116
f 742/59/738 774/59/738 775/18/738
f 757/47/1115 756/45/1115 788/45/1115
f 743/18/740 775/18/740 776/20/740
f 757/47/741 789/47/741 790/49/741
f 744/20/1829 776/20/1829 777/22/1829
f 758/49/1830 790/49/1830 791/51/1830
f 745/22/744 777/22/744 778/24/744
f 759/51/1831 791/51/1831 792/53/1831
f 746/24/746 778/24/746 779/26/746
f 734/2/747 733/67/747 765/67/747
f 760/53/1832 792/53/1832 793/55/1832
f 747/26/749 779/26/749 780/28/749
f 735/4/750 734/2/750 766/2/750
f 761/55/1833 793/55/1833 794/57/1833
f 748/28/752 780/28/752 781/30/752
f 736/6/753 735/4/753 767/4/753
f 762/57/754 794/57/754 795/60/754
f 750/32/755 749/30/755 781/30/755
f 737/8/756 736/6/756 768/6/756
f 763/60/1834 795/60/1834 796/62/1834
f 751/34/758 750/32/758 782/32/758
f 738/66/759 737/8/759 769/8/759
f 764/62/1835 796/62/1835 765/68/1835
f 752/36/761 751/34/761 783/34/761
f 739/11/762 738/66/762 770/66/762
f 753/39/763 752/36/763 784/36/763
f 740/13/764 739/11/764 771/11/764
f 754/41/765 753/39/765 785/39/765
f 741/16/766 740/13/766 772/13/766
f 798/66/767 804/66/767 805/11/767
f 801/66/768 802/11/768 808/11/768
f 705/8/769 800/8/769 797/8/769
f 673/8/770 797/8/770 798/66/770
f 705/8/771 706/66/771 801/66/771
f 674/66/772 798/66/772 799/11/772
f 804/66/1836 803/8/1836 806/8/1836
f 805/11/1837 804/66/1837 807/66/1837
f 802/11/775 799/11/775 805/11/775
f 800/8/776 806/8/776 803/8/776
f 800/8/777 801/66/777 807/66/777
f 797/8/778 803/8/778 804/66/778
f 815/36/1838 829/36/1838 836/36/1838
f 811/28/1139 810/26/1139 824/26/1139
f 819/30/1839 833/30/1839 832/28/1839
f 810/26/1140 809/24/1140 823/24/1140
f 818/28/1840 832/28/1840 831/26/1840
f 817/26/1841 831/26/1841 830/24/1841
f 719/34/785 720/36/785 822/36/785
f 685/30/786 812/30/786 813/32/786
f 686/32/1842 813/32/1842 814/34/1842
f 715/26/788 817/26/788 816/24/788
f 687/34/789 814/34/789 815/36/789
f 716/28/790 818/28/790 817/26/790
f 688/36/791 815/36/791 822/36/791
f 682/24/792 714/24/792 816/24/792
f 825/28/1843 832/28/1843 833/30/1843
f 827/32/1134 826/30/1134 833/30/1134
f 828/34/1137 827/32/1137 834/32/1137
f 829/36/1136 828/34/1136 835/34/1136
f 823/24/1844 830/24/1844 831/26/1844
f 824/26/1845 831/26/1845 832/28/1845
f 819/30/1129 820/32/1129 834/32/1129
f 812/30/1138 811/28/1138 825/28/1138
f 809/24/1128 816/24/1128 830/24/1128
f 820/32/1130 821/34/1130 835/34/1130
f 812/30/1846 826/30/1846 827/32/1846
f 821/34/1131 822/36/1131 836/36/1131
f 813/32/1847 827/32/1847 828/34/1847
f 814/34/1848 828/34/1848 829/36/1848
f 1/1/33 837/3/33 838/2/33
f 837/3/32 839/5/32 840/4/32
f 839/5/30 841/7/30 842/6/30
f 841/7/29 843/9/29 844/8/29
f 845/10/1849 846/66/1849 844/8/1849
f 845/10/808 847/12/808 848/11/808
f 847/12/809 849/14/809 850/13/809
f 851/15/1850 852/16/1850 850/13/1850
f 853/17/1851 854/59/1851 852/16/1851
f 853/17/812 855/19/812 856/18/812
f 855/19/813 857/21/813 858/20/813
f 857/21/814 859/23/814 860/22/814
f 859/23/815 861/25/815 862/24/815
f 861/25/816 863/27/816 864/26/816
f 863/27/817 865/29/817 866/28/817
f 865/29/818 33/31/818 34/30/818
f 33/31/1852 867/33/1852 868/32/1852
f 867/33/1853 869/35/1853 870/34/1853
f 869/35/1854 871/37/1854 872/36/1854
f 873/38/821 874/39/821 872/36/821
f 875/40/822 876/41/822 874/39/822
f 877/42/823 878/43/823 876/41/823
f 879/44/824 880/45/824 878/43/824
f 881/46/825 882/47/825 880/45/825
f 883/48/826 884/49/826 882/47/826
f 885/50/827 886/51/827 884/49/827
f 887/52/828 888/53/828 886/51/828
f 889/54/829 890/55/829 888/53/829
f 891/56/4 892/57/4 890/55/4
f 893/58/3 894/60/3 892/57/3
f 1108/59/1609 965/59/1609 964/16/1609
f 895/61/2 896/62/2 894/60/2
f 1/63/1 2/68/1 896/62/1
f 1392/27/1855 1402/27/1855 910/27/1855
f 949/46/92 950/48/92 920/48/92
f 915/38/1856 916/40/1856 875/40/1856
f 891/56/1599 924/56/1599 925/58/1599
f 905/17/832 1397/17/832 1396/15/832
f 81/31/1857 912/33/1857 867/33/1857
f 920/48/1858 921/50/1858 885/50/1858
f 899/7/62 900/9/62 843/9/62
f 859/23/836 1390/23/836 1391/25/836
f 916/40/1859 917/42/1859 877/42/1859
f 893/58/1595 925/58/1595 926/61/1595
f 901/10/1860 1393/10/1860 1383/10/1860
f 912/33/1861 913/35/1861 869/35/1861
f 885/50/1862 921/50/1862 922/52/1862
f 843/9/1863 900/9/1863 901/10/1863
f 1385/14/1864 1386/15/1864 851/15/1864
f 917/42/1865 918/44/1865 879/44/1865
f 65/1/52 897/3/52 837/3/52
f 895/61/1590 926/61/1590 65/63/1590
f 904/15/845 1396/15/845 1395/14/845
f 913/35/1866 914/37/1866 871/37/1866
f 887/52/1867 922/52/1867 923/54/1867
f 903/14/848 1395/14/848 1394/12/848
f 863/27/1868 910/27/1868 911/29/1868
f 918/44/1869 919/46/1869 881/46/1869
f 897/3/44 898/5/44 839/5/44
f 1387/17/852 1388/19/852 855/19/852
f 914/37/1870 915/38/1870 873/38/1870
f 889/54/1582 923/54/1582 924/56/1582
f 1402/27/854 1401/25/854 909/25/854
f 865/29/1871 911/29/1871 81/31/1871
f 919/46/1872 920/48/1872 883/48/1872
f 898/5/37 899/7/37 841/7/37
f 935/17/1726 1181/17/1726 1182/19/1726
f 907/21/91 937/21/91 938/23/91
f 950/48/90 951/50/90 921/50/90
f 908/23/89 938/23/89 939/25/89
f 951/50/858 952/52/858 922/52/858
f 909/25/87 939/25/87 940/27/87
f 65/1/86 97/1/86 927/3/86
f 952/52/859 953/54/859 923/54/859
f 910/27/84 940/27/84 941/29/84
f 897/3/1600 927/3/1600 928/5/1600
f 953/54/82 954/56/82 924/56/82
f 911/29/81 941/29/81 113/31/81
f 898/5/1873 928/5/1873 929/7/1873
f 954/56/860 955/58/860 925/58/860
f 113/31/78 942/33/78 912/33/78
f 899/7/77 929/7/77 930/9/77
f 955/58/76 956/61/76 926/61/76
f 942/33/75 943/35/75 913/35/75
f 900/9/1874 930/9/1874 931/10/1874
f 956/61/73 97/63/73 65/63/73
f 943/35/72 944/37/72 914/37/72
f 901/10/1875 931/10/1875 932/12/1875
f 944/37/70 945/38/70 915/38/70
f 902/12/69 932/12/69 933/14/69
f 945/38/68 946/40/68 916/40/68
f 903/14/35 933/14/35 934/15/35
f 946/40/98 947/42/98 917/42/98
f 904/15/97 934/15/97 935/17/97
f 947/42/96 948/44/96 918/44/96
f 905/17/95 935/17/95 936/19/95
f 948/44/94 949/46/94 919/46/94
f 906/19/93 936/19/93 937/21/93
f 985/60/1639 1015/60/1639 1014/57/1639
f 973/34/111 972/32/111 1109/64/111
f 982/53/110 981/51/110 1111/51/110
f 1114/66/1608 961/66/1608 960/8/1608
f 1139/20/1876 1140/22/1876 968/22/1876
f 978/45/1877 977/43/1877 1117/43/1877
f 1119/2/1605 957/2/1605 129/67/1605
f 129/68/105 986/62/105 1120/62/105
f 1128/20/1878 1147/20/1878 1146/18/1878
f 974/36/1879 973/34/1879 1110/65/1879
f 983/55/102 982/53/102 1112/53/102
f 1124/11/1602 962/11/1602 961/66/1602
f 1125/28/1601 971/28/1601 970/26/1601
f 979/47/31 978/45/31 1118/45/31
f 1127/4/1621 958/4/1621 957/2/1621
f 1134/22/1880 1148/22/1880 1147/20/1880
f 975/39/1881 974/36/1881 1122/36/1881
f 984/57/127 983/55/127 1123/55/127
f 1131/70/1618 963/13/1618 962/11/1618
f 315/30/1617 145/30/1617 971/28/1617
f 980/49/124 979/47/124 1126/47/124
f 1133/6/1616 959/6/1616 958/4/1616
f 1115/72/1882 1144/72/1882 1148/22/1882
f 976/41/1883 975/39/1883 1129/39/1883
f 985/60/120 984/57/120 1130/69/120
f 1107/16/1613 964/16/1613 963/13/1613
f 972/32/118 145/30/118 315/30/118
f 981/51/117 980/49/117 1132/71/117
f 1113/73/1612 960/8/1612 959/6/1612
f 1138/18/1884 1139/20/1884 967/20/1884
f 977/43/1885 976/41/1885 1135/41/1885
f 986/62/113 985/60/113 1136/60/113
f 1002/32/1654 1032/32/1654 209/30/1654
f 972/32/1638 1002/32/1638 177/30/1638
f 990/8/160 989/6/160 959/6/160
f 986/62/1637 1016/62/1637 1015/60/1637
f 973/34/1636 1003/34/1636 1002/32/1636
f 991/66/157 990/8/157 960/8/157
f 161/68/156 1016/62/156 986/62/156
f 974/36/1635 1004/36/1635 1003/34/1635
f 992/11/154 991/66/154 961/66/154
f 975/39/1634 1005/39/1634 1004/36/1634
f 993/13/1886 992/11/1886 962/11/1886
f 976/41/1633 1006/41/1633 1005/39/1633
f 994/16/150 993/13/150 963/13/150
f 977/43/1632 1007/43/1632 1006/41/1632
f 995/59/148 994/16/148 964/16/148
f 978/45/1631 1008/45/1631 1007/43/1631
f 996/18/146 995/59/146 965/59/146
f 979/47/1630 1009/47/1630 1008/45/1630
f 997/20/144 996/18/144 966/18/144
f 980/49/1629 1010/49/1629 1009/47/1629
f 998/22/142 997/20/142 967/20/142
f 981/51/1627 1011/51/1627 1010/49/1627
f 999/24/140 998/22/140 968/22/140
f 982/53/1626 1012/53/1626 1011/51/1626
f 1000/26/138 999/24/138 969/24/138
f 987/2/137 161/67/137 129/67/137
f 983/55/1625 1013/55/1625 1012/53/1625
f 971/28/1624 1001/28/1624 1000/26/1624
f 988/4/134 987/2/134 957/2/134
f 984/57/1623 1014/57/1623 1013/55/1623
f 145/30/1622 177/30/1622 1001/28/1622
f 989/6/99 988/4/99 958/4/99
f 1035/39/1662 1065/39/1662 1064/36/1662
f 1020/8/191 1019/6/191 989/6/191
f 1016/62/1653 1046/62/1653 1045/60/1653
f 1003/34/1652 1033/34/1652 1032/32/1652
f 1021/66/188 1020/8/188 990/8/188
f 161/68/1651 193/68/1651 1046/62/1651
f 1004/36/1887 1034/36/1887 1033/34/1887
f 1022/11/185 1021/66/185 991/66/185
f 1005/39/1649 1035/39/1649 1034/36/1649
f 1023/13/183 1022/11/183 992/11/183
f 1006/41/1648 1036/41/1648 1035/39/1648
f 1024/16/181 1023/13/181 993/13/181
f 1007/43/1647 1037/43/1647 1036/41/1647
f 1025/59/179 1024/16/179 994/16/179
f 1008/45/1646 1038/45/1646 1037/43/1646
f 1026/18/177 1025/59/177 995/59/177
f 1009/47/1645 1039/47/1645 1038/45/1645
f 1027/20/175 1026/18/175 996/18/175
f 1010/49/1644 1040/49/1644 1039/47/1644
f 1028/22/173 1027/20/173 997/20/173
f 1011/51/1643 1041/51/1643 1040/49/1643
f 1029/24/171 1028/22/171 998/22/171
f 1012/53/1642 1042/53/1642 1041/51/1642
f 1030/26/1888 1029/24/1888 999/24/1888
f 1017/2/168 193/67/168 161/67/168
f 1013/55/1641 1043/55/1641 1042/53/1641
f 1031/28/166 1030/26/166 1000/26/166
f 1018/4/165 1017/2/165 987/2/165
f 1014/57/1640 1044/57/1640 1043/55/1640
f 209/30/131 1031/28/131 1001/28/131
f 1019/6/194 1018/4/194 988/4/194
f 1015/60/1655 1045/60/1655 1044/57/1655
f 1068/45/228 1098/45/228 1097/43/228
f 1053/13/207 1052/11/207 1022/11/207
f 1036/41/1661 1066/41/1661 1065/39/1661
f 1054/16/205 1053/13/205 1023/13/205
f 1037/43/1660 1067/43/1660 1066/41/1660
f 1055/59/203 1054/16/203 1024/16/203
f 1038/45/1659 1068/45/1659 1067/43/1659
f 1056/18/1889 1055/59/1889 1025/59/1889
f 1039/47/1658 1069/47/1658 1068/45/1658
f 1057/20/199 1056/18/199 1026/18/199
f 1040/49/1657 1070/49/1657 1069/47/1657
f 1058/22/197 1057/20/197 1027/20/197
f 1041/51/1656 1071/51/1656 1070/49/1656
f 1059/24/163 1058/22/163 1028/22/163
f 1042/53/1671 1072/53/1671 1071/51/1671
f 1060/26/225 1059/24/225 1029/24/225
f 1047/2/224 225/67/224 193/67/224
f 1043/55/1670 1073/55/1670 1072/53/1670
f 1061/28/222 1060/26/222 1030/26/222
f 1048/4/221 1047/2/221 1017/2/221
f 1044/57/1669 1074/57/1669 1073/55/1669
f 241/30/219 1061/28/219 1031/28/219
f 1049/6/218 1048/4/218 1018/4/218
f 1045/60/1668 1075/60/1668 1074/57/1668
f 1032/32/1667 1062/32/1667 241/30/1667
f 1050/8/215 1049/6/215 1019/6/215
f 1046/62/1666 1076/62/1666 1075/60/1666
f 1033/34/1665 1063/34/1665 1062/32/1665
f 1051/66/212 1050/8/212 1020/8/212
f 193/68/1664 225/68/1664 1076/62/1664
f 1034/36/1663 1064/36/1663 1063/34/1663
f 1052/11/209 1051/66/209 1021/66/209
f 1098/45/608 1460/45/608 1459/43/608
f 1086/18/195 1085/59/195 1055/59/195
f 1069/47/258 1099/47/258 1098/45/258
f 1087/20/257 1086/18/257 1056/18/257
f 1100/49/256 1099/47/256 1069/47/256
f 1088/22/255 1087/20/255 1057/20/255
f 1101/51/254 1100/49/254 1070/49/254
f 1089/24/253 1088/22/253 1058/22/253
f 1102/53/252 1101/51/252 1071/51/252
f 1090/26/251 1089/24/251 1059/24/251
f 1047/2/250 1077/2/250 257/67/250
f 1103/55/249 1102/53/249 1072/53/249
f 1091/28/248 1090/26/248 1060/26/248
f 1048/4/247 1078/4/247 1077/2/247
f 1104/57/246 1103/55/246 1073/55/246
f 273/30/245 1091/28/245 1061/28/245
f 1049/6/244 1079/6/244 1078/4/244
f 1105/60/243 1104/57/243 1074/57/243
f 1062/32/242 1092/32/242 273/30/242
f 1050/8/241 1080/8/241 1079/6/241
f 1106/62/240 1105/60/240 1075/60/240
f 1063/34/239 1093/34/239 1092/32/239
f 1051/66/238 1081/66/238 1080/8/238
f 257/68/237 1106/62/237 1076/62/237
f 1064/36/236 1094/36/236 1093/34/236
f 1052/11/235 1082/11/235 1081/66/235
f 1065/39/234 1095/39/234 1094/36/234
f 1053/13/233 1083/13/233 1082/11/233
f 1066/41/232 1096/41/232 1095/39/232
f 1054/16/231 1084/16/231 1083/13/231
f 1067/43/230 1097/43/230 1096/41/230
f 1085/59/229 1084/16/229 1054/16/229
f 896/62/1680 1120/62/1680 1136/60/1680
f 1117/43/275 1135/41/275 876/41/275
f 862/24/1679 1115/72/1679 1134/22/1679
f 844/8/1678 1113/73/1678 1133/6/1678
f 1111/51/272 1132/71/272 884/49/272
f 1109/64/271 315/30/271 34/30/271
f 852/16/1677 1107/16/1677 1131/70/1677
f 1136/60/269 1130/69/269 892/57/269
f 1135/41/268 1129/39/268 874/39/268
f 860/22/1676 1134/22/1676 1128/20/1676
f 842/6/1675 1133/6/1675 1127/4/1675
f 1132/71/265 1126/47/265 882/47/265
f 34/30/1674 315/30/1674 1125/28/1674
f 850/13/1673 1131/70/1673 1124/11/1673
f 1130/69/262 1123/55/262 890/55/262
f 1129/39/261 1122/36/261 872/36/261
f 858/20/1672 1128/20/1672 1121/18/1672
f 1127/4/259 1119/2/259 838/2/259
f 1126/47/290 1118/45/290 880/45/290
f 866/28/1687 1125/28/1687 1116/26/1687
f 848/11/1686 1124/11/1686 1114/66/1686
f 1123/55/287 1112/53/287 888/53/287
f 1122/36/286 1110/65/286 870/34/286
f 856/18/1685 1121/18/1685 1108/59/1685
f 2/68/1684 301/68/1684 1120/62/1684
f 1119/2/283 301/67/283 2/67/283
f 1118/45/282 1117/43/282 878/43/282
f 864/26/1683 1116/26/1683 1115/72/1683
f 846/66/1682 1114/66/1682 1113/73/1682
f 1112/53/279 1111/51/279 886/51/279
f 1110/65/278 1109/64/278 868/32/278
f 854/59/1681 1108/59/1681 1107/16/1681
f 1145/26/948 1153/26/948 1152/72/948
f 1146/18/1890 1138/18/1890 1137/59/1890
f 1147/20/1891 1139/20/1891 1138/18/1891
f 1148/22/1892 1140/22/1892 1139/20/1892
f 1148/22/952 1154/22/952 1149/22/952
f 1121/18/1893 1146/18/1893 1143/59/1893
f 1108/59/1894 1143/59/1894 1137/59/1894
f 1145/26/1895 1144/72/1895 1115/72/1895
f 968/22/1896 1140/22/1896 1141/24/1896
f 1137/59/1897 1138/18/1897 966/18/1897
f 970/26/1898 1142/26/1898 1145/26/1898
f 969/24/1899 1141/24/1899 1142/26/1899
f 1160/22/960 1155/22/960 1149/22/960
f 1159/26/961 1158/72/961 1152/72/961
f 1150/24/962 1151/26/962 1142/26/962
f 1144/72/963 1152/72/963 1154/22/963
f 1151/26/964 1153/26/964 1145/26/964
f 1149/22/965 1150/24/965 1141/24/965
f 1157/26/1900 1163/26/1900 1165/26/1900
f 1158/72/1901 1164/72/1901 1166/22/1901
f 1155/22/968 1156/24/968 1150/24/968
f 1152/72/969 1158/72/969 1160/22/969
f 1151/26/970 1157/26/970 1159/26/970
f 1156/24/971 1157/26/971 1151/26/971
f 1172/22/972 1167/22/972 1161/22/972
f 1171/26/1902 1170/72/1902 1164/72/1902
f 1162/24/1903 1163/26/1903 1157/26/1903
f 1165/26/1904 1164/72/1904 1158/72/1904
f 1166/22/1905 1161/22/1905 1155/22/1905
f 1161/22/1906 1162/24/1906 1156/24/1906
f 1171/26/1907 1169/26/1907 1168/24/1907
f 1170/72/1908 1168/24/1908 1167/22/1908
f 1167/22/1909 1168/24/1909 1162/24/1909
f 1164/72/1910 1170/72/1910 1172/22/1910
f 1163/26/1911 1169/26/1911 1171/26/1911
f 1168/24/1912 1169/26/1912 1163/26/1912
f 1186/27/1731 1216/27/1731 1217/29/1731
f 1194/44/357 1195/46/357 949/46/357
f 936/19/1725 1182/19/1725 1183/21/1725
f 1195/46/355 1196/48/355 950/48/355
f 937/21/1913 1183/21/1913 1184/23/1913
f 1196/48/353 1197/50/353 951/50/353
f 938/23/1723 1184/23/1723 1185/25/1723
f 951/50/1722 1197/50/1722 1198/52/1722
f 939/25/1914 1185/25/1914 1186/27/1914
f 357/1/349 1173/3/349 927/3/349
f 952/52/1720 1198/52/1720 1199/54/1720
f 940/27/1719 1186/27/1719 1187/29/1719
f 1173/3/346 1174/5/346 928/5/346
f 953/54/1718 1199/54/1718 1200/56/1718
f 941/29/1717 1187/29/1717 373/31/1717
f 1174/5/343 1175/7/343 929/7/343
f 954/56/1716 1200/56/1716 1201/58/1716
f 373/31/341 1188/33/341 942/33/341
f 1175/7/340 1176/9/340 930/9/340
f 955/58/1715 1201/58/1715 1202/61/1715
f 1188/33/338 1189/35/338 943/35/338
f 1176/9/337 1177/10/337 931/10/337
f 956/61/1714 1202/61/1714 357/63/1714
f 1189/35/1915 1190/37/1915 944/37/1915
f 1177/10/334 1178/12/334 932/12/334
f 1190/37/333 1191/38/333 945/38/333
f 932/12/1713 1178/12/1713 1179/14/1713
f 1191/38/1916 1192/40/1916 946/40/1916
f 933/14/1712 1179/14/1712 1180/15/1712
f 1192/40/329 1193/42/329 947/42/329
f 934/15/1711 1180/15/1711 1181/17/1711
f 1193/42/67 1194/44/67 948/44/67
f 1232/61/410 1262/61/410 421/63/410
f 1173/3/1730 1203/3/1730 1204/5/1730
f 1229/54/366 1230/56/366 1200/56/366
f 1187/29/1729 1217/29/1729 405/31/1729
f 1174/5/1728 1204/5/1728 1205/7/1728
f 1230/56/363 1231/58/363 1201/58/363
f 405/31/362 1218/33/362 1188/33/362
f 1175/7/1727 1205/7/1727 1206/9/1727
f 1231/58/360 1232/61/360 1202/61/360
f 1218/33/327 1219/35/327 1189/35/327
f 1176/9/1743 1206/9/1743 1207/10/1743
f 1232/61/389 389/63/389 357/63/389
f 1219/35/388 1220/37/388 1190/37/388
f 1177/10/1741 1207/10/1741 1208/12/1741
f 1220/37/386 1221/38/386 1191/38/386
f 1178/12/1740 1208/12/1740 1209/14/1740
f 1221/38/384 1222/40/384 1192/40/384
f 1179/14/1739 1209/14/1739 1210/15/1739
f 1222/40/382 1223/42/382 1193/42/382
f 1180/15/1738 1210/15/1738 1211/17/1738
f 1223/42/380 1224/44/380 1194/44/380
f 1181/17/1737 1211/17/1737 1212/19/1737
f 1224/44/378 1225/46/378 1195/46/378
f 1182/19/1736 1212/19/1736 1213/21/1736
f 1225/46/376 1226/48/376 1196/48/376
f 1183/21/1735 1213/21/1735 1214/23/1735
f 1226/48/374 1227/50/374 1197/50/374
f 1184/23/1734 1214/23/1734 1215/25/1734
f 1227/50/372 1228/52/372 1198/52/372
f 1185/25/1733 1215/25/1733 1216/27/1733
f 357/1/1732 389/1/1732 1203/3/1732
f 1228/52/1917 1229/54/1917 1199/54/1917
f 1252/40/428 1282/40/428 1283/42/428
f 1249/35/409 1250/37/409 1220/37/409
f 1237/10/408 1238/12/408 1208/12/408
f 1250/37/407 1251/38/407 1221/38/407
f 1208/12/1918 1238/12/1918 1239/14/1918
f 1251/38/405 1252/40/405 1222/40/405
f 1209/14/404 1239/14/404 1240/15/404
f 1252/40/403 1253/42/403 1223/42/403
f 1210/15/402 1240/15/402 1241/17/402
f 1253/42/401 1254/44/401 1224/44/401
f 1211/17/400 1241/17/400 1242/19/400
f 1254/44/399 1255/46/399 1225/46/399
f 1212/19/1744 1242/19/1744 1243/21/1744
f 1255/46/397 1256/48/397 1226/48/397
f 1213/21/396 1243/21/396 1244/23/396
f 1256/48/1017 1257/50/1017 1227/50/1017
f 1214/23/394 1244/23/394 1245/25/394
f 1227/50/393 1257/50/393 1258/52/393
f 1215/25/392 1245/25/392 1246/27/392
f 421/1/359 1233/3/359 1203/3/359
f 1228/52/422 1258/52/422 1259/54/422
f 1216/27/1748 1246/27/1748 1247/29/1748
f 1233/3/420 1234/5/420 1204/5/420
f 1229/54/1747 1259/54/1747 1260/56/1747
f 1217/29/418 1247/29/418 437/31/418
f 1234/5/417 1235/7/417 1205/7/417
f 1230/56/416 1260/56/416 1261/58/416
f 437/31/415 1248/33/415 1218/33/415
f 1235/7/414 1236/9/414 1206/9/414
f 1231/58/413 1261/58/413 1262/61/413
f 1248/33/412 1249/35/412 1219/35/412
f 1236/9/411 1237/10/411 1207/10/411
f 1285/46/480 1315/46/480 1316/48/480
f 1240/15/427 1270/15/427 1271/17/427
f 1253/42/426 1283/42/426 1284/44/426
f 1271/17/425 1272/19/425 1242/19/425
f 1284/44/424 1285/46/424 1255/46/424
f 1272/19/391 1273/21/391 1243/21/391
f 1255/46/454 1285/46/454 1286/48/454
f 1273/21/1919 1274/23/1919 1244/23/1919
f 1256/48/452 1286/48/452 1287/50/452
f 1244/23/451 1274/23/451 1275/25/451
f 1287/50/450 1288/52/450 1258/52/450
f 1245/25/449 1275/25/449 1276/27/449
f 453/1/448 1263/3/448 1233/3/448
f 1288/52/447 1289/54/447 1259/54/447
f 1276/27/446 1277/29/446 1247/29/446
f 1233/3/1019 1263/3/1019 1264/5/1019
f 1289/54/444 1290/56/444 1260/56/444
f 1247/29/443 1277/29/443 469/31/443
f 1234/5/442 1264/5/442 1265/7/442
f 1290/56/441 1291/58/441 1261/58/441
f 469/31/440 1278/33/440 1248/33/440
f 1235/7/439 1265/7/439 1266/9/439
f 1261/58/1920 1291/58/1920 1292/61/1920
f 1278/33/437 1279/35/437 1249/35/437
f 1266/9/436 1267/10/436 1237/10/436
f 1262/61/435 1292/61/435 453/63/435
f 1279/35/434 1280/37/434 1250/37/434
f 1237/10/433 1267/10/433 1268/12/433
f 1280/37/432 1281/38/432 1251/38/432
f 1268/12/431 1269/14/431 1239/14/431
f 1281/38/430 1282/40/430 1252/40/430
f 1269/14/429 1270/15/429 1240/15/429
f 485/1/1754 517/1/1754 1323/3/1754
f 1303/21/479 1304/23/479 1274/23/479
f 1286/48/1021 1316/48/1021 1317/50/1021
f 1304/23/477 1305/25/477 1275/25/477
f 1317/50/476 1318/52/476 1288/52/476
f 1305/25/475 1306/27/475 1276/27/475
f 453/1/474 485/1/474 1293/3/474
f 1318/52/473 1319/54/473 1289/54/473
f 1306/27/472 1307/29/472 1277/29/472
f 1263/3/471 1293/3/471 1294/5/471
f 1319/54/470 1320/56/470 1290/56/470
f 1307/29/1921 501/31/1921 469/31/1921
f 1264/5/468 1294/5/468 1295/7/468
f 1320/56/467 1321/58/467 1291/58/467
f 469/31/466 501/31/466 1308/33/466
f 1265/7/465 1295/7/465 1296/9/465
f 1321/58/464 1322/61/464 1292/61/464
f 1278/33/463 1308/33/463 1309/35/463
f 1266/9/462 1296/9/462 1297/10/462
f 1322/61/461 485/63/461 453/63/461
f 1279/35/460 1309/35/460 1310/37/460
f 1267/10/459 1297/10/459 1298/12/459
f 1280/37/458 1310/37/458 1311/38/458
f 1298/12/457 1299/14/457 1269/14/457
f 1281/38/1750 1311/38/1750 1312/40/1750
f 1299/14/423 1300/15/423 1270/15/423
f 1282/40/486 1312/40/486 1313/42/486
f 1300/15/485 1301/17/485 1271/17/485
f 1283/42/484 1313/42/484 1314/44/484
f 1301/17/483 1302/19/483 1272/19/483
f 1284/44/482 1314/44/482 1315/46/482
f 1302/19/1023 1303/21/1023 1273/21/1023
f 1325/7/1922 1355/7/1922 1356/9/1922
f 1348/52/499 1349/54/499 1319/54/499
f 1306/27/1753 1336/27/1753 1337/29/1753
f 1293/3/497 1323/3/497 1324/5/497
f 1349/54/496 1350/56/496 1320/56/496
f 1307/29/495 1337/29/495 533/31/495
f 1294/5/494 1324/5/494 1325/7/494
f 1350/56/493 1351/58/493 1321/58/493
f 533/31/492 1338/33/492 1308/33/492
f 1295/7/491 1325/7/491 1326/9/491
f 1351/58/490 1352/61/490 1322/61/490
f 1338/33/489 1339/35/489 1309/35/489
f 1296/9/488 1326/9/488 1327/10/488
f 1352/61/455 517/63/455 485/63/455
f 1339/35/518 1340/37/518 1310/37/518
f 1297/10/517 1327/10/517 1328/12/517
f 1340/37/516 1341/38/516 1311/38/516
f 1298/12/515 1328/12/515 1329/14/515
f 1341/38/514 1342/40/514 1312/40/514
f 1299/14/513 1329/14/513 1330/15/513
f 1342/40/512 1343/42/512 1313/42/512
f 1300/15/511 1330/15/511 1331/17/511
f 1343/42/510 1344/44/510 1314/44/510
f 1301/17/509 1331/17/509 1332/19/509
f 1344/44/508 1345/46/508 1315/46/508
f 1302/19/507 1332/19/507 1333/21/507
f 1345/46/506 1346/48/506 1316/48/506
f 1303/21/505 1333/21/505 1334/23/505
f 1346/48/504 1347/50/504 1317/50/504
f 1304/23/1756 1334/23/1756 1335/25/1756
f 1347/50/502 1348/52/502 1318/52/502
f 1305/25/1755 1335/25/1755 1336/27/1755
f 1353/89/519 549/87/519 565/88/519
f 549/87/519 1382/86/519 1368/101/519
f 1382/86/519 1381/75/519 1368/101/519
f 1381/75/519 1380/74/519 1369/102/519
f 1368/101/519 1381/75/519 1369/102/519
f 1380/74/519 1379/104/519 1371/103/519
f 1379/104/519 1378/106/519 1372/105/519
f 1378/106/519 1377/109/519 1372/105/519
f 1377/109/1757 1376/111/1757 1373/107/1757
f 1372/105/519 1377/109/519 1373/107/519
f 1376/111/1758 1375/110/1758 1374/108/1758
f 1374/108/1759 1373/107/1759 1376/111/1759
f 1372/105/519 1371/103/519 1379/104/519
f 1371/103/519 1370/76/519 1380/74/519
f 1370/76/519 1369/102/519 1380/74/519
f 1368/101/519 565/88/519 549/87/519
f 565/88/519 1367/90/519 1353/89/519
f 1367/90/519 1366/91/519 1353/89/519
f 1366/91/519 1365/82/519 1354/81/519
f 1353/89/519 1366/91/519 1354/81/519
f 1365/82/519 1364/93/519 1356/92/519
f 1364/93/519 1363/95/519 1357/94/519
f 1363/95/1759 1362/98/1759 1357/94/1759
f 1362/98/519 1361/100/519 1358/96/519
f 1357/94/519 1362/98/519 1358/96/519
f 1361/100/1760 1360/99/1760 1359/97/1760
f 1359/97/1759 1358/96/1759 1361/100/1759
f 1357/94/519 1356/92/519 1364/93/519
f 1356/92/519 1355/80/519 1365/82/519
f 1381/58/545 1382/61/545 1352/61/545
f 1368/33/544 1369/35/544 1339/35/544
f 1326/9/1767 1356/9/1767 1357/10/1767
f 1382/61/542 549/63/542 517/63/542
f 1369/35/541 1370/37/541 1340/37/541
f 1327/10/540 1357/10/540 1358/12/540
f 1370/37/1766 1371/38/1766 1341/38/1766
f 1328/12/538 1358/12/538 1359/14/538
f 1371/38/537 1372/40/537 1342/40/537
f 1329/14/1765 1359/14/1765 1360/15/1765
f 1372/40/1923 1373/42/1923 1343/42/1923
f 1330/15/534 1360/15/534 1361/17/534
f 1373/42/533 1374/44/533 1344/44/533
f 1331/17/532 1361/17/532 1362/19/532
f 1374/44/531 1375/46/531 1345/46/531
f 1332/19/1764 1362/19/1764 1363/21/1764
f 1375/46/529 1376/48/529 1346/48/529
f 1333/21/528 1363/21/528 1364/23/528
f 1376/48/527 1377/50/527 1347/50/527
f 1334/23/1763 1364/23/1763 1365/25/1763
f 1377/50/525 1378/52/525 1348/52/525
f 1335/25/1762 1365/25/1762 1366/27/1762
f 517/1/523 549/1/523 1353/3/523
f 1378/52/522 1379/54/522 1349/54/522
f 1336/27/521 1366/27/521 1367/29/521
f 1323/3/1761 1353/3/1761 1354/5/1761
f 1379/54/1752 1380/56/1752 1350/56/1752
f 1367/29/550 565/31/550 533/31/550
f 1324/5/549 1354/5/549 1355/7/549
f 1380/56/548 1381/58/548 1351/58/548
f 533/31/547 565/31/547 1368/33/547
f 1389/21/1924 1399/21/1924 1400/23/1924
f 1385/14/1925 1395/14/1925 1396/15/1925
f 1402/27/1926 1408/27/1926 1407/25/1926
f 1386/15/1927 1396/15/1927 1397/17/1927
f 1404/25/1928 1405/27/1928 1392/27/1928
f 1387/17/1929 1397/17/1929 1398/19/1929
f 1393/10/1930 1394/12/1930 1384/12/1930
f 1388/19/1931 1398/19/1931 1399/21/1931
f 1384/12/1932 1394/12/1932 1395/14/1932
f 1383/10/1045 1384/12/1045 847/12/1045
f 906/19/1046 1398/19/1046 1397/17/1046
f 855/19/1047 1388/19/1047 1389/21/1047
f 1399/21/1048 1398/19/1048 906/19/1048
f 1386/15/1933 1387/17/1933 853/17/1933
f 861/25/1050 1391/25/1050 1392/27/1050
f 1400/23/1051 1399/21/1051 907/21/1051
f 1384/12/1052 1385/14/1052 849/14/1052
f 1401/25/1053 1400/23/1053 908/23/1053
f 857/21/1054 1389/21/1054 1390/23/1054
f 902/12/1055 1394/12/1055 1393/10/1055
f 1410/25/1934 1411/27/1934 1405/27/1934
f 1408/27/1935 1414/27/1935 1413/25/1935
f 1406/23/1936 1403/23/1936 1390/23/1936
f 1403/23/1937 1404/25/1937 1391/25/1937
f 1401/25/1938 1407/25/1938 1406/23/1938
f 1392/27/1939 1405/27/1939 1408/27/1939
f 1416/25/1940 1417/27/1940 1411/27/1940
f 1414/27/1941 1420/27/1941 1419/25/1941
f 1411/27/1942 1414/27/1942 1408/27/1942
f 1406/23/1943 1412/23/1943 1409/23/1943
f 1407/25/1944 1413/25/1944 1412/23/1944
f 1409/23/1945 1410/25/1945 1404/25/1945
f 1424/23/1068 1421/23/1068 1415/23/1068
f 1417/27/1069 1423/27/1069 1426/27/1069
f 1411/27/1946 1417/27/1946 1420/27/1946
f 1418/23/1947 1415/23/1947 1409/23/1947
f 1413/25/1948 1419/25/1948 1418/23/1948
f 1415/23/1949 1416/25/1949 1410/25/1949
f 1428/25/1074 1429/27/1074 1423/27/1074
f 1426/27/1075 1432/27/1075 1431/25/1075
f 1419/25/1076 1425/25/1076 1424/23/1076
f 1421/23/1077 1422/25/1077 1416/25/1077
f 1420/27/1950 1426/27/1950 1425/25/1950
f 1422/25/1079 1423/27/1079 1417/27/1079
f 1436/23/1951 1433/23/1951 1427/23/1951
f 1429/27/1952 1435/27/1952 1438/27/1952
f 1423/27/1953 1429/27/1953 1432/27/1953
f 1430/23/1954 1427/23/1954 1421/23/1954
f 1425/25/1084 1431/25/1084 1430/23/1084
f 1427/23/1085 1428/25/1085 1422/25/1085
f 1436/23/1955 1437/25/1955 1434/25/1955
f 1434/25/1956 1437/25/1956 1438/27/1956
f 1431/25/1957 1437/25/1957 1436/23/1957
f 1433/23/1958 1434/25/1958 1428/25/1958
f 1432/27/1959 1438/27/1959 1437/25/1959
f 1434/25/1960 1435/27/1960 1429/27/1960
f 1451/24/658 1481/24/658 1480/22/658
f 1086/18/227 1448/18/227 1447/59/227
f 1461/47/638 1460/45/638 1098/45/638
f 1087/20/637 1449/20/637 1448/18/637
f 1462/49/636 1461/47/636 1099/47/636
f 1450/22/635 1449/20/635 1087/20/635
f 1101/51/634 1463/51/634 1462/49/634
f 1451/24/633 1450/22/633 1088/22/633
f 1464/53/632 1463/51/632 1101/51/632
f 1090/26/631 1452/26/631 1451/24/631
f 1077/2/630 1439/2/630 637/67/630
f 1103/55/629 1465/55/629 1464/53/629
f 1453/28/628 1452/26/628 1090/26/628
f 1078/4/627 1440/4/627 1439/2/627
f 1104/57/626 1466/57/626 1465/55/626
f 273/30/625 653/30/625 1453/28/625
f 1079/6/624 1441/6/624 1440/4/624
f 1467/60/623 1466/57/623 1104/57/623
f 1454/32/622 653/30/622 273/30/622
f 1442/8/621 1441/6/621 1079/6/621
f 1106/62/620 1468/62/620 1467/60/620
f 1455/34/619 1454/32/619 1092/32/619
f 1443/66/618 1442/8/618 1080/8/618
f 257/68/617 637/68/617 1468/62/617
f 1456/36/616 1455/34/616 1093/34/616
f 1082/11/615 1444/11/615 1443/66/615
f 1457/39/614 1456/36/614 1094/36/614
f 1445/13/613 1444/11/613 1082/11/613
f 1096/41/612 1458/41/612 1457/39/612
f 1084/16/611 1446/16/611 1445/13/611
f 1459/43/610 1458/41/610 1096/41/610
f 1447/59/609 1446/16/609 1084/16/609
f 685/30/786 812/30/786 1603/28/786
f 1464/53/657 1494/53/657 1493/51/657
f 1452/26/656 1482/26/656 1481/24/656
f 1469/2/655 669/67/655 637/67/655
f 1465/55/654 1495/55/654 1494/53/654
f 1453/28/1805 1483/28/1805 1482/26/1805
f 1470/4/652 1469/2/652 1439/2/652
f 1466/57/651 1496/57/651 1495/55/651
f 653/30/650 685/30/650 1483/28/650
f 1471/6/649 1470/4/649 1440/4/649
f 1467/60/648 1497/60/648 1496/57/648
f 1484/32/647 685/30/647 653/30/647
f 1472/8/646 1471/6/646 1441/6/646
f 1468/62/645 1498/62/645 1497/60/645
f 1485/34/644 1484/32/644 1454/32/644
f 1473/66/643 1472/8/643 1442/8/643
f 637/68/642 669/68/642 1498/62/642
f 1486/36/641 1485/34/641 1455/34/641
f 1474/11/640 1473/66/640 1443/66/640
f 1487/39/607 1486/36/607 1456/36/607
f 1475/13/670 1474/11/670 1444/11/670
f 1488/41/669 1487/39/669 1457/39/669
f 1476/16/668 1475/13/668 1445/13/668
f 1489/43/667 1488/41/667 1458/41/667
f 1447/59/666 1477/59/666 1476/16/666
f 1490/45/665 1489/43/665 1459/43/665
f 1448/18/664 1478/18/664 1477/59/664
f 1491/47/663 1490/45/663 1460/45/663
f 1449/20/1096 1479/20/1096 1478/18/1096
f 1462/49/661 1492/49/661 1491/47/661
f 1450/22/660 1480/22/660 1479/20/660
f 1463/51/659 1493/51/659 1492/49/659
f 1516/36/1820 1546/36/1820 1545/34/1820
f 1471/6/1806 1501/6/1806 1500/4/1806
f 1527/60/672 1526/57/672 1496/57/672
f 1514/32/790 1610/32/790 1611/34/790
f 1472/8/1819 1502/8/1819 1501/6/1819
f 1528/62/701 1527/60/701 1497/60/701
f 1483/28/1842 1603/28/1842 1602/26/1842
f 1504/11/1099 1594/11/1099 1591/11/1099
f 701/68/698 1528/62/698 1498/62/698
f 717/30/700 819/30/700 1610/32/700
f 1503/66/1101 1593/66/1101 1594/11/1101
f 1487/39/1816 1517/39/1816 1516/36/1816
f 1505/13/694 1504/11/694 1474/11/694
f 1488/41/1815 1518/41/1815 1517/39/1815
f 1506/16/692 1505/13/692 1475/13/692
f 1489/43/1814 1519/43/1814 1518/41/1814
f 1507/59/690 1506/16/690 1476/16/690
f 1490/45/1813 1520/45/1813 1519/43/1813
f 1508/18/688 1507/59/688 1477/59/688
f 1491/47/1812 1521/47/1812 1520/45/1812
f 1509/20/686 1508/18/686 1478/18/686
f 1492/49/1811 1522/49/1811 1521/47/1811
f 1510/22/684 1509/20/684 1479/20/684
f 1493/51/1810 1523/51/1810 1522/49/1810
f 1511/24/682 1510/22/682 1480/22/682
f 1524/53/774 1523/51/774 1493/51/774
f 1482/26/789 1602/26/789 1601/24/789
f 1469/2/1809 1499/2/1809 701/67/1809
f 1525/55/773 1524/53/773 1494/53/773
f 1609/28/680 819/30/680 717/30/680
f 1470/4/1808 1500/4/1808 1499/2/1808
f 1526/57/675 1525/55/675 1495/55/675
f 1549/43/740 1579/43/740 1578/41/740
f 1504/11/719 1534/11/719 1533/66/719
f 1517/39/718 1547/39/718 1546/36/718
f 1505/13/717 1535/13/717 1534/11/717
f 1548/41/716 1547/39/716 1517/39/716
f 1506/16/715 1536/16/715 1535/13/715
f 1549/43/714 1548/41/714 1518/41/714
f 1507/59/713 1537/59/713 1536/16/713
f 1550/45/712 1549/43/712 1519/43/712
f 1508/18/711 1538/18/711 1537/59/711
f 1551/47/710 1550/45/710 1520/45/710
f 1509/20/709 1539/20/709 1538/18/709
f 1552/49/708 1551/47/708 1521/47/708
f 1510/22/707 1540/22/707 1539/20/707
f 1553/51/706 1552/49/706 1522/49/706
f 1541/24/705 1540/22/705 1510/22/705
f 1554/53/704 1553/51/704 1523/51/704
f 1542/26/671 1541/24/671 1511/24/671
f 1499/2/734 1529/2/734 733/67/734
f 1555/55/733 1554/53/733 1524/53/733
f 1543/28/732 1542/26/732 1512/26/732
f 1500/4/731 1530/4/731 1529/2/731
f 1556/57/730 1555/55/730 1525/55/730
f 749/30/729 1543/28/729 1513/28/729
f 1501/6/1822 1531/6/1822 1530/4/1822
f 1557/60/727 1556/57/727 1526/57/727
f 1514/32/726 1544/32/726 749/30/726
f 1502/8/725 1532/8/725 1531/6/725
f 1558/62/724 1557/60/724 1527/60/724
f 1515/34/723 1545/34/723 1544/32/723
f 1503/66/722 1533/66/722 1532/8/722
f 733/68/721 1558/62/721 1528/62/721
f 765/113/1826 1559/85/1826 1588/84/1826
f 1559/85/735 1560/112/735 1587/83/735
f 1560/112/1825 1561/78/1825 1586/114/1825
f 1561/78/735 1562/77/735 1585/79/735
f 1562/77/1824 1563/117/1824 1585/79/1824
f 1563/117/735 1564/137/735 1584/115/735
f 1585/79/735 1563/117/735 1584/115/735
f 1564/137/1824 1565/119/1824 1583/116/1824
f 1565/119/735 1566/121/735 1582/118/735
f 1583/116/735 1565/119/735 1582/118/735
f 1566/121/735 1567/123/735 1580/122/735
f 1567/123/735 1568/125/735 1579/124/735
f 1568/125/735 1569/128/735 1578/126/735
f 1569/128/735 1570/130/735 1577/127/735
f 1570/130/1826 1571/132/1826 1576/129/1826
f 1571/132/1961 1572/134/1961 1575/131/1961
f 1572/134/1826 1573/136/1826 1575/131/1826
f 1573/136/1827 781/135/1827 1574/133/1827
f 1575/131/1825 1573/136/1825 1574/133/1825
f 1575/131/1825 1576/129/1825 1571/132/1825
f 1576/129/1825 1577/127/1825 1570/130/1825
f 1577/127/735 1578/126/735 1569/128/735
f 1578/126/735 1579/124/735 1568/125/735
f 1579/124/735 1580/122/735 1567/123/735
f 1580/122/1824 1581/120/1824 1566/121/1824
f 1581/120/735 1582/118/735 1566/121/735
f 1583/116/1825 1584/115/1825 1564/137/1825
f 1585/79/735 1586/114/735 1561/78/735
f 1586/114/735 1587/83/735 1560/112/735
f 1567/59/739 1566/16/739 1536/16/739
f 1550/45/738 1580/45/738 1579/43/738
f 1568/18/1116 1567/59/1116 1537/59/1116
f 1551/47/736 1581/47/736 1580/45/736
f 1569/20/703 1568/18/703 1538/18/703
f 1582/49/766 1581/47/766 1551/47/766
f 1570/22/765 1569/20/765 1539/20/765
f 1583/51/764 1582/49/764 1552/49/764
f 1571/24/763 1570/22/763 1540/22/763
f 1584/53/762 1583/51/762 1553/51/762
f 1572/26/761 1571/24/761 1541/24/761
f 1529/2/1835 1559/2/1835 765/67/1835
f 1585/55/759 1584/53/759 1554/53/759
f 1573/28/758 1572/26/758 1542/26/758
f 1530/4/757 1560/4/757 1559/2/757
f 1586/57/1962 1585/55/1962 1555/55/1962
f 781/30/755 1573/28/755 1543/28/755
f 1531/6/754 1561/6/754 1560/4/754
f 1587/60/753 1586/57/753 1556/57/753
f 1544/32/752 1574/32/752 781/30/752
f 1532/8/1833 1562/8/1833 1561/6/1833
f 1588/62/750 1587/60/750 1557/60/750
f 1545/34/749 1575/34/749 1574/32/749
f 1533/66/1832 1563/66/1832 1562/8/1832
f 765/68/747 1588/62/747 1558/62/747
f 1546/36/746 1576/36/746 1575/34/746
f 1534/11/1831 1564/11/1831 1563/66/1831
f 1547/39/744 1577/39/744 1576/36/744
f 1535/13/1830 1565/13/1830 1564/11/1830
f 1548/41/1829 1578/41/1829 1577/39/1829
f 1536/16/741 1566/16/741 1565/13/741
f 1597/11/1118 1596/66/1118 1590/66/1118
f 1593/66/1963 1599/66/1963 1600/11/1963
f 1589/8/1120 1592/8/1120 1502/8/1120
f 1590/66/1121 1589/8/1121 1472/8/1121
f 1502/8/1122 1592/8/1122 1593/66/1122
f 1591/11/1123 1590/66/1123 1473/66/1123
f 1596/66/1818 1599/66/1818 1598/8/1818
f 1597/11/1817 1600/11/1817 1599/66/1817
f 1594/11/1124 1600/11/1124 1597/11/1124
f 1595/8/1125 1598/8/1125 1592/8/1125
f 1598/8/1964 1599/66/1964 1593/66/1964
f 1590/66/1127 1596/66/1127 1595/8/1127
f 1624/36/801 1618/36/801 1606/36/801
f 1603/28/1847 1615/28/1847 1614/26/1847
f 1621/28/799 833/30/799 819/30/799
f 1602/26/1965 1614/26/1965 1613/24/1965
f 1620/26/802 1621/28/802 1609/28/802
f 1619/24/804 1620/26/804 1608/26/804
f 1515/34/788 1611/34/788 1612/36/788
f 1604/32/639 812/30/639 685/30/639
f 1605/34/1133 1604/32/1133 1484/32/1133
f 1607/24/785 1608/26/785 1512/26/785
f 1606/36/697 1605/34/697 1485/34/697
f 1608/26/674 1609/28/674 1513/28/674
f 1612/36/792 1606/36/792 1486/36/792
f 1481/24/791 1601/24/791 1607/24/791
f 833/30/794 1621/28/794 1615/28/794
f 1616/32/1843 1622/32/1843 833/30/1843
f 1617/34/1845 1623/34/1845 1622/32/1845
f 1618/36/1844 1624/36/1844 1623/34/1844
f 1620/26/796 1619/24/796 1613/24/796
f 1621/28/795 1620/26/795 1614/26/795
f 819/30/1839 833/30/1839 1622/32/1839
f 812/30/1846 826/30/1846 1615/28/1846
f 1601/24/1838 1613/24/1838 1619/24/1838
f 1610/32/1840 1622/32/1840 1623/34/1840
f 1616/32/800 826/30/800 812/30/800
f 1611/34/1841 1623/34/1841 1624/36/1841
f 1617/34/780 1616/32/780 1604/32/780
f 1618/36/782 1617/34/782 1605/34/782
f 1/1/33 1625/3/33 1626/2/33
f 1625/3/32 1627/5/32 1628/4/32
f 1627/5/30 1629/7/30 1630/6/30
f 1629/7/29 1631/9/29 1632/8/29
f 1633/10/1849 1634/66/1849 1632/8/1849
f 1633/10/808 1635/12/808 1636/11/808
f 1635/12/809 1637/14/809 1638/13/809
f 1639/15/1850 1640/16/1850 1638/13/1850
f 1641/17/1851 1642/59/1851 1640/16/1851
f 1641/17/812 1643/19/812 1644/18/812
f 1643/19/813 1645/21/813 1646/20/813
f 1645/21/814 1647/23/814 1648/22/814
f 1647/23/815 1649/25/815 1650/24/815
f 1649/25/816 1651/27/816 1652/26/816
f 1651/27/817 1653/29/817 1654/28/817
f 1653/29/818 33/31/818 34/30/818
f 33/31/1852 1655/33/1852 1656/32/1852
f 1655/33/1853 1657/35/1853 1658/34/1853
f 1657/35/1854 1659/37/1854 1660/36/1854
f 1661/38/821 1662/39/821 1660/36/821
f 1663/40/822 1664/41/822 1662/39/822
f 1665/42/823 1666/43/823 1664/41/823
f 1667/44/824 1668/45/824 1666/43/824
f 1669/46/825 1670/47/825 1668/45/825
f 1671/48/826 1672/49/826 1670/47/826
f 1673/50/827 1674/51/827 1672/49/827
f 1675/52/828 1676/53/828 1674/51/828
f 1677/54/829 1678/55/829 1676/53/829
f 1679/56/4 1680/57/4 1678/55/4
f 1681/58/3 1682/60/3 1680/57/3
f 1904/59/1609 1753/59/1609 1752/16/1609
f 1683/61/2 1684/62/2 1682/60/2
f 1/63/1 2/68/1 1684/62/1
f 2188/27/1855 2198/27/1855 1698/27/1855
f 1737/46/92 1738/48/92 1708/48/92
f 1703/38/1856 1704/40/1856 1663/40/1856
f 1679/56/1599 1712/56/1599 1713/58/1599
f 1693/17/832 2193/17/832 2192/15/832
f 81/31/1857 1700/33/1857 1655/33/1857
f 1708/48/1858 1709/50/1858 1673/50/1858
f 1687/7/62 1688/9/62 1631/9/62
f 1647/23/836 2186/23/836 2187/25/836
f 1704/40/1859 1705/42/1859 1665/42/1859
f 1681/58/1595 1713/58/1595 1714/61/1595
f 1689/10/1860 2189/10/1860 2179/10/1860
f 1700/33/1861 1701/35/1861 1657/35/1861
f 1673/50/1862 1709/50/1862 1710/52/1862
f 1631/9/1863 1688/9/1863 1689/10/1863
f 2181/14/1864 2182/15/1864 1639/15/1864
f 1705/42/1865 1706/44/1865 1667/44/1865
f 65/1/52 1685/3/52 1625/3/52
f 1683/61/1590 1714/61/1590 65/63/1590
f 1692/15/845 2192/15/845 2191/14/845
f 1701/35/1866 1702/37/1866 1659/37/1866
f 1675/52/1867 1710/52/1867 1711/54/1867
f 1691/14/848 2191/14/848 2190/12/848
f 1651/27/1868 1698/27/1868 1699/29/1868
f 1706/44/1869 1707/46/1869 1669/46/1869
f 1685/3/44 1686/5/44 1627/5/44
f 2183/17/852 2184/19/852 1643/19/852
f 1702/37/1870 1703/38/1870 1661/38/1870
f 1677/54/1582 1711/54/1582 1712/56/1582
f 2198/27/854 2197/25/854 1697/25/854
f 1653/29/1871 1699/29/1871 81/31/1871
f 1707/46/1872 1708/48/1872 1671/48/1872
f 1686/5/37 1687/7/37 1629/7/37
f 1723/17/1726 1977/17/1726 1978/19/1726
f 1695/21/91 1725/21/91 1726/23/91
f 1738/48/90 1739/50/90 1709/50/90
f 1696/23/89 1726/23/89 1727/25/89
f 1739/50/858 1740/52/858 1710/52/858
f 1697/25/87 1727/25/87 1728/27/87
f 65/1/86 97/1/86 1715/3/86
f 1740/52/859 1741/54/859 1711/54/859
f 1698/27/84 1728/27/84 1729/29/84
f 1685/3/1600 1715/3/1600 1716/5/1600
f 1741/54/82 1742/56/82 1712/56/82
f 1699/29/81 1729/29/81 113/31/81
f 1686/5/1873 1716/5/1873 1717/7/1873
f 1742/56/860 1743/58/860 1713/58/860
f 113/31/78 1730/33/78 1700/33/78
f 1687/7/77 1717/7/77 1718/9/77
f 1743/58/76 1744/61/76 1714/61/76
f 1730/33/75 1731/35/75 1701/35/75
f 1688/9/1874 1718/9/1874 1719/10/1874
f 1744/61/73 97/63/73 65/63/73
f 1731/35/72 1732/37/72 1702/37/72
f 1689/10/1875 1719/10/1875 1720/12/1875
f 1732/37/70 1733/38/70 1703/38/70
f 1690/12/69 1720/12/69 1721/14/69
f 1733/38/68 1734/40/68 1704/40/68
f 1691/14/35 1721/14/35 1722/15/35
f 1734/40/98 1735/42/98 1705/42/98
f 1692/15/97 1722/15/97 1723/17/97
f 1735/42/96 1736/44/96 1706/44/96
f 1693/17/95 1723/17/95 1724/19/95
f 1736/44/94 1737/46/94 1707/46/94
f 1694/19/93 1724/19/93 1725/21/93
f 1773/60/1966 1805/60/1966 1804/57/1966
f 1761/34/111 1760/32/111 1905/64/111
f 1770/53/110 1769/51/110 1907/51/110
f 1910/66/1608 1749/66/1608 1748/8/1608
f 1935/20/1876 1936/22/1876 1756/22/1876
f 1766/45/1877 1765/43/1877 1913/43/1877
f 1915/2/1605 1745/2/1605 129/67/1605
f 129/68/105 1774/62/105 1916/62/105
f 1924/20/1878 1943/20/1878 1942/18/1878
f 1762/36/1879 1761/34/1879 1906/65/1879
f 1771/55/102 1770/53/102 1908/53/102
f 1920/11/1602 1750/11/1602 1749/66/1602
f 1921/28/1601 1759/28/1601 1758/26/1601
f 1767/47/31 1766/45/31 1914/45/31
f 1923/4/1621 1746/4/1621 1745/2/1621
f 1930/22/1880 1944/22/1880 1943/20/1880
f 1763/39/1881 1762/36/1881 1918/36/1881
f 1772/57/127 1771/55/127 1919/55/127
f 1927/70/1618 1751/13/1618 1750/11/1618
f 315/30/1617 145/30/1617 1759/28/1617
f 1768/49/124 1767/47/124 1922/47/124
f 1929/6/1616 1747/6/1616 1746/4/1616
f 1911/72/1882 1940/72/1882 1944/22/1882
f 1764/41/1883 1763/39/1883 1925/39/1883
f 1773/60/120 1772/57/120 1926/69/120
f 1903/16/1613 1752/16/1613 1751/13/1613
f 1760/32/118 145/30/118 315/30/118
f 1769/51/117 1768/49/117 1928/71/117
f 1909/73/1612 1748/8/1612 1747/6/1612
f 1934/18/1884 1935/20/1884 1755/20/1884
f 1765/43/1885 1764/41/1885 1931/41/1885
f 1774/62/113 1773/60/113 1932/60/113
f 1792/32/1967 1824/32/1967 1823/30/1967
f 1792/32/1488 1791/30/1488 145/30/1488
f 1779/8/1487 1778/6/1487 1747/6/1487
f 1774/62/1968 1806/62/1968 1805/60/1968
f 1793/34/1486 1792/32/1486 1760/32/1486
f 1780/66/1485 1779/8/1485 1748/8/1485
f 129/68/1969 1775/68/1969 1806/62/1969
f 1762/36/1970 1794/36/1970 1793/34/1970
f 1781/11/1484 1780/66/1484 1749/66/1484
f 1763/39/1971 1795/39/1971 1794/36/1971
f 1782/13/1483 1781/11/1483 1750/11/1483
f 1764/41/1972 1796/41/1972 1795/39/1972
f 1783/16/1481 1782/13/1481 1751/13/1481
f 1765/43/1973 1797/43/1973 1796/41/1973
f 1784/59/1480 1783/16/1480 1752/16/1480
f 1766/45/1974 1798/45/1974 1797/43/1974
f 1785/18/1479 1784/59/1479 1753/59/1479
f 1767/47/1975 1799/47/1975 1798/45/1975
f 1786/20/1478 1785/18/1478 1754/18/1478
f 1768/49/1976 1800/49/1976 1799/47/1976
f 1787/22/1477 1786/20/1477 1755/20/1477
f 1769/51/1977 1801/51/1977 1800/49/1977
f 1788/24/1476 1787/22/1476 1756/22/1476
f 1770/53/1978 1802/53/1978 1801/51/1978
f 1789/26/1475 1788/24/1475 1757/24/1475
f 1745/2/1979 1776/2/1979 1775/67/1979
f 1771/55/1980 1803/55/1980 1802/53/1980
f 1790/28/1474 1789/26/1474 1758/26/1474
f 1777/4/1473 1776/2/1473 1745/2/1473
f 1772/57/1981 1804/57/1981 1803/55/1981
f 1791/30/1472 1790/28/1472 1759/28/1472
f 1778/6/1470 1777/4/1470 1746/4/1470
f 1827/39/1982 1859/39/1982 1858/36/1982
f 1811/8/1503 1810/6/1503 1778/6/1503
f 1806/62/1983 1838/62/1983 1837/60/1983
f 1793/34/1984 1825/34/1984 1824/32/1984
f 1812/66/1502 1811/8/1502 1779/8/1502
f 1775/68/1985 1807/68/1985 1838/62/1985
f 1794/36/1986 1826/36/1986 1825/34/1986
f 1813/11/1501 1812/66/1501 1780/66/1501
f 1795/39/1987 1827/39/1987 1826/36/1987
f 1814/13/1500 1813/11/1500 1781/11/1500
f 1796/41/1988 1828/41/1988 1827/39/1988
f 1815/16/1499 1814/13/1499 1782/13/1499
f 1797/43/1989 1829/43/1989 1828/41/1989
f 1816/59/1498 1815/16/1498 1783/16/1498
f 1798/45/1990 1830/45/1990 1829/43/1990
f 1817/18/1497 1816/59/1497 1784/59/1497
f 1799/47/1991 1831/47/1991 1830/45/1991
f 1818/20/1496 1817/18/1496 1785/18/1496
f 1800/49/1992 1832/49/1992 1831/47/1992
f 1819/22/1495 1818/20/1495 1786/20/1495
f 1801/51/1993 1833/51/1993 1832/49/1993
f 1820/24/1494 1819/22/1494 1787/22/1494
f 1802/53/1994 1834/53/1994 1833/51/1994
f 1821/26/1995 1820/24/1995 1788/24/1995
f 1808/2/1492 1807/67/1492 1775/67/1492
f 1803/55/1996 1835/55/1996 1834/53/1996
f 1822/28/1491 1821/26/1491 1789/26/1491
f 1809/4/1490 1808/2/1490 1776/2/1490
f 1804/57/1997 1836/57/1997 1835/55/1997
f 1823/30/1471 1822/28/1471 1790/28/1471
f 1810/6/1504 1809/4/1504 1777/4/1504
f 1805/60/1998 1837/60/1998 1836/57/1998
f 1862/45/1206 1894/45/1206 1893/43/1206
f 1846/13/1510 1845/11/1510 1813/11/1510
f 1828/41/1999 1860/41/1999 1859/39/1999
f 1847/16/1509 1846/13/1509 1814/13/1509
f 1829/43/2000 1861/43/2000 1860/41/2000
f 1848/59/1508 1847/16/1508 1815/16/1508
f 1830/45/2001 1862/45/2001 1861/43/2001
f 1849/18/1507 1848/59/1507 1816/59/1507
f 1831/47/2002 1863/47/2002 1862/45/2002
f 1850/20/1506 1849/18/1506 1817/18/1506
f 1832/49/2003 1864/49/2003 1863/47/2003
f 1851/22/1505 1850/20/1505 1818/20/1505
f 1833/51/2004 1865/51/2004 1864/49/2004
f 1852/24/1489 1851/22/1489 1819/22/1489
f 1834/53/2005 1866/53/2005 1865/51/2005
f 1853/26/1519 1852/24/1519 1820/24/1519
f 1840/2/1518 1839/67/1518 1807/67/1518
f 1835/55/2006 1867/55/2006 1866/53/2006
f 1854/28/1517 1853/26/1517 1821/26/1517
f 1841/4/1516 1840/2/1516 1808/2/1516
f 1836/57/2007 1868/57/2007 1867/55/2007
f 1855/30/1515 1854/28/1515 1822/28/1515
f 1842/6/1514 1841/4/1514 1809/4/1514
f 1837/60/2008 1869/60/2008 1868/57/2008
f 1824/32/2009 1856/32/2009 1855/30/2009
f 1843/8/1513 1842/6/1513 1810/6/1513
f 1838/62/2010 1870/62/2010 1869/60/2010
f 1825/34/2011 1857/34/2011 1856/32/2011
f 1844/66/1512 1843/8/1512 1811/8/1512
f 1807/68/2012 1839/68/2012 1870/62/2012
f 1826/36/2013 1858/36/2013 1857/34/2013
f 1845/11/1511 1844/66/1511 1812/66/1511
f 1894/45/1238 2258/45/1238 2257/43/1238
f 1881/18/1239 1880/59/1239 1848/59/1239
f 1863/47/1240 1895/47/1240 1894/45/1240
f 1882/20/1241 1881/18/1241 1849/18/1241
f 1896/49/1242 1895/47/1242 1863/47/1242
f 1883/22/1243 1882/20/1243 1850/20/1243
f 1897/51/1244 1896/49/1244 1864/49/1244
f 1884/24/1245 1883/22/1245 1851/22/1245
f 1898/53/1246 1897/51/1246 1865/51/1246
f 1885/26/1247 1884/24/1247 1852/24/1247
f 1840/2/1248 1872/2/1248 1871/67/1248
f 1899/55/1249 1898/53/1249 1866/53/1249
f 1886/28/1250 1885/26/1250 1853/26/1250
f 1841/4/1251 1873/4/1251 1872/2/1251
f 1900/57/1252 1899/55/1252 1867/55/1252
f 1887/30/1253 1886/28/1253 1854/28/1253
f 1842/6/1254 1874/6/1254 1873/4/1254
f 1901/60/1255 1900/57/1255 1868/57/1255
f 1856/32/1256 1888/32/1256 1887/30/1256
f 1843/8/1257 1875/8/1257 1874/6/1257
f 1902/62/1258 1901/60/1258 1869/60/1258
f 1857/34/1259 1889/34/1259 1888/32/1259
f 1844/66/1260 1876/66/1260 1875/8/1260
f 1871/68/1261 1902/62/1261 1870/62/1261
f 1858/36/1262 1890/36/1262 1889/34/1262
f 1845/11/1263 1877/11/1263 1876/66/1263
f 1859/39/1264 1891/39/1264 1890/36/1264
f 1846/13/1265 1878/13/1265 1877/11/1265
f 1860/41/1266 1892/41/1266 1891/39/1266
f 1847/16/1267 1879/16/1267 1878/13/1267
f 1861/43/1268 1893/43/1268 1892/41/1268
f 1880/59/1269 1879/16/1269 1847/16/1269
f 1684/62/1680 1916/62/1680 1932/60/1680
f 1913/43/275 1931/41/275 1664/41/275
f 1650/24/1679 1911/72/1679 1930/22/1679
f 1632/8/1678 1909/73/1678 1929/6/1678
f 1907/51/272 1928/71/272 1672/49/272
f 1905/64/271 315/30/271 34/30/271
f 1640/16/1677 1903/16/1677 1927/70/1677
f 1932/60/269 1926/69/269 1680/57/269
f 1931/41/268 1925/39/268 1662/39/268
f 1648/22/1676 1930/22/1676 1924/20/1676
f 1630/6/1675 1929/6/1675 1923/4/1675
f 1928/71/265 1922/47/265 1670/47/265
f 34/30/1674 315/30/1674 1921/28/1674
f 1638/13/1673 1927/70/1673 1920/11/1673
f 1926/69/262 1919/55/262 1678/55/262
f 1925/39/261 1918/36/261 1660/36/261
f 1646/20/1672 1924/20/1672 1917/18/1672
f 1923/4/259 1915/2/259 1626/2/259
f 1922/47/290 1914/45/290 1668/45/290
f 1654/28/1687 1921/28/1687 1912/26/1687
f 1636/11/1686 1920/11/1686 1910/66/1686
f 1919/55/287 1908/53/287 1676/53/287
f 1918/36/286 1906/65/286 1658/34/286
f 1644/18/1685 1917/18/1685 1904/59/1685
f 2/68/1684 301/68/1684 1916/62/1684
f 1915/2/283 301/67/283 2/67/283
f 1914/45/282 1913/43/282 1666/43/282
f 1652/26/1683 1912/26/1683 1911/72/1683
f 1634/66/1682 1910/66/1682 1909/73/1682
f 1908/53/279 1907/51/279 1674/51/279
f 1906/65/278 1905/64/278 1656/32/278
f 1642/59/1681 1904/59/1681 1903/16/1681
f 1941/26/948 1949/26/948 1948/72/948
f 1942/18/1890 1934/18/1890 1933/59/1890
f 1943/20/1891 1935/20/1891 1934/18/1891
f 1944/22/1892 1936/22/1892 1935/20/1892
f 1944/22/952 1950/22/952 1945/22/952
f 1917/18/1893 1942/18/1893 1939/59/1893
f 1904/59/1894 1939/59/1894 1933/59/1894
f 1941/26/1895 1940/72/1895 1911/72/1895
f 1756/22/1896 1936/22/1896 1937/24/1896
f 1933/59/1897 1934/18/1897 1754/18/1897
f 1758/26/1898 1938/26/1898 1941/26/1898
f 1757/24/1899 1937/24/1899 1938/26/1899
f 1956/22/960 1951/22/960 1945/22/960
f 1955/26/961 1954/72/961 1948/72/961
f 1946/24/962 1947/26/962 1938/26/962
f 1940/72/963 1948/72/963 1950/22/963
f 1947/26/964 1949/26/964 1941/26/964
f 1945/22/965 1946/24/965 1937/24/965
f 1953/26/1900 1959/26/1900 1961/26/1900
f 1954/72/1901 1960/72/1901 1962/22/1901
f 1951/22/968 1952/24/968 1946/24/968
f 1948/72/969 1954/72/969 1956/22/969
f 1947/26/970 1953/26/970 1955/26/970
f 1952/24/971 1953/26/971 1947/26/971
f 1968/22/972 1963/22/972 1957/22/972
f 1967/26/1902 1966/72/1902 1960/72/1902
f 1958/24/1903 1959/26/1903 1953/26/1903
f 1961/26/1904 1960/72/1904 1954/72/1904
f 1962/22/1905 1957/22/1905 1951/22/1905
f 1957/22/1906 1958/24/1906 1952/24/1906
f 1967/26/1907 1965/26/1907 1964/24/1907
f 1966/72/1908 1964/24/1908 1963/22/1908
f 1963/22/1909 1964/24/1909 1958/24/1909
f 1960/72/1910 1966/72/1910 1968/22/1910
f 1959/26/1911 1965/26/1911 1967/26/1911
f 1964/24/1912 1965/26/1912 1959/26/1912
f 1982/27/1731 2012/27/1731 2013/29/1731
f 1990/44/357 1991/46/357 1737/46/357
f 1724/19/1725 1978/19/1725 1979/21/1725
f 1991/46/355 1992/48/355 1738/48/355
f 1725/21/1913 1979/21/1913 1980/23/1913
f 1992/48/353 1993/50/353 1739/50/353
f 1726/23/1723 1980/23/1723 1981/25/1723
f 1739/50/1722 1993/50/1722 1994/52/1722
f 1727/25/1914 1981/25/1914 1982/27/1914
f 357/1/349 1969/3/349 1715/3/349
f 1740/52/1720 1994/52/1720 1995/54/1720
f 1728/27/1719 1982/27/1719 1983/29/1719
f 1969/3/346 1970/5/346 1716/5/346
f 1741/54/1718 1995/54/1718 1996/56/1718
f 1729/29/1717 1983/29/1717 373/31/1717
f 1970/5/343 1971/7/343 1717/7/343
f 1742/56/1716 1996/56/1716 1997/58/1716
f 373/31/341 1984/33/341 1730/33/341
f 1971/7/340 1972/9/340 1718/9/340
f 1743/58/1715 1997/58/1715 1998/61/1715
f 1984/33/338 1985/35/338 1731/35/338
f 1972/9/337 1973/10/337 1719/10/337
f 1744/61/1714 1998/61/1714 357/63/1714
f 1985/35/1915 1986/37/1915 1732/37/1915
f 1973/10/334 1974/12/334 1720/12/334
f 1986/37/333 1987/38/333 1733/38/333
f 1720/12/1713 1974/12/1713 1975/14/1713
f 1987/38/1916 1988/40/1916 1734/40/1916
f 1721/14/1712 1975/14/1712 1976/15/1712
f 1988/40/329 1989/42/329 1735/42/329
f 1722/15/1711 1976/15/1711 1977/17/1711
f 1989/42/67 1990/44/67 1736/44/67
f 2028/61/410 2058/61/410 421/63/410
f 1969/3/1730 1999/3/1730 2000/5/1730
f 2025/54/366 2026/56/366 1996/56/366
f 1983/29/1729 2013/29/1729 405/31/1729
f 1970/5/1728 2000/5/1728 2001/7/1728
f 2026/56/363 2027/58/363 1997/58/363
f 405/31/362 2014/33/362 1984/33/362
f 1971/7/1727 2001/7/1727 2002/9/1727
f 2027/58/360 2028/61/360 1998/61/360
f 2014/33/327 2015/35/327 1985/35/327
f 1972/9/1743 2002/9/1743 2003/10/1743
f 2028/61/389 389/63/389 357/63/389
f 2015/35/388 2016/37/388 1986/37/388
f 1973/10/1741 2003/10/1741 2004/12/1741
f 2016/37/386 2017/38/386 1987/38/386
f 1974/12/1740 2004/12/1740 2005/14/1740
f 2017/38/384 2018/40/384 1988/40/384
f 1975/14/1739 2005/14/1739 2006/15/1739
f 2018/40/382 2019/42/382 1989/42/382
f 1976/15/1738 2006/15/1738 2007/17/1738
f 2019/42/380 2020/44/380 1990/44/380
f 1977/17/1737 2007/17/1737 2008/19/1737
f 2020/44/378 2021/46/378 1991/46/378
f 1978/19/1736 2008/19/1736 2009/21/1736
f 2021/46/376 2022/48/376 1992/48/376
f 1979/21/1735 2009/21/1735 2010/23/1735
f 2022/48/374 2023/50/374 1993/50/374
f 1980/23/1734 2010/23/1734 2011/25/1734
f 2023/50/372 2024/52/372 1994/52/372
f 1981/25/1733 2011/25/1733 2012/27/1733
f 357/1/1732 389/1/1732 1999/3/1732
f 2024/52/1917 2025/54/1917 1995/54/1917
f 2048/40/428 2078/40/428 2079/42/428
f 2045/35/409 2046/37/409 2016/37/409
f 2033/10/408 2034/12/408 2004/12/408
f 2046/37/407 2047/38/407 2017/38/407
f 2004/12/1918 2034/12/1918 2035/14/1918
f 2047/38/405 2048/40/405 2018/40/405
f 2005/14/404 2035/14/404 2036/15/404
f 2048/40/403 2049/42/403 2019/42/403
f 2006/15/402 2036/15/402 2037/17/402
f 2049/42/401 2050/44/401 2020/44/401
f 2007/17/400 2037/17/400 2038/19/400
f 2050/44/399 2051/46/399 2021/46/399
f 2008/19/1744 2038/19/1744 2039/21/1744
f 2051/46/397 2052/48/397 2022/48/397
f 2009/21/396 2039/21/396 2040/23/396
f 2052/48/1017 2053/50/1017 2023/50/1017
f 2010/23/394 2040/23/394 2041/25/394
f 2023/50/393 2053/50/393 2054/52/393
f 2011/25/392 2041/25/392 2042/27/392
f 421/1/359 2029/3/359 1999/3/359
f 2024/52/422 2054/52/422 2055/54/422
f 2012/27/1748 2042/27/1748 2043/29/1748
f 2029/3/420 2030/5/420 2000/5/420
f 2025/54/1747 2055/54/1747 2056/56/1747
f 2013/29/418 2043/29/418 437/31/418
f 2030/5/417 2031/7/417 2001/7/417
f 2026/56/416 2056/56/416 2057/58/416
f 437/31/415 2044/33/415 2014/33/415
f 2031/7/414 2032/9/414 2002/9/414
f 2027/58/413 2057/58/413 2058/61/413
f 2044/33/412 2045/35/412 2015/35/412
f 2032/9/411 2033/10/411 2003/10/411
f 2081/46/480 2111/46/480 2112/48/480
f 2036/15/427 2066/15/427 2067/17/427
f 2049/42/426 2079/42/426 2080/44/426
f 2067/17/425 2068/19/425 2038/19/425
f 2080/44/424 2081/46/424 2051/46/424
f 2068/19/391 2069/21/391 2039/21/391
f 2051/46/454 2081/46/454 2082/48/454
f 2069/21/1919 2070/23/1919 2040/23/1919
f 2052/48/452 2082/48/452 2083/50/452
f 2040/23/451 2070/23/451 2071/25/451
f 2083/50/450 2084/52/450 2054/52/450
f 2041/25/449 2071/25/449 2072/27/449
f 453/1/448 2059/3/448 2029/3/448
f 2084/52/447 2085/54/447 2055/54/447
f 2072/27/446 2073/29/446 2043/29/446
f 2029/3/1019 2059/3/1019 2060/5/1019
f 2085/54/444 2086/56/444 2056/56/444
f 2043/29/443 2073/29/443 469/31/443
f 2030/5/442 2060/5/442 2061/7/442
f 2086/56/441 2087/58/441 2057/58/441
f 469/31/440 2074/33/440 2044/33/440
f 2031/7/439 2061/7/439 2062/9/439
f 2057/58/1920 2087/58/1920 2088/61/1920
f 2074/33/437 2075/35/437 2045/35/437
f 2062/9/436 2063/10/436 2033/10/436
f 2058/61/435 2088/61/435 453/63/435
f 2075/35/434 2076/37/434 2046/37/434
f 2033/10/433 2063/10/433 2064/12/433
f 2076/37/432 2077/38/432 2047/38/432
f 2064/12/431 2065/14/431 2035/14/431
f 2077/38/430 2078/40/430 2048/40/430
f 2065/14/429 2066/15/429 2036/15/429
f 485/1/1754 517/1/1754 2119/3/1754
f 2099/21/479 2100/23/479 2070/23/479
f 2082/48/1021 2112/48/1021 2113/50/1021
f 2100/23/477 2101/25/477 2071/25/477
f 2113/50/476 2114/52/476 2084/52/476
f 2101/25/475 2102/27/475 2072/27/475
f 453/1/474 485/1/474 2089/3/474
f 2114/52/473 2115/54/473 2085/54/473
f 2102/27/472 2103/29/472 2073/29/472
f 2059/3/471 2089/3/471 2090/5/471
f 2115/54/470 2116/56/470 2086/56/470
f 2103/29/1921 501/31/1921 469/31/1921
f 2060/5/468 2090/5/468 2091/7/468
f 2116/56/467 2117/58/467 2087/58/467
f 469/31/466 501/31/466 2104/33/466
f 2061/7/465 2091/7/465 2092/9/465
f 2117/58/464 2118/61/464 2088/61/464
f 2074/33/463 2104/33/463 2105/35/463
f 2062/9/462 2092/9/462 2093/10/462
f 2118/61/461 485/63/461 453/63/461
f 2075/35/460 2105/35/460 2106/37/460
f 2063/10/459 2093/10/459 2094/12/459
f 2076/37/458 2106/37/458 2107/38/458
f 2094/12/457 2095/14/457 2065/14/457
f 2077/38/1750 2107/38/1750 2108/40/1750
f 2095/14/423 2096/15/423 2066/15/423
f 2078/40/486 2108/40/486 2109/42/486
f 2096/15/485 2097/17/485 2067/17/485
f 2079/42/484 2109/42/484 2110/44/484
f 2097/17/483 2098/19/483 2068/19/483
f 2080/44/482 2110/44/482 2111/46/482
f 2098/19/1023 2099/21/1023 2069/21/1023
f 2121/7/1922 2151/7/1922 2152/9/1922
f 2144/52/499 2145/54/499 2115/54/499
f 2102/27/1753 2132/27/1753 2133/29/1753
f 2089/3/497 2119/3/497 2120/5/497
f 2145/54/496 2146/56/496 2116/56/496
f 2103/29/495 2133/29/495 533/31/495
f 2090/5/494 2120/5/494 2121/7/494
f 2146/56/493 2147/58/493 2117/58/493
f 533/31/492 2134/33/492 2104/33/492
f 2091/7/491 2121/7/491 2122/9/491
f 2147/58/490 2148/61/490 2118/61/490
f 2134/33/489 2135/35/489 2105/35/489
f 2092/9/488 2122/9/488 2123/10/488
f 2148/61/455 517/63/455 485/63/455
f 2135/35/518 2136/37/518 2106/37/518
f 2093/10/517 2123/10/517 2124/12/517
f 2136/37/516 2137/38/516 2107/38/516
f 2094/12/515 2124/12/515 2125/14/515
f 2137/38/514 2138/40/514 2108/40/514
f 2095/14/513 2125/14/513 2126/15/513
f 2138/40/512 2139/42/512 2109/42/512
f 2096/15/511 2126/15/511 2127/17/511
f 2139/42/510 2140/44/510 2110/44/510
f 2097/17/509 2127/17/509 2128/19/509
f 2140/44/508 2141/46/508 2111/46/508
f 2098/19/507 2128/19/507 2129/21/507
f 2141/46/506 2142/48/506 2112/48/506
f 2099/21/505 2129/21/505 2130/23/505
f 2142/48/504 2143/50/504 2113/50/504
f 2100/23/1756 2130/23/1756 2131/25/1756
f 2143/50/502 2144/52/502 2114/52/502
f 2101/25/1755 2131/25/1755 2132/27/1755
f 2149/89/519 549/87/519 565/88/519
f 549/87/519 2178/86/519 2164/101/519
f 2178/86/519 2177/75/519 2164/101/519
f 2177/75/519 2176/74/519 2165/102/519
f 2164/101/519 2177/75/519 2165/102/519
f 2176/74/519 2175/104/519 2167/103/519
f 2175/104/519 2174/106/519 2168/105/519
f 2174/106/519 2173/109/519 2168/105/519
f 2173/109/1757 2172/111/1757 2169/107/1757
f 2168/105/519 2173/109/519 2169/107/519
f 2172/111/1758 2171/110/1758 2170/108/1758
f 2170/108/1759 2169/107/1759 2172/111/1759
f 2168/105/519 2167/103/519 2175/104/519
f 2167/103/519 2166/76/519 2176/74/519
f 2166/76/519 2165/102/519 2176/74/519
f 2164/101/519 565/88/519 549/87/519
f 565/88/519 2163/90/519 2149/89/519
f 2163/90/519 2162/91/519 2149/89/519
f 2162/91/519 2161/82/519 2150/81/519
f 2149/89/519 2162/91/519 2150/81/519
f 2161/82/519 2160/93/519 2152/92/519
f 2160/93/519 2159/95/519 2153/94/519
f 2159/95/1759 2158/98/1759 2153/94/1759
f 2158/98/519 2157/100/519 2154/96/519
f 2153/94/519 2158/98/519 2154/96/519
f 2157/100/1760 2156/99/1760 2155/97/1760
f 2155/97/1759 2154/96/1759 2157/100/1759
f 2153/94/519 2152/92/519 2160/93/519
f 2152/92/519 2151/80/519 2161/82/519
f 2177/58/545 2178/61/545 2148/61/545
f 2164/33/544 2165/35/544 2135/35/544
f 2122/9/1767 2152/9/1767 2153/10/1767
f 2178/61/542 549/63/542 517/63/542
f 2165/35/541 2166/37/541 2136/37/541
f 2123/10/540 2153/10/540 2154/12/540
f 2166/37/1766 2167/38/1766 2137/38/1766
f 2124/12/538 2154/12/538 2155/14/538
f 2167/38/537 2168/40/537 2138/40/537
f 2125/14/1765 2155/14/1765 2156/15/1765
f 2168/40/1923 2169/42/1923 2139/42/1923
f 2126/15/534 2156/15/534 2157/17/534
f 2169/42/533 2170/44/533 2140/44/533
f 2127/17/532 2157/17/532 2158/19/532
f 2170/44/531 2171/46/531 2141/46/531
f 2128/19/1764 2158/19/1764 2159/21/1764
f 2171/46/529 2172/48/529 2142/48/529
f 2129/21/528 2159/21/528 2160/23/528
f 2172/48/527 2173/50/527 2143/50/527
f 2130/23/1763 2160/23/1763 2161/25/1763
f 2173/50/525 2174/52/525 2144/52/525
f 2131/25/1762 2161/25/1762 2162/27/1762
f 517/1/523 549/1/523 2149/3/523
f 2174/52/522 2175/54/522 2145/54/522
f 2132/27/521 2162/27/521 2163/29/521
f 2119/3/1761 2149/3/1761 2150/5/1761
f 2175/54/1752 2176/56/1752 2146/56/1752
f 2163/29/550 565/31/550 533/31/550
f 2120/5/549 2150/5/549 2151/7/549
f 2176/56/548 2177/58/548 2147/58/548
f 533/31/547 565/31/547 2164/33/547
f 2185/21/1924 2195/21/1924 2196/23/1924
f 2181/14/1925 2191/14/1925 2192/15/1925
f 2198/27/1926 2204/27/1926 2203/25/1926
f 2182/15/1927 2192/15/1927 2193/17/1927
f 2200/25/1928 2201/27/1928 2188/27/1928
f 2183/17/1929 2193/17/1929 2194/19/1929
f 2189/10/1930 2190/12/1930 2180/12/1930
f 2184/19/1931 2194/19/1931 2195/21/1931
f 2180/12/1932 2190/12/1932 2191/14/1932
f 2179/10/1045 2180/12/1045 1635/12/1045
f 1694/19/1046 2194/19/1046 2193/17/1046
f 1643/19/1047 2184/19/1047 2185/21/1047
f 2195/21/1048 2194/19/1048 1694/19/1048
f 2182/15/1933 2183/17/1933 1641/17/1933
f 1649/25/1050 2187/25/1050 2188/27/1050
f 2196/23/1051 2195/21/1051 1695/21/1051
f 2180/12/1052 2181/14/1052 1637/14/1052
f 2197/25/1053 2196/23/1053 1696/23/1053
f 1645/21/1054 2185/21/1054 2186/23/1054
f 1690/12/1055 2190/12/1055 2189/10/1055
f 2206/25/1934 2207/27/1934 2201/27/1934
f 2204/27/1935 2210/27/1935 2209/25/1935
f 2202/23/1936 2199/23/1936 2186/23/1936
f 2199/23/1937 2200/25/1937 2187/25/1937
f 2197/25/1938 2203/25/1938 2202/23/1938
f 2188/27/1939 2201/27/1939 2204/27/1939
f 2212/25/1940 2213/27/1940 2207/27/1940
f 2210/27/1941 2216/27/1941 2215/25/1941
f 2207/27/1942 2210/27/1942 2204/27/1942
f 2202/23/1943 2208/23/1943 2205/23/1943
f 2203/25/1944 2209/25/1944 2208/23/1944
f 2205/23/1945 2206/25/1945 2200/25/1945
f 2220/23/1068 2217/23/1068 2211/23/1068
f 2213/27/1069 2219/27/1069 2222/27/1069
f 2207/27/1946 2213/27/1946 2216/27/1946
f 2214/23/1947 2211/23/1947 2205/23/1947
f 2209/25/1948 2215/25/1948 2214/23/1948
f 2211/23/1949 2212/25/1949 2206/25/1949
f 2224/25/1074 2225/27/1074 2219/27/1074
f 2222/27/1075 2228/27/1075 2227/25/1075
f 2215/25/1076 2221/25/1076 2220/23/1076
f 2217/23/1077 2218/25/1077 2212/25/1077
f 2216/27/1950 2222/27/1950 2221/25/1950
f 2218/25/1079 2219/27/1079 2213/27/1079
f 2232/23/1951 2229/23/1951 2223/23/1951
f 2225/27/1952 2231/27/1952 2234/27/1952
f 2219/27/1953 2225/27/1953 2228/27/1953
f 2226/23/1954 2223/23/1954 2217/23/1954
f 2221/25/1084 2227/25/1084 2226/23/1084
f 2223/23/1085 2224/25/1085 2218/25/1085
f 2232/23/1955 2233/25/1955 2230/25/1955
f 2230/25/1956 2233/25/1956 2234/27/1956
f 2227/25/1957 2233/25/1957 2232/23/1957
f 2229/23/1958 2230/25/1958 2224/25/1958
f 2228/27/1959 2234/27/1959 2233/25/1959
f 2230/25/1960 2231/27/1960 2225/27/1960
f 2248/24/1270 2280/24/1270 2279/22/1270
f 2245/18/1271 2244/59/1271 1880/59/1271
f 1895/47/1272 2259/47/1272 2258/45/1272
f 1882/20/1273 2246/20/1273 2245/18/1273
f 2260/49/1274 2259/47/1274 1895/47/1274
f 2247/22/1275 2246/20/1275 1882/20/1275
f 1897/51/1276 2261/51/1276 2260/49/1276
f 2248/24/1277 2247/22/1277 1883/22/1277
f 2262/53/1278 2261/51/1278 1897/51/1278
f 1885/26/1523 2249/26/1523 2248/24/1523
f 1872/2/1280 2236/2/1280 2235/67/1280
f 1899/55/1281 2263/55/1281 2262/53/1281
f 2250/28/1282 2249/26/1282 1885/26/1282
f 2237/4/1283 2236/2/1283 1872/2/1283
f 1900/57/1284 2264/57/1284 2263/55/1284
f 1887/30/1285 2251/30/1285 2250/28/1285
f 1874/6/1286 2238/6/1286 2237/4/1286
f 2265/60/1287 2264/57/1287 1900/57/1287
f 2252/32/1288 2251/30/1288 1887/30/1288
f 1875/8/1289 2239/8/1289 2238/6/1289
f 1902/62/1290 2266/62/1290 2265/60/1290
f 1889/34/1291 2253/34/1291 2252/32/1291
f 2240/66/1292 2239/8/1292 1875/8/1292
f 2235/68/1293 2266/62/1293 1902/62/1293
f 2254/36/1294 2253/34/1294 1889/34/1294
f 1877/11/1295 2241/11/1295 2240/66/1295
f 2255/39/1296 2254/36/1296 1890/36/1296
f 2242/13/1297 2241/11/1297 1877/11/1297
f 1892/41/1298 2256/41/1298 2255/39/1298
f 1879/16/1299 2243/16/1299 2242/13/1299
f 2257/43/1300 2256/41/1300 1892/41/1300
f 2244/59/1301 2243/16/1301 1879/16/1301
f 2283/30/2014 2410/30/2014 2409/28/2014
f 2262/53/1303 2294/53/1303 2293/51/1303
f 2249/26/1304 2281/26/1304 2280/24/1304
f 2268/2/1305 2267/67/1305 2235/67/1305
f 2263/55/1306 2295/55/1306 2294/53/1306
f 2250/28/1307 2282/28/1307 2281/26/1307
f 2269/4/1308 2268/2/1308 2236/2/1308
f 2264/57/1309 2296/57/1309 2295/55/1309
f 2251/30/2015 2283/30/2015 2282/28/2015
f 2270/6/1311 2269/4/1311 2237/4/1311
f 2265/60/2016 2297/60/2016 2296/57/2016
f 2284/32/1313 2283/30/1313 2251/30/1313
f 2271/8/1314 2270/6/1314 2238/6/1314
f 2266/62/1315 2298/62/1315 2297/60/1315
f 2285/34/1524 2284/32/1524 2252/32/1524
f 2272/66/1317 2271/8/1317 2239/8/1317
f 2235/68/1318 2267/68/1318 2298/62/1318
f 2286/36/1319 2285/34/1319 2253/34/1319
f 2273/11/1320 2272/66/1320 2240/66/1320
f 2287/39/1321 2286/36/1321 2254/36/1321
f 2274/13/1322 2273/11/1322 2241/11/1322
f 2288/41/1323 2287/39/1323 2255/39/1323
f 2275/16/1324 2274/13/1324 2242/13/1324
f 2289/43/1525 2288/41/1525 2256/41/1525
f 2244/59/1326 2276/59/1326 2275/16/1326
f 2290/45/1327 2289/43/1327 2257/43/1327
f 2245/18/1328 2277/18/1328 2276/59/1328
f 2291/47/1329 2290/45/1329 2258/45/1329
f 2246/20/1330 2278/20/1330 2277/18/1330
f 2260/49/1331 2292/49/1331 2291/47/1331
f 2247/22/1332 2279/22/1332 2278/20/1332
f 2261/51/1333 2293/51/1333 2292/49/1333
f 2318/36/1334 2350/36/1334 2349/34/1334
f 2270/6/2017 2302/6/2017 2301/4/2017
f 2329/60/1527 2328/57/1527 2296/57/1527
f 2316/32/2018 2418/32/2018 2419/34/2018
f 2271/8/2019 2303/8/2019 2302/6/2019
f 2330/62/1542 2329/60/1542 2297/60/1542
f 2282/28/2020 2409/28/2020 2408/26/2020
f 2305/11/1341 2400/11/1341 2397/11/1341
f 2299/68/1540 2330/62/1540 2298/62/1540
f 2315/30/1343 2417/30/1343 2418/32/1343
f 2304/66/1344 2399/66/1344 2400/11/1344
f 2287/39/2021 2319/39/2021 2318/36/2021
f 2306/13/1538 2305/11/1538 2273/11/1538
f 2288/41/2022 2320/41/2022 2319/39/2022
f 2307/16/1537 2306/13/1537 2274/13/1537
f 2289/43/2023 2321/43/2023 2320/41/2023
f 2308/59/1536 2307/16/1536 2275/16/1536
f 2290/45/2024 2322/45/2024 2321/43/2024
f 2309/18/1535 2308/59/1535 2276/59/1535
f 2291/47/2025 2323/47/2025 2322/45/2025
f 2310/20/1534 2309/18/1534 2277/18/1534
f 2292/49/2026 2324/49/2026 2323/47/2026
f 2311/22/1533 2310/20/1533 2278/20/1533
f 2293/51/2027 2325/51/2027 2324/49/2027
f 2312/24/1532 2311/22/1532 2279/22/1532
f 2326/53/1557 2325/51/1557 2293/51/1557
f 2281/26/1360 2408/26/1360 2407/24/1360
f 2268/2/2028 2300/2/2028 2299/67/2028
f 2327/55/1556 2326/53/1556 2294/53/1556
f 2416/28/1363 2417/30/1363 2315/30/1363
f 2269/4/2029 2301/4/2029 2300/2/2029
f 2328/57/1528 2327/55/1528 2295/55/1528
f 2353/43/1366 2385/43/1366 2384/41/1366
f 2305/11/1367 2337/11/1367 2336/66/1367
f 2319/39/1368 2351/39/1368 2350/36/1368
f 2306/13/1369 2338/13/1369 2337/11/1369
f 2352/41/1370 2351/39/1370 2319/39/1370
f 2307/16/2030 2339/16/2030 2338/13/2030
f 2353/43/1372 2352/41/1372 2320/41/1372
f 2308/59/1373 2340/59/1373 2339/16/1373
f 2354/45/1374 2353/43/1374 2321/43/1374
f 2309/18/1375 2341/18/1375 2340/59/1375
f 2355/47/1376 2354/45/1376 2322/45/1376
f 2310/20/1377 2342/20/1377 2341/18/1377
f 2356/49/1378 2355/47/1378 2323/47/1378
f 2311/22/1379 2343/22/1379 2342/20/1379
f 2357/51/1380 2356/49/1380 2324/49/1380
f 2344/24/1381 2343/22/1381 2311/22/1381
f 2358/53/1382 2357/51/1382 2325/51/1382
f 2345/26/1526 2344/24/1526 2312/24/1526
f 2300/2/1384 2332/2/1384 2331/67/1384
f 2359/55/2031 2358/53/2031 2326/53/2031
f 2346/28/1386 2345/26/1386 2313/26/1386
f 2301/4/1387 2333/4/1387 2332/2/1387
f 2360/57/1388 2359/55/1388 2327/55/1388
f 2347/30/2032 2346/28/2032 2314/28/2032
f 2302/6/2033 2334/6/2033 2333/4/2033
f 2361/60/1543 2360/57/1543 2328/57/1543
f 2316/32/1392 2348/32/1392 2347/30/1392
f 2303/8/2034 2335/8/2034 2334/6/2034
f 2362/62/1394 2361/60/1394 2329/60/1394
f 2317/34/1395 2349/34/1395 2348/32/1395
f 2304/66/1396 2336/66/1396 2335/8/1396
f 2331/68/1397 2362/62/1397 2330/62/1397
f 2363/113/2035 2364/85/2035 2394/84/2035
f 2364/85/1398 2365/112/1398 2393/83/1398
f 2365/112/1398 2366/78/1398 2393/83/1398
f 2366/78/1398 2367/77/1398 2392/114/1398
f 2393/83/2036 2366/78/2036 2392/114/2036
f 2367/77/1398 2368/117/1398 2390/115/1398
f 2368/117/1398 2369/137/1398 2389/116/1398
f 2369/137/1398 2370/119/1398 2388/118/1398
f 2370/119/1398 2371/121/1398 2387/120/1398
f 2371/121/1398 2372/123/1398 2387/120/1398
f 2372/123/1398 2373/125/1398 2386/122/1398
f 2387/120/1398 2372/123/1398 2386/122/1398
f 2373/125/1398 2374/128/1398 2385/124/1398
f 2374/128/1398 2375/130/1398 2384/126/1398
f 2385/124/1398 2374/128/1398 2384/126/1398
f 2375/130/2036 2376/132/2036 2383/127/2036
f 2376/132/2036 2377/134/2036 2382/129/2036
f 2383/127/2035 2376/132/2035 2382/129/2035
f 2377/134/2036 2378/136/2036 2380/133/2036
f 2378/136/2037 2379/135/2037 2380/133/2037
f 2380/133/2035 2381/131/2035 2377/134/2035
f 2381/131/1398 2382/129/1398 2377/134/1398
f 2383/127/2036 2384/126/2036 2375/130/2036
f 2385/124/2038 2386/122/2038 2373/125/2038
f 2387/120/1398 2388/118/1398 2370/119/1398
f 2388/118/2038 2389/116/2038 2369/137/2038
f 2389/116/1398 2390/115/1398 2368/117/1398
f 2390/115/2038 2391/79/2038 2367/77/2038
f 2391/79/1398 2392/114/1398 2367/77/1398
f 2372/59/1399 2371/16/1399 2339/16/1399
f 2354/45/2039 2386/45/2039 2385/43/2039
f 2373/18/1401 2372/59/1401 2340/59/1401
f 2355/47/2040 2387/47/2040 2386/45/2040
f 2374/20/1403 2373/18/1403 2341/18/1403
f 2388/49/1404 2387/47/1404 2355/47/1404
f 2375/22/1549 2374/20/1549 2342/20/1549
f 2389/51/1406 2388/49/1406 2356/49/1406
f 2376/24/1407 2375/22/1407 2343/22/1407
f 2390/53/1548 2389/51/1548 2357/51/1548
f 2377/26/1409 2376/24/1409 2344/24/1409
f 2332/2/1410 2364/2/1410 2363/67/1410
f 2391/55/1547 2390/53/1547 2358/53/1547
f 2378/28/1412 2377/26/1412 2345/26/1412
f 2333/4/1413 2365/4/1413 2364/2/1413
f 2392/57/1546 2391/55/1546 2359/55/1546
f 2379/30/2041 2378/28/2041 2346/28/2041
f 2334/6/1416 2366/6/1416 2365/4/1416
f 2393/60/1417 2392/57/1417 2360/57/1417
f 2348/32/1418 2380/32/1418 2379/30/1418
f 2335/8/1419 2367/8/1419 2366/6/1419
f 2394/62/1420 2393/60/1420 2361/60/1420
f 2349/34/1421 2381/34/1421 2380/32/1421
f 2336/66/1422 2368/66/1422 2367/8/1422
f 2363/68/1423 2394/62/1423 2362/62/1423
f 2350/36/1424 2382/36/1424 2381/34/1424
f 2337/11/1425 2369/11/1425 2368/66/1425
f 2351/39/1426 2383/39/1426 2382/36/1426
f 2338/13/1427 2370/13/1427 2369/11/1427
f 2352/41/1428 2384/41/1428 2383/39/1428
f 2339/16/1429 2371/16/1429 2370/13/1429
f 2403/11/1430 2402/66/1430 2396/66/1430
f 2399/66/1431 2405/66/1431 2406/11/1431
f 2395/8/1432 2398/8/1432 2303/8/1432
f 2396/66/1433 2395/8/1433 2271/8/1433
f 2303/8/1434 2398/8/1434 2399/66/1434
f 2397/11/1435 2396/66/1435 2272/66/1435
f 2402/66/2042 2405/66/2042 2404/8/2042
f 2403/11/2043 2406/11/2043 2405/66/2043
f 2400/11/1438 2406/11/1438 2403/11/1438
f 2401/8/1439 2404/8/1439 2398/8/1439
f 2398/8/1440 2404/8/1440 2405/66/1440
f 2402/66/1441 2401/8/1441 2395/8/1441
f 2434/36/1570 2427/36/1570 2413/36/1570
f 2409/28/2044 2423/28/2044 2422/26/2044
f 2430/28/1568 2431/30/1568 2417/30/1568
f 2408/26/2045 2422/26/2045 2421/24/2045
f 2429/26/1571 2430/28/1571 2416/28/1571
f 2428/24/1572 2429/26/1572 2415/26/1572
f 2317/34/1448 2419/34/1448 2420/36/1448
f 2411/32/1449 2410/30/1449 2283/30/1449
f 2412/34/1529 2411/32/1529 2284/32/1529
f 2414/24/1451 2415/26/1451 2313/26/1451
f 2413/36/1452 2412/34/1452 2285/34/1452
f 2415/26/1453 2416/28/1453 2314/28/1453
f 2420/36/1454 2413/36/1454 2286/36/1454
f 2280/24/1455 2407/24/1455 2414/24/1455
f 2431/30/1564 2430/28/1564 2423/28/1564
f 2425/32/2046 2432/32/2046 2431/30/2046
f 2426/34/2047 2433/34/2047 2432/32/2047
f 2427/36/2048 2434/36/2048 2433/34/2048
f 2429/26/1566 2428/24/1566 2421/24/1566
f 2430/28/1565 2429/26/1565 2422/26/1565
f 2417/30/2049 2431/30/2049 2432/32/2049
f 2410/30/2050 2424/30/2050 2423/28/2050
f 2407/24/2051 2421/24/2051 2428/24/2051
f 2418/32/2052 2432/32/2052 2433/34/2052
f 2425/32/1569 2424/30/1569 2410/30/1569
f 2419/34/2053 2433/34/2053 2434/36/2053
f 2426/34/1562 2425/32/1562 2411/32/1562
f 2427/36/1563 2426/34/1563 2412/34/1563
f 1/1/1 2/67/1 2436/2/1
f 2435/3/2 2436/2/2 2438/4/2
f 2437/5/3 2438/4/3 2440/6/3
f 2439/7/4 2440/6/4 2442/8/4
f 2442/8/1573 2444/66/1573 2443/10/1573
f 2443/10/6 2444/66/6 2446/11/6
f 2445/12/7 2446/11/7 2448/13/7
f 2448/13/1574 2450/16/1574 2449/15/1574
f 2450/16/1575 2452/59/1575 2451/17/1575
f 2451/17/10 2452/59/10 2454/18/10
f 2453/19/11 2454/18/11 2456/20/11
f 2455/21/12 2456/20/12 2458/22/12
f 2457/23/13 2458/22/13 2460/24/13
f 2459/25/14 2460/24/14 2462/26/14
f 2461/27/15 2462/26/15 2464/28/15
f 2463/29/16 2464/28/16 34/30/16
f 33/31/818 34/30/818 2466/32/818
f 2465/33/1576 2466/32/1576 2468/34/1576
f 2467/35/1577 2468/34/1577 2470/36/1577
f 2470/36/20 2472/39/20 2471/38/20
f 2472/39/21 2474/41/21 2473/40/21
f 2474/41/22 2476/43/22 2475/42/22
f 2476/43/23 2478/45/23 2477/44/23
f 2478/45/24 2480/47/24 2479/46/24
f 2480/47/25 2482/49/25 2481/48/25
f 2482/49/26 2484/51/26 2483/50/26
f 2484/51/27 2486/53/27 2485/52/27
f 2486/53/28 2488/55/28 2487/54/28
f 2488/55/29 2490/57/29 2489/56/29
f 2490/57/30 2492/60/30 2491/58/30
f 2706/59/870 2705/16/870 2562/16/870
f 2492/60/32 2494/62/32 2493/61/32
f 2494/62/33 2/68/33 1/63/33
f 2508/27/1578 3000/27/1578 2990/27/1578
f 2518/48/35 2548/48/35 2547/46/35
f 2473/40/1579 2514/40/1579 2513/38/1579
f 2489/56/857 2491/58/857 2523/58/857
f 2503/17/38 2502/15/38 2994/15/38
f 2465/33/1580 2510/33/1580 81/31/1580
f 2483/50/1581 2519/50/1581 2518/48/1581
f 2441/9/1582 2498/9/1582 2497/7/1582
f 2457/23/42 2459/25/42 2989/25/42
f 2475/42/1583 2515/42/1583 2514/40/1583
f 2491/58/851 2493/61/851 2524/61/851
f 2499/10/1584 2443/10/1584 2981/10/1584
f 2467/35/1585 2511/35/1585 2510/33/1585
f 2483/50/1586 2485/52/1586 2520/52/1586
f 2441/9/1587 2443/10/1587 2499/10/1587
f 2449/15/1588 2984/15/1588 2983/14/1588
f 2477/44/1589 2516/44/1589 2515/42/1589
f 2435/3/1590 2495/3/1590 65/1/1590
f 2493/61/844 1/63/844 65/63/844
f 2502/15/53 2501/14/53 2993/14/53
f 2469/37/1591 2512/37/1591 2511/35/1591
f 2485/52/1592 2487/54/1592 2521/54/1592
f 2501/14/56 2500/12/56 2992/12/56
f 2461/27/1593 2463/29/1593 2509/29/1593
f 2479/46/1594 2517/46/1594 2516/44/1594
f 2437/5/1595 2496/5/1595 2495/3/1595
f 2453/19/60 2986/19/60 2985/17/60
f 2471/38/1596 2513/38/1596 2512/37/1596
f 2487/54/835 2489/56/835 2522/56/835
f 2507/25/63 2999/25/63 3000/27/63
f 2463/29/1597 33/31/1597 81/31/1597
f 2481/48/1598 2518/48/1598 2517/46/1598
f 2439/7/1599 2497/7/1599 2496/5/1599
f 2533/17/999 2534/19/999 2780/19/999
f 2505/21/68 2506/23/68 2536/23/68
f 2519/50/69 2549/50/69 2548/48/69
f 2506/23/70 2507/25/70 2537/25/70
f 2520/52/71 2550/52/71 2549/50/71
f 2507/25/72 2508/27/72 2538/27/72
f 65/1/73 2495/3/73 2525/3/73
f 2521/54/74 2551/54/74 2550/52/74
f 2508/27/75 2509/29/75 2539/29/75
f 2495/3/861 2496/5/861 2526/5/861
f 2522/56/77 2552/56/77 2551/54/77
f 2509/29/78 81/31/78 113/31/78
f 2496/5/860 2497/7/860 2527/7/860
f 2523/58/80 2553/58/80 2552/56/80
f 2510/33/81 2540/33/81 113/31/81
f 2497/7/82 2498/9/82 2528/9/82
f 2524/61/1600 2554/61/1600 2553/58/1600
f 2511/35/84 2541/35/84 2540/33/84
f 2498/9/859 2499/10/859 2529/10/859
f 65/63/86 97/63/86 2554/61/86
f 2512/37/87 2542/37/87 2541/35/87
f 2499/10/858 2500/12/858 2530/12/858
f 2513/38/89 2543/38/89 2542/37/89
f 2500/12/90 2501/14/90 2531/14/90
f 2514/40/91 2544/40/91 2543/38/91
f 2501/14/92 2502/15/92 2532/15/92
f 2515/42/93 2545/42/93 2544/40/93
f 2502/15/94 2503/17/94 2533/17/94
f 2516/44/95 2546/44/95 2545/42/95
f 2503/17/96 2504/19/96 2534/19/96
f 2517/46/97 2547/46/97 2546/44/97
f 2504/19/98 2505/21/98 2535/21/98
f 2583/60/1173 2582/57/1173 2612/57/1173
f 2707/64/1601 2570/32/1601 2571/34/1601
f 2709/51/1602 2579/51/1602 2580/53/1602
f 2712/66/869 2711/73/869 2558/8/869
f 2566/22/1603 2738/22/1603 2737/20/1603
f 2715/43/1604 2575/43/1604 2576/45/1604
f 2717/2/866 301/67/866 129/67/866
f 2718/62/1605 2584/62/1605 129/68/1605
f 2726/20/1606 2719/18/1606 2744/18/1606
f 2708/65/1607 2571/34/1607 2572/36/1607
f 2710/53/1608 2580/53/1608 2581/55/1608
f 2722/11/863 2712/66/863 2559/66/863
f 2723/28/862 2714/26/862 2568/26/862
f 2716/45/1609 2576/45/1609 2577/47/1609
f 2725/4/882 2717/2/882 2555/2/882
f 2732/22/1610 2726/20/1610 2745/20/1610
f 2720/36/1611 2572/36/1611 2573/39/1611
f 2721/55/1612 2581/55/1612 2582/57/1612
f 2729/70/879 2722/11/879 2560/11/879
f 315/30/878 2723/28/878 2569/28/878
f 2724/47/1613 2577/47/1613 2578/49/1613
f 2731/6/877 2725/4/877 2556/4/877
f 2713/72/1614 2732/22/1614 2746/22/1614
f 2727/39/1615 2573/39/1615 2574/41/1615
f 2728/69/1616 2582/57/1616 2583/60/1616
f 2705/16/874 2729/70/874 2561/13/874
f 315/30/1617 145/30/1617 2570/32/1617
f 2730/71/1618 2578/49/1618 2579/51/1618
f 2711/73/873 2731/6/873 2557/6/873
f 2565/20/1619 2737/20/1619 2736/18/1619
f 2733/41/1620 2574/41/1620 2575/43/1620
f 2734/60/1621 2583/60/1621 2584/62/1621
f 2600/32/1203 1791/30/1203 1823/30/1203
f 2570/32/1172 145/30/1172 1791/30/1172
f 2557/6/1981 2587/6/1981 2588/8/1981
f 2584/62/1170 2583/60/1170 2613/60/1170
f 2571/34/1169 2570/32/1169 2600/32/1169
f 2558/8/1980 2588/8/1980 2589/66/1980
f 2584/62/1979 2614/62/1979 1775/68/1979
f 2572/36/1166 2571/34/1166 2601/34/1166
f 2559/66/1978 2589/66/1978 2590/11/1978
f 2573/39/1164 2572/36/1164 2602/36/1164
f 2560/11/2054 2590/11/2054 2591/13/2054
f 2574/41/1162 2573/39/1162 2603/39/1162
f 2561/13/1976 2591/13/1976 2592/16/1976
f 2575/43/1160 2574/41/1160 2604/41/1160
f 2562/16/1975 2592/16/1975 2593/59/1975
f 2576/45/1158 2575/43/1158 2605/43/1158
f 2563/59/1974 2593/59/1974 2594/18/1974
f 2577/47/1156 2576/45/1156 2606/45/1156
f 2564/18/1973 2594/18/1973 2595/20/1973
f 2578/49/1154 2577/47/1154 2607/47/1154
f 2565/20/1972 2595/20/1972 2596/22/1972
f 2579/51/1152 2578/49/1152 2608/49/1152
f 2566/22/1971 2596/22/1971 2597/24/1971
f 2580/53/1150 2579/51/1150 2609/51/1150
f 2567/24/1970 2597/24/1970 2598/26/1970
f 129/67/1969 1775/67/1969 2585/2/1969
f 2581/55/1147 2580/53/1147 2610/53/1147
f 2569/28/1146 2568/26/1146 2598/26/1146
f 2555/2/1968 2585/2/1968 2586/4/1968
f 2582/57/1144 2581/55/1144 2611/55/1144
f 145/30/1143 2569/28/1143 2599/28/1143
f 2556/4/1966 2586/4/1966 2587/6/1966
f 2633/39/1219 2632/36/1219 2662/36/1219
f 2587/6/1997 2617/6/1997 2618/8/1997
f 2614/62/1201 2613/60/1201 2643/60/1201
f 2601/34/1200 2600/32/1200 2630/32/1200
f 2588/8/1996 2618/8/1996 2619/66/1996
f 1775/68/1198 2614/62/1198 2644/62/1198
f 2602/36/1197 2601/34/1197 2631/34/1197
f 2589/66/1994 2619/66/1994 2620/11/1994
f 2603/39/1195 2602/36/1195 2632/36/1195
f 2590/11/1993 2620/11/1993 2621/13/1993
f 2604/41/1193 2603/39/1193 2633/39/1193
f 2591/13/1992 2621/13/1992 2622/16/1992
f 2605/43/1191 2604/41/1191 2634/41/1191
f 2592/16/1991 2622/16/1991 2623/59/1991
f 2606/45/1189 2605/43/1189 2635/43/1189
f 2593/59/1990 2623/59/1990 2624/18/1990
f 2607/47/1187 2606/45/1187 2636/45/1187
f 2594/18/1989 2624/18/1989 2625/20/1989
f 2608/49/1185 2607/47/1185 2637/47/1185
f 2595/20/1988 2625/20/1988 2626/22/1988
f 2609/51/1183 2608/49/1183 2638/49/1183
f 2596/22/1987 2626/22/1987 2627/24/1987
f 2610/53/1181 2609/51/1181 2639/51/1181
f 2597/24/2055 2627/24/2055 2628/26/2055
f 1775/67/1985 1807/67/1985 2615/2/1985
f 2611/55/1178 2610/53/1178 2640/53/1178
f 2598/26/1984 2628/26/1984 2629/28/1984
f 2585/2/1983 2615/2/1983 2616/4/1983
f 2612/57/1175 2611/55/1175 2641/55/1175
f 2599/28/1967 2629/28/1967 1823/30/1967
f 2586/4/1998 2616/4/1998 2617/6/1998
f 2613/60/1204 2612/57/1204 2642/57/1204
f 2666/45/1239 2665/43/1239 2695/43/1239
f 2620/11/2004 2650/11/2004 2651/13/2004
f 2634/41/1217 2633/39/1217 2663/39/1217
f 2621/13/2003 2651/13/2003 2652/16/2003
f 2635/43/1215 2634/41/1215 2664/41/1215
f 2622/16/2002 2652/16/2002 2653/59/2002
f 2636/45/1213 2635/43/1213 2665/43/1213
f 2623/59/2056 2653/59/2056 2654/18/2056
f 2637/47/1211 2636/45/1211 2666/45/1211
f 2624/18/2000 2654/18/2000 2655/20/2000
f 2638/49/1209 2637/47/1209 2667/47/1209
f 2625/20/1999 2655/20/1999 2656/22/1999
f 2639/51/1207 2638/49/1207 2668/49/1207
f 2626/22/1982 2656/22/1982 2657/24/1982
f 2640/53/1237 2639/51/1237 2669/51/1237
f 2627/24/2013 2657/24/2013 2658/26/2013
f 1807/67/2012 1839/67/2012 2645/2/2012
f 2641/55/1234 2640/53/1234 2670/53/1234
f 2628/26/2011 2658/26/2011 2659/28/2011
f 2615/2/2010 2645/2/2010 2646/4/2010
f 2642/57/1231 2641/55/1231 2671/55/1231
f 2629/28/2009 2659/28/2009 1855/30/2009
f 2616/4/2008 2646/4/2008 2647/6/2008
f 2643/60/1228 2642/57/1228 2672/57/1228
f 2630/32/1227 1823/30/1227 1855/30/1227
f 2617/6/2007 2647/6/2007 2648/8/2007
f 2644/62/1225 2643/60/1225 2673/60/1225
f 2631/34/1224 2630/32/1224 2660/32/1224
f 2618/8/2006 2648/8/2006 2649/66/2006
f 1807/68/1222 2644/62/1222 2674/62/1222
f 2632/36/1221 2631/34/1221 2661/34/1221
f 2619/66/2005 2649/66/2005 2650/11/2005
f 2696/45/1271 2695/43/1271 3057/43/1271
f 2653/59/1206 2683/59/1206 2684/18/1206
f 2667/47/1269 2666/45/1269 2696/45/1269
f 2654/18/1268 2684/18/1268 2685/20/1268
f 2667/47/1267 2697/47/1267 2698/49/1267
f 2655/20/1266 2685/20/1266 2686/22/1266
f 2668/49/1265 2698/49/1265 2699/51/1265
f 2656/22/1264 2686/22/1264 2687/24/1264
f 2669/51/1263 2699/51/1263 2700/53/1263
f 2657/24/1262 2687/24/1262 2688/26/1262
f 2645/2/1261 1839/67/1261 1871/67/1261
f 2670/53/1260 2700/53/1260 2701/55/1260
f 2658/26/1259 2688/26/1259 2689/28/1259
f 2646/4/1258 2645/2/1258 2675/2/1258
f 2671/55/1257 2701/55/1257 2702/57/1257
f 2659/28/1256 2689/28/1256 1887/30/1256
f 2647/6/1255 2646/4/1255 2676/4/1255
f 2672/57/1254 2702/57/1254 2703/60/1254
f 2660/32/1253 1855/30/1253 1887/30/1253
f 2648/8/1252 2647/6/1252 2677/6/1252
f 2673/60/1251 2703/60/1251 2704/62/1251
f 2661/34/1250 2660/32/1250 2690/32/1250
f 2649/66/1249 2648/8/1249 2678/8/1249
f 2674/62/1248 2704/62/1248 1871/68/1248
f 2662/36/1247 2661/34/1247 2691/34/1247
f 2650/11/1246 2649/66/1246 2679/66/1246
f 2663/39/1245 2662/36/1245 2692/36/1245
f 2651/13/1244 2650/11/1244 2680/11/1244
f 2664/41/1243 2663/39/1243 2693/39/1243
f 2652/16/1242 2651/13/1242 2681/13/1242
f 2665/43/1241 2664/41/1241 2694/41/1241
f 2652/16/1240 2682/16/1240 2683/59/1240
f 2494/62/940 2492/60/940 2734/60/940
f 2474/41/1672 2733/41/1672 2715/43/1672
f 2460/24/939 2458/22/939 2732/22/939
f 2442/8/938 2440/6/938 2731/6/938
f 2482/49/1673 2730/71/1673 2709/51/1673
f 34/30/1674 315/30/1674 2707/64/1674
f 2450/16/937 2448/13/937 2729/70/937
f 2490/57/1675 2728/69/1675 2734/60/1675
f 2472/39/1676 2727/39/1676 2733/41/1676
f 2458/22/936 2456/20/936 2726/20/936
f 2440/6/935 2438/4/935 2725/4/935
f 2480/47/1677 2724/47/1677 2730/71/1677
f 34/30/934 2464/28/934 2723/28/934
f 2448/13/933 2446/11/933 2722/11/933
f 2488/55/1678 2721/55/1678 2728/69/1678
f 2470/36/1679 2720/36/1679 2727/39/1679
f 2456/20/932 2454/18/932 2719/18/932
f 2436/2/1680 2717/2/1680 2725/4/1680
f 2478/45/1681 2716/45/1681 2724/47/1681
f 2464/28/947 2462/26/947 2714/26/947
f 2446/11/946 2444/66/946 2712/66/946
f 2486/53/1682 2710/53/1682 2721/55/1682
f 2468/34/1683 2708/65/1683 2720/36/1683
f 2454/18/945 2452/59/945 2706/59/945
f 2/68/944 2494/62/944 2718/62/944
f 2/67/1684 301/67/1684 2717/2/1684
f 2476/43/1685 2715/43/1685 2716/45/1685
f 2462/26/943 2460/24/943 2713/72/943
f 2444/66/942 2442/8/942 2711/73/942
f 2484/51/1686 2709/51/1686 2710/53/1686
f 2466/32/1687 2707/64/1687 2708/65/1687
f 2452/59/941 2450/16/941 2705/16/941
f 2743/26/291 2742/72/291 2750/72/291
f 2744/18/1688 2741/59/1688 2735/59/1688
f 2745/20/1689 2744/18/1689 2736/18/1689
f 2746/22/1690 2745/20/1690 2737/20/1690
f 2746/22/295 2738/22/295 2747/22/295
f 2719/18/1691 2706/59/1691 2741/59/1691
f 2706/59/1692 2563/59/1692 2735/59/1692
f 2713/72/1693 2742/72/1693 2743/26/1693
f 2566/22/1694 2567/24/1694 2739/24/1694
f 2564/18/1695 2736/18/1695 2735/59/1695
f 2568/26/1696 2714/26/1696 2743/26/1696
f 2567/24/1697 2568/26/1697 2740/26/1697
f 2747/22/303 2753/22/303 2758/22/303
f 2750/72/304 2756/72/304 2757/26/304
f 2740/26/305 2749/26/305 2748/24/305
f 2742/72/306 2746/22/306 2752/22/306
f 2743/26/307 2751/26/307 2749/26/307
f 2739/24/308 2748/24/308 2747/22/308
f 2755/26/1698 2757/26/1698 2763/26/1698
f 2756/72/1699 2758/22/1699 2764/22/1699
f 2748/24/311 2754/24/311 2753/22/311
f 2750/72/312 2752/22/312 2758/22/312
f 2749/26/313 2751/26/313 2757/26/313
f 2749/26/314 2755/26/314 2754/24/314
f 2759/22/315 2765/22/315 2770/22/315
f 2762/72/1700 2768/72/1700 2769/26/1700
f 2755/26/1701 2761/26/1701 2760/24/1701
f 2756/72/1702 2762/72/1702 2763/26/1702
f 2753/22/1703 2759/22/1703 2764/22/1703
f 2754/24/1704 2760/24/1704 2759/22/1704
f 2769/26/1705 2768/72/1705 2766/24/1705
f 2768/72/1706 2770/22/1706 2765/22/1706
f 2760/24/1707 2766/24/1707 2765/22/1707
f 2762/72/1708 2764/22/1708 2770/22/1708
f 2761/26/1709 2763/26/1709 2769/26/1709
f 2761/26/1710 2767/26/1710 2766/24/1710
f 2784/27/1004 2785/29/1004 2815/29/1004
f 2547/46/1711 2793/46/1711 2792/44/1711
f 2534/19/998 2535/21/998 2781/21/998
f 2548/48/1712 2794/48/1712 2793/46/1712
f 2535/21/997 2536/23/997 2782/23/997
f 2549/50/1713 2795/50/1713 2794/48/1713
f 2536/23/996 2537/25/996 2783/25/996
f 2549/50/995 2550/52/995 2796/52/995
f 2537/25/994 2538/27/994 2784/27/994
f 2525/3/1714 2771/3/1714 357/1/1714
f 2550/52/993 2551/54/993 2797/54/993
f 2538/27/992 2539/29/992 2785/29/992
f 2526/5/1715 2772/5/1715 2771/3/1715
f 2551/54/991 2552/56/991 2798/56/991
f 2539/29/990 113/31/990 373/31/990
f 2527/7/1716 2773/7/1716 2772/5/1716
f 2552/56/989 2553/58/989 2799/58/989
f 2540/33/1717 2786/33/1717 373/31/1717
f 2528/9/1718 2774/9/1718 2773/7/1718
f 2553/58/988 2554/61/988 2800/61/988
f 2541/35/1719 2787/35/1719 2786/33/1719
f 2529/10/1720 2775/10/1720 2774/9/1720
f 2554/61/987 97/63/987 357/63/987
f 2542/37/1721 2788/37/1721 2787/35/1721
f 2530/12/1722 2776/12/1722 2775/10/1722
f 2543/38/1723 2789/38/1723 2788/37/1723
f 2530/12/986 2531/14/986 2777/14/986
f 2544/40/1724 2790/40/1724 2789/38/1724
f 2531/14/985 2532/15/985 2778/15/985
f 2545/42/1725 2791/42/1725 2790/40/1725
f 2532/15/984 2533/17/984 2779/17/984
f 2546/44/1726 2792/44/1726 2791/42/1726
f 2830/61/359 389/63/359 421/63/359
f 2771/3/1003 2772/5/1003 2802/5/1003
f 2798/56/1727 2828/56/1727 2827/54/1727
f 2785/29/1002 373/31/1002 405/31/1002
f 2772/5/1001 2773/7/1001 2803/7/1001
f 2799/58/1728 2829/58/1728 2828/56/1728
f 2786/33/1729 2816/33/1729 405/31/1729
f 2773/7/1000 2774/9/1000 2804/9/1000
f 2800/61/1730 2830/61/1730 2829/58/1730
f 2787/35/1731 2817/35/1731 2816/33/1731
f 2774/9/1015 2775/10/1015 2805/10/1015
f 357/63/1732 389/63/1732 2830/61/1732
f 2788/37/1733 2818/37/1733 2817/35/1733
f 2775/10/1014 2776/12/1014 2806/12/1014
f 2789/38/1734 2819/38/1734 2818/37/1734
f 2776/12/1013 2777/14/1013 2807/14/1013
f 2790/40/1735 2820/40/1735 2819/38/1735
f 2777/14/1012 2778/15/1012 2808/15/1012
f 2791/42/1736 2821/42/1736 2820/40/1736
f 2778/15/1011 2779/17/1011 2809/17/1011
f 2792/44/1737 2822/44/1737 2821/42/1737
f 2779/17/1010 2780/19/1010 2810/19/1010
f 2793/46/1738 2823/46/1738 2822/44/1738
f 2780/19/1009 2781/21/1009 2811/21/1009
f 2794/48/1739 2824/48/1739 2823/46/1739
f 2781/21/1008 2782/23/1008 2812/23/1008
f 2795/50/1740 2825/50/1740 2824/48/1740
f 2782/23/1007 2783/25/1007 2813/25/1007
f 2796/52/1741 2826/52/1741 2825/50/1741
f 2783/25/1006 2784/27/1006 2814/27/1006
f 357/1/1742 2771/3/1742 2801/3/1742
f 2797/54/1743 2827/54/1743 2826/52/1743
f 2850/40/391 2851/42/391 2881/42/391
f 2818/37/392 2848/37/392 2847/35/392
f 2806/12/393 2836/12/393 2835/10/393
f 2819/38/394 2849/38/394 2848/37/394
f 2806/12/1017 2807/14/1017 2837/14/1017
f 2820/40/396 2850/40/396 2849/38/396
f 2807/14/397 2808/15/397 2838/15/397
f 2821/42/1744 2851/42/1744 2850/40/1744
f 2808/15/399 2809/17/399 2839/17/399
f 2822/44/400 2852/44/400 2851/42/400
f 2809/17/401 2810/19/401 2840/19/401
f 2823/46/402 2853/46/402 2852/44/402
f 2810/19/1016 2811/21/1016 2841/21/1016
f 2824/48/404 2854/48/404 2853/46/404
f 2811/21/405 2812/23/405 2842/23/405
f 2825/50/406 2855/50/406 2854/48/406
f 2812/23/407 2813/25/407 2843/25/407
f 2825/50/408 2826/52/408 2856/52/408
f 2813/25/409 2814/27/409 2844/27/409
f 2801/3/410 2831/3/410 421/1/410
f 2826/52/411 2827/54/411 2857/54/411
f 2814/27/1745 2815/29/1745 2845/29/1745
f 2802/5/413 2832/5/413 2831/3/413
f 2827/54/1746 2828/56/1746 2858/56/1746
f 2815/29/415 405/31/415 437/31/415
f 2803/7/416 2833/7/416 2832/5/416
f 2828/56/417 2829/58/417 2859/58/417
f 2816/33/418 2846/33/418 437/31/418
f 2804/9/1747 2834/9/1747 2833/7/1747
f 2829/58/420 2830/61/420 2860/61/420
f 2817/35/1748 2847/35/1748 2846/33/1748
f 2805/10/422 2835/10/422 2834/9/422
f 2883/46/423 2884/48/423 2914/48/423
f 2838/15/424 2839/17/424 2869/17/424
f 2851/42/425 2852/44/425 2882/44/425
f 2840/19/426 2870/19/426 2869/17/426
f 2853/46/427 2883/46/427 2882/44/427
f 2841/21/428 2871/21/428 2870/19/428
f 2853/46/429 2854/48/429 2884/48/429
f 2842/23/1749 2872/23/1749 2871/21/1749
f 2854/48/431 2855/50/431 2885/50/431
f 2842/23/432 2843/25/432 2873/25/432
f 2856/52/433 2886/52/433 2885/50/433
f 2843/25/434 2844/27/434 2874/27/434
f 2831/3/435 2861/3/435 453/1/435
f 2857/54/436 2887/54/436 2886/52/436
f 2844/27/437 2845/29/437 2875/29/437
f 2831/3/438 2832/5/438 2862/5/438
f 2858/56/439 2888/56/439 2887/54/439
f 2845/29/440 437/31/440 469/31/440
f 2832/5/441 2833/7/441 2863/7/441
f 2858/56/442 2859/58/442 2889/58/442
f 2846/33/443 2876/33/443 469/31/443
f 2833/7/444 2834/9/444 2864/9/444
f 2859/58/1019 2860/61/1019 2890/61/1019
f 2846/33/446 2847/35/446 2877/35/446
f 2835/10/447 2865/10/447 2864/9/447
f 2860/61/448 421/63/448 453/63/448
f 2848/37/449 2878/37/449 2877/35/449
f 2835/10/450 2836/12/450 2866/12/450
f 2849/38/451 2879/38/451 2878/37/451
f 2837/14/452 2867/14/452 2866/12/452
f 2850/40/453 2880/40/453 2879/38/453
f 2838/15/454 2868/15/454 2867/14/454
f 485/1/1025 2891/3/1025 2921/3/1025
f 2872/23/1750 2902/23/1750 2901/21/1750
f 2884/48/457 2885/50/457 2915/50/457
f 2873/25/458 2903/25/458 2902/23/458
f 2886/52/459 2916/52/459 2915/50/459
f 2874/27/460 2904/27/460 2903/25/460
f 453/1/461 2861/3/461 2891/3/461
f 2887/54/462 2917/54/462 2916/52/462
f 2875/29/463 2905/29/463 2904/27/463
f 2861/3/464 2862/5/464 2892/5/464
f 2888/56/465 2918/56/465 2917/54/465
f 469/31/466 501/31/466 2905/29/466
f 2862/5/467 2863/7/467 2893/7/467
f 2889/58/468 2919/58/468 2918/56/468
f 469/31/469 2876/33/469 2906/33/469
f 2863/7/470 2864/9/470 2894/9/470
f 2890/61/471 2920/61/471 2919/58/471
f 2876/33/472 2877/35/472 2907/35/472
f 2864/9/473 2865/10/473 2895/10/473
f 453/63/474 485/63/474 2920/61/474
f 2877/35/475 2878/37/475 2908/37/475
f 2865/10/476 2866/12/476 2896/12/476
f 2878/37/477 2879/38/477 2909/38/477
f 2867/14/1021 2897/14/1021 2896/12/1021
f 2879/38/1020 2880/40/1020 2910/40/1020
f 2868/15/480 2898/15/480 2897/14/480
f 2880/40/481 2881/42/481 2911/42/481
f 2869/17/482 2899/17/482 2898/15/482
f 2881/42/483 2882/44/483 2912/44/483
f 2870/19/484 2900/19/484 2899/17/484
f 2882/44/485 2883/46/485 2913/46/485
f 2871/21/1751 2901/21/1751 2900/19/1751
f 2923/7/1752 2924/9/1752 2954/9/1752
f 2917/54/488 2947/54/488 2946/52/488
f 2904/27/1024 2905/29/1024 2935/29/1024
f 2891/3/490 2892/5/490 2922/5/490
f 2918/56/491 2948/56/491 2947/54/491
f 2905/29/492 501/31/492 533/31/492
f 2892/5/493 2893/7/493 2923/7/493
f 2919/58/494 2949/58/494 2948/56/494
f 2906/33/495 2936/33/495 533/31/495
f 2893/7/496 2894/9/496 2924/9/496
f 2920/61/497 2950/61/497 2949/58/497
f 2907/35/1753 2937/35/1753 2936/33/1753
f 2894/9/499 2895/10/499 2925/10/499
f 485/63/1754 517/63/1754 2950/61/1754
f 2908/37/1755 2938/37/1755 2937/35/1755
f 2895/10/502 2896/12/502 2926/12/502
f 2909/38/1756 2939/38/1756 2938/37/1756
f 2896/12/504 2897/14/504 2927/14/504
f 2910/40/505 2940/40/505 2939/38/505
f 2897/14/506 2898/15/506 2928/15/506
f 2911/42/507 2941/42/507 2940/40/507
f 2898/15/508 2899/17/508 2929/17/508
f 2912/44/509 2942/44/509 2941/42/509
f 2899/17/510 2900/19/510 2930/19/510
f 2913/46/511 2943/46/511 2942/44/511
f 2900/19/512 2901/21/512 2931/21/512
f 2914/48/513 2944/48/513 2943/46/513
f 2901/21/514 2902/23/514 2932/23/514
f 2915/50/515 2945/50/515 2944/48/515
f 2902/23/1027 2903/25/1027 2933/25/1027
f 2916/52/517 2946/52/517 2945/50/517
f 2903/25/1026 2904/27/1026 2934/27/1026
f 2980/86/519 549/87/519 565/88/519
f 549/87/519 2951/89/519 2965/90/519
f 2951/89/519 2952/81/519 2965/90/519
f 2952/81/519 2953/80/519 2964/91/519
f 2965/90/519 2952/81/519 2964/91/519
f 2953/80/519 2954/92/519 2962/93/519
f 2954/92/519 2955/94/519 2961/95/519
f 2955/94/519 2956/96/519 2961/95/519
f 2956/96/1757 2957/97/1757 2960/98/1757
f 2961/95/519 2956/96/519 2960/98/519
f 2957/97/1758 2958/99/1758 2959/100/1758
f 2959/100/1759 2960/98/1759 2957/97/1759
f 2961/95/519 2962/93/519 2954/92/519
f 2962/93/519 2963/82/519 2953/80/519
f 2963/82/519 2964/91/519 2953/80/519
f 2965/90/519 565/88/519 549/87/519
f 565/88/519 2966/101/519 2980/86/519
f 2966/101/519 2967/102/519 2980/86/519
f 2967/102/519 2968/76/519 2979/75/519
f 2980/86/519 2967/102/519 2979/75/519
f 2968/76/519 2969/103/519 2977/104/519
f 2969/103/519 2970/105/519 2976/106/519
f 2970/105/1759 2971/107/1759 2976/106/1759
f 2971/107/519 2972/108/519 2975/109/519
f 2976/106/519 2971/107/519 2975/109/519
f 2972/108/1760 2973/110/1760 2974/111/1760
f 2974/111/1759 2975/109/1759 2972/108/1759
f 2976/106/519 2977/104/519 2969/103/519
f 2977/104/519 2978/74/519 2968/76/519
f 2950/61/1761 2980/61/1761 2979/58/1761
f 2937/35/521 2967/35/521 2966/33/521
f 2924/9/1034 2925/10/1034 2955/10/1034
f 517/63/523 549/63/523 2980/61/523
f 2938/37/1762 2968/37/1762 2967/35/1762
f 2925/10/525 2926/12/525 2956/12/525
f 2939/38/1763 2969/38/1763 2968/37/1763
f 2926/12/527 2927/14/527 2957/14/527
f 2940/40/528 2970/40/528 2969/38/528
f 2927/14/1032 2928/15/1032 2958/15/1032
f 2941/42/1764 2971/42/1764 2970/40/1764
f 2928/15/531 2929/17/531 2959/17/531
f 2942/44/532 2972/44/532 2971/42/532
f 2929/17/533 2930/19/533 2960/19/533
f 2943/46/534 2973/46/534 2972/44/534
f 2930/19/1031 2931/21/1031 2961/21/1031
f 2944/48/1765 2974/48/1765 2973/46/1765
f 2931/21/537 2932/23/537 2962/23/537
f 2945/50/538 2975/50/538 2974/48/538
f 2932/23/1766 2933/25/1766 2963/25/1766
f 2946/52/540 2976/52/540 2975/50/540
f 2933/25/1029 2934/27/1029 2964/27/1029
f 517/1/542 2921/3/542 2951/3/542
f 2947/54/1767 2977/54/1767 2976/52/1767
f 2934/27/544 2935/29/544 2965/29/544
f 2921/3/1028 2922/5/1028 2952/5/1028
f 2948/56/546 2978/56/546 2977/54/546
f 533/31/547 565/31/547 2965/29/547
f 2922/5/548 2923/7/548 2953/7/548
f 2949/58/549 2979/58/549 2978/56/549
f 533/31/550 2936/33/550 2966/33/550
f 2987/21/1768 2988/23/1768 2998/23/1768
f 2983/14/1769 2984/15/1769 2994/15/1769
f 3000/27/1770 2999/25/1770 3005/25/1770
f 2984/15/1771 2985/17/1771 2995/17/1771
f 2990/27/1772 3003/27/1772 3002/25/1772
f 2985/17/1773 2986/19/1773 2996/19/1773
f 2982/12/1774 2992/12/1774 2991/10/1774
f 2986/19/1775 2987/21/1775 2997/21/1775
f 2982/12/1776 2983/14/1776 2993/14/1776
f 2445/12/560 2982/12/560 2981/10/560
f 2504/19/561 2503/17/561 2995/17/561
f 2453/19/562 2455/21/562 2987/21/562
f 2504/19/563 2996/19/563 2997/21/563
f 2451/17/1777 2985/17/1777 2984/15/1777
f 2459/25/565 2461/27/565 2990/27/565
f 2505/21/566 2997/21/566 2998/23/566
f 2447/14/567 2983/14/567 2982/12/567
f 2506/23/568 2998/23/568 2999/25/568
f 2455/21/569 2457/23/569 2988/23/569
f 2500/12/570 2499/10/570 2991/10/570
f 3003/27/1778 3009/27/1778 3008/25/1778
f 3006/27/1779 3005/25/1779 3011/25/1779
f 2988/23/1780 3001/23/1780 3004/23/1780
f 2989/25/1781 3002/25/1781 3001/23/1781
f 2999/25/1782 2998/23/1782 3004/23/1782
f 2990/27/1783 3000/27/1783 3006/27/1783
f 3009/27/1784 3015/27/1784 3014/25/1784
f 3012/27/1785 3011/25/1785 3017/25/1785
f 3006/27/1786 3012/27/1786 3009/27/1786
f 3004/23/1787 3001/23/1787 3007/23/1787
f 3005/25/1788 3004/23/1788 3010/23/1788
f 3002/25/1789 3008/25/1789 3007/23/1789
f 3013/23/583 3019/23/583 3022/23/583
f 3015/27/584 3018/27/584 3024/27/584
f 3009/27/1790 3012/27/1790 3018/27/1790
f 3007/23/1791 3013/23/1791 3016/23/1791
f 3011/25/1792 3010/23/1792 3016/23/1792
f 3008/25/1793 3014/25/1793 3013/23/1793
f 3021/27/589 3027/27/589 3026/25/589
f 3024/27/590 3023/25/590 3029/25/590
f 3017/25/591 3016/23/591 3022/23/591
f 3014/25/592 3020/25/592 3019/23/592
f 3018/27/1794 3017/25/1794 3023/25/1794
f 3015/27/594 3021/27/594 3020/25/594
f 3025/23/1795 3031/23/1795 3034/23/1795
f 3027/27/1796 3030/27/1796 3036/27/1796
f 3021/27/1797 3024/27/1797 3030/27/1797
f 3019/23/1798 3025/23/1798 3028/23/1798
f 3023/25/599 3022/23/599 3028/23/599
f 3020/25/600 3026/25/600 3025/23/600
f 3032/25/1799 3035/25/1799 3034/23/1799
f 3032/25/1800 3033/27/1800 3036/27/1800
f 3029/25/1801 3028/23/1801 3034/23/1801
f 3026/25/1802 3032/25/1802 3031/23/1802
f 3030/27/1803 3029/25/1803 3035/25/1803
f 3027/27/1804 3033/27/1804 3032/25/1804
f 3049/24/1321 3048/22/1321 3078/22/1321
f 2683/59/1238 3045/59/1238 3046/18/1238
f 2697/47/1301 2696/45/1301 3058/45/1301
f 2685/20/1300 2684/18/1300 3046/18/1300
f 2697/47/1299 3059/47/1299 3060/49/1299
f 2685/20/1298 3047/20/1298 3048/22/1298
f 2699/51/1297 2698/49/1297 3060/49/1297
f 2687/24/1296 2686/22/1296 3048/22/1296
f 2699/51/1295 3061/51/1295 3062/53/1295
f 2688/26/1294 2687/24/1294 3049/24/1294
f 2675/2/1293 1871/67/1293 2235/67/1293
f 2701/55/1292 2700/53/1292 3062/53/1292
f 2688/26/1291 3050/26/1291 3051/28/1291
f 2676/4/1290 2675/2/1290 3037/2/1290
f 2701/55/1289 3063/55/1289 3064/57/1289
f 1887/30/1288 2689/28/1288 3051/28/1288
f 2677/6/1287 2676/4/1287 3038/4/1287
f 2702/57/1286 3064/57/1286 3065/60/1286
f 1887/30/1285 2251/30/1285 3052/32/1285
f 2677/6/1284 3039/6/1284 3040/8/1284
f 2704/62/1283 2703/60/1283 3065/60/1283
f 2690/32/1282 3052/32/1282 3053/34/1282
f 2678/8/1281 3040/8/1281 3041/66/1281
f 1871/68/1280 2704/62/1280 3066/62/1280
f 2691/34/1523 3053/34/1523 3054/36/1523
f 2680/11/1278 2679/66/1278 3041/66/1278
f 2692/36/1277 3054/36/1277 3055/39/1277
f 2680/11/1276 3042/11/1276 3043/13/1276
f 2694/41/1275 2693/39/1275 3055/39/1275
f 2682/16/1274 2681/13/1274 3043/13/1274
f 2694/41/1273 3056/41/1273 3057/43/1273
f 2682/16/1272 3044/16/1272 3045/59/1272
f 2283/30/1449 3081/28/1449 3201/28/1449
f 3062/53/1320 3061/51/1320 3091/51/1320
f 3050/26/1319 3049/24/1319 3079/24/1319
f 2235/67/1318 2267/67/1318 3067/2/1318
f 3063/55/1317 3062/53/1317 3092/53/1317
f 3051/28/1316 3050/26/1316 3080/26/1316
f 3037/2/1315 3067/2/1315 3068/4/1315
f 3064/57/1314 3063/55/1314 3093/55/1314
f 2251/30/1313 3051/28/1313 3081/28/1313
f 3038/4/2016 3068/4/2016 3069/6/2016
f 3065/60/1311 3064/57/1311 3094/57/1311
f 2251/30/2015 2283/30/2015 3082/32/2015
f 3039/6/1309 3069/6/1309 3070/8/1309
f 3066/62/1308 3065/60/1308 3095/60/1308
f 3052/32/1307 3082/32/1307 3083/34/1307
f 3040/8/1306 3070/8/1306 3071/66/1306
f 2235/68/1305 3066/62/1305 3096/62/1305
f 3053/34/1304 3083/34/1304 3084/36/1304
f 3041/66/1303 3071/66/1303 3072/11/1303
f 3054/36/1270 3084/36/1270 3085/39/1270
f 3042/11/1333 3072/11/1333 3073/13/1333
f 3055/39/1332 3085/39/1332 3086/41/1332
f 3043/13/1331 3073/13/1331 3074/16/1331
f 3056/41/1330 3086/41/1330 3087/43/1330
f 3045/59/1329 3044/16/1329 3074/16/1329
f 3057/43/1328 3087/43/1328 3088/45/1328
f 3046/18/1327 3045/59/1327 3075/59/1327
f 3058/45/1326 3088/45/1326 3089/47/1326
f 3047/20/1525 3046/18/1525 3076/18/1525
f 3060/49/1324 3059/47/1324 3089/47/1324
f 3048/22/1323 3047/20/1323 3077/20/1323
f 3061/51/1322 3060/49/1322 3090/49/1322
f 3114/36/1383 3113/34/1383 3143/34/1383
f 3069/6/1336 3068/4/1336 3098/4/1336
f 3094/57/2017 3124/57/2017 3125/60/2017
f 3112/32/1453 3113/34/1453 3209/34/1453
f 3070/8/1365 3069/6/1365 3099/6/1365
f 3095/60/2029 3125/60/2029 3126/62/2029
f 3081/28/1450 3080/26/1450 3200/26/1450
f 3102/11/1530 3072/11/1530 3189/11/1530
f 3096/62/2028 3126/62/2028 2299/68/2028
f 2315/30/1363 3112/32/1363 3208/32/1363
f 3101/66/1531 3102/11/1531 3192/11/1531
f 3085/39/1358 3084/36/1358 3114/36/1358
f 3072/11/2027 3102/11/2027 3103/13/2027
f 3086/41/1356 3085/39/1356 3115/39/1356
f 3073/13/2026 3103/13/2026 3104/16/2026
f 3087/43/1354 3086/41/1354 3116/41/1354
f 3074/16/2025 3104/16/2025 3105/59/2025
f 3088/45/1352 3087/43/1352 3117/43/1352
f 3075/59/2024 3105/59/2024 3106/18/2024
f 3089/47/1350 3088/45/1350 3118/45/1350
f 3076/18/2023 3106/18/2023 3107/20/2023
f 3090/49/1348 3089/47/1348 3119/47/1348
f 3077/20/2022 3107/20/2022 3108/22/2022
f 3091/51/1346 3090/49/1346 3120/49/1346
f 3078/22/2021 3108/22/2021 3109/24/2021
f 3091/51/2043 3121/51/2043 3122/53/2043
f 3080/26/1452 3079/24/1452 3199/24/1452
f 3067/2/1342 2267/67/1342 2299/67/1342
f 3092/53/2042 3122/53/2042 3123/55/2042
f 2315/30/1343 2417/30/1343 3207/28/1343
f 3068/4/2057 3067/2/2057 3097/2/2057
f 3093/55/2019 3123/55/2019 3124/57/2019
f 3147/43/1403 3146/41/1403 3176/41/1403
f 3102/11/1382 3101/66/1382 3131/66/1382
f 3115/39/1381 3114/36/1381 3144/36/1381
f 3103/13/1380 3102/11/1380 3132/11/1380
f 3115/39/1379 3145/39/1379 3146/41/1379
f 3104/16/1378 3103/13/1378 3133/13/1378
f 3116/41/1377 3146/41/1377 3147/43/1377
f 3105/59/1376 3104/16/1376 3134/16/1376
f 3117/43/1375 3147/43/1375 3148/45/1375
f 3106/18/1374 3105/59/1374 3135/59/1374
f 3118/45/1373 3148/45/1373 3149/47/1373
f 3107/20/1372 3106/18/1372 3136/18/1372
f 3119/47/2030 3149/47/2030 3150/49/2030
f 3108/22/1370 3107/20/1370 3137/20/1370
f 3120/49/1369 3150/49/1369 3151/51/1369
f 3108/22/1368 3138/22/1368 3139/24/1368
f 3121/51/1367 3151/51/1367 3152/53/1367
f 3109/24/1334 3139/24/1334 3140/26/1334
f 3097/2/1397 2299/67/1397 2331/67/1397
f 3122/53/1396 3152/53/1396 3153/55/1396
f 3110/26/1395 3140/26/1395 3141/28/1395
f 3098/4/1394 3097/2/1394 3127/2/1394
f 3123/55/2034 3153/55/2034 3154/57/2034
f 3111/28/1392 3141/28/1392 2347/30/1392
f 3099/6/1391 3098/4/1391 3128/4/1391
f 3124/57/2033 3154/57/2033 3155/60/2033
f 3112/32/1389 2315/30/1389 2347/30/1389
f 3100/8/1388 3099/6/1388 3129/6/1388
f 3125/60/1387 3155/60/1387 3156/62/1387
f 3113/34/1386 3112/32/1386 3142/32/1386
f 3101/66/1385 3100/8/1385 3130/8/1385
f 3126/62/1384 3156/62/1384 2331/68/1384
f 3158/112/1398 3157/85/1398 3185/83/1398
f 3157/85/2058 2363/113/2058 3186/84/2058
f 3185/83/1398 3157/85/1398 3186/84/1398
f 3185/83/1398 3184/114/1398 3158/112/1398
f 3184/114/1398 3183/79/1398 3159/78/1398
f 3158/112/2036 3184/114/2036 3159/78/2036
f 3183/79/2038 3182/115/2038 3160/77/2038
f 3182/115/1398 3181/116/1398 3161/117/1398
f 3160/77/1398 3182/115/1398 3161/117/1398
f 3181/116/1398 3180/118/1398 3163/119/1398
f 3180/118/1398 3179/120/1398 3164/121/1398
f 3179/120/1398 3178/122/1398 3165/123/1398
f 3178/122/1398 3177/124/1398 3166/125/1398
f 3177/124/1398 3176/126/1398 3166/125/1398
f 3176/126/1398 3175/127/1398 3167/128/1398
f 3166/125/1398 3176/126/1398 3167/128/1398
f 3175/127/2036 3174/129/2036 3168/130/2036
f 3174/129/2036 3173/131/2036 3169/132/2036
f 3168/130/2035 3174/129/2035 3169/132/2035
f 3173/131/2036 3172/133/2036 3171/136/2036
f 3172/133/2037 2379/135/2037 3171/136/2037
f 3171/136/2035 3170/134/2035 3173/131/2035
f 3170/134/1398 3169/132/1398 3173/131/1398
f 3168/130/2036 3167/128/2036 3175/127/2036
f 3166/125/1398 3165/123/1398 3178/122/1398
f 3165/123/1398 3164/121/1398 3179/120/1398
f 3164/121/1398 3163/119/1398 3180/118/1398
f 3163/119/2038 3162/137/2038 3181/116/2038
f 3162/137/1398 3161/117/1398 3181/116/1398
f 3134/16/2040 3164/16/2040 3165/59/2040
f 3148/45/1401 3147/43/1401 3177/43/1401
f 3135/59/2039 3165/59/2039 3166/18/2039
f 3149/47/1399 3148/45/1399 3178/45/1399
f 3136/18/1366 3166/18/1366 3167/20/1366
f 3149/47/1429 3179/47/1429 3180/49/1429
f 3137/20/1428 3167/20/1428 3168/22/1428
f 3150/49/1427 3180/49/1427 3181/51/1427
f 3138/22/1426 3168/22/1426 3169/24/1426
f 3151/51/1425 3181/51/1425 3182/53/1425
f 3139/24/1424 3169/24/1424 3170/26/1424
f 3127/2/1423 2331/67/1423 2363/67/1423
f 3152/53/1422 3182/53/1422 3183/55/1422
f 3140/26/1421 3170/26/1421 3171/28/1421
f 3128/4/1420 3127/2/1420 3157/2/1420
f 3153/55/1419 3183/55/1419 3184/57/1419
f 3141/28/1418 3171/28/1418 2379/30/1418
f 3129/6/1417 3128/4/1417 3158/4/1417
f 3154/57/1416 3184/57/1416 3185/60/1416
f 3142/32/1415 2347/30/1415 2379/30/1415
f 3130/8/1414 3129/6/1414 3159/6/1414
f 3155/60/1413 3185/60/1413 3186/62/1413
f 3143/34/1412 3142/32/1412 3172/32/1412
f 3131/66/1411 3130/8/1411 3160/8/1411
f 3156/62/1410 3186/62/1410 2363/68/1410
f 3144/36/1409 3143/34/1409 3173/34/1409
f 3132/11/1408 3131/66/1408 3161/66/1408
f 3145/39/1407 3144/36/1407 3174/36/1407
f 3133/13/2059 3132/11/2059 3162/11/2059
f 3146/41/1405 3145/39/1405 3175/39/1405
f 3134/16/1404 3133/13/1404 3163/13/1404
f 3188/66/1550 3194/66/1550 3195/11/1550
f 3191/66/2060 3192/11/2060 3198/11/2060
f 3100/8/1552 3190/8/1552 3187/8/1552
f 3070/8/1553 3187/8/1553 3188/66/1553
f 3100/8/1554 3101/66/1554 3191/66/1554
f 3071/66/1555 3188/66/1555 3189/11/1555
f 3194/66/1362 3193/8/1362 3196/8/1362
f 3195/11/1359 3194/66/1359 3197/66/1359
f 3192/11/1558 3189/11/1558 3195/11/1558
f 3190/8/1559 3196/8/1559 3193/8/1559
f 3191/66/2061 3197/66/2061 3196/8/2061
f 3188/66/1561 3187/8/1561 3193/8/1561
f 3204/36/2051 3216/36/2051 3222/36/2051
f 3201/28/1468 3200/26/1468 3212/26/1468
f 2417/30/2049 2431/30/2049 3219/28/2049
f 3200/26/1469 3199/24/1469 3211/24/1469
f 3207/28/2052 3219/28/2052 3218/26/2052
f 3206/26/2053 3218/26/2053 3217/24/2053
f 3113/34/1451 3114/36/1451 3210/36/1451
f 2283/30/2014 2410/30/2014 3202/32/2014
f 3082/32/2020 3202/32/2020 3203/34/2020
f 3110/26/1448 3206/26/1448 3205/24/1448
f 3083/34/1360 3203/34/1360 3204/36/1360
f 3111/28/2018 3207/28/2018 3206/26/2018
f 3084/36/1455 3204/36/1455 3210/36/1455
f 3079/24/1454 3109/24/1454 3205/24/1454
f 3213/28/2046 3219/28/2046 2431/30/2046
f 3214/32/1456 2424/30/1456 2431/30/1456
f 3215/34/2062 3214/32/2062 3220/32/2062
f 3216/36/1460 3215/34/1460 3221/34/1460
f 3211/24/2048 3217/24/2048 3218/26/2048
f 3212/26/2047 3218/26/2047 3219/28/2047
f 2417/30/2063 3208/32/2063 3220/32/2063
f 2410/30/1466 3201/28/1466 3213/28/1466
f 3199/24/1442 3205/24/1442 3217/24/1442
f 3208/32/1446 3209/34/1446 3221/34/1446
f 2410/30/2050 2424/30/2050 3214/32/2050
f 3209/34/1447 3210/36/1447 3222/36/1447
f 3202/32/2044 3214/32/2044 3215/34/2044
f 3203/34/2045 3215/34/2045 3216/36/2045
