# Blender 5.0.0
# www.blender.org
mtllib sheep.mtl
o Cylinder
v -0.000001 2.997084 6.391004
v -0.000001 0.439416 6.573678
v 0.188009 2.995342 6.366256
v 0.188009 0.437673 6.548930
v 0.368795 2.990181 6.292962
v 0.368795 0.432513 6.475636
v 0.535407 2.981800 6.173939
v 0.535407 0.424132 6.356613
v 0.681444 2.970522 6.013761
v 0.681444 0.412854 6.196435
v 0.801294 2.688733 5.818583
v 0.801294 0.399112 6.001257
v 0.890350 2.673054 5.595907
v 0.890350 0.383433 5.778582
v 0.945191 2.656041 5.354290
v 0.945191 0.366420 5.536963
v 0.963708 2.521154 5.103015
v 0.963708 0.348728 5.285689
v 0.945191 2.444890 4.851741
v 0.945191 0.331036 5.034416
v 0.890350 2.427878 4.610123
v 0.890350 0.314023 4.792798
v 0.801294 2.412199 4.387447
v 0.801294 0.298344 4.570121
v 0.681445 2.398457 4.192269
v 0.681445 0.284602 4.374944
v 0.535407 2.387179 4.032092
v 0.535407 0.273324 4.214767
v 0.368795 2.378798 3.913069
v 0.368795 0.264943 4.095743
v 0.188010 2.373637 3.839775
v 0.188010 0.259783 4.022449
v -0.000001 2.371895 3.815027
v -0.000001 0.258040 3.997701
v -0.188011 2.438944 3.839775
v -0.188011 0.259783 4.022449
v -0.368796 2.646845 3.913069
v -0.368796 0.264943 4.095743
v -0.535409 2.830992 4.032093
v -0.535409 0.273324 4.214767
v -0.681446 2.842270 4.192270
v -0.681446 0.284602 4.374944
v -0.801295 2.856013 4.387447
v -0.801295 0.298344 4.570121
v -0.890352 2.871691 4.610124
v -0.890352 0.314023 4.792798
v -0.945192 2.888704 4.851741
v -0.945192 0.331036 5.034416
v -0.963710 2.906396 5.103016
v -0.963710 0.348728 5.285689
v -0.945192 2.924088 5.354290
v -0.945192 0.366420 5.536963
v -0.890352 2.941101 5.595907
v -0.890352 0.383433 5.778582
v -0.801296 2.956780 5.818584
v -0.801296 0.399111 6.001257
v -0.681446 2.970522 6.013761
v -0.681446 0.412854 6.196435
v -0.535409 2.981800 6.173939
v -0.535409 0.424132 6.356613
v -0.368796 2.990181 6.292962
v -0.368796 0.432513 6.475636
v -0.188011 2.995342 6.366256
v -0.188011 0.437673 6.548930
v -0.000001 4.328151 5.805785
v 0.141022 4.326844 5.792469
v 0.276626 4.322973 5.753032
v 0.401600 4.316687 5.688991
v 0.511140 4.308228 5.602806
v 0.601037 4.297919 5.497787
v 0.667836 4.286159 5.377974
v 0.708971 4.273398 5.247969
v 0.722861 4.260128 5.112768
v 0.708971 4.246857 4.977567
v 0.667836 4.234096 4.847561
v 0.601037 4.222336 4.727748
v 0.511140 4.212028 4.622730
v 0.401600 4.203568 4.536545
v 0.276626 4.197282 4.472503
v 0.141023 4.193411 4.433066
v -0.000001 4.192104 4.419750
v -0.141024 4.193411 4.433066
v -0.276628 4.197282 4.472503
v -0.401602 4.203568 4.536545
v -0.511142 4.212028 4.622730
v -0.601039 4.222336 4.727748
v -0.667838 4.234096 4.847561
v -0.708974 4.246857 4.977567
v -0.722863 4.260128 5.112768
v -0.708974 4.273398 5.247969
v -0.667839 4.286159 5.377974
v -0.601039 4.297919 5.497787
v -0.511142 4.308228 5.602806
v -0.401602 4.316687 5.688991
v -0.276628 4.322973 5.753032
v -0.141024 4.326844 5.792469
v -0.000001 4.549855 5.645509
v 0.030594 4.549571 5.642620
v 0.060013 4.548731 5.634063
v 0.087126 4.547368 5.620170
v 0.110891 4.545532 5.601471
v 0.130395 4.543296 5.578688
v 0.144887 4.540745 5.552694
v 0.153811 4.537976 5.524490
v 0.156824 4.535097 5.495158
v 0.153811 4.532218 5.465826
v 0.144887 4.529449 5.437621
v 0.130395 4.526898 5.411627
v 0.110891 4.524662 5.388844
v 0.087127 4.522826 5.370146
v 0.060013 4.521462 5.356252
v 0.030594 4.520623 5.347696
v -0.000001 4.520339 5.344807
v -0.030596 4.520623 5.347696
v -0.060016 4.521462 5.356252
v -0.087129 4.522826 5.370146
v -0.110893 4.524662 5.388844
v -0.130397 4.526898 5.411627
v -0.144889 4.529449 5.437621
v -0.153813 4.532218 5.465826
v -0.156826 4.535097 5.495158
v -0.153813 4.537976 5.524490
v -0.144889 4.540745 5.552694
v -0.130397 4.543296 5.578688
v -0.110893 4.545532 5.601471
v -0.087129 4.547368 5.620170
v -0.060016 4.548731 5.634063
v -0.030596 4.549571 5.642620
v -0.000001 -1.454295 6.574710
v 0.155669 -1.456037 6.549962
v 0.305356 -1.461198 6.476667
v 0.443309 -1.469578 6.357644
v 0.564226 -1.480857 6.197466
v 0.663459 -1.494599 6.002289
v 0.737197 -1.510278 5.779613
v 0.782604 -1.527290 5.537995
v 0.797936 -1.544983 5.286721
v 0.782604 -1.562675 5.035447
v 0.737197 -1.579687 4.793829
v 0.663460 -1.595366 4.571152
v 0.564226 -1.609109 4.375975
v 0.443309 -1.620387 4.215797
v 0.305357 -1.628767 4.096774
v 0.155669 -1.633928 4.023480
v -0.000001 -1.635671 3.998732
v -0.155670 -1.633928 4.023480
v -0.305358 -1.628767 4.096774
v -0.443310 -1.620387 4.215797
v -0.564227 -1.609109 4.375975
v -0.663461 -1.595366 4.571152
v -0.737198 -1.579687 4.793829
v -0.782605 -1.562675 5.035447
v -0.797937 -1.544983 5.286721
v -0.782605 -1.527290 5.537995
v -0.737198 -1.510278 5.779613
v -0.663461 -1.494599 6.002289
v -0.564227 -1.480857 6.197466
v -0.443311 -1.469578 6.357644
v -0.305358 -1.461198 6.476667
v -0.155671 -1.456037 6.549962
v 0.285655 -1.963616 6.641955
v 0.360959 -1.882686 6.623477
v 0.441137 -1.811454 6.568757
v 0.523109 -1.752657 6.479894
v 0.603724 -1.708555 6.360307
v 0.679885 -1.680842 6.214588
v 0.748664 -1.670583 6.048340
v 0.807419 -1.678174 5.867949
v 0.853891 -1.703321 5.680350
v 0.886295 -1.745059 5.492750
v 0.903385 -1.801783 5.312360
v 0.904505 -1.871314 5.146111
v 0.889611 -1.950980 5.000392
v 0.859276 -2.037719 4.880805
v 0.814666 -2.128197 4.791943
v 0.757495 -2.218939 4.737222
v 0.689960 -2.306456 4.718746
v 0.614656 -2.387385 4.737222
v 0.534478 -2.458618 4.791943
v 0.452505 -2.517414 4.880805
v 0.371890 -2.561517 5.000392
v 0.295730 -2.589229 5.146111
v 0.226950 -2.599488 5.312360
v 0.168196 -2.591897 5.492750
v 0.121724 -2.566750 5.680350
v 0.089320 -2.525013 5.867949
v 0.072230 -2.468288 6.048340
v 0.071110 -2.398757 6.214588
v 0.086004 -2.319092 6.360307
v 0.116339 -2.232353 6.479894
v 0.160949 -2.141874 6.568757
v 0.218120 -2.051132 6.623477
v 0.443927 -2.097826 6.722786
v 0.504249 -2.040068 6.711253
v 0.575450 -1.995722 6.677101
v 0.654796 -1.966491 6.621640
v 0.739236 -1.953499 6.547003
v 0.825526 -1.957245 6.456056
v 0.910350 -1.977585 6.352297
v 0.990447 -2.013738 6.239711
v 1.062740 -2.064314 6.122626
v 1.124450 -2.127370 6.005540
v 1.173207 -2.200482 5.892955
v 1.207137 -2.280841 5.789195
v 1.224934 -2.365359 5.698248
v 1.225916 -2.450787 5.623611
v 1.210045 -2.533843 5.568151
v 1.177931 -2.611334 5.533998
v 1.130807 -2.680284 5.522466
v 1.070486 -2.738042 5.533998
v 0.999284 -2.782389 5.568151
v 0.919938 -2.811620 5.623611
v 0.835498 -2.824612 5.698248
v 0.749208 -2.820866 5.789195
v 0.664385 -2.800525 5.892954
v 0.584287 -2.764373 6.005540
v 0.511994 -2.713796 6.122626
v 0.450284 -2.650741 6.239711
v 0.401527 -2.577628 6.352297
v 0.367598 -2.497270 6.456056
v 0.349800 -2.412752 6.547003
v 0.348818 -2.327323 6.621640
v 0.364689 -2.244268 6.677101
v 0.396803 -2.166776 6.711253
v 0.587267 -2.219375 6.953613
v 0.640356 -2.173198 6.947885
v 0.707614 -2.142542 6.930919
v 0.786456 -2.128582 6.903369
v 0.873853 -2.131857 6.866293
v 0.966446 -2.152240 6.821115
v 1.060676 -2.188948 6.769573
v 1.152922 -2.240570 6.713645
v 1.239640 -2.305123 6.655483
v 1.317497 -2.380126 6.597321
v 1.383501 -2.462696 6.541394
v 1.435116 -2.549661 6.489851
v 1.470356 -2.637677 6.444673
v 1.487869 -2.723363 6.407597
v 1.486983 -2.803427 6.380046
v 1.467729 -2.874792 6.363081
v 1.430849 -2.934713 6.357353
v 1.377761 -2.980890 6.363081
v 1.310503 -3.011547 6.380046
v 1.231660 -3.025506 6.407597
v 1.144264 -3.022231 6.444672
v 1.051671 -3.001848 6.489851
v 0.957440 -2.965140 6.541393
v 0.865194 -2.913518 6.597320
v 0.778476 -2.848964 6.655483
v 0.700619 -2.773962 6.713645
v 0.634615 -2.691392 6.769573
v 0.583002 -2.604428 6.821115
v 0.547760 -2.516411 6.866293
v 0.530247 -2.430724 6.903369
v 0.531134 -2.350661 6.930919
v 0.550387 -2.279297 6.947885
v 0.779999 -2.382808 7.389035
v 0.831752 -2.337794 7.383451
v 0.897317 -2.307908 7.366912
v 0.974175 -2.294300 7.340056
v 1.059372 -2.297492 7.303913
v 1.149635 -2.317363 7.259871
v 1.241492 -2.353147 7.209627
v 1.331417 -2.403469 7.155107
v 1.415952 -2.466397 7.098409
v 1.491850 -2.539512 7.041710
v 1.556192 -2.620004 6.987191
v 1.606507 -2.704780 6.936946
v 1.640861 -2.790581 6.892905
v 1.657933 -2.874110 6.856762
v 1.657069 -2.952159 6.829906
v 1.638300 -3.021727 6.813367
v 1.602348 -3.080140 6.807783
v 1.550596 -3.125154 6.813366
v 1.485031 -3.155040 6.829906
v 1.408173 -3.168648 6.856761
v 1.322976 -3.165456 6.892904
v 1.232714 -3.145586 6.936945
v 1.140855 -3.109801 6.987191
v 1.050931 -3.059478 7.041710
v 0.966395 -2.996551 7.098409
v 0.890498 -2.923435 7.155106
v 0.826156 -2.842944 7.209627
v 0.775841 -2.758169 7.259871
v 0.741487 -2.672367 7.303913
v 0.724415 -2.588838 7.340056
v 0.725279 -2.510789 7.366912
v 0.744048 -2.441221 7.383451
v 0.886047 -0.392002 5.286173
v 0.869022 -0.409694 5.034899
v -0.172860 -0.480947 4.022932
v -0.339076 -0.475786 4.096226
v -0.818602 -0.357297 5.779065
v -0.736723 -0.341618 6.001741
v 0.626530 -0.327876 6.196918
v 0.736721 -0.341618 6.001741
v 0.492261 -0.467406 4.215250
v 0.339075 -0.475786 4.096226
v -0.818602 -0.426706 4.793281
v -0.869023 -0.409694 5.034899
v -0.000001 -0.301314 6.574162
v 0.172858 -0.303056 6.549413
v -0.172860 -0.303056 6.549413
v 0.818601 -0.426706 4.793281
v -0.492262 -0.467406 4.215250
v -0.626531 -0.327876 6.196918
v 0.818601 -0.357297 5.779065
v 0.172859 -0.480947 4.022932
v -0.886049 -0.392002 5.286173
v 0.339075 -0.308217 6.476119
v 0.736721 -0.442385 4.570604
v -0.626531 -0.456128 4.375427
v -0.492263 -0.316597 6.357096
v 0.869022 -0.374309 5.537447
v -0.000001 -0.482689 3.998184
v -0.869023 -0.374309 5.537447
v 0.492261 -0.316597 6.357096
v 0.626530 -0.456128 4.375427
v -0.736722 -0.442385 4.570604
v -0.339077 -0.308217 6.476119
v 0.936141 -1.186185 4.809541
v 0.942185 -1.279007 4.517738
v 0.840779 -1.363934 4.359131
v 0.711506 -1.430719 4.195638
v 0.518003 -1.495988 4.092627
v 0.415361 -1.530872 4.066515
v 0.956665 -0.692726 4.792866
v 0.674360 -0.790327 4.050716
v 0.392497 -0.615049 4.070221
v 0.990979 -0.685132 4.606072
v 0.916960 -0.691475 4.307634
v 0.865491 -0.724315 4.210894
v 0.546860 -1.061756 3.106280
v 0.424867 -1.102904 3.041337
v 0.360155 -1.124897 3.024875
v 0.523442 -0.658019 3.014914
v 0.345741 -0.547515 3.027211
v 0.643941 -0.616402 3.115898
v 0.522565 -1.146553 1.077330
v 0.472615 -1.163401 1.050738
v 0.446119 -1.172406 1.043998
v 0.512976 -0.981244 1.039920
v 0.440217 -0.935999 1.044955
v 0.562314 -0.964204 1.081267
v 0.507431 -1.234585 0.408655
v 0.406869 -1.255917 0.355121
v 0.353526 -1.267318 0.341551
v 0.488126 -1.025284 0.333340
v 0.341644 -0.967998 0.343477
v 0.587456 -1.003710 0.416584
v 0.614008 -1.547202 0.003791
v 0.530855 -1.577199 0.004943
v 0.309063 -1.593232 0.005846
v 0.645122 -1.252875 -0.007167
v 0.292354 -1.172317 0.021033
v 0.726542 -1.222536 0.014940
v -0.000001 4.739665 5.475356
v 0.033058 4.737788 5.474673
v 0.064846 4.732228 5.472654
v 0.094143 4.723201 5.469375
v 0.119821 4.711052 5.464962
v 0.140895 4.696249 5.459584
v 0.156555 4.679360 5.453450
v 0.166198 4.661034 5.446793
v 0.169454 4.641976 5.439870
v 0.166198 4.622918 5.432947
v 0.156555 4.604592 5.426291
v 0.140895 4.587704 5.420155
v 0.119821 4.572900 5.414778
v 0.094143 4.560751 5.410365
v 0.064846 4.551724 5.407086
v 0.033058 4.546165 5.405066
v -0.000001 4.544288 5.404385
v -0.033060 4.546165 5.405066
v -0.064848 4.551724 5.407086
v -0.094145 4.560751 5.410365
v -0.119823 4.572900 5.414778
v -0.140897 4.587704 5.420155
v -0.156557 4.604592 5.426291
v -0.166199 4.622918 5.432947
v -0.169455 4.641976 5.439870
v -0.166199 4.661034 5.446793
v -0.156557 4.679360 5.453450
v -0.140897 4.696249 5.459584
v -0.119823 4.711052 5.464962
v -0.094145 4.723201 5.469375
v -0.064848 4.732228 5.472654
v -0.033060 4.737788 5.474673
v -0.000001 4.903103 5.218842
v 0.033058 4.901121 5.218597
v 0.064846 4.895251 5.217874
v 0.094143 4.885719 5.216700
v 0.119821 4.872890 5.215119
v 0.140895 4.857259 5.213193
v 0.156555 4.839425 5.210997
v 0.166197 4.820074 5.208613
v 0.169453 4.799950 5.206133
v 0.166197 4.779825 5.203654
v 0.156555 4.760474 5.201270
v 0.140895 4.742640 5.199073
v 0.119821 4.727008 5.197147
v 0.094143 4.714180 5.195567
v 0.064846 4.704648 5.194393
v 0.033058 4.698777 5.193669
v -0.000001 4.696795 5.193426
v -0.033060 4.698777 5.193669
v -0.064848 4.704648 5.194393
v -0.094145 4.714180 5.195567
v -0.119823 4.727008 5.197147
v -0.140897 4.742640 5.199073
v -0.156557 4.760474 5.201270
v -0.166199 4.779825 5.203654
v -0.169455 4.799950 5.206133
v -0.166199 4.820074 5.208613
v -0.156557 4.839425 5.210997
v -0.140897 4.857259 5.213193
v -0.119823 4.872890 5.215119
v -0.094145 4.885719 5.216700
v -0.064848 4.895251 5.217874
v -0.033060 4.901121 5.218597
v -0.000001 5.038925 4.849948
v 0.051974 5.035809 4.849563
v 0.101952 5.026579 4.848426
v 0.148011 5.011593 4.846580
v 0.188383 4.991424 4.844096
v 0.221515 4.966848 4.841068
v 0.246134 4.938810 4.837615
v 0.261295 4.908386 4.833866
v 0.266414 4.876748 4.829968
v 0.261295 4.845108 4.826071
v 0.246134 4.814684 4.822322
v 0.221515 4.786646 4.818868
v 0.188383 4.762070 4.815840
v 0.148011 4.741902 4.813356
v 0.101952 4.726915 4.811510
v 0.051974 4.717685 4.810373
v -0.000001 4.714570 4.809989
v -0.051976 4.717685 4.810373
v -0.101953 4.726915 4.811510
v -0.148013 4.741902 4.813356
v -0.188385 4.762070 4.815840
v -0.221517 4.786646 4.818868
v -0.246136 4.814684 4.822322
v -0.261297 4.845108 4.826071
v -0.266416 4.876748 4.829968
v -0.261297 4.908386 4.833866
v -0.246136 4.938810 4.837615
v -0.221517 4.966848 4.841068
v -0.188385 4.991424 4.844096
v -0.148013 5.011593 4.846580
v -0.101953 5.026579 4.848426
v -0.051976 5.035809 4.849563
v -0.000001 5.074534 4.560904
v 0.051974 5.071417 4.560520
v 0.101952 5.062188 4.559382
v 0.148011 5.047202 4.557536
v 0.188383 5.027033 4.555052
v 0.221515 5.002457 4.552024
v 0.246134 4.974419 4.548571
v 0.261295 4.943995 4.544823
v 0.266414 4.912356 4.540924
v 0.261295 4.880716 4.537027
v 0.246134 4.850293 4.533278
v 0.221515 4.822255 4.529824
v 0.188383 4.797678 4.526797
v 0.148011 4.777511 4.524312
v 0.101952 4.762524 4.522466
v 0.051974 4.753294 4.521329
v -0.000001 4.750179 4.520946
v -0.051976 4.753294 4.521329
v -0.101953 4.762524 4.522466
v -0.148013 4.777511 4.524312
v -0.188385 4.797678 4.526797
v -0.221517 4.822255 4.529824
v -0.246136 4.850293 4.533278
v -0.261297 4.880716 4.537027
v -0.266416 4.912356 4.540924
v -0.261297 4.943995 4.544823
v -0.246136 4.974419 4.548571
v -0.221517 5.002457 4.552024
v -0.188385 5.027033 4.555052
v -0.148013 5.047202 4.557536
v -0.101953 5.062188 4.559382
v -0.051976 5.071417 4.560520
v -0.000001 5.058077 4.315658
v 0.043500 5.055469 4.315336
v 0.085329 5.047744 4.314384
v 0.123879 5.035202 4.312840
v 0.157668 5.018321 4.310760
v 0.185398 4.997752 4.308226
v 0.206003 4.974286 4.305336
v 0.218692 4.948822 4.302198
v 0.222977 4.922342 4.298935
v 0.218692 4.895861 4.295674
v 0.206003 4.870398 4.292537
v 0.185398 4.846931 4.289646
v 0.157668 4.826362 4.287112
v 0.123879 4.809482 4.285032
v 0.085329 4.796939 4.283487
v 0.043500 4.789214 4.282535
v -0.000001 4.786606 4.282214
v -0.043502 4.789214 4.282535
v -0.085331 4.796939 4.283487
v -0.123881 4.809482 4.285032
v -0.157670 4.826362 4.287112
v -0.185400 4.846931 4.289646
v -0.206005 4.870398 4.292537
v -0.218694 4.895861 4.295674
v -0.222978 4.922342 4.298935
v -0.218694 4.948822 4.302198
v -0.206005 4.974286 4.305336
v -0.185400 4.997752 4.308226
v -0.157670 5.018321 4.310760
v -0.123881 5.035202 4.312840
v -0.085331 5.047744 4.314384
v -0.043502 5.055469 4.315336
v -0.000001 5.129432 4.058902
v 0.031798 5.127525 4.058666
v 0.062375 5.121878 4.057971
v 0.090555 5.112710 4.056841
v 0.115255 5.100370 4.055321
v 0.135525 5.085334 4.053469
v 0.150588 5.068180 4.051356
v 0.159863 5.049566 4.049063
v 0.162995 5.030210 4.046678
v 0.159863 5.010852 4.044293
v 0.150588 4.992239 4.042000
v 0.135525 4.975084 4.039886
v 0.115255 4.960048 4.038034
v 0.090555 4.947710 4.036514
v 0.062375 4.938540 4.035385
v 0.031798 4.932893 4.034689
v -0.000001 4.930987 4.034454
v -0.031800 4.932893 4.034689
v -0.062377 4.938540 4.035385
v -0.090556 4.947710 4.036514
v -0.115256 4.960048 4.038034
v -0.135527 4.975084 4.039886
v -0.150589 4.992239 4.042000
v -0.159865 5.010852 4.044293
v -0.162997 5.030210 4.046678
v -0.159865 5.049566 4.049063
v -0.150589 5.068180 4.051356
v -0.135527 5.085334 4.053469
v -0.115256 5.100370 4.055321
v -0.090556 5.112710 4.056841
v -0.062377 5.121878 4.057971
v -0.031800 5.127525 4.058666
v -0.000001 5.191603 3.847784
v 0.012255 5.190868 3.847694
v 0.024039 5.188692 3.847425
v 0.034900 5.185158 3.846990
v 0.044419 5.180402 3.846405
v 0.052231 5.174607 3.845690
v 0.058036 5.167996 3.844876
v 0.061611 5.160822 3.843992
v 0.062818 5.153362 3.843073
v 0.061611 5.145902 3.842154
v 0.058036 5.138728 3.841270
v 0.052231 5.132117 3.840456
v 0.044419 5.126322 3.839742
v 0.034900 5.121566 3.839156
v 0.024039 5.118032 3.838721
v 0.012255 5.115856 3.838453
v -0.000001 5.115121 3.838362
v -0.012256 5.115856 3.838453
v -0.024041 5.118032 3.838721
v -0.034901 5.121566 3.839156
v -0.044421 5.126322 3.839742
v -0.052233 5.132117 3.840456
v -0.058038 5.138728 3.841270
v -0.061613 5.145902 3.842154
v -0.062820 5.153362 3.843073
v -0.061613 5.160822 3.843992
v -0.058038 5.167996 3.844876
v -0.052233 5.174607 3.845690
v -0.044421 5.180402 3.846405
v -0.034901 5.185158 3.846990
v -0.024041 5.188692 3.847425
v -0.012256 5.190868 3.847694
v 0.894655 2.892110 5.588685
v 0.968110 2.879178 5.405017
v 1.013344 2.865145 5.205726
v 1.028617 2.734420 4.998469
v 1.013344 2.660193 4.791212
v 0.968110 2.646161 4.591921
v 0.894655 2.633229 4.408253
v 0.795800 2.621894 4.247266
v 0.675346 2.612592 4.115149
v 0.537920 2.605679 4.016975
v 0.729478 4.201051 5.324085
v 0.784576 4.191351 5.225261
v 0.818505 4.180826 5.118030
v 0.829962 4.169880 5.006513
v 0.818505 4.158934 4.894996
v 0.784576 4.148408 4.787765
v 0.729478 4.138709 4.688940
v 0.655329 4.130206 4.602320
v 0.564978 4.123229 4.531232
v 0.461898 4.118043 4.478409
v 0.874062 3.085075 3.597080
v 0.724897 3.079591 3.519176
v 0.554716 3.075514 3.461289
v 0.700109 3.974454 3.806437
v 0.588224 3.970340 3.764520
v 0.460574 3.967283 3.733373
v 0.622792 4.016601 2.590323
v 0.563527 4.024029 2.560197
v 0.495913 4.029548 2.537812
v 0.553679 4.327359 2.777967
v 0.509226 4.330916 2.761616
v 0.458510 4.333559 2.749465
v 0.645367 3.935827 2.416117
v 0.593673 3.910826 2.381799
v 0.532800 3.885316 2.354467
v 0.471960 4.262147 2.417709
v 0.432301 4.244566 2.398365
v 0.385985 4.226303 2.382616
v 0.592318 3.874246 0.943192
v 0.560621 3.858916 0.922150
v 0.523297 3.843274 0.905391
v 0.485992 4.074331 0.944168
v 0.461675 4.063551 0.932307
v 0.433276 4.052352 0.922650
v 0.616308 3.749106 0.374677
v 0.569386 3.726414 0.343528
v 0.514133 3.703258 0.318719
v 0.559681 4.045301 0.376122
v 0.523684 4.029343 0.358563
v 0.481643 4.012766 0.344269
v 0.654784 3.427332 -0.015009
v 0.533753 3.401258 -0.020860
v 0.403414 3.374652 -0.015751
v 0.548773 3.767664 0.017389
v 0.462424 3.749328 0.019307
v 0.367954 3.730280 0.027825
v 0.830578 -2.425697 7.512048
v 0.882331 -2.380683 7.506463
v 0.947896 -2.350798 7.489924
v 1.024754 -2.337189 7.463068
v 1.109950 -2.340382 7.426925
v 1.200213 -2.360252 7.382884
v 1.292071 -2.396036 7.332640
v 1.381996 -2.446359 7.278119
v 1.466531 -2.509287 7.221422
v 1.542428 -2.582402 7.164723
v 1.606770 -2.662893 7.110204
v 1.657086 -2.747669 7.059958
v 1.691439 -2.833471 7.015917
v 1.708512 -2.917000 6.979774
v 1.707647 -2.995049 6.952918
v 1.688878 -3.064616 6.936379
v 1.652927 -3.123029 6.930796
v 1.601174 -3.168044 6.936379
v 1.535609 -3.197929 6.952918
v 1.458751 -3.211537 6.979774
v 1.373554 -3.208345 7.015917
v 1.283293 -3.188475 7.059958
v 1.191434 -3.152690 7.110203
v 1.101509 -3.102368 7.164722
v 1.016974 -3.039440 7.221421
v 0.941077 -2.966325 7.278119
v 0.876734 -2.885833 7.332639
v 0.826420 -2.801058 7.382883
v 0.792066 -2.715256 7.426925
v 0.774993 -2.631727 7.463068
v 0.775858 -2.553678 7.489924
v 0.794627 -2.484111 7.506463
v 0.743649 -2.351984 7.925754
v 0.820469 -2.285167 7.917464
v 0.917790 -2.240807 7.892915
v 1.031874 -2.220608 7.853051
v 1.158336 -2.225347 7.799403
v 1.292318 -2.254841 7.734028
v 1.428667 -2.307956 7.659450
v 1.562146 -2.382653 7.578522
v 1.687626 -2.476061 7.494363
v 1.800285 -2.584589 7.410203
v 1.895791 -2.704066 7.329277
v 1.970477 -2.829904 7.254695
v 2.021469 -2.957262 7.189322
v 2.046810 -3.081249 7.135674
v 2.045527 -3.197101 7.095810
v 2.017668 -3.300364 7.071261
v 1.964303 -3.387069 7.062973
v 1.887485 -3.453887 7.071261
v 1.790163 -3.498247 7.095810
v 1.676079 -3.518445 7.135674
v 1.549617 -3.513707 7.189322
v 1.415637 -3.484214 7.254695
v 1.279286 -3.431097 7.329276
v 1.145807 -3.356400 7.410202
v 1.020326 -3.262993 7.494362
v 0.907668 -3.154465 7.578522
v 0.812162 -3.034987 7.659449
v 0.737478 -2.909151 7.734028
v 0.686484 -2.781792 7.799402
v 0.661142 -2.657804 7.853051
v 0.662426 -2.541953 7.892915
v 0.690285 -2.438690 7.917464
v 1.034793 -2.598867 8.183338
v 1.106241 -2.530181 8.178784
v 1.190304 -2.477161 8.165297
v 1.283751 -2.441843 8.143395
v 1.382992 -2.425584 8.113921
v 1.484215 -2.429013 8.078004
v 1.583523 -2.451991 8.037031
v 1.677109 -2.493642 7.992569
v 1.761370 -2.552362 7.946332
v 1.833071 -2.625895 7.900094
v 1.889456 -2.711414 7.855634
v 1.928356 -2.805634 7.814658
v 1.948280 -2.904935 7.778742
v 1.948458 -3.005499 7.749267
v 1.928887 -3.103461 7.727365
v 1.890317 -3.195059 7.713879
v 1.834230 -3.276770 7.709325
v 1.762783 -3.345457 7.713879
v 1.678720 -3.398478 7.727365
v 1.585273 -3.433796 7.749267
v 1.486032 -3.450054 7.778742
v 1.384810 -3.446626 7.814658
v 1.285500 -3.423646 7.855633
v 1.191915 -3.381996 7.900093
v 1.107653 -3.323276 7.946331
v 1.035953 -3.249744 7.992568
v 0.979567 -3.164223 8.037031
v 0.940668 -3.070005 8.078004
v 0.920744 -2.970703 8.113921
v 0.920566 -2.870140 8.143395
v 0.940137 -2.772177 8.165297
v 0.978707 -2.680579 8.178784
v 1.305661 -2.828557 8.196172
v 1.342780 -2.792872 8.193806
v 1.386453 -2.765327 8.186798
v 1.435002 -2.746978 8.175420
v 1.486559 -2.738531 8.160108
v 1.539148 -2.740312 8.141447
v 1.590741 -2.752250 8.120161
v 1.639362 -2.773889 8.097061
v 1.683138 -2.804396 8.073040
v 1.720388 -2.842598 8.049018
v 1.749682 -2.887028 8.025919
v 1.769892 -2.935978 8.004632
v 1.780242 -2.987567 7.985973
v 1.780335 -3.039813 7.970660
v 1.770167 -3.090707 7.959281
v 1.750129 -3.138295 7.952274
v 1.720990 -3.180746 7.949909
v 1.683872 -3.216431 7.952274
v 1.640199 -3.243976 7.959281
v 1.591650 -3.262325 7.970660
v 1.540092 -3.270772 7.985972
v 1.487504 -3.268991 8.004632
v 1.435910 -3.257052 8.025919
v 1.387290 -3.235414 8.049018
v 1.343513 -3.204907 8.073040
v 1.306263 -3.166705 8.097061
v 1.276970 -3.122275 8.120161
v 1.256760 -3.073325 8.141447
v 1.246409 -3.021736 8.160108
v 1.246316 -2.969490 8.175420
v 1.256484 -2.918596 8.186798
v 1.276523 -2.871008 8.193806
v 1.472245 -2.969816 8.225797
v 1.486160 -2.956439 8.224910
v 1.502532 -2.946113 8.222282
v 1.520731 -2.939234 8.218018
v 1.540059 -2.936068 8.212276
v 1.559773 -2.936736 8.205281
v 1.579114 -2.941211 8.197302
v 1.597340 -2.949323 8.188643
v 1.613751 -2.960759 8.179638
v 1.627715 -2.975080 8.170632
v 1.638696 -2.991735 8.161973
v 1.646272 -3.010085 8.153993
v 1.650152 -3.029425 8.146998
v 1.650187 -3.049010 8.141258
v 1.646376 -3.068089 8.136992
v 1.638864 -3.085928 8.134366
v 1.627941 -3.101842 8.133479
v 1.614026 -3.115219 8.134366
v 1.597654 -3.125545 8.136992
v 1.579455 -3.132424 8.141258
v 1.560127 -3.135590 8.146998
v 1.540413 -3.134923 8.153993
v 1.521072 -3.130447 8.161973
v 1.502846 -3.122335 8.170632
v 1.486435 -3.110899 8.179638
v 1.472471 -3.096578 8.188643
v 1.461490 -3.079923 8.197302
v 1.453914 -3.061573 8.205281
v 1.450034 -3.042233 8.212276
v 1.449999 -3.022648 8.218018
v 1.453811 -3.003569 8.222282
v 1.461322 -2.985730 8.224910
v 1.270344 -2.021177 8.206229
v 1.356524 -2.040149 8.164179
v 1.444227 -2.074314 8.116207
v 1.414848 -2.149975 8.408535
v 1.479957 -2.152180 8.385432
v 1.543835 -2.166961 8.359077
v 1.438231 -1.387616 8.791899
v 1.451109 -1.390451 8.785616
v 1.464213 -1.395556 8.778447
v 1.459823 -1.406861 8.822127
v 1.469552 -1.407191 8.818675
v 1.479096 -1.409399 8.814737
v 2.242785 -3.373175 7.022718
v 2.241930 -3.450260 6.996193
v 2.223394 -3.518970 6.979859
v 2.187886 -3.576662 6.974343
v 2.136772 -3.621121 6.979859
v 2.072016 -3.650637 6.996193
v 1.996106 -3.664077 7.022718
v 2.177343 -3.322772 7.430991
v 2.164320 -3.387954 7.416419
v 2.138656 -3.448902 7.407445
v 2.101336 -3.503271 7.404415
v 2.053797 -3.548974 7.407445
v 1.997864 -3.584253 7.416419
v 1.935686 -3.607753 7.430991
v 2.446943 -3.720422 7.007242
v 2.437927 -3.736400 6.990627
v 2.426907 -3.752689 6.980396
v 2.414306 -3.768661 6.976941
v 2.400608 -3.783703 6.980396
v 2.386339 -3.797237 6.990627
v 2.372049 -3.808743 7.007242
v 2.506211 -3.772224 7.106227
v 2.497018 -3.787572 7.095892
v 2.486000 -3.803341 7.089529
v 2.473580 -3.818924 7.087379
v 2.460236 -3.833723 7.089529
v 2.446480 -3.847170 7.095892
v 2.432841 -3.858748 7.106227
v -0.188011 2.995342 6.366256
v -0.188011 0.437673 6.548930
v -0.368797 2.990181 6.292962
v -0.368797 0.432513 6.475636
v -0.535409 2.981800 6.173939
v -0.535409 0.424132 6.356613
v -0.681446 2.970522 6.013761
v -0.681446 0.412854 6.196435
v -0.801296 2.688733 5.818583
v -0.801296 0.399111 6.001257
v -0.890352 2.673054 5.595907
v -0.890352 0.383433 5.778582
v -0.945193 2.656041 5.354290
v -0.945193 0.366420 5.536963
v -0.963710 2.521154 5.103015
v -0.963710 0.348728 5.285689
v -0.945192 2.444890 4.851741
v -0.945192 0.331036 5.034416
v -0.890352 2.427878 4.610123
v -0.890352 0.314023 4.792798
v -0.801296 2.412199 4.387447
v -0.801296 0.298344 4.570121
v -0.681446 2.398457 4.192269
v -0.681446 0.284602 4.374944
v -0.535409 2.387178 4.032092
v -0.535409 0.273324 4.214767
v -0.368796 2.378798 3.913069
v -0.368796 0.264943 4.095743
v -0.188011 2.373637 3.839775
v -0.188011 0.259783 4.022449
v 0.188010 2.438944 3.839775
v 0.188010 0.259783 4.022449
v 0.368795 2.646845 3.913069
v 0.368795 0.264943 4.095743
v 0.535407 2.830992 4.032093
v 0.535407 0.273324 4.214767
v 0.681444 2.842270 4.192270
v 0.681444 0.284602 4.374944
v 0.801294 2.856013 4.387447
v 0.801294 0.298344 4.570121
v 0.890350 2.871691 4.610124
v 0.890350 0.314023 4.792798
v 0.945191 2.888704 4.851741
v 0.945191 0.331036 5.034416
v 0.963708 2.906396 5.103016
v 0.963708 0.348728 5.285689
v 0.945191 2.924088 5.354290
v 0.945191 0.366420 5.536963
v 0.890350 2.941101 5.595907
v 0.890350 0.383433 5.778582
v 0.801294 2.956780 5.818584
v 0.801294 0.399112 6.001257
v 0.681444 2.970522 6.013761
v 0.681444 0.412854 6.196435
v 0.535407 2.981800 6.173939
v 0.535407 0.424132 6.356613
v 0.368794 2.990181 6.292962
v 0.368794 0.432513 6.475636
v 0.188009 2.995342 6.366256
v 0.188009 0.437673 6.548930
v -0.141024 4.326844 5.792469
v -0.276628 4.322973 5.753032
v -0.401601 4.316687 5.688991
v -0.511141 4.308228 5.602806
v -0.601039 4.297919 5.497787
v -0.667838 4.286159 5.377974
v -0.708973 4.273398 5.247969
v -0.722863 4.260128 5.112768
v -0.708973 4.246857 4.977567
v -0.667838 4.234096 4.847561
v -0.601039 4.222336 4.727748
v -0.511141 4.212028 4.622730
v -0.401601 4.203568 4.536545
v -0.276628 4.197282 4.472503
v -0.141024 4.193411 4.433066
v 0.141023 4.193411 4.433066
v 0.276627 4.197282 4.472503
v 0.401600 4.203568 4.536545
v 0.511140 4.212028 4.622730
v 0.601037 4.222336 4.727748
v 0.667837 4.234096 4.847561
v 0.708972 4.246857 4.977567
v 0.722861 4.260128 5.112768
v 0.708972 4.273398 5.247969
v 0.667837 4.286159 5.377974
v 0.601037 4.297919 5.497787
v 0.511140 4.308228 5.602806
v 0.401600 4.316687 5.688991
v 0.276627 4.322973 5.753032
v 0.141023 4.326844 5.792469
v -0.030596 4.549571 5.642620
v -0.060015 4.548731 5.634063
v -0.087128 4.547368 5.620170
v -0.110893 4.545532 5.601471
v -0.130396 4.543296 5.578688
v -0.144889 4.540745 5.552694
v -0.153813 4.537976 5.524490
v -0.156826 4.535097 5.495158
v -0.153813 4.532218 5.465826
v -0.144889 4.529449 5.437621
v -0.130396 4.526898 5.411627
v -0.110893 4.524662 5.388844
v -0.087128 4.522826 5.370146
v -0.060015 4.521462 5.356252
v -0.030596 4.520623 5.347696
v 0.030594 4.520623 5.347696
v 0.060014 4.521462 5.356252
v 0.087127 4.522826 5.370146
v 0.110892 4.524662 5.388844
v 0.130395 4.526898 5.411627
v 0.144887 4.529449 5.437621
v 0.153811 4.532218 5.465826
v 0.156825 4.535097 5.495158
v 0.153811 4.537976 5.524490
v 0.144887 4.540745 5.552694
v 0.130395 4.543296 5.578688
v 0.110891 4.545532 5.601471
v 0.087127 4.547368 5.620170
v 0.060014 4.548731 5.634063
v 0.030594 4.549571 5.642620
v -0.155671 -1.456037 6.549962
v -0.305358 -1.461198 6.476667
v -0.443311 -1.469578 6.357644
v -0.564227 -1.480857 6.197466
v -0.663461 -1.494599 6.002289
v -0.737198 -1.510278 5.779613
v -0.782605 -1.527290 5.537995
v -0.797937 -1.544983 5.286721
v -0.782605 -1.562675 5.035447
v -0.737198 -1.579687 4.793829
v -0.663461 -1.595366 4.571152
v -0.564227 -1.609109 4.375975
v -0.443311 -1.620387 4.215797
v -0.305358 -1.628767 4.096774
v -0.155670 -1.633928 4.023480
v 0.155669 -1.633928 4.023480
v 0.305356 -1.628767 4.096774
v 0.443309 -1.620387 4.215797
v 0.564226 -1.609109 4.375975
v 0.663459 -1.595366 4.571152
v 0.737197 -1.579687 4.793829
v 0.782604 -1.562675 5.035447
v 0.797936 -1.544983 5.286721
v 0.782604 -1.527290 5.537995
v 0.737196 -1.510278 5.779613
v 0.663459 -1.494599 6.002289
v 0.564225 -1.480857 6.197466
v 0.443309 -1.469578 6.357644
v 0.305356 -1.461198 6.476667
v 0.155669 -1.456037 6.549962
v 0.218120 -2.051133 6.623477
v 0.160949 -2.141874 6.568757
v 0.116339 -2.232353 6.479894
v 0.086004 -2.319092 6.360307
v 0.071110 -2.398758 6.214588
v 0.072229 -2.468289 6.048340
v 0.089320 -2.525013 5.867949
v 0.121724 -2.566751 5.680350
v 0.168196 -2.591897 5.492750
v 0.226950 -2.599488 5.312360
v 0.295730 -2.589230 5.146111
v 0.371890 -2.561517 5.000392
v 0.452505 -2.517414 4.880805
v 0.534477 -2.458618 4.791943
v 0.614656 -2.387386 4.737222
v 0.757495 -2.218939 4.737222
v 0.814666 -2.128197 4.791943
v 0.859276 -2.037719 4.880805
v 0.889611 -1.950980 5.000392
v 0.904505 -1.871314 5.146111
v 0.903385 -1.801783 5.312360
v 0.886295 -1.745059 5.492750
v 0.853891 -1.703321 5.680350
v 0.807419 -1.678174 5.867949
v 0.748664 -1.670584 6.048340
v 0.679885 -1.680842 6.214588
v 0.603724 -1.708555 6.360307
v 0.523109 -1.752657 6.479894
v 0.441137 -1.811454 6.568757
v 0.360959 -1.882686 6.623477
v 0.396803 -2.166776 6.711253
v 0.364689 -2.244268 6.677101
v 0.348818 -2.327324 6.621640
v 0.349800 -2.412752 6.547003
v 0.367598 -2.497270 6.456056
v 0.401527 -2.577629 6.352297
v 0.450284 -2.650741 6.239711
v 0.511994 -2.713796 6.122626
v 0.584287 -2.764373 6.005540
v 0.664385 -2.800525 5.892954
v 0.749208 -2.820866 5.789195
v 0.835498 -2.824612 5.698248
v 0.919938 -2.811620 5.623611
v 0.999284 -2.782389 5.568151
v 1.070486 -2.738043 5.533998
v 1.177931 -2.611335 5.533998
v 1.210045 -2.533843 5.568151
v 1.225916 -2.450787 5.623611
v 1.224934 -2.365359 5.698248
v 1.207136 -2.280841 5.789195
v 1.173207 -2.200482 5.892955
v 1.124450 -2.127370 6.005540
v 1.062740 -2.064314 6.122626
v 0.990447 -2.013738 6.239711
v 0.910349 -1.977585 6.352297
v 0.825526 -1.957245 6.456056
v 0.739236 -1.953499 6.547003
v 0.654796 -1.966491 6.621640
v 0.575450 -1.995722 6.677101
v 0.504248 -2.040068 6.711253
v 0.550387 -2.279297 6.947885
v 0.531134 -2.350661 6.930919
v 0.530247 -2.430725 6.903369
v 0.547760 -2.516411 6.866293
v 0.583001 -2.604428 6.821115
v 0.634615 -2.691392 6.769573
v 0.700619 -2.773962 6.713645
v 0.778476 -2.848964 6.655483
v 0.865194 -2.913518 6.597320
v 0.957440 -2.965140 6.541393
v 1.051671 -3.001849 6.489851
v 1.144264 -3.022231 6.444672
v 1.231660 -3.025506 6.407597
v 1.310502 -3.011547 6.380046
v 1.377761 -2.980890 6.363081
v 1.467729 -2.874792 6.363081
v 1.486983 -2.803427 6.380046
v 1.487869 -2.723364 6.407597
v 1.470356 -2.637677 6.444673
v 1.435116 -2.549661 6.489851
v 1.383501 -2.462696 6.541394
v 1.317497 -2.380126 6.597321
v 1.239640 -2.305124 6.655483
v 1.152922 -2.240571 6.713645
v 1.060676 -2.188948 6.769573
v 0.966446 -2.152241 6.821115
v 0.873853 -2.131857 6.866293
v 0.786456 -2.128582 6.903369
v 0.707614 -2.142542 6.930919
v 0.640356 -2.173199 6.947885
v 0.744048 -2.441222 7.383451
v 0.725279 -2.510789 7.366912
v 0.724414 -2.588838 7.340056
v 0.741487 -2.672367 7.303913
v 0.775841 -2.758169 7.259871
v 0.826156 -2.842944 7.209627
v 0.890498 -2.923436 7.155106
v 0.966395 -2.996551 7.098409
v 1.050931 -3.059479 7.041710
v 1.140855 -3.109801 6.987191
v 1.232714 -3.145586 6.936945
v 1.322976 -3.165456 6.892904
v 1.408173 -3.168648 6.856761
v 1.485031 -3.155040 6.829906
v 1.550596 -3.125155 6.813366
v 1.638300 -3.021727 6.813367
v 1.657069 -2.952159 6.829906
v 1.657933 -2.874110 6.856762
v 1.640861 -2.790581 6.892905
v 1.606507 -2.704780 6.936946
v 1.556192 -2.620004 6.987191
v 1.491850 -2.539513 7.041710
v 1.415952 -2.466397 7.098409
v 1.331417 -2.403470 7.155107
v 1.241492 -2.353147 7.209627
v 1.149634 -2.317363 7.259871
v 1.059372 -2.297493 7.303913
v 0.974175 -2.294301 7.340056
v 0.897317 -2.307908 7.366912
v 0.831752 -2.337794 7.383451
v -0.886049 -0.392002 5.286173
v -0.869024 -0.409694 5.034899
v 0.172859 -0.480947 4.022932
v 0.339075 -0.475786 4.096226
v 0.818600 -0.357297 5.779065
v 0.736721 -0.341618 6.001741
v -0.626532 -0.327876 6.196918
v -0.736723 -0.341618 6.001741
v -0.492263 -0.467406 4.215250
v -0.339077 -0.475786 4.096226
v 0.818601 -0.426706 4.793281
v 0.869022 -0.409694 5.034899
v -0.172860 -0.303056 6.549413
v 0.172858 -0.303056 6.549413
v -0.818602 -0.426706 4.793281
v 0.492261 -0.467406 4.215250
v 0.626529 -0.327876 6.196918
v -0.818602 -0.357297 5.779065
v -0.172860 -0.480947 4.022932
v 0.886047 -0.392002 5.286173
v -0.339077 -0.308217 6.476119
v -0.736723 -0.442385 4.570604
v 0.626530 -0.456128 4.375427
v 0.492261 -0.316597 6.357096
v -0.869024 -0.374309 5.537447
v 0.869022 -0.374309 5.537447
v -0.492263 -0.316597 6.357096
v -0.626531 -0.456128 4.375427
v 0.736721 -0.442385 4.570604
v 0.339075 -0.308217 6.476119
v -0.936143 -1.186185 4.809541
v -0.942187 -1.279007 4.517738
v -0.840780 -1.363934 4.359131
v -0.711507 -1.430719 4.195638
v -0.518004 -1.495988 4.092627
v -0.415362 -1.530872 4.066515
v -0.956666 -0.692726 4.792866
v -0.674361 -0.790327 4.050716
v -0.392498 -0.615049 4.070221
v -0.990980 -0.685132 4.606072
v -0.916961 -0.691475 4.307634
v -0.865492 -0.724315 4.210894
v -0.546861 -1.061756 3.106280
v -0.424867 -1.102904 3.041337
v -0.360156 -1.124897 3.024875
v -0.523443 -0.658019 3.014914
v -0.345742 -0.547515 3.027211
v -0.643941 -0.616402 3.115898
v -0.522565 -1.146553 1.077329
v -0.472615 -1.163401 1.050738
v -0.446119 -1.172406 1.043998
v -0.512976 -0.981245 1.039919
v -0.440217 -0.935999 1.044954
v -0.562314 -0.964205 1.081267
v -0.507431 -1.234585 0.408655
v -0.406869 -1.255917 0.355121
v -0.353526 -1.267318 0.341551
v -0.488126 -1.025284 0.333340
v -0.341644 -0.967998 0.343477
v -0.587456 -1.003710 0.416583
v -0.614007 -1.547202 0.003791
v -0.530855 -1.577199 0.004943
v -0.309063 -1.593232 0.005846
v -0.645122 -1.252875 -0.007167
v -0.292354 -1.172317 0.021032
v -0.726542 -1.222536 0.014940
v -0.033060 4.737788 5.474673
v -0.064848 4.732228 5.472654
v -0.094145 4.723201 5.469375
v -0.119823 4.711052 5.464962
v -0.140897 4.696249 5.459584
v -0.156556 4.679360 5.453450
v -0.166199 4.661034 5.446793
v -0.169455 4.641976 5.439870
v -0.166199 4.622918 5.432947
v -0.156556 4.604592 5.426291
v -0.140897 4.587704 5.420155
v -0.119823 4.572900 5.414778
v -0.094145 4.560751 5.410365
v -0.064848 4.551724 5.407086
v -0.033060 4.546165 5.405066
v 0.033058 4.546165 5.405066
v 0.064847 4.551724 5.407086
v 0.094143 4.560751 5.410365
v 0.119822 4.572900 5.414778
v 0.140895 4.587704 5.420155
v 0.156555 4.604592 5.426291
v 0.166198 4.622918 5.432947
v 0.169454 4.641976 5.439870
v 0.166198 4.661034 5.446793
v 0.156555 4.679360 5.453450
v 0.140895 4.696249 5.459584
v 0.119821 4.711052 5.464962
v 0.094143 4.723201 5.469375
v 0.064847 4.732228 5.472654
v 0.033058 4.737788 5.474673
v -0.033060 4.901121 5.218597
v -0.064848 4.895251 5.217874
v -0.094145 4.885719 5.216700
v -0.119823 4.872890 5.215119
v -0.140897 4.857259 5.213193
v -0.156556 4.839425 5.210997
v -0.166199 4.820074 5.208613
v -0.169455 4.799950 5.206133
v -0.166199 4.779825 5.203654
v -0.156556 4.760474 5.201270
v -0.140897 4.742640 5.199073
v -0.119823 4.727008 5.197147
v -0.094145 4.714180 5.195567
v -0.064848 4.704648 5.194393
v -0.033060 4.698777 5.193669
v 0.033058 4.698777 5.193669
v 0.064847 4.704648 5.194393
v 0.094143 4.714180 5.195567
v 0.119822 4.727008 5.197147
v 0.140895 4.742640 5.199073
v 0.156555 4.760474 5.201270
v 0.166198 4.779825 5.203654
v 0.169454 4.799950 5.206133
v 0.166198 4.820074 5.208613
v 0.156555 4.839425 5.210997
v 0.140895 4.857259 5.213193
v 0.119822 4.872890 5.215119
v 0.094143 4.885719 5.216700
v 0.064847 4.895251 5.217874
v 0.033058 4.901121 5.218597
v -0.051976 5.035809 4.849563
v -0.101953 5.026579 4.848426
v -0.148013 5.011593 4.846580
v -0.188384 4.991424 4.844096
v -0.221516 4.966848 4.841068
v -0.246136 4.938810 4.837615
v -0.261296 4.908386 4.833866
v -0.266415 4.876748 4.829968
v -0.261296 4.845108 4.826071
v -0.246136 4.814684 4.822322
v -0.221516 4.786646 4.818868
v -0.188384 4.762070 4.815840
v -0.148013 4.741902 4.813356
v -0.101953 4.726915 4.811510
v -0.051976 4.717685 4.810373
v 0.051974 4.717685 4.810373
v 0.101952 4.726915 4.811510
v 0.148011 4.741902 4.813356
v 0.188383 4.762070 4.815840
v 0.221515 4.786646 4.818868
v 0.246134 4.814684 4.822322
v 0.261295 4.845108 4.826071
v 0.266414 4.876748 4.829968
v 0.261295 4.908386 4.833866
v 0.246134 4.938810 4.837615
v 0.221515 4.966848 4.841068
v 0.188383 4.991424 4.844096
v 0.148011 5.011593 4.846580
v 0.101952 5.026579 4.848426
v 0.051974 5.035809 4.849563
v -0.051976 5.071417 4.560520
v -0.101953 5.062188 4.559382
v -0.148013 5.047202 4.557536
v -0.188384 5.027033 4.555052
v -0.221516 5.002457 4.552024
v -0.246136 4.974419 4.548571
v -0.261296 4.943995 4.544823
v -0.266415 4.912356 4.540924
v -0.261296 4.880716 4.537027
v -0.246136 4.850293 4.533278
v -0.221516 4.822255 4.529824
v -0.188384 4.797678 4.526797
v -0.148013 4.777511 4.524312
v -0.101953 4.762524 4.522466
v -0.051976 4.753294 4.521329
v 0.051974 4.753294 4.521329
v 0.101952 4.762524 4.522466
v 0.148011 4.777511 4.524312
v 0.188383 4.797678 4.526797
v 0.221515 4.822255 4.529824
v 0.246134 4.850293 4.533278
v 0.261295 4.880716 4.537027
v 0.266414 4.912356 4.540924
v 0.261295 4.943995 4.544823
v 0.246134 4.974419 4.548571
v 0.221515 5.002457 4.552024
v 0.188383 5.027033 4.555052
v 0.148011 5.047202 4.557536
v 0.101952 5.062188 4.559382
v 0.051974 5.071417 4.560520
v -0.043501 5.055469 4.315336
v -0.085330 5.047744 4.314384
v -0.123880 5.035202 4.312840
v -0.157670 5.018321 4.310760
v -0.185400 4.997752 4.308226
v -0.206005 4.974286 4.305336
v -0.218694 4.948822 4.302198
v -0.222978 4.922342 4.298935
v -0.218694 4.895861 4.295674
v -0.206005 4.870398 4.292537
v -0.185400 4.846931 4.289646
v -0.157670 4.826362 4.287112
v -0.123880 4.809482 4.285032
v -0.085330 4.796939 4.283487
v -0.043501 4.789214 4.282535
v 0.043500 4.789214 4.282535
v 0.085329 4.796939 4.283487
v 0.123879 4.809482 4.285032
v 0.157668 4.826362 4.287112
v 0.185398 4.846931 4.289646
v 0.206004 4.870398 4.292537
v 0.218692 4.895861 4.295674
v 0.222977 4.922342 4.298935
v 0.218692 4.948822 4.302198
v 0.206004 4.974286 4.305336
v 0.185398 4.997752 4.308226
v 0.157668 5.018321 4.310760
v 0.123879 5.035202 4.312840
v 0.085329 5.047744 4.314384
v 0.043500 5.055469 4.315336
v -0.031800 5.127525 4.058666
v -0.062376 5.121878 4.057971
v -0.090556 5.112710 4.056841
v -0.115256 5.100370 4.055321
v -0.135527 5.085334 4.053469
v -0.150589 5.068180 4.051356
v -0.159865 5.049566 4.049063
v -0.162996 5.030210 4.046678
v -0.159865 5.010852 4.044293
v -0.150589 4.992239 4.042000
v -0.135527 4.975084 4.039886
v -0.115256 4.960048 4.038034
v -0.090556 4.947710 4.036514
v -0.062376 4.938540 4.035385
v -0.031800 4.932893 4.034689
v 0.031798 4.932893 4.034689
v 0.062375 4.938540 4.035385
v 0.090555 4.947710 4.036514
v 0.115255 4.960048 4.038034
v 0.135526 4.975084 4.039886
v 0.150588 4.992239 4.042000
v 0.159863 5.010852 4.044293
v 0.162995 5.030210 4.046678
v 0.159863 5.049566 4.049063
v 0.150588 5.068180 4.051356
v 0.135526 5.085334 4.053469
v 0.115255 5.100370 4.055321
v 0.090555 5.112710 4.056841
v 0.062375 5.121878 4.057971
v 0.031798 5.127525 4.058666
v -0.012256 5.190868 3.847694
v -0.024040 5.188692 3.847425
v -0.034901 5.185158 3.846990
v -0.044420 5.180402 3.846405
v -0.052233 5.174607 3.845690
v -0.058038 5.167996 3.844876
v -0.061613 5.160822 3.843992
v -0.062820 5.153362 3.843073
v -0.061613 5.145902 3.842154
v -0.058038 5.138728 3.841270
v -0.052233 5.132117 3.840456
v -0.044420 5.126322 3.839742
v -0.034901 5.121566 3.839156
v -0.024040 5.118032 3.838721
v -0.012256 5.115856 3.838453
v 0.012255 5.115856 3.838453
v 0.024039 5.118032 3.838721
v 0.034900 5.121566 3.839156
v 0.044419 5.126322 3.839742
v 0.052232 5.132117 3.840456
v 0.058037 5.138728 3.841270
v 0.061611 5.145902 3.842154
v 0.062819 5.153362 3.843073
v 0.061611 5.160822 3.843992
v 0.058037 5.167996 3.844876
v 0.052232 5.174607 3.845690
v 0.044419 5.180402 3.846405
v 0.034900 5.185158 3.846990
v 0.024039 5.188692 3.847425
v 0.012255 5.190868 3.847694
v -0.894656 2.892110 5.588685
v -0.968112 2.879178 5.405017
v -1.013346 2.865145 5.205726
v -1.028619 2.734420 4.998469
v -1.013346 2.660193 4.791212
v -0.968112 2.646161 4.591921
v -0.894656 2.633229 4.408253
v -0.795802 2.621894 4.247266
v -0.675347 2.612591 4.115149
v -0.537922 2.605679 4.016975
v -0.729480 4.201051 5.324085
v -0.784578 4.191351 5.225261
v -0.818507 4.180826 5.118030
v -0.829963 4.169880 5.006513
v -0.818507 4.158934 4.894996
v -0.784578 4.148408 4.787765
v -0.729480 4.138709 4.688940
v -0.655331 4.130206 4.602320
v -0.564980 4.123229 4.531232
v -0.461899 4.118043 4.478409
v -0.874063 3.085075 3.597080
v -0.724898 3.079591 3.519176
v -0.554717 3.075514 3.461289
v -0.700111 3.974454 3.806437
v -0.588225 3.970340 3.764520
v -0.460575 3.967283 3.733373
v -0.622793 4.016600 2.590323
v -0.563528 4.024029 2.560197
v -0.495914 4.029548 2.537812
v -0.553680 4.327358 2.777967
v -0.509227 4.330915 2.761616
v -0.458511 4.333559 2.749465
v -0.645368 3.935827 2.416117
v -0.593674 3.910826 2.381799
v -0.532801 3.885316 2.354467
v -0.471961 4.262147 2.417709
v -0.432302 4.244566 2.398365
v -0.385986 4.226303 2.382616
v -0.592318 3.874246 0.943191
v -0.560621 3.858916 0.922150
v -0.523297 3.843274 0.905391
v -0.485992 4.074331 0.944168
v -0.461675 4.063551 0.932306
v -0.433276 4.052352 0.922650
v -0.616308 3.749106 0.374677
v -0.569386 3.726414 0.343528
v -0.514133 3.703258 0.318719
v -0.559681 4.045301 0.376122
v -0.523684 4.029343 0.358563
v -0.481644 4.012766 0.344269
v -0.654784 3.427332 -0.015010
v -0.533753 3.401258 -0.020860
v -0.403415 3.374652 -0.015751
v -0.548773 3.767664 0.017389
v -0.462425 3.749328 0.019307
v -0.367954 3.730280 0.027825
v 0.794626 -2.484111 7.506463
v 0.775858 -2.553679 7.489924
v 0.774993 -2.631727 7.463068
v 0.792065 -2.715257 7.426925
v 0.826420 -2.801058 7.382883
v 0.876734 -2.885833 7.332639
v 0.941077 -2.966325 7.278119
v 1.016974 -3.039440 7.221421
v 1.101509 -3.102368 7.164722
v 1.191434 -3.152691 7.110203
v 1.283293 -3.188475 7.059958
v 1.373554 -3.208345 7.015917
v 1.458751 -3.211537 6.979774
v 1.535609 -3.197929 6.952918
v 1.601174 -3.168044 6.936379
v 1.688878 -3.064616 6.936379
v 1.707647 -2.995049 6.952918
v 1.708512 -2.917000 6.979774
v 1.691439 -2.833471 7.015917
v 1.657086 -2.747669 7.059958
v 1.606770 -2.662894 7.110204
v 1.542428 -2.582402 7.164723
v 1.466531 -2.509287 7.221422
v 1.381995 -2.446359 7.278119
v 1.292071 -2.396036 7.332640
v 1.200213 -2.360252 7.382884
v 1.109950 -2.340382 7.426925
v 1.024753 -2.337190 7.463068
v 0.947896 -2.350798 7.489924
v 0.882331 -2.380683 7.506463
v 0.690285 -2.438690 7.917464
v 0.662426 -2.541953 7.892915
v 0.661142 -2.657804 7.853051
v 0.686484 -2.781792 7.799402
v 0.737478 -2.909152 7.734028
v 0.812162 -3.034987 7.659449
v 0.907668 -3.154465 7.578522
v 1.020326 -3.262993 7.494362
v 1.145807 -3.356401 7.410202
v 1.279286 -3.431097 7.329276
v 1.415637 -3.484214 7.254695
v 1.549617 -3.513707 7.189322
v 1.676079 -3.518445 7.135674
v 1.790163 -3.498247 7.095810
v 1.887485 -3.453887 7.071261
v 2.017668 -3.300364 7.071261
v 2.045527 -3.197101 7.095810
v 2.046810 -3.081249 7.135674
v 2.021469 -2.957262 7.189322
v 1.970477 -2.829904 7.254695
v 1.895791 -2.704066 7.329277
v 1.800285 -2.584589 7.410203
v 1.687626 -2.476061 7.494363
v 1.562146 -2.382653 7.578522
v 1.428667 -2.307956 7.659450
v 1.292317 -2.254841 7.734028
v 1.158336 -2.225347 7.799403
v 1.031874 -2.220608 7.853051
v 0.917790 -2.240807 7.892915
v 0.820469 -2.285167 7.917464
v 0.978707 -2.680579 8.178784
v 0.940137 -2.772177 8.165297
v 0.920566 -2.870140 8.143395
v 0.920744 -2.970703 8.113921
v 0.940669 -3.070005 8.078004
v 0.979568 -3.164223 8.037031
v 1.035953 -3.249743 7.992568
v 1.107653 -3.323276 7.946331
v 1.191915 -3.381996 7.900093
v 1.285500 -3.423646 7.855633
v 1.384810 -3.446626 7.814658
v 1.486032 -3.450054 7.778742
v 1.585273 -3.433796 7.749267
v 1.678720 -3.398478 7.727365
v 1.762783 -3.345457 7.713879
v 1.890317 -3.195059 7.713879
v 1.928887 -3.103461 7.727365
v 1.948458 -3.005499 7.749267
v 1.948280 -2.904935 7.778742
v 1.928356 -2.805634 7.814658
v 1.889456 -2.711414 7.855634
v 1.833071 -2.625895 7.900094
v 1.761370 -2.552361 7.946332
v 1.677109 -2.493642 7.992569
v 1.583523 -2.451991 8.037031
v 1.484214 -2.429013 8.078004
v 1.382992 -2.425584 8.113921
v 1.283751 -2.441843 8.143395
v 1.190304 -2.477161 8.165297
v 1.106241 -2.530181 8.178784
v 1.276523 -2.871008 8.193806
v 1.256485 -2.918596 8.186798
v 1.246316 -2.969490 8.175420
v 1.246409 -3.021736 8.160108
v 1.256761 -3.073325 8.141447
v 1.276970 -3.122275 8.120161
v 1.306263 -3.166705 8.097061
v 1.343513 -3.204907 8.073040
v 1.387290 -3.235414 8.049018
v 1.435910 -3.257052 8.025919
v 1.487504 -3.268991 8.004632
v 1.540092 -3.270772 7.985972
v 1.591650 -3.262325 7.970660
v 1.640199 -3.243976 7.959281
v 1.683872 -3.216430 7.952274
v 1.750129 -3.138294 7.952274
v 1.770167 -3.090707 7.959281
v 1.780335 -3.039813 7.970660
v 1.780242 -2.987567 7.985973
v 1.769892 -2.935978 8.004632
v 1.749682 -2.887028 8.025919
v 1.720388 -2.842598 8.049018
v 1.683138 -2.804396 8.073040
v 1.639362 -2.773889 8.097061
v 1.590741 -2.752250 8.120161
v 1.539148 -2.740312 8.141447
v 1.486559 -2.738531 8.160108
v 1.435002 -2.746978 8.175420
v 1.386453 -2.765327 8.186798
v 1.342780 -2.792872 8.193806
v 1.461322 -2.985730 8.224910
v 1.453811 -3.003569 8.222282
v 1.449999 -3.022648 8.218018
v 1.450034 -3.042233 8.212276
v 1.453914 -3.061573 8.205281
v 1.461490 -3.079923 8.197302
v 1.472471 -3.096578 8.188643
v 1.486435 -3.110899 8.179638
v 1.502846 -3.122335 8.170632
v 1.521072 -3.130447 8.161973
v 1.540413 -3.134923 8.153993
v 1.560127 -3.135590 8.146998
v 1.579455 -3.132424 8.141258
v 1.597654 -3.125545 8.136992
v 1.614026 -3.115219 8.134366
v 1.638864 -3.085928 8.134366
v 1.646376 -3.068089 8.136992
v 1.650187 -3.049010 8.141258
v 1.650152 -3.029424 8.146998
v 1.646272 -3.010085 8.153993
v 1.638696 -2.991735 8.161973
v 1.627715 -2.975080 8.170632
v 1.613751 -2.960759 8.179638
v 1.597340 -2.949323 8.188643
v 1.579114 -2.941211 8.197302
v 1.559773 -2.936736 8.205281
v 1.540059 -2.936068 8.212276
v 1.520731 -2.939234 8.218018
v 1.502532 -2.946113 8.222282
v 1.486160 -2.956439 8.224910
v 0.503364 -2.925660 8.206229
v 0.536165 -3.007580 8.164179
v 0.584203 -3.088521 8.116207
v 0.654046 -3.047172 8.408535
v 0.666862 -3.111046 8.385432
v 0.691883 -3.171649 8.359077
v 0.287784 -3.408811 8.791899
v 0.292684 -3.421052 8.785616
v 0.299863 -3.433146 8.778447
v 0.310298 -3.426967 8.822127
v 0.312213 -3.436512 8.818675
v 0.315952 -3.445567 8.814737
v 1.996106 -3.664077 7.022718
v 2.072016 -3.650637 6.996193
v 2.136772 -3.621121 6.979859
v 2.223394 -3.518970 6.979859
v 2.241930 -3.450260 6.996193
v 2.242785 -3.373175 7.022718
v 1.935686 -3.607753 7.430991
v 1.997864 -3.584252 7.416419
v 2.053797 -3.548974 7.407445
v 2.138656 -3.448901 7.407445
v 2.164320 -3.387954 7.416419
v 2.177343 -3.322772 7.430991
v 2.372049 -3.808743 7.007242
v 2.386339 -3.797237 6.990627
v 2.400608 -3.783703 6.980396
v 2.426907 -3.752689 6.980396
v 2.437927 -3.736400 6.990627
v 2.446943 -3.720422 7.007242
v 2.432841 -3.858748 7.106227
v 2.446480 -3.847170 7.095892
v 2.460236 -3.833723 7.089529
v 2.486000 -3.803340 7.089529
v 2.497018 -3.787572 7.095892
v 2.506211 -3.772224 7.106227
v -0.188011 2.995342 6.366256
v -0.188011 0.437673 6.548930
v -0.368797 2.990181 6.292962
v -0.368797 0.432513 6.475636
v -0.535409 2.981800 6.173939
v -0.535409 0.424132 6.356613
v -0.681446 2.970522 6.013761
v -0.681446 0.412854 6.196435
v -0.801296 2.688733 5.818583
v -0.801296 0.399111 6.001257
v -0.890352 2.673054 5.595907
v -0.890352 0.383433 5.778582
v -0.945193 2.656041 5.354290
v -0.945193 0.366420 5.536963
v -0.963710 2.521154 5.103015
v -0.963710 0.348728 5.285689
v -0.945192 2.444890 4.851741
v -0.945192 0.331036 5.034416
v -0.890352 2.427878 4.610123
v -0.890352 0.314023 4.792798
v -0.801296 2.412199 4.387447
v -0.801296 0.298344 4.570121
v -0.681446 2.398457 4.192269
v -0.681446 0.284602 4.374944
v -0.535409 2.387178 4.032092
v -0.535409 0.273324 4.214767
v -0.368796 2.378798 3.913069
v -0.368796 0.264943 4.095743
v -0.188011 2.373637 3.839775
v -0.188011 0.259783 4.022449
v 0.188010 2.438944 3.839775
v 0.188010 0.259783 4.022449
v 0.368795 2.646845 3.913069
v 0.368795 0.264943 4.095743
v 0.535407 2.830992 4.032093
v 0.535407 0.273324 4.214767
v 0.681444 2.842270 4.192270
v 0.681444 0.284602 4.374944
v 0.801294 2.856013 4.387447
v 0.801294 0.298344 4.570121
v 0.890350 2.871691 4.610124
v 0.890350 0.314023 4.792798
v 0.945191 2.888704 4.851741
v 0.945191 0.331036 5.034416
v 0.963708 2.906396 5.103016
v 0.963708 0.348728 5.285689
v 0.945191 2.924088 5.354290
v 0.945191 0.366420 5.536963
v 0.890350 2.941101 5.595907
v 0.890350 0.383433 5.778582
v 0.801294 2.956780 5.818584
v 0.801294 0.399112 6.001257
v 0.681444 2.970522 6.013761
v 0.681444 0.412854 6.196435
v 0.535407 2.981800 6.173939
v 0.535407 0.424132 6.356613
v 0.368794 2.990181 6.292962
v 0.368794 0.432513 6.475636
v 0.188009 2.995342 6.366256
v 0.188009 0.437673 6.548930
v -0.141024 4.326844 5.792469
v -0.276628 4.322973 5.753032
v -0.401601 4.316687 5.688991
v -0.511141 4.308228 5.602806
v -0.601039 4.297919 5.497787
v -0.667838 4.286159 5.377974
v -0.708973 4.273398 5.247969
v -0.722863 4.260128 5.112768
v -0.708973 4.246857 4.977567
v -0.667838 4.234096 4.847561
v -0.601039 4.222336 4.727748
v -0.511141 4.212028 4.622730
v -0.401601 4.203568 4.536545
v -0.276628 4.197282 4.472503
v -0.141024 4.193411 4.433066
v 0.141023 4.193411 4.433066
v 0.276627 4.197282 4.472503
v 0.401600 4.203568 4.536545
v 0.511140 4.212028 4.622730
v 0.601037 4.222336 4.727748
v 0.667837 4.234096 4.847561
v 0.708972 4.246857 4.977567
v 0.722861 4.260128 5.112768
v 0.708972 4.273398 5.247969
v 0.667837 4.286159 5.377974
v 0.601037 4.297919 5.497787
v 0.511140 4.308228 5.602806
v 0.401600 4.316687 5.688991
v 0.276627 4.322973 5.753032
v 0.141023 4.326844 5.792469
v -0.030596 4.549571 5.642620
v -0.060015 4.548731 5.634063
v -0.087128 4.547368 5.620170
v -0.110893 4.545532 5.601471
v -0.130396 4.543296 5.578688
v -0.144889 4.540745 5.552694
v -0.153813 4.537976 5.524490
v -0.156826 4.535097 5.495158
v -0.153813 4.532218 5.465826
v -0.144889 4.529449 5.437621
v -0.130396 4.526898 5.411627
v -0.110893 4.524662 5.388844
v -0.087128 4.522826 5.370146
v -0.060015 4.521462 5.356252
v -0.030596 4.520623 5.347696
v 0.030594 4.520623 5.347696
v 0.060014 4.521462 5.356252
v 0.087127 4.522826 5.370146
v 0.110892 4.524662 5.388844
v 0.130395 4.526898 5.411627
v 0.144887 4.529449 5.437621
v 0.153811 4.532218 5.465826
v 0.156825 4.535097 5.495158
v 0.153811 4.537976 5.524490
v 0.144887 4.540745 5.552694
v 0.130395 4.543296 5.578688
v 0.110891 4.545532 5.601471
v 0.087127 4.547368 5.620170
v 0.060014 4.548731 5.634063
v 0.030594 4.549571 5.642620
v -0.155671 -1.456037 6.549962
v -0.305358 -1.461198 6.476667
v -0.443311 -1.469578 6.357644
v -0.564227 -1.480857 6.197466
v -0.663461 -1.494599 6.002289
v -0.737198 -1.510278 5.779613
v -0.782605 -1.527290 5.537995
v -0.797937 -1.544983 5.286721
v -0.782605 -1.562675 5.035447
v -0.737198 -1.579687 4.793829
v -0.663461 -1.595366 4.571152
v -0.564227 -1.609109 4.375975
v -0.443311 -1.620387 4.215797
v -0.305358 -1.628767 4.096774
v -0.155670 -1.633928 4.023480
v 0.155669 -1.633928 4.023480
v 0.305356 -1.628767 4.096774
v 0.443309 -1.620387 4.215797
v 0.564226 -1.609109 4.375975
v 0.663459 -1.595366 4.571152
v 0.737197 -1.579687 4.793829
v 0.782604 -1.562675 5.035447
v 0.797936 -1.544983 5.286721
v 0.782604 -1.527290 5.537995
v 0.737196 -1.510278 5.779613
v 0.663459 -1.494599 6.002289
v 0.564225 -1.480857 6.197466
v 0.443309 -1.469578 6.357644
v 0.305356 -1.461198 6.476667
v 0.155669 -1.456037 6.549962
v -0.285657 -1.963616 6.641955
v -0.360961 -1.882686 6.623477
v -0.441139 -1.811454 6.568757
v -0.523111 -1.752657 6.479894
v -0.603726 -1.708555 6.360307
v -0.679887 -1.680842 6.214588
v -0.748666 -1.670584 6.048340
v -0.807421 -1.678174 5.867949
v -0.853893 -1.703321 5.680350
v -0.886297 -1.745059 5.492750
v -0.903386 -1.801783 5.312360
v -0.904506 -1.871314 5.146111
v -0.889612 -1.950980 5.000392
v -0.859277 -2.037719 4.880805
v -0.814667 -2.128197 4.791943
v -0.757496 -2.218939 4.737222
v -0.689961 -2.306456 4.718746
v -0.614657 -2.387385 4.737222
v -0.534479 -2.458618 4.791943
v -0.452507 -2.517414 4.880805
v -0.371892 -2.561517 5.000392
v -0.295731 -2.589229 5.146111
v -0.226952 -2.599488 5.312360
v -0.168197 -2.591897 5.492750
v -0.121725 -2.566750 5.680350
v -0.089322 -2.525013 5.867949
v -0.072231 -2.468288 6.048340
v -0.071112 -2.398757 6.214588
v -0.086006 -2.319092 6.360307
v -0.116341 -2.232353 6.479894
v -0.160951 -2.141874 6.568757
v -0.218122 -2.051132 6.623477
v -0.443929 -2.097826 6.722786
v -0.504251 -2.040068 6.711253
v -0.575452 -1.995722 6.677101
v -0.654798 -1.966491 6.621640
v -0.739238 -1.953499 6.547003
v -0.825528 -1.957245 6.456056
v -0.910351 -1.977585 6.352297
v -0.990449 -2.013738 6.239711
v -1.062742 -2.064314 6.122626
v -1.124452 -2.127370 6.005540
v -1.173209 -2.200482 5.892955
v -1.207138 -2.280841 5.789195
v -1.224936 -2.365359 5.698248
v -1.225918 -2.450787 5.623611
v -1.210047 -2.533843 5.568151
v -1.177932 -2.611334 5.533998
v -1.130808 -2.680284 5.522466
v -1.070487 -2.738042 5.533998
v -0.999285 -2.782389 5.568151
v -0.919940 -2.811620 5.623611
v -0.835500 -2.824612 5.698248
v -0.749210 -2.820866 5.789195
v -0.664386 -2.800525 5.892954
v -0.584289 -2.764373 6.005540
v -0.511996 -2.713796 6.122626
v -0.450286 -2.650741 6.239711
v -0.401529 -2.577628 6.352297
v -0.367600 -2.497270 6.456056
v -0.349802 -2.412752 6.547003
v -0.348820 -2.327323 6.621640
v -0.364691 -2.244268 6.677101
v -0.396805 -2.166776 6.711253
v -0.587269 -2.219375 6.953613
v -0.640358 -2.173199 6.947885
v -0.707616 -2.142542 6.930919
v -0.786458 -2.128582 6.903369
v -0.873855 -2.131857 6.866293
v -0.966448 -2.152241 6.821115
v -1.060678 -2.188948 6.769573
v -1.152925 -2.240571 6.713645
v -1.239642 -2.305123 6.655483
v -1.317499 -2.380126 6.597321
v -1.383503 -2.462696 6.541394
v -1.435117 -2.549661 6.489851
v -1.470358 -2.637677 6.444673
v -1.487871 -2.723363 6.407597
v -1.486984 -2.803427 6.380046
v -1.467731 -2.874792 6.363081
v -1.430851 -2.934713 6.357353
v -1.377762 -2.980890 6.363081
v -1.310504 -3.011547 6.380046
v -1.231662 -3.025506 6.407597
v -1.144265 -3.022231 6.444672
v -1.051673 -3.001848 6.489851
v -0.957442 -2.965140 6.541393
v -0.865196 -2.913518 6.597320
v -0.778478 -2.848965 6.655483
v -0.700621 -2.773962 6.713645
v -0.634617 -2.691392 6.769573
v -0.583004 -2.604428 6.821115
v -0.547762 -2.516411 6.866293
v -0.530249 -2.430725 6.903369
v -0.531136 -2.350661 6.930919
v -0.550389 -2.279297 6.947885
v -0.780001 -2.382808 7.389035
v -0.831754 -2.337794 7.383451
v -0.897319 -2.307908 7.366912
v -0.974177 -2.294300 7.340056
v -1.059374 -2.297492 7.303913
v -1.149637 -2.317363 7.259871
v -1.241495 -2.353147 7.209627
v -1.331419 -2.403469 7.155107
v -1.415954 -2.466398 7.098409
v -1.491852 -2.539513 7.041710
v -1.556194 -2.620004 6.987191
v -1.606509 -2.704780 6.936945
v -1.640863 -2.790581 6.892904
v -1.657935 -2.874111 6.856761
v -1.657071 -2.952160 6.829905
v -1.638302 -3.021727 6.813366
v -1.602350 -3.080141 6.807782
v -1.550598 -3.125155 6.813366
v -1.485033 -3.155040 6.829906
v -1.408175 -3.168648 6.856761
v -1.322978 -3.165456 6.892904
v -1.232716 -3.145586 6.936945
v -1.140857 -3.109802 6.987191
v -1.050933 -3.059479 7.041710
v -0.966397 -2.996551 7.098409
v -0.890500 -2.923435 7.155106
v -0.826158 -2.842944 7.209627
v -0.775844 -2.758169 7.259871
v -0.741489 -2.672367 7.303913
v -0.724417 -2.588838 7.340056
v -0.725281 -2.510789 7.366912
v -0.744050 -2.441221 7.383451
v -0.886049 -0.392002 5.286173
v -0.869024 -0.409694 5.034899
v 0.172859 -0.480947 4.022932
v 0.339075 -0.475786 4.096226
v 0.818600 -0.357297 5.779065
v 0.736721 -0.341618 6.001741
v -0.626532 -0.327876 6.196918
v -0.736723 -0.341618 6.001741
v -0.492263 -0.467406 4.215250
v -0.339077 -0.475786 4.096226
v 0.818601 -0.426706 4.793281
v 0.869022 -0.409694 5.034899
v -0.172860 -0.303056 6.549413
v 0.172858 -0.303056 6.549413
v -0.818602 -0.426706 4.793281
v 0.492261 -0.467406 4.215250
v 0.626529 -0.327876 6.196918
v -0.818602 -0.357297 5.779065
v -0.172860 -0.480947 4.022932
v 0.886047 -0.392002 5.286173
v -0.339077 -0.308217 6.476119
v -0.736723 -0.442385 4.570604
v 0.626530 -0.456128 4.375427
v 0.492261 -0.316597 6.357096
v -0.869024 -0.374309 5.537447
v 0.869022 -0.374309 5.537447
v -0.492263 -0.316597 6.357096
v -0.626531 -0.456128 4.375427
v 0.736721 -0.442385 4.570604
v 0.339075 -0.308217 6.476119
v -0.936143 -1.186185 4.809541
v -0.942187 -1.279007 4.517738
v -0.840780 -1.363934 4.359131
v -0.711507 -1.430719 4.195638
v -0.518004 -1.495988 4.092627
v -0.415362 -1.530872 4.066515
v -0.956666 -0.692726 4.792866
v -0.674361 -0.790327 4.050716
v -0.392498 -0.615049 4.070221
v -0.990980 -0.685132 4.606072
v -0.916961 -0.691475 4.307634
v -0.865492 -0.724315 4.210894
v -0.546861 -1.061756 3.106280
v -0.424867 -1.102904 3.041337
v -0.360156 -1.124897 3.024875
v -0.523443 -0.658019 3.014914
v -0.345742 -0.547515 3.027211
v -0.643941 -0.616402 3.115898
v -0.522565 -1.146553 1.077329
v -0.472615 -1.163401 1.050738
v -0.446119 -1.172406 1.043998
v -0.512976 -0.981245 1.039919
v -0.440217 -0.935999 1.044954
v -0.562314 -0.964205 1.081267
v -0.507431 -1.234585 0.408655
v -0.406869 -1.255917 0.355121
v -0.353526 -1.267318 0.341551
v -0.488126 -1.025284 0.333340
v -0.341644 -0.967998 0.343477
v -0.587456 -1.003710 0.416583
v -0.614007 -1.547202 0.003791
v -0.530855 -1.577199 0.004943
v -0.309063 -1.593232 0.005846
v -0.645122 -1.252875 -0.007167
v -0.292354 -1.172317 0.021032
v -0.726542 -1.222536 0.014940
v -0.033060 4.737788 5.474673
v -0.064848 4.732228 5.472654
v -0.094145 4.723201 5.469375
v -0.119823 4.711052 5.464962
v -0.140897 4.696249 5.459584
v -0.156556 4.679360 5.453450
v -0.166199 4.661034 5.446793
v -0.169455 4.641976 5.439870
v -0.166199 4.622918 5.432947
v -0.156556 4.604592 5.426291
v -0.140897 4.587704 5.420155
v -0.119823 4.572900 5.414778
v -0.094145 4.560751 5.410365
v -0.064848 4.551724 5.407086
v -0.033060 4.546165 5.405066
v 0.033058 4.546165 5.405066
v 0.064847 4.551724 5.407086
v 0.094143 4.560751 5.410365
v 0.119822 4.572900 5.414778
v 0.140895 4.587704 5.420155
v 0.156555 4.604592 5.426291
v 0.166198 4.622918 5.432947
v 0.169454 4.641976 5.439870
v 0.166198 4.661034 5.446793
v 0.156555 4.679360 5.453450
v 0.140895 4.696249 5.459584
v 0.119821 4.711052 5.464962
v 0.094143 4.723201 5.469375
v 0.064847 4.732228 5.472654
v 0.033058 4.737788 5.474673
v -0.033060 4.901121 5.218597
v -0.064848 4.895251 5.217874
v -0.094145 4.885719 5.216700
v -0.119823 4.872890 5.215119
v -0.140897 4.857259 5.213193
v -0.156556 4.839425 5.210997
v -0.166199 4.820074 5.208613
v -0.169455 4.799950 5.206133
v -0.166199 4.779825 5.203654
v -0.156556 4.760474 5.201270
v -0.140897 4.742640 5.199073
v -0.119823 4.727008 5.197147
v -0.094145 4.714180 5.195567
v -0.064848 4.704648 5.194393
v -0.033060 4.698777 5.193669
v 0.033058 4.698777 5.193669
v 0.064847 4.704648 5.194393
v 0.094143 4.714180 5.195567
v 0.119822 4.727008 5.197147
v 0.140895 4.742640 5.199073
v 0.156555 4.760474 5.201270
v 0.166198 4.779825 5.203654
v 0.169454 4.799950 5.206133
v 0.166198 4.820074 5.208613
v 0.156555 4.839425 5.210997
v 0.140895 4.857259 5.213193
v 0.119822 4.872890 5.215119
v 0.094143 4.885719 5.216700
v 0.064847 4.895251 5.217874
v 0.033058 4.901121 5.218597
v -0.051976 5.035809 4.849563
v -0.101953 5.026579 4.848426
v -0.148013 5.011593 4.846580
v -0.188384 4.991424 4.844096
v -0.221516 4.966848 4.841068
v -0.246136 4.938810 4.837615
v -0.261296 4.908386 4.833866
v -0.266415 4.876748 4.829968
v -0.261296 4.845108 4.826071
v -0.246136 4.814684 4.822322
v -0.221516 4.786646 4.818868
v -0.188384 4.762070 4.815840
v -0.148013 4.741902 4.813356
v -0.101953 4.726915 4.811510
v -0.051976 4.717685 4.810373
v 0.051974 4.717685 4.810373
v 0.101952 4.726915 4.811510
v 0.148011 4.741902 4.813356
v 0.188383 4.762070 4.815840
v 0.221515 4.786646 4.818868
v 0.246134 4.814684 4.822322
v 0.261295 4.845108 4.826071
v 0.266414 4.876748 4.829968
v 0.261295 4.908386 4.833866
v 0.246134 4.938810 4.837615
v 0.221515 4.966848 4.841068
v 0.188383 4.991424 4.844096
v 0.148011 5.011593 4.846580
v 0.101952 5.026579 4.848426
v 0.051974 5.035809 4.849563
v -0.051976 5.071417 4.560520
v -0.101953 5.062188 4.559382
v -0.148013 5.047202 4.557536
v -0.188384 5.027033 4.555052
v -0.221516 5.002457 4.552024
v -0.246136 4.974419 4.548571
v -0.261296 4.943995 4.544823
v -0.266415 4.912356 4.540924
v -0.261296 4.880716 4.537027
v -0.246136 4.850293 4.533278
v -0.221516 4.822255 4.529824
v -0.188384 4.797678 4.526797
v -0.148013 4.777511 4.524312
v -0.101953 4.762524 4.522466
v -0.051976 4.753294 4.521329
v 0.051974 4.753294 4.521329
v 0.101952 4.762524 4.522466
v 0.148011 4.777511 4.524312
v 0.188383 4.797678 4.526797
v 0.221515 4.822255 4.529824
v 0.246134 4.850293 4.533278
v 0.261295 4.880716 4.537027
v 0.266414 4.912356 4.540924
v 0.261295 4.943995 4.544823
v 0.246134 4.974419 4.548571
v 0.221515 5.002457 4.552024
v 0.188383 5.027033 4.555052
v 0.148011 5.047202 4.557536
v 0.101952 5.062188 4.559382
v 0.051974 5.071417 4.560520
v -0.043501 5.055469 4.315336
v -0.085330 5.047744 4.314384
v -0.123880 5.035202 4.312840
v -0.157670 5.018321 4.310760
v -0.185400 4.997752 4.308226
v -0.206005 4.974286 4.305336
v -0.218694 4.948822 4.302198
v -0.222978 4.922342 4.298935
v -0.218694 4.895861 4.295674
v -0.206005 4.870398 4.292537
v -0.185400 4.846931 4.289646
v -0.157670 4.826362 4.287112
v -0.123880 4.809482 4.285032
v -0.085330 4.796939 4.283487
v -0.043501 4.789214 4.282535
v 0.043500 4.789214 4.282535
v 0.085329 4.796939 4.283487
v 0.123879 4.809482 4.285032
v 0.157668 4.826362 4.287112
v 0.185398 4.846931 4.289646
v 0.206004 4.870398 4.292537
v 0.218692 4.895861 4.295674
v 0.222977 4.922342 4.298935
v 0.218692 4.948822 4.302198
v 0.206004 4.974286 4.305336
v 0.185398 4.997752 4.308226
v 0.157668 5.018321 4.310760
v 0.123879 5.035202 4.312840
v 0.085329 5.047744 4.314384
v 0.043500 5.055469 4.315336
v -0.031800 5.127525 4.058666
v -0.062376 5.121878 4.057971
v -0.090556 5.112710 4.056841
v -0.115256 5.100370 4.055321
v -0.135527 5.085334 4.053469
v -0.150589 5.068180 4.051356
v -0.159865 5.049566 4.049063
v -0.162996 5.030210 4.046678
v -0.159865 5.010852 4.044293
v -0.150589 4.992239 4.042000
v -0.135527 4.975084 4.039886
v -0.115256 4.960048 4.038034
v -0.090556 4.947710 4.036514
v -0.062376 4.938540 4.035385
v -0.031800 4.932893 4.034689
v 0.031798 4.932893 4.034689
v 0.062375 4.938540 4.035385
v 0.090555 4.947710 4.036514
v 0.115255 4.960048 4.038034
v 0.135526 4.975084 4.039886
v 0.150588 4.992239 4.042000
v 0.159863 5.010852 4.044293
v 0.162995 5.030210 4.046678
v 0.159863 5.049566 4.049063
v 0.150588 5.068180 4.051356
v 0.135526 5.085334 4.053469
v 0.115255 5.100370 4.055321
v 0.090555 5.112710 4.056841
v 0.062375 5.121878 4.057971
v 0.031798 5.127525 4.058666
v -0.012256 5.190868 3.847694
v -0.024040 5.188692 3.847425
v -0.034901 5.185158 3.846990
v -0.044420 5.180402 3.846405
v -0.052233 5.174607 3.845690
v -0.058038 5.167996 3.844876
v -0.061613 5.160822 3.843992
v -0.062820 5.153362 3.843073
v -0.061613 5.145902 3.842154
v -0.058038 5.138728 3.841270
v -0.052233 5.132117 3.840456
v -0.044420 5.126322 3.839742
v -0.034901 5.121566 3.839156
v -0.024040 5.118032 3.838721
v -0.012256 5.115856 3.838453
v 0.012255 5.115856 3.838453
v 0.024039 5.118032 3.838721
v 0.034900 5.121566 3.839156
v 0.044419 5.126322 3.839742
v 0.052232 5.132117 3.840456
v 0.058037 5.138728 3.841270
v 0.061611 5.145902 3.842154
v 0.062819 5.153362 3.843073
v 0.061611 5.160822 3.843992
v 0.058037 5.167996 3.844876
v 0.052232 5.174607 3.845690
v 0.044419 5.180402 3.846405
v 0.034900 5.185158 3.846990
v 0.024039 5.188692 3.847425
v 0.012255 5.190868 3.847694
v -0.894656 2.892110 5.588685
v -0.968112 2.879178 5.405017
v -1.013346 2.865145 5.205726
v -1.028619 2.734420 4.998469
v -1.013346 2.660193 4.791212
v -0.968112 2.646161 4.591921
v -0.894656 2.633229 4.408253
v -0.795802 2.621894 4.247266
v -0.675347 2.612591 4.115149
v -0.537922 2.605679 4.016975
v -0.729480 4.201051 5.324085
v -0.784578 4.191351 5.225261
v -0.818507 4.180826 5.118030
v -0.829963 4.169880 5.006513
v -0.818507 4.158934 4.894996
v -0.784578 4.148408 4.787765
v -0.729480 4.138709 4.688940
v -0.655331 4.130206 4.602320
v -0.564980 4.123229 4.531232
v -0.461899 4.118043 4.478409
v -0.874063 3.085075 3.597080
v -0.724898 3.079591 3.519176
v -0.554717 3.075514 3.461289
v -0.700111 3.974454 3.806437
v -0.588225 3.970340 3.764520
v -0.460575 3.967283 3.733373
v -0.622793 4.016600 2.590323
v -0.563528 4.024029 2.560197
v -0.495914 4.029548 2.537812
v -0.553680 4.327358 2.777967
v -0.509227 4.330915 2.761616
v -0.458511 4.333559 2.749465
v -0.645368 3.935827 2.416117
v -0.593674 3.910826 2.381799
v -0.532801 3.885316 2.354467
v -0.471961 4.262147 2.417709
v -0.432302 4.244566 2.398365
v -0.385986 4.226303 2.382616
v -0.592318 3.874246 0.943191
v -0.560621 3.858916 0.922150
v -0.523297 3.843274 0.905391
v -0.485992 4.074331 0.944168
v -0.461675 4.063551 0.932306
v -0.433276 4.052352 0.922650
v -0.616308 3.749106 0.374677
v -0.569386 3.726414 0.343528
v -0.514133 3.703258 0.318719
v -0.559681 4.045301 0.376122
v -0.523684 4.029343 0.358563
v -0.481644 4.012766 0.344269
v -0.654784 3.427332 -0.015010
v -0.533753 3.401258 -0.020860
v -0.403415 3.374652 -0.015751
v -0.548773 3.767664 0.017389
v -0.462425 3.749328 0.019307
v -0.367954 3.730280 0.027825
v -0.830580 -2.425697 7.512048
v -0.882333 -2.380683 7.506463
v -0.947898 -2.350798 7.489924
v -1.024756 -2.337189 7.463068
v -1.109953 -2.340382 7.426925
v -1.200215 -2.360252 7.382884
v -1.292073 -2.396036 7.332640
v -1.381998 -2.446359 7.278119
v -1.466533 -2.509287 7.221422
v -1.542430 -2.582402 7.164723
v -1.606772 -2.662893 7.110203
v -1.657088 -2.747669 7.059958
v -1.691441 -2.833471 7.015916
v -1.708513 -2.917000 6.979774
v -1.707649 -2.995049 6.952917
v -1.688880 -3.064616 6.936378
v -1.652929 -3.123030 6.930795
v -1.601176 -3.168044 6.936378
v -1.535611 -3.197929 6.952918
v -1.458753 -3.211537 6.979774
v -1.373556 -3.208345 7.015917
v -1.283295 -3.188476 7.059958
v -1.191436 -3.152691 7.110203
v -1.101511 -3.102368 7.164722
v -1.016976 -3.039440 7.221421
v -0.941079 -2.966325 7.278119
v -0.876736 -2.885833 7.332639
v -0.826422 -2.801058 7.382883
v -0.792068 -2.715256 7.426925
v -0.774995 -2.631727 7.463068
v -0.775860 -2.553678 7.489924
v -0.794629 -2.484111 7.506463
v -0.743652 -2.351984 7.925754
v -0.820471 -2.285167 7.917464
v -0.917793 -2.240807 7.892915
v -1.031877 -2.220608 7.853051
v -1.158339 -2.225347 7.799403
v -1.292320 -2.254841 7.734028
v -1.428669 -2.307956 7.659450
v -1.562149 -2.382653 7.578522
v -1.687628 -2.476061 7.494362
v -1.800287 -2.584589 7.410202
v -1.895793 -2.704067 7.329276
v -1.970479 -2.829904 7.254694
v -2.021472 -2.957263 7.189322
v -2.046813 -3.081249 7.135673
v -2.045529 -3.197101 7.095809
v -2.017670 -3.300364 7.071260
v -1.964305 -3.387069 7.062972
v -1.887487 -3.453887 7.071260
v -1.790165 -3.498247 7.095809
v -1.676081 -3.518446 7.135673
v -1.549619 -3.513708 7.189322
v -1.415639 -3.484214 7.254695
v -1.279288 -3.431097 7.329276
v -1.145809 -3.356400 7.410202
v -1.020328 -3.262993 7.494362
v -0.907670 -3.154465 7.578522
v -0.812164 -3.034987 7.659449
v -0.737480 -2.909151 7.734028
v -0.686486 -2.781792 7.799402
v -0.661145 -2.657804 7.853051
v -0.662428 -2.541953 7.892915
v -0.690288 -2.438690 7.917464
v -1.034795 -2.598867 8.183338
v -1.106243 -2.530181 8.178784
v -1.190307 -2.477161 8.165297
v -1.283754 -2.441843 8.143395
v -1.382994 -2.425584 8.113921
v -1.484217 -2.429013 8.078004
v -1.583526 -2.451991 8.037031
v -1.677111 -2.493642 7.992568
v -1.761372 -2.552362 7.946331
v -1.833074 -2.625895 7.900093
v -1.889458 -2.711414 7.855633
v -1.928358 -2.805634 7.814657
v -1.948282 -2.904935 7.778741
v -1.948461 -3.005499 7.749266
v -1.928889 -3.103461 7.727365
v -1.890319 -3.195059 7.713878
v -1.834232 -3.276770 7.709324
v -1.762785 -3.345457 7.713878
v -1.678722 -3.398478 7.727365
v -1.585275 -3.433796 7.749266
v -1.486034 -3.450054 7.778742
v -1.384813 -3.446626 7.814658
v -1.285502 -3.423646 7.855633
v -1.191917 -3.381996 7.900093
v -1.107655 -3.323276 7.946331
v -1.035955 -3.249744 7.992568
v -0.979570 -3.164223 8.037031
v -0.940671 -3.070005 8.078004
v -0.920746 -2.970703 8.113921
v -0.920568 -2.870140 8.143395
v -0.940140 -2.772177 8.165297
v -0.978709 -2.680579 8.178784
v -1.305663 -2.828557 8.196172
v -1.342782 -2.792872 8.193806
v -1.386455 -2.765327 8.186798
v -1.435004 -2.746978 8.175420
v -1.486562 -2.738531 8.160108
v -1.539150 -2.740312 8.141447
v -1.590744 -2.752250 8.120161
v -1.639364 -2.773889 8.097061
v -1.683140 -2.804396 8.073040
v -1.720390 -2.842598 8.049018
v -1.749684 -2.887028 8.025919
v -1.769894 -2.935978 8.004632
v -1.780245 -2.987567 7.985972
v -1.780337 -3.039813 7.970659
v -1.770170 -3.090707 7.959280
v -1.750131 -3.138295 7.952273
v -1.720993 -3.180746 7.949908
v -1.683874 -3.216431 7.952273
v -1.640201 -3.243976 7.959280
v -1.591652 -3.262325 7.970659
v -1.540094 -3.270772 7.985972
v -1.487507 -3.268991 8.004632
v -1.435912 -3.257052 8.025919
v -1.387292 -3.235414 8.049018
v -1.343516 -3.204907 8.073040
v -1.306265 -3.166705 8.097061
v -1.276972 -3.122275 8.120161
v -1.256763 -3.073325 8.141447
v -1.246411 -3.021736 8.160108
v -1.246318 -2.969490 8.175420
v -1.256487 -2.918596 8.186798
v -1.276525 -2.871008 8.193806
v -1.472248 -2.969816 8.225797
v -1.486162 -2.956439 8.224910
v -1.502534 -2.946113 8.222282
v -1.520733 -2.939234 8.218018
v -1.540061 -2.936068 8.212276
v -1.559775 -2.936736 8.205281
v -1.579116 -2.941211 8.197302
v -1.597342 -2.949323 8.188643
v -1.613753 -2.960759 8.179638
v -1.627717 -2.975080 8.170632
v -1.638698 -2.991735 8.161973
v -1.646274 -3.010085 8.153993
v -1.650154 -3.029425 8.146998
v -1.650189 -3.049010 8.141258
v -1.646378 -3.068089 8.136992
v -1.638866 -3.085928 8.134366
v -1.627943 -3.101842 8.133479
v -1.614028 -3.115219 8.134366
v -1.597656 -3.125545 8.136992
v -1.579457 -3.132424 8.141258
v -1.560129 -3.135590 8.146998
v -1.540416 -3.134923 8.153993
v -1.521074 -3.130447 8.161973
v -1.502848 -3.122335 8.170632
v -1.486437 -3.110899 8.179638
v -1.472473 -3.096578 8.188643
v -1.461492 -3.079923 8.197302
v -1.453916 -3.061573 8.205281
v -1.450036 -3.042233 8.212276
v -1.450001 -3.022648 8.218018
v -1.453813 -3.003569 8.222282
v -1.461324 -2.985730 8.224910
v -1.270346 -2.021177 8.206229
v -1.356526 -2.040149 8.164179
v -1.444229 -2.074314 8.116207
v -1.414850 -2.149975 8.408535
v -1.479959 -2.152180 8.385432
v -1.543837 -2.166961 8.359077
v -1.438234 -1.387617 8.791899
v -1.451111 -1.390451 8.785616
v -1.464216 -1.395556 8.778447
v -1.459826 -1.406862 8.822127
v -1.469555 -1.407191 8.818675
v -1.479099 -1.409399 8.814737
v -2.242786 -3.373175 7.022717
v -2.241932 -3.450260 6.996192
v -2.223396 -3.518970 6.979858
v -2.187887 -3.576662 6.974342
v -2.136774 -3.621121 6.979858
v -2.072017 -3.650637 6.996192
v -1.996108 -3.664077 7.022717
v -2.177345 -3.322772 7.430990
v -2.164322 -3.387954 7.416418
v -2.138658 -3.448902 7.407444
v -2.101339 -3.503271 7.404414
v -2.053799 -3.548974 7.407444
v -1.997866 -3.584253 7.416418
v -1.935687 -3.607753 7.430990
v -2.446945 -3.720422 7.007241
v -2.437929 -3.736400 6.990626
v -2.426909 -3.752689 6.980395
v -2.414308 -3.768661 6.976940
v -2.400609 -3.783703 6.980395
v -2.386341 -3.797237 6.990626
v -2.372051 -3.808743 7.007241
v -2.506213 -3.772225 7.106226
v -2.497020 -3.787572 7.095891
v -2.486002 -3.803341 7.089528
v -2.473582 -3.818924 7.087379
v -2.460238 -3.833724 7.089528
v -2.446482 -3.847171 7.095891
v -2.432843 -3.858748 7.106226
v 0.188009 2.995342 6.366256
v 0.188009 0.437673 6.548930
v 0.368795 2.990181 6.292962
v 0.368795 0.432513 6.475636
v 0.535407 2.981800 6.173939
v 0.535407 0.424132 6.356613
v 0.681444 2.970522 6.013761
v 0.681444 0.412854 6.196435
v 0.801294 2.688733 5.818583
v 0.801294 0.399112 6.001257
v 0.890350 2.673054 5.595907
v 0.890350 0.383433 5.778582
v 0.945191 2.656041 5.354290
v 0.945191 0.366420 5.536963
v 0.963708 2.521154 5.103015
v 0.963708 0.348728 5.285689
v 0.945191 2.444890 4.851741
v 0.945191 0.331036 5.034416
v 0.890350 2.427878 4.610123
v 0.890350 0.314023 4.792798
v 0.801294 2.412199 4.387447
v 0.801294 0.298344 4.570121
v 0.681445 2.398457 4.192269
v 0.681445 0.284602 4.374944
v 0.535407 2.387179 4.032092
v 0.535407 0.273324 4.214767
v 0.368795 2.378798 3.913069
v 0.368795 0.264943 4.095743
v 0.188010 2.373637 3.839775
v 0.188010 0.259783 4.022449
v -0.188011 2.438944 3.839775
v -0.188011 0.259783 4.022449
v -0.368796 2.646845 3.913069
v -0.368796 0.264943 4.095743
v -0.535409 2.830992 4.032093
v -0.535409 0.273324 4.214767
v -0.681446 2.842270 4.192270
v -0.681446 0.284602 4.374944
v -0.801295 2.856013 4.387447
v -0.801295 0.298344 4.570121
v -0.890352 2.871691 4.610124
v -0.890352 0.314023 4.792798
v -0.945192 2.888704 4.851741
v -0.945192 0.331036 5.034416
v -0.963710 2.906396 5.103016
v -0.963710 0.348728 5.285689
v -0.945192 2.924088 5.354290
v -0.945192 0.366420 5.536963
v -0.890352 2.941101 5.595907
v -0.890352 0.383433 5.778582
v -0.801296 2.956780 5.818584
v -0.801296 0.399111 6.001257
v -0.681446 2.970522 6.013761
v -0.681446 0.412854 6.196435
v -0.535409 2.981800 6.173939
v -0.535409 0.424132 6.356613
v -0.368796 2.990181 6.292962
v -0.368796 0.432513 6.475636
v -0.188011 2.995342 6.366256
v -0.188011 0.437673 6.548930
v 0.141022 4.326844 5.792469
v 0.276626 4.322973 5.753032
v 0.401600 4.316687 5.688991
v 0.511140 4.308228 5.602806
v 0.601037 4.297919 5.497787
v 0.667836 4.286159 5.377974
v 0.708971 4.273398 5.247969
v 0.722861 4.260128 5.112768
v 0.708971 4.246857 4.977567
v 0.667836 4.234096 4.847561
v 0.601037 4.222336 4.727748
v 0.511140 4.212028 4.622730
v 0.401600 4.203568 4.536545
v 0.276626 4.197282 4.472503
v 0.141023 4.193411 4.433066
v -0.141024 4.193411 4.433066
v -0.276628 4.197282 4.472503
v -0.401602 4.203568 4.536545
v -0.511142 4.212028 4.622730
v -0.601039 4.222336 4.727748
v -0.667838 4.234096 4.847561
v -0.708974 4.246857 4.977567
v -0.722863 4.260128 5.112768
v -0.708974 4.273398 5.247969
v -0.667839 4.286159 5.377974
v -0.601039 4.297919 5.497787
v -0.511142 4.308228 5.602806
v -0.401602 4.316687 5.688991
v -0.276628 4.322973 5.753032
v -0.141024 4.326844 5.792469
v 0.030594 4.549571 5.642620
v 0.060013 4.548731 5.634063
v 0.087126 4.547368 5.620170
v 0.110891 4.545532 5.601471
v 0.130395 4.543296 5.578688
v 0.144887 4.540745 5.552694
v 0.153811 4.537976 5.524490
v 0.156824 4.535097 5.495158
v 0.153811 4.532218 5.465826
v 0.144887 4.529449 5.437621
v 0.130395 4.526898 5.411627
v 0.110891 4.524662 5.388844
v 0.087127 4.522826 5.370146
v 0.060013 4.521462 5.356252
v 0.030594 4.520623 5.347696
v -0.030596 4.520623 5.347696
v -0.060016 4.521462 5.356252
v -0.087129 4.522826 5.370146
v -0.110893 4.524662 5.388844
v -0.130397 4.526898 5.411627
v -0.144889 4.529449 5.437621
v -0.153813 4.532218 5.465826
v -0.156826 4.535097 5.495158
v -0.153813 4.537976 5.524490
v -0.144889 4.540745 5.552694
v -0.130397 4.543296 5.578688
v -0.110893 4.545532 5.601471
v -0.087129 4.547368 5.620170
v -0.060016 4.548731 5.634063
v -0.030596 4.549571 5.642620
v 0.155669 -1.456037 6.549962
v 0.305356 -1.461198 6.476667
v 0.443309 -1.469578 6.357644
v 0.564226 -1.480857 6.197466
v 0.663459 -1.494599 6.002289
v 0.737197 -1.510278 5.779613
v 0.782604 -1.527290 5.537995
v 0.797936 -1.544983 5.286721
v 0.782604 -1.562675 5.035447
v 0.737197 -1.579687 4.793829
v 0.663460 -1.595366 4.571152
v 0.564226 -1.609109 4.375975
v 0.443309 -1.620387 4.215797
v 0.305357 -1.628767 4.096774
v 0.155669 -1.633928 4.023480
v -0.155670 -1.633928 4.023480
v -0.305358 -1.628767 4.096774
v -0.443310 -1.620387 4.215797
v -0.564227 -1.609109 4.375975
v -0.663461 -1.595366 4.571152
v -0.737198 -1.579687 4.793829
v -0.782605 -1.562675 5.035447
v -0.797937 -1.544983 5.286721
v -0.782605 -1.527290 5.537995
v -0.737198 -1.510278 5.779613
v -0.663461 -1.494599 6.002289
v -0.564227 -1.480857 6.197466
v -0.443311 -1.469578 6.357644
v -0.305358 -1.461198 6.476667
v -0.155671 -1.456037 6.549962
v -0.218122 -2.051133 6.623477
v -0.160951 -2.141874 6.568757
v -0.116341 -2.232353 6.479894
v -0.086006 -2.319092 6.360307
v -0.071112 -2.398758 6.214588
v -0.072231 -2.468289 6.048340
v -0.089321 -2.525013 5.867949
v -0.121725 -2.566751 5.680350
v -0.168197 -2.591897 5.492750
v -0.226952 -2.599488 5.312360
v -0.295731 -2.589230 5.146111
v -0.371892 -2.561517 5.000392
v -0.452507 -2.517414 4.880805
v -0.534479 -2.458618 4.791943
v -0.614657 -2.387386 4.737222
v -0.757496 -2.218939 4.737222
v -0.814667 -2.128197 4.791943
v -0.859277 -2.037719 4.880805
v -0.889612 -1.950980 5.000392
v -0.904506 -1.871314 5.146111
v -0.903386 -1.801783 5.312360
v -0.886297 -1.745059 5.492750
v -0.853893 -1.703321 5.680350
v -0.807421 -1.678174 5.867949
v -0.748666 -1.670584 6.048340
v -0.679887 -1.680842 6.214588
v -0.603726 -1.708555 6.360307
v -0.523111 -1.752657 6.479894
v -0.441139 -1.811454 6.568757
v -0.360961 -1.882686 6.623477
v -0.396805 -2.166776 6.711253
v -0.364691 -2.244268 6.677101
v -0.348820 -2.327324 6.621640
v -0.349802 -2.412752 6.547003
v -0.367600 -2.497270 6.456056
v -0.401529 -2.577629 6.352297
v -0.450285 -2.650741 6.239711
v -0.511996 -2.713796 6.122626
v -0.584289 -2.764373 6.005540
v -0.664386 -2.800525 5.892954
v -0.749210 -2.820866 5.789195
v -0.835500 -2.824612 5.698248
v -0.919940 -2.811620 5.623611
v -0.999285 -2.782389 5.568151
v -1.070487 -2.738043 5.533998
v -1.177932 -2.611335 5.533998
v -1.210047 -2.533843 5.568151
v -1.225918 -2.450787 5.623611
v -1.224936 -2.365359 5.698248
v -1.207138 -2.280841 5.789195
v -1.173209 -2.200482 5.892955
v -1.124452 -2.127370 6.005540
v -1.062742 -2.064314 6.122626
v -0.990449 -2.013738 6.239711
v -0.910351 -1.977585 6.352297
v -0.825528 -1.957245 6.456056
v -0.739238 -1.953499 6.547003
v -0.654798 -1.966491 6.621640
v -0.575452 -1.995722 6.677101
v -0.504250 -2.040069 6.711253
v -0.550389 -2.279297 6.947885
v -0.531136 -2.350661 6.930919
v -0.530249 -2.430725 6.903369
v -0.547762 -2.516411 6.866293
v -0.583003 -2.604429 6.821115
v -0.634617 -2.691392 6.769573
v -0.700621 -2.773962 6.713645
v -0.778478 -2.848965 6.655483
v -0.865196 -2.913518 6.597320
v -0.957442 -2.965140 6.541393
v -1.051673 -3.001849 6.489851
v -1.144265 -3.022231 6.444672
v -1.231662 -3.025506 6.407597
v -1.310504 -3.011547 6.380046
v -1.377762 -2.980890 6.363081
v -1.467731 -2.874792 6.363081
v -1.486984 -2.803427 6.380046
v -1.487871 -2.723364 6.407597
v -1.470358 -2.637678 6.444673
v -1.435117 -2.549661 6.489851
v -1.383503 -2.462696 6.541394
v -1.317499 -2.380126 6.597321
v -1.239642 -2.305124 6.655483
v -1.152924 -2.240571 6.713645
v -1.060678 -2.188948 6.769573
v -0.966448 -2.152241 6.821115
v -0.873855 -2.131857 6.866293
v -0.786458 -2.128583 6.903369
v -0.707616 -2.142542 6.930919
v -0.640358 -2.173199 6.947885
v -0.744050 -2.441222 7.383451
v -0.725281 -2.510789 7.366912
v -0.724417 -2.588838 7.340056
v -0.741489 -2.672367 7.303913
v -0.775843 -2.758169 7.259871
v -0.826158 -2.842944 7.209627
v -0.890500 -2.923436 7.155106
v -0.966397 -2.996551 7.098409
v -1.050933 -3.059479 7.041710
v -1.140857 -3.109802 6.987191
v -1.232716 -3.145586 6.936945
v -1.322978 -3.165456 6.892904
v -1.408175 -3.168648 6.856761
v -1.485033 -3.155040 6.829906
v -1.550598 -3.125155 6.813366
v -1.638302 -3.021727 6.813366
v -1.657071 -2.952160 6.829905
v -1.657935 -2.874111 6.856761
v -1.640862 -2.790581 6.892904
v -1.606509 -2.704780 6.936945
v -1.556194 -2.620004 6.987191
v -1.491852 -2.539513 7.041710
v -1.415954 -2.466398 7.098409
v -1.331419 -2.403470 7.155107
v -1.241494 -2.353147 7.209627
v -1.149637 -2.317363 7.259871
v -1.059374 -2.297493 7.303913
v -0.974177 -2.294301 7.340056
v -0.897319 -2.307908 7.366912
v -0.831754 -2.337794 7.383451
v 0.886047 -0.392002 5.286173
v 0.869022 -0.409694 5.034899
v -0.172860 -0.480947 4.022932
v -0.339076 -0.475786 4.096226
v -0.818602 -0.357297 5.779065
v -0.736723 -0.341618 6.001741
v 0.626530 -0.327876 6.196918
v 0.736721 -0.341618 6.001741
v 0.492261 -0.467406 4.215250
v 0.339075 -0.475786 4.096226
v -0.818602 -0.426706 4.793281
v -0.869023 -0.409694 5.034899
v 0.172858 -0.303056 6.549413
v -0.172860 -0.303056 6.549413
v 0.818601 -0.426706 4.793281
v -0.492262 -0.467406 4.215250
v -0.626531 -0.327876 6.196918
v 0.818601 -0.357297 5.779065
v 0.172859 -0.480947 4.022932
v -0.886049 -0.392002 5.286173
v 0.339075 -0.308217 6.476119
v 0.736721 -0.442385 4.570604
v -0.626531 -0.456128 4.375427
v -0.492263 -0.316597 6.357096
v 0.869022 -0.374309 5.537447
v -0.869023 -0.374309 5.537447
v 0.492261 -0.316597 6.357096
v 0.626530 -0.456128 4.375427
v -0.736722 -0.442385 4.570604
v -0.339077 -0.308217 6.476119
v 0.936141 -1.186185 4.809541
v 0.942185 -1.279007 4.517738
v 0.840779 -1.363934 4.359131
v 0.711506 -1.430719 4.195638
v 0.518003 -1.495988 4.092627
v 0.415361 -1.530872 4.066515
v 0.956665 -0.692726 4.792866
v 0.674360 -0.790327 4.050716
v 0.392497 -0.615049 4.070221
v 0.990979 -0.685132 4.606072
v 0.916960 -0.691475 4.307634
v 0.865491 -0.724315 4.210894
v 0.546860 -1.061756 3.106280
v 0.424867 -1.102904 3.041337
v 0.360155 -1.124897 3.024875
v 0.523442 -0.658019 3.014914
v 0.345741 -0.547515 3.027211
v 0.643941 -0.616402 3.115898
v 0.522565 -1.146553 1.077330
v 0.472615 -1.163401 1.050738
v 0.446119 -1.172406 1.043998
v 0.512976 -0.981244 1.039920
v 0.440217 -0.935999 1.044955
v 0.562314 -0.964204 1.081267
v 0.507431 -1.234585 0.408655
v 0.406869 -1.255917 0.355121
v 0.353526 -1.267318 0.341551
v 0.488126 -1.025284 0.333340
v 0.341644 -0.967998 0.343477
v 0.587456 -1.003710 0.416584
v 0.614008 -1.547202 0.003791
v 0.530855 -1.577199 0.004943
v 0.309063 -1.593232 0.005846
v 0.645122 -1.252875 -0.007167
v 0.292354 -1.172317 0.021033
v 0.726542 -1.222536 0.014940
v 0.033058 4.737788 5.474673
v 0.064846 4.732228 5.472654
v 0.094143 4.723201 5.469375
v 0.119821 4.711052 5.464962
v 0.140895 4.696249 5.459584
v 0.156555 4.679360 5.453450
v 0.166198 4.661034 5.446793
v 0.169454 4.641976 5.439870
v 0.166198 4.622918 5.432947
v 0.156555 4.604592 5.426291
v 0.140895 4.587704 5.420155
v 0.119821 4.572900 5.414778
v 0.094143 4.560751 5.410365
v 0.064846 4.551724 5.407086
v 0.033058 4.546165 5.405066
v -0.033060 4.546165 5.405066
v -0.064848 4.551724 5.407086
v -0.094145 4.560751 5.410365
v -0.119823 4.572900 5.414778
v -0.140897 4.587704 5.420155
v -0.156557 4.604592 5.426291
v -0.166199 4.622918 5.432947
v -0.169455 4.641976 5.439870
v -0.166199 4.661034 5.446793
v -0.156557 4.679360 5.453450
v -0.140897 4.696249 5.459584
v -0.119823 4.711052 5.464962
v -0.094145 4.723201 5.469375
v -0.064848 4.732228 5.472654
v -0.033060 4.737788 5.474673
v 0.033058 4.901121 5.218597
v 0.064846 4.895251 5.217874
v 0.094143 4.885719 5.216700
v 0.119821 4.872890 5.215119
v 0.140895 4.857259 5.213193
v 0.156555 4.839425 5.210997
v 0.166197 4.820074 5.208613
v 0.169453 4.799950 5.206133
v 0.166197 4.779825 5.203654
v 0.156555 4.760474 5.201270
v 0.140895 4.742640 5.199073
v 0.119821 4.727008 5.197147
v 0.094143 4.714180 5.195567
v 0.064846 4.704648 5.194393
v 0.033058 4.698777 5.193669
v -0.033060 4.698777 5.193669
v -0.064848 4.704648 5.194393
v -0.094145 4.714180 5.195567
v -0.119823 4.727008 5.197147
v -0.140897 4.742640 5.199073
v -0.156557 4.760474 5.201270
v -0.166199 4.779825 5.203654
v -0.169455 4.799950 5.206133
v -0.166199 4.820074 5.208613
v -0.156557 4.839425 5.210997
v -0.140897 4.857259 5.213193
v -0.119823 4.872890 5.215119
v -0.094145 4.885719 5.216700
v -0.064848 4.895251 5.217874
v -0.033060 4.901121 5.218597
v 0.051974 5.035809 4.849563
v 0.101952 5.026579 4.848426
v 0.148011 5.011593 4.846580
v 0.188383 4.991424 4.844096
v 0.221515 4.966848 4.841068
v 0.246134 4.938810 4.837615
v 0.261295 4.908386 4.833866
v 0.266414 4.876748 4.829968
v 0.261295 4.845108 4.826071
v 0.246134 4.814684 4.822322
v 0.221515 4.786646 4.818868
v 0.188383 4.762070 4.815840
v 0.148011 4.741902 4.813356
v 0.101952 4.726915 4.811510
v 0.051974 4.717685 4.810373
v -0.051976 4.717685 4.810373
v -0.101953 4.726915 4.811510
v -0.148013 4.741902 4.813356
v -0.188385 4.762070 4.815840
v -0.221517 4.786646 4.818868
v -0.246136 4.814684 4.822322
v -0.261297 4.845108 4.826071
v -0.266416 4.876748 4.829968
v -0.261297 4.908386 4.833866
v -0.246136 4.938810 4.837615
v -0.221517 4.966848 4.841068
v -0.188385 4.991424 4.844096
v -0.148013 5.011593 4.846580
v -0.101953 5.026579 4.848426
v -0.051976 5.035809 4.849563
v 0.051974 5.071417 4.560520
v 0.101952 5.062188 4.559382
v 0.148011 5.047202 4.557536
v 0.188383 5.027033 4.555052
v 0.221515 5.002457 4.552024
v 0.246134 4.974419 4.548571
v 0.261295 4.943995 4.544823
v 0.266414 4.912356 4.540924
v 0.261295 4.880716 4.537027
v 0.246134 4.850293 4.533278
v 0.221515 4.822255 4.529824
v 0.188383 4.797678 4.526797
v 0.148011 4.777511 4.524312
v 0.101952 4.762524 4.522466
v 0.051974 4.753294 4.521329
v -0.051976 4.753294 4.521329
v -0.101953 4.762524 4.522466
v -0.148013 4.777511 4.524312
v -0.188385 4.797678 4.526797
v -0.221517 4.822255 4.529824
v -0.246136 4.850293 4.533278
v -0.261297 4.880716 4.537027
v -0.266416 4.912356 4.540924
v -0.261297 4.943995 4.544823
v -0.246136 4.974419 4.548571
v -0.221517 5.002457 4.552024
v -0.188385 5.027033 4.555052
v -0.148013 5.047202 4.557536
v -0.101953 5.062188 4.559382
v -0.051976 5.071417 4.560520
v 0.043500 5.055469 4.315336
v 0.085329 5.047744 4.314384
v 0.123879 5.035202 4.312840
v 0.157668 5.018321 4.310760
v 0.185398 4.997752 4.308226
v 0.206003 4.974286 4.305336
v 0.218692 4.948822 4.302198
v 0.222977 4.922342 4.298935
v 0.218692 4.895861 4.295674
v 0.206003 4.870398 4.292537
v 0.185398 4.846931 4.289646
v 0.157668 4.826362 4.287112
v 0.123879 4.809482 4.285032
v 0.085329 4.796939 4.283487
v 0.043500 4.789214 4.282535
v -0.043502 4.789214 4.282535
v -0.085331 4.796939 4.283487
v -0.123881 4.809482 4.285032
v -0.157670 4.826362 4.287112
v -0.185400 4.846931 4.289646
v -0.206005 4.870398 4.292537
v -0.218694 4.895861 4.295674
v -0.222978 4.922342 4.298935
v -0.218694 4.948822 4.302198
v -0.206005 4.974286 4.305336
v -0.185400 4.997752 4.308226
v -0.157670 5.018321 4.310760
v -0.123881 5.035202 4.312840
v -0.085331 5.047744 4.314384
v -0.043502 5.055469 4.315336
v 0.031798 5.127525 4.058666
v 0.062375 5.121878 4.057971
v 0.090555 5.112710 4.056841
v 0.115255 5.100370 4.055321
v 0.135525 5.085334 4.053469
v 0.150588 5.068180 4.051356
v 0.159863 5.049566 4.049063
v 0.162995 5.030210 4.046678
v 0.159863 5.010852 4.044293
v 0.150588 4.992239 4.042000
v 0.135525 4.975084 4.039886
v 0.115255 4.960048 4.038034
v 0.090555 4.947710 4.036514
v 0.062375 4.938540 4.035385
v 0.031798 4.932893 4.034689
v -0.031800 4.932893 4.034689
v -0.062377 4.938540 4.035385
v -0.090556 4.947710 4.036514
v -0.115256 4.960048 4.038034
v -0.135527 4.975084 4.039886
v -0.150589 4.992239 4.042000
v -0.159865 5.010852 4.044293
v -0.162997 5.030210 4.046678
v -0.159865 5.049566 4.049063
v -0.150589 5.068180 4.051356
v -0.135527 5.085334 4.053469
v -0.115256 5.100370 4.055321
v -0.090556 5.112710 4.056841
v -0.062377 5.121878 4.057971
v -0.031800 5.127525 4.058666
v 0.012255 5.190868 3.847694
v 0.024039 5.188692 3.847425
v 0.034900 5.185158 3.846990
v 0.044419 5.180402 3.846405
v 0.052231 5.174607 3.845690
v 0.058036 5.167996 3.844876
v 0.061611 5.160822 3.843992
v 0.062818 5.153362 3.843073
v 0.061611 5.145902 3.842154
v 0.058036 5.138728 3.841270
v 0.052231 5.132117 3.840456
v 0.044419 5.126322 3.839742
v 0.034900 5.121566 3.839156
v 0.024039 5.118032 3.838721
v 0.012255 5.115856 3.838453
v -0.012256 5.115856 3.838453
v -0.024041 5.118032 3.838721
v -0.034901 5.121566 3.839156
v -0.044421 5.126322 3.839742
v -0.052233 5.132117 3.840456
v -0.058038 5.138728 3.841270
v -0.061613 5.145902 3.842154
v -0.062820 5.153362 3.843073
v -0.061613 5.160822 3.843992
v -0.058038 5.167996 3.844876
v -0.052233 5.174607 3.845690
v -0.044421 5.180402 3.846405
v -0.034901 5.185158 3.846990
v -0.024041 5.188692 3.847425
v -0.012256 5.190868 3.847694
v 0.894655 2.892110 5.588685
v 0.968110 2.879178 5.405017
v 1.013344 2.865145 5.205726
v 1.028617 2.734420 4.998469
v 1.013344 2.660193 4.791212
v 0.968110 2.646161 4.591921
v 0.894655 2.633229 4.408253
v 0.795800 2.621894 4.247266
v 0.675346 2.612592 4.115149
v 0.537920 2.605679 4.016975
v 0.729478 4.201051 5.324085
v 0.784576 4.191351 5.225261
v 0.818505 4.180826 5.118030
v 0.829962 4.169880 5.006513
v 0.818505 4.158934 4.894996
v 0.784576 4.148408 4.787765
v 0.729478 4.138709 4.688940
v 0.655329 4.130206 4.602320
v 0.564978 4.123229 4.531232
v 0.461898 4.118043 4.478409
v 0.874062 3.085075 3.597080
v 0.724897 3.079591 3.519176
v 0.554716 3.075514 3.461289
v 0.700109 3.974454 3.806437
v 0.588224 3.970340 3.764520
v 0.460574 3.967283 3.733373
v 0.622792 4.016601 2.590323
v 0.563527 4.024029 2.560197
v 0.495913 4.029548 2.537812
v 0.553679 4.327359 2.777967
v 0.509226 4.330916 2.761616
v 0.458510 4.333559 2.749465
v 0.645367 3.935827 2.416117
v 0.593673 3.910826 2.381799
v 0.532800 3.885316 2.354467
v 0.471960 4.262147 2.417709
v 0.432301 4.244566 2.398365
v 0.385985 4.226303 2.382616
v 0.592318 3.874246 0.943192
v 0.560621 3.858916 0.922150
v 0.523297 3.843274 0.905391
v 0.485992 4.074331 0.944168
v 0.461675 4.063551 0.932307
v 0.433276 4.052352 0.922650
v 0.616308 3.749106 0.374677
v 0.569386 3.726414 0.343528
v 0.514133 3.703258 0.318719
v 0.559681 4.045301 0.376122
v 0.523684 4.029343 0.358563
v 0.481643 4.012766 0.344269
v 0.654784 3.427332 -0.015009
v 0.533753 3.401258 -0.020860
v 0.403414 3.374652 -0.015751
v 0.548773 3.767664 0.017389
v 0.462424 3.749328 0.019307
v 0.367954 3.730280 0.027825
v -0.794629 -2.484111 7.506463
v -0.775860 -2.553679 7.489924
v -0.774995 -2.631727 7.463068
v -0.792068 -2.715257 7.426925
v -0.826422 -2.801058 7.382883
v -0.876736 -2.885833 7.332639
v -0.941079 -2.966325 7.278119
v -1.016976 -3.039440 7.221421
v -1.101511 -3.102368 7.164722
v -1.191435 -3.152691 7.110203
v -1.283295 -3.188476 7.059958
v -1.373556 -3.208345 7.015917
v -1.458753 -3.211537 6.979774
v -1.535611 -3.197929 6.952918
v -1.601176 -3.168044 6.936378
v -1.688880 -3.064616 6.936378
v -1.707649 -2.995049 6.952917
v -1.708513 -2.917000 6.979774
v -1.691441 -2.833471 7.015916
v -1.657087 -2.747670 7.059958
v -1.606772 -2.662894 7.110203
v -1.542430 -2.582402 7.164723
v -1.466532 -2.509287 7.221422
v -1.381997 -2.446359 7.278119
v -1.292073 -2.396036 7.332640
v -1.200215 -2.360252 7.382884
v -1.109952 -2.340382 7.426925
v -1.024756 -2.337190 7.463068
v -0.947898 -2.350798 7.489924
v -0.882333 -2.380683 7.506463
v -0.690287 -2.438690 7.917464
v -0.662428 -2.541953 7.892915
v -0.661145 -2.657804 7.853051
v -0.686486 -2.781792 7.799402
v -0.737480 -2.909152 7.734028
v -0.812164 -3.034987 7.659449
v -0.907670 -3.154465 7.578522
v -1.020328 -3.262993 7.494362
v -1.145808 -3.356401 7.410202
v -1.279288 -3.431097 7.329276
v -1.415639 -3.484214 7.254695
v -1.549619 -3.513708 7.189322
v -1.676080 -3.518446 7.135673
v -1.790165 -3.498247 7.095809
v -1.887487 -3.453887 7.071260
v -2.017670 -3.300364 7.071260
v -2.045529 -3.197101 7.095809
v -2.046813 -3.081250 7.135673
v -2.021472 -2.957263 7.189322
v -1.970478 -2.829904 7.254694
v -1.895793 -2.704067 7.329276
v -1.800287 -2.584589 7.410202
v -1.687628 -2.476061 7.494362
v -1.562149 -2.382653 7.578522
v -1.428669 -2.307956 7.659450
v -1.292320 -2.254841 7.734028
v -1.158339 -2.225347 7.799403
v -1.031877 -2.220608 7.853051
v -0.917792 -2.240807 7.892915
v -0.820471 -2.285167 7.917464
v -0.978709 -2.680579 8.178784
v -0.940140 -2.772177 8.165297
v -0.920568 -2.870140 8.143395
v -0.920746 -2.970703 8.113921
v -0.940671 -3.070005 8.078004
v -0.979570 -3.164223 8.037031
v -1.035955 -3.249743 7.992568
v -1.107655 -3.323276 7.946331
v -1.191918 -3.381996 7.900093
v -1.285502 -3.423646 7.855633
v -1.384813 -3.446626 7.814658
v -1.486034 -3.450054 7.778742
v -1.585275 -3.433796 7.749266
v -1.678722 -3.398478 7.727365
v -1.762785 -3.345457 7.713878
v -1.890319 -3.195059 7.713878
v -1.928889 -3.103461 7.727365
v -1.948461 -3.005499 7.749266
v -1.948282 -2.904935 7.778741
v -1.928358 -2.805634 7.814657
v -1.889458 -2.711414 7.855633
v -1.833074 -2.625895 7.900093
v -1.761372 -2.552361 7.946331
v -1.677111 -2.493642 7.992568
v -1.583526 -2.451991 8.037031
v -1.484217 -2.429013 8.078004
v -1.382994 -2.425584 8.113921
v -1.283754 -2.441843 8.143395
v -1.190307 -2.477161 8.165297
v -1.106243 -2.530181 8.178784
v -1.276525 -2.871008 8.193806
v -1.256487 -2.918596 8.186798
v -1.246318 -2.969490 8.175420
v -1.246411 -3.021736 8.160108
v -1.256763 -3.073325 8.141447
v -1.276972 -3.122275 8.120161
v -1.306265 -3.166705 8.097061
v -1.343516 -3.204907 8.073040
v -1.387292 -3.235414 8.049018
v -1.435912 -3.257052 8.025919
v -1.487506 -3.268991 8.004632
v -1.540094 -3.270772 7.985972
v -1.591652 -3.262325 7.970659
v -1.640201 -3.243976 7.959280
v -1.683874 -3.216430 7.952273
v -1.750131 -3.138294 7.952273
v -1.770170 -3.090707 7.959280
v -1.780337 -3.039813 7.970659
v -1.780245 -2.987567 7.985972
v -1.769894 -2.935978 8.004632
v -1.749684 -2.887028 8.025919
v -1.720390 -2.842598 8.049018
v -1.683140 -2.804396 8.073040
v -1.639364 -2.773889 8.097061
v -1.590744 -2.752250 8.120161
v -1.539150 -2.740312 8.141447
v -1.486562 -2.738531 8.160108
v -1.435004 -2.746978 8.175420
v -1.386455 -2.765327 8.186798
v -1.342782 -2.792872 8.193806
v -1.461324 -2.985730 8.224910
v -1.453813 -3.003569 8.222282
v -1.450001 -3.022648 8.218018
v -1.450036 -3.042233 8.212276
v -1.453916 -3.061573 8.205281
v -1.461492 -3.079923 8.197302
v -1.472473 -3.096578 8.188643
v -1.486437 -3.110899 8.179638
v -1.502848 -3.122335 8.170632
v -1.521074 -3.130447 8.161973
v -1.540416 -3.134923 8.153993
v -1.560129 -3.135590 8.146998
v -1.579457 -3.132424 8.141258
v -1.597656 -3.125545 8.136992
v -1.614028 -3.115219 8.134366
v -1.638866 -3.085928 8.134366
v -1.646378 -3.068089 8.136992
v -1.650189 -3.049010 8.141258
v -1.650154 -3.029424 8.146998
v -1.646274 -3.010085 8.153993
v -1.638698 -2.991735 8.161973
v -1.627717 -2.975080 8.170632
v -1.613753 -2.960759 8.179638
v -1.597342 -2.949323 8.188643
v -1.579116 -2.941211 8.197302
v -1.559775 -2.936736 8.205281
v -1.540061 -2.936068 8.212276
v -1.520733 -2.939234 8.218018
v -1.502534 -2.946113 8.222282
v -1.486162 -2.956439 8.224910
v -0.503367 -2.925660 8.206229
v -0.536167 -3.007580 8.164179
v -0.584206 -3.088521 8.116207
v -0.654049 -3.047172 8.408535
v -0.666865 -3.111046 8.385432
v -0.691885 -3.171649 8.359077
v -0.287786 -3.408811 8.791899
v -0.292687 -3.421052 8.785616
v -0.299865 -3.433146 8.778447
v -0.310301 -3.426967 8.822127
v -0.312216 -3.436512 8.818675
v -0.315954 -3.445567 8.814737
v -1.996108 -3.664077 7.022717
v -2.072018 -3.650637 6.996192
v -2.136774 -3.621121 6.979858
v -2.223396 -3.518970 6.979858
v -2.241932 -3.450260 6.996192
v -2.242786 -3.373175 7.022717
v -1.935688 -3.607753 7.430990
v -1.997866 -3.584252 7.416418
v -2.053800 -3.548974 7.407444
v -2.138658 -3.448901 7.407444
v -2.164322 -3.387954 7.416418
v -2.177345 -3.322772 7.430990
v -2.372051 -3.808743 7.007241
v -2.386341 -3.797237 6.990626
v -2.400610 -3.783703 6.980395
v -2.426909 -3.752689 6.980395
v -2.437929 -3.736400 6.990626
v -2.446945 -3.720422 7.007241
v -2.432843 -3.858748 7.106226
v -2.446482 -3.847171 7.095891
v -2.460238 -3.833724 7.089528
v -2.486002 -3.803341 7.089528
v -2.497020 -3.787572 7.095891
v -2.506213 -3.772225 7.106226
vn -0.0000 0.2381 0.9712
vn -0.0000 0.0349 0.9994
vn 0.2499 0.2321 0.9401
vn 0.2567 0.0307 0.9660
vn 0.4729 0.2151 0.8545
vn 0.4824 0.0220 0.8757
vn 0.6542 0.1904 0.7320
vn 0.6652 0.0099 0.7466
vn 0.8330 0.1664 0.5277
vn 0.8002 -0.0045 0.5997
vn 0.9010 0.0685 0.4283
vn 0.8933 -0.0184 0.4491
vn 0.9491 -0.0113 0.3149
vn 0.9537 -0.0321 0.2990
vn 0.9784 -0.0901 0.1862
vn 0.9876 -0.0433 0.1512
vn 0.9920 -0.1129 0.0560
vn 0.9986 -0.0517 0.0053
vn 0.9811 -0.1569 -0.1133
vn 0.9883 -0.0574 -0.1410
vn 0.9407 -0.1882 -0.2823
vn 0.9553 -0.0603 -0.2894
vn 0.8798 -0.1816 -0.4392
vn 0.8956 -0.0604 -0.4407
vn 0.7857 -0.1495 -0.6003
vn 0.8028 -0.0583 -0.5934
vn 0.6473 -0.0861 -0.7574
vn 0.6686 -0.0546 -0.7416
vn 0.4375 0.0663 -0.8968
vn 0.4867 -0.0501 -0.8722
vn 0.2485 0.1119 -0.9621
vn 0.2585 -0.0462 -0.9649
vn -0.0000 0.0940 -0.9956
vn -0.0000 -0.0445 -0.9990
vn -0.2126 0.0946 -0.9726
vn -0.2588 -0.0455 -0.9649
vn -0.3430 0.1447 -0.9281
vn -0.4874 -0.0474 -0.8719
vn -0.5582 0.1865 -0.8085
vn -0.6689 -0.0500 -0.7417
vn -0.7835 0.1239 -0.6089
vn -0.8026 -0.0539 -0.5941
vn -0.8817 0.1083 -0.4593
vn -0.8956 -0.0571 -0.4413
vn -0.9465 0.0959 -0.3081
vn -0.9553 -0.0581 -0.2899
vn -0.9835 0.0888 -0.1577
vn -0.9883 -0.0563 -0.1414
vn -0.9960 0.0884 -0.0085
vn -0.9987 -0.0517 0.0049
vn -0.9855 0.0952 0.1405
vn -0.9875 -0.0440 0.1511
vn -0.9498 0.1124 0.2919
vn -0.9537 -0.0334 0.2988
vn -0.8871 0.1363 0.4410
vn -0.8933 -0.0203 0.4490
vn -0.7907 0.1627 0.5902
vn -0.7998 -0.0054 0.6003
vn -0.6542 0.1904 0.7320
vn -0.6652 0.0099 0.7466
vn -0.4729 0.2151 0.8545
vn -0.4824 0.0220 0.8757
vn -0.2499 0.2321 0.9401
vn -0.2567 0.0307 0.9660
vn -0.0000 0.4929 0.8701
vn 0.1812 0.4996 0.8471
vn 0.3486 0.5175 0.7815
vn 0.4942 0.5401 0.6812
vn 0.6084 0.5663 0.5561
vn 0.6989 0.5838 0.4132
vn 0.6974 0.6651 0.2671
vn 0.5962 0.8003 0.0639
vn 0.5083 0.8580 -0.0742
vn 0.4391 0.8815 -0.1739
vn 0.3824 0.8883 -0.2543
vn 0.3331 0.8842 -0.3274
vn 0.2874 0.8688 -0.4033
vn 0.2405 0.8354 -0.4942
vn 0.1829 0.7082 -0.6820
vn 0.1279 0.6814 -0.7206
vn -0.0000 0.6864 -0.7272
vn -0.1188 0.6923 -0.7118
vn -0.2396 0.6977 -0.6751
vn -0.3661 0.6906 -0.6237
vn -0.4848 0.6731 -0.5585
vn -0.5938 0.6545 -0.4680
vn -0.6855 0.6370 -0.3526
vn -0.7523 0.6225 -0.2159
vn -0.7886 0.6116 -0.0642
vn -0.7917 0.6035 0.0950
vn -0.7627 0.5924 0.2595
vn -0.7044 0.5775 0.4126
vn -0.6135 0.5611 0.5557
vn -0.4942 0.5401 0.6812
vn -0.3486 0.5175 0.7815
vn -0.1812 0.4996 0.8471
vn -0.0000 0.6262 0.7797
vn 0.1459 0.6292 0.7634
vn 0.2867 0.6372 0.7154
vn 0.4175 0.6463 0.6388
vn 0.5350 0.6499 0.5398
vn 0.6394 0.6411 0.4245
vn 0.7305 0.6139 0.2992
vn 0.8133 0.5629 0.1476
vn 0.8519 0.5231 -0.0252
vn 0.8386 0.5015 -0.2129
vn 0.7533 0.5247 -0.3966
vn 0.5774 0.6251 -0.5253
vn 0.3528 0.7727 -0.5277
vn 0.1881 0.8712 -0.4534
vn 0.0977 0.9149 -0.3917
vn 0.0450 0.9315 -0.3611
vn -0.0000 0.9358 -0.3526
vn -0.0450 0.9315 -0.3611
vn -0.0977 0.9149 -0.3917
vn -0.1881 0.8713 -0.4534
vn -0.3528 0.7727 -0.5277
vn -0.5774 0.6251 -0.5253
vn -0.7533 0.5247 -0.3966
vn -0.8386 0.5015 -0.2129
vn -0.8519 0.5231 -0.0252
vn -0.8133 0.5629 0.1476
vn -0.7305 0.6139 0.2992
vn -0.6394 0.6411 0.4245
vn -0.5350 0.6499 0.5398
vn -0.4175 0.6463 0.6388
vn -0.2867 0.6372 0.7154
vn -0.1459 0.6292 0.7634
vn -0.0000 0.0432 0.9991
vn 0.2750 0.1358 0.9518
vn 0.5331 0.2021 0.8215
vn 0.7131 0.2263 0.6635
vn 0.8309 0.2296 0.5068
vn 0.9059 0.2209 0.3612
vn 0.9525 0.2037 0.2262
vn 0.9790 0.1782 0.0994
vn 0.9890 0.1459 -0.0229
vn 0.9963 0.0345 -0.0785
vn 0.9598 -0.1914 -0.2051
vn 0.8698 -0.3536 -0.3441
vn 0.7551 -0.4635 -0.4636
vn 0.6160 -0.5339 -0.5792
vn 0.3957 -0.3677 -0.8416
vn 0.2680 -0.3261 -0.9066
vn -0.0000 -0.3797 -0.9251
vn -0.2891 -0.4103 -0.8649
vn -0.5130 -0.4329 -0.7413
vn -0.6663 -0.4398 -0.6022
vn -0.7728 -0.4356 -0.4616
vn -0.8417 -0.4277 -0.3297
vn -0.8850 -0.4169 -0.2073
vn -0.9104 -0.4034 -0.0919
vn -0.9219 -0.3870 0.0203
vn -0.9207 -0.3669 0.1331
vn -0.9056 -0.3422 0.2506
vn -0.8724 -0.3112 0.3768
vn -0.8131 -0.2714 0.5150
vn -0.7140 -0.2190 0.6650
vn -0.5563 -0.1492 0.8174
vn -0.3242 -0.0591 0.9441
vn -0.2048 0.1536 0.9667
vn 0.0630 0.3573 0.9319
vn 0.3180 0.4884 0.8126
vn 0.4990 0.5553 0.6653
vn 0.6241 0.5800 0.5236
vn 0.7106 0.5811 0.3967
vn 0.7722 0.5684 0.2840
vn 0.8178 0.5460 0.1819
vn 0.8537 0.5138 0.0852
vn 0.8830 0.4693 -0.0098
vn 0.9059 0.4099 -0.1062
vn 0.9204 0.3321 -0.2064
vn 0.9214 0.2308 -0.3127
vn 0.8997 0.0995 -0.4251
vn 0.8398 -0.0670 -0.5387
vn 0.7226 -0.2658 -0.6381
vn 0.5387 -0.4751 -0.6958
vn 0.3091 -0.6573 -0.6873
vn 0.0651 -0.7819 -0.6200
vn -0.1300 -0.8432 -0.5216
vn -0.2808 -0.8697 -0.4059
vn -0.3948 -0.8705 -0.2937
vn -0.4810 -0.8564 -0.1875
vn -0.5467 -0.8329 -0.0860
vn -0.5970 -0.8021 0.0137
vn -0.6350 -0.7639 0.1149
vn -0.6620 -0.7161 0.2212
vn -0.6770 -0.6545 0.3365
vn -0.6758 -0.5719 0.4650
vn -0.6485 -0.4575 0.6085
vn -0.5759 -0.2977 0.7614
vn -0.4317 -0.0864 0.8979
vn -0.4486 0.3804 0.8087
vn -0.2017 0.6039 0.7711
vn 0.0467 0.7330 0.6786
vn 0.2523 0.7839 0.5673
vn 0.4088 0.7889 0.4589
vn 0.5265 0.7703 0.3598
vn 0.6175 0.7389 0.2696
vn 0.6908 0.6987 0.1861
vn 0.7524 0.6500 0.1064
vn 0.8063 0.5909 0.0281
vn 0.8540 0.5177 -0.0513
vn 0.8953 0.4249 -0.1342
vn 0.9264 0.3041 -0.2222
vn 0.9379 0.1452 -0.3149
vn 0.9117 -0.0600 -0.4064
vn 0.8224 -0.3056 -0.4798
vn 0.6565 -0.5567 -0.5090
vn 0.4359 -0.7614 -0.4798
vn 0.2082 -0.8896 -0.4064
vn 0.0100 -0.9491 -0.3149
vn -0.1486 -0.9636 -0.2222
vn -0.2729 -0.9527 -0.1342
vn -0.3712 -0.9271 -0.0513
vn -0.4512 -0.8920 0.0281
vn -0.5183 -0.8486 0.1064
vn -0.5764 -0.7957 0.1861
vn -0.6281 -0.7299 0.2696
vn -0.6739 -0.6453 0.3598
vn -0.7115 -0.5322 0.4589
vn -0.7321 -0.3770 0.5673
vn -0.7155 -0.1659 0.6786
vn -0.6287 0.1002 0.7711
vn -0.6271 0.5318 0.5692
vn -0.3821 0.7486 0.5418
vn -0.1285 0.8707 0.4747
vn 0.0889 0.9147 0.3943
vn 0.2609 0.9122 0.3161
vn 0.3955 0.8853 0.2445
vn 0.5035 0.8452 0.1790
vn 0.5934 0.7962 0.1179
vn 0.6712 0.7389 0.0591
vn 0.7408 0.6718 0.0006
vn 0.8044 0.5910 -0.0595
vn 0.8625 0.4907 -0.1235
vn 0.9121 0.3616 -0.1931
vn 0.9441 0.1912 -0.2687
vn 0.9377 -0.0322 -0.3458
vn 0.8600 -0.3043 -0.4097
vn 0.6865 -0.5822 -0.4357
vn 0.4407 -0.7987 -0.4097
vn 0.1850 -0.9199 -0.3458
vn -0.0343 -0.9626 -0.2687
vn -0.2076 -0.9590 -0.1931
vn -0.3431 -0.9311 -0.1235
vn -0.4516 -0.8902 -0.0595
vn -0.5417 -0.8406 0.0006
vn -0.6193 -0.7829 0.0591
vn -0.6885 -0.7156 0.1179
vn -0.7516 -0.6349 0.1790
vn -0.8088 -0.5349 0.2445
vn -0.8573 -0.4064 0.3161
vn -0.8878 -0.2372 0.3943
vn -0.8800 -0.0155 0.4747
vn -0.8010 0.2546 0.5418
vn -0.6656 0.5644 0.4883
vn -0.4186 0.7819 0.4619
vn -0.1622 0.9032 0.3973
vn 0.0576 0.9457 0.3200
vn 0.2316 0.9413 0.2455
vn 0.3682 0.9125 0.1782
vn 0.4782 0.8704 0.1175
vn 0.5701 0.8193 0.0615
vn 0.6500 0.7599 0.0079
vn 0.7216 0.6908 -0.0456
vn 0.7873 0.6082 -0.1010
vn 0.8473 0.5062 -0.1605
vn 0.8988 0.3756 -0.2261
vn 0.9324 0.2038 -0.2984
vn 0.9276 -0.0209 -0.3730
vn 0.8508 -0.2945 -0.4353
vn 0.6770 -0.5741 -0.4606
vn 0.4296 -0.7912 -0.4353
vn 0.1722 -0.9117 -0.3730
vn -0.0487 -0.9532 -0.2984
vn -0.2236 -0.9481 -0.2261
vn -0.3609 -0.9187 -0.1605
vn -0.4714 -0.8761 -0.1010
vn -0.5636 -0.8248 -0.0456
vn -0.6435 -0.7654 0.0079
vn -0.7151 -0.6963 0.0615
vn -0.7805 -0.6140 0.1175
vn -0.8401 -0.5124 0.1782
vn -0.8908 -0.3823 0.2455
vn -0.9235 -0.2114 0.3200
vn -0.9176 0.0124 0.3973
vn -0.8398 0.2852 0.4619
vn 0.9960 -0.0896 0.0057
vn 0.9979 -0.0103 -0.0633
vn -0.2755 -0.0061 -0.9613
vn -0.5126 -0.0184 -0.8584
vn -0.9568 -0.0797 0.2798
vn -0.9036 -0.0679 0.4231
vn 0.8188 -0.0525 0.5717
vn 0.9036 -0.0679 0.4231
vn 0.5982 0.3004 -0.7429
vn 0.4522 0.0711 -0.8891
vn -0.9595 -0.0795 -0.2703
vn -0.9876 -0.0870 -0.1305
vn -0.0000 0.0006 1.0000
vn 0.2747 -0.0032 0.9615
vn -0.2747 -0.0032 0.9615
vn 0.9393 0.2438 -0.2416
vn -0.6942 -0.0349 -0.7190
vn -0.8188 -0.0525 0.5717
vn 0.9568 -0.0797 0.2798
vn 0.2755 -0.0061 -0.9613
vn -0.9960 -0.0896 0.0057
vn 0.5096 -0.0165 0.8602
vn 0.8458 0.3611 -0.3928
vn -0.8221 -0.0522 -0.5670
vn -0.6915 -0.0351 0.7216
vn 0.9861 -0.0871 0.1415
vn -0.0000 -0.0015 -1.0000
vn -0.9861 -0.0871 0.1415
vn 0.6915 -0.0351 0.7216
vn 0.7346 0.3937 -0.5526
vn -0.9069 -0.0676 -0.4158
vn -0.5096 -0.0165 0.8602
vn 0.9513 -0.1861 0.2459
vn 0.9270 -0.3391 -0.1602
vn 0.8088 -0.4580 -0.3690
vn 0.7217 -0.5929 -0.3572
vn 0.4471 -0.8028 -0.3944
vn -0.0050 -0.6397 -0.7686
vn 0.9644 0.1538 0.2151
vn 0.1010 0.9688 -0.2264
vn -0.1735 0.4995 -0.8488
vn 0.9505 0.3030 -0.0685
vn 0.8287 0.3794 -0.4115
vn 0.7789 0.3679 -0.5079
vn 0.7902 -0.5851 -0.1821
vn 0.3637 -0.9199 -0.1467
vn -0.6289 -0.7699 -0.1088
vn 0.1609 0.9846 -0.0682
vn -0.4875 0.8717 -0.0501
vn 0.5698 0.8217 -0.0136
vn 0.7368 -0.6743 0.0495
vn 0.2873 -0.9547 0.0771
vn -0.5596 -0.8221 0.1047
vn 0.1337 0.9843 -0.1155
vn -0.4806 0.8722 -0.0914
vn 0.7083 0.6984 -0.1027
vn 0.5729 -0.7407 0.3510
vn 0.0494 -0.9115 0.4084
vn -0.7117 -0.5614 0.4222
vn 0.1853 0.9194 -0.3469
vn -0.5472 0.8202 -0.1669
vn 0.7095 0.7046 -0.0107
vn 0.5985 -0.7265 -0.3377
vn 0.1734 -0.9163 -0.3610
vn -0.5370 -0.7805 -0.3202
vn 0.0748 0.3582 -0.9306
vn -0.6560 0.4455 -0.6092
vn 0.8297 0.3406 -0.4422
vn -0.0000 0.7627 0.6468
vn 0.1150 0.7559 0.6445
vn 0.2335 0.7351 0.6365
vn 0.3598 0.6975 0.6198
vn 0.4969 0.6370 0.5893
vn 0.6454 0.5440 0.5362
vn 0.7952 0.4125 0.4443
vn 0.9328 0.2231 0.2831
vn 0.9970 -0.0091 0.0771
vn 0.9577 -0.2296 -0.1734
vn 0.8199 -0.3706 -0.4364
vn 0.6249 -0.3827 -0.6804
vn 0.4191 -0.2581 -0.8705
vn 0.2464 -0.0788 -0.9660
vn 0.1302 0.0502 -0.9902
vn 0.0591 0.1192 -0.9911
vn -0.0000 0.1418 -0.9899
vn -0.0591 0.1192 -0.9911
vn -0.1302 0.0502 -0.9902
vn -0.2464 -0.0788 -0.9660
vn -0.4191 -0.2581 -0.8705
vn -0.6249 -0.3827 -0.6804
vn -0.8199 -0.3706 -0.4364
vn -0.9577 -0.2296 -0.1734
vn -0.9970 -0.0091 0.0771
vn -0.9328 0.2231 0.2831
vn -0.7952 0.4125 0.4443
vn -0.6454 0.5440 0.5362
vn -0.4969 0.6370 0.5893
vn -0.3598 0.6975 0.6198
vn -0.2335 0.7351 0.6365
vn -0.1150 0.7559 0.6445
vn -0.0000 0.8966 0.4428
vn 0.1138 0.8901 0.4413
vn 0.2316 0.8693 0.4367
vn 0.3572 0.8304 0.4275
vn 0.4938 0.7663 0.4111
vn 0.6418 0.6648 0.3823
vn 0.7936 0.5094 0.3328
vn 0.9245 0.2858 0.2524
vn 0.9904 0.0026 0.1380
vn 0.9566 -0.2914 0.0066
vn 0.8373 -0.5354 -0.1107
vn 0.6808 -0.7054 -0.1972
vn 0.5231 -0.8132 -0.2551
vn 0.3772 -0.8788 -0.2922
vn 0.2439 -0.9172 -0.3152
vn 0.1197 -0.9372 -0.3277
vn -0.0000 -0.9434 -0.3318
vn -0.1197 -0.9372 -0.3277
vn -0.2439 -0.9172 -0.3152
vn -0.3772 -0.8788 -0.2922
vn -0.5231 -0.8132 -0.2551
vn -0.6808 -0.7054 -0.1972
vn -0.8373 -0.5354 -0.1107
vn -0.9566 -0.2914 0.0066
vn -0.9904 0.0026 0.1380
vn -0.9245 0.2858 0.2524
vn -0.7936 0.5094 0.3328
vn -0.6418 0.6648 0.3823
vn -0.4938 0.7663 0.4111
vn -0.3572 0.8304 0.4275
vn -0.2316 0.8693 0.4367
vn -0.1138 0.8901 0.4413
vn -0.0000 0.9720 0.2350
vn 0.1214 0.9645 0.2346
vn 0.2468 0.9405 0.2335
vn 0.3799 0.8957 0.2310
vn 0.5233 0.8217 0.2258
vn 0.6754 0.7052 0.2157
vn 0.8252 0.5294 0.1970
vn 0.9441 0.2848 0.1659
vn 0.9925 -0.0114 0.1220
vn 0.9485 -0.3085 0.0713
vn 0.8317 -0.5548 0.0233
vn 0.6817 -0.7314 -0.0155
vn 0.5283 -0.8479 -0.0438
vn 0.3835 -0.9214 -0.0631
vn 0.2491 -0.9655 -0.0754
vn 0.1225 -0.9891 -0.0822
vn -0.0000 -0.9964 -0.0844
vn -0.1225 -0.9891 -0.0822
vn -0.2491 -0.9655 -0.0754
vn -0.3835 -0.9214 -0.0631
vn -0.5283 -0.8479 -0.0438
vn -0.6817 -0.7314 -0.0155
vn -0.8317 -0.5548 0.0233
vn -0.9485 -0.3085 0.0713
vn -0.9925 -0.0114 0.1220
vn -0.9441 0.2848 0.1659
vn -0.8252 0.5294 0.1970
vn -0.6754 0.7052 0.2157
vn -0.5233 0.8217 0.2258
vn -0.3799 0.8957 0.2310
vn -0.2468 0.9405 0.2335
vn -0.1214 0.9645 0.2346
vn -0.0000 0.9996 0.0281
vn 0.1215 0.9922 0.0269
vn 0.2470 0.9687 0.0229
vn 0.3804 0.9247 0.0159
vn 0.5241 0.8516 0.0049
vn 0.6769 0.7360 -0.0110
vn 0.8275 0.5605 -0.0328
vn 0.9474 0.3144 -0.0595
vn 0.9961 0.0146 -0.0873
vn 0.9514 -0.2874 -0.1103
vn 0.8333 -0.5385 -0.1251
vn 0.6824 -0.7188 -0.1326
vn 0.5284 -0.8381 -0.1357
vn 0.3834 -0.9134 -0.1367
vn 0.2490 -0.9588 -0.1368
vn 0.1224 -0.9830 -0.1366
vn -0.0000 -0.9906 -0.1366
vn -0.1224 -0.9830 -0.1366
vn -0.2490 -0.9588 -0.1368
vn -0.3834 -0.9134 -0.1367
vn -0.5284 -0.8381 -0.1357
vn -0.6824 -0.7188 -0.1326
vn -0.8333 -0.5384 -0.1251
vn -0.9514 -0.2874 -0.1103
vn -0.9961 0.0146 -0.0873
vn -0.9474 0.3144 -0.0595
vn -0.8275 0.5605 -0.0328
vn -0.6769 0.7360 -0.0110
vn -0.5241 0.8516 0.0049
vn -0.3804 0.9247 0.0159
vn -0.2470 0.9687 0.0229
vn -0.1215 0.9922 0.0269
vn -0.0000 0.9948 0.1017
vn 0.1228 0.9875 0.0985
vn 0.2497 0.9643 0.0883
vn 0.3847 0.9204 0.0698
vn 0.5301 0.8470 0.0405
vn 0.6837 0.7298 -0.0026
vn 0.8321 0.5513 -0.0614
vn 0.9437 0.3032 -0.1324
vn 0.9792 0.0079 -0.2028
vn 0.9241 -0.2813 -0.2585
vn 0.8038 -0.5169 -0.2944
vn 0.6568 -0.6855 -0.3143
vn 0.5088 -0.7975 -0.3242
vn 0.3696 -0.8691 -0.3287
vn 0.2403 -0.9126 -0.3307
vn 0.1182 -0.9360 -0.3314
vn -0.0000 -0.9434 -0.3316
vn -0.1182 -0.9360 -0.3314
vn -0.2403 -0.9126 -0.3307
vn -0.3696 -0.8691 -0.3287
vn -0.5088 -0.7975 -0.3242
vn -0.6568 -0.6855 -0.3143
vn -0.8038 -0.5169 -0.2944
vn -0.9241 -0.2813 -0.2585
vn -0.9792 0.0079 -0.2028
vn -0.9437 0.3032 -0.1324
vn -0.8321 0.5513 -0.0614
vn -0.6837 0.7298 -0.0026
vn -0.5301 0.8470 0.0405
vn -0.3847 0.9204 0.0698
vn -0.2497 0.9643 0.0883
vn -0.1228 0.9875 0.0985
vn -0.0000 0.9614 0.2752
vn 0.1214 0.9554 0.2691
vn 0.2475 0.9361 0.2499
vn 0.3825 0.8987 0.2147
vn 0.5292 0.8336 0.1584
vn 0.6842 0.7255 0.0743
vn 0.8303 0.5557 -0.0415
vn 0.9309 0.3173 -0.1808
vn 0.9470 0.0377 -0.3191
vn 0.8735 -0.2279 -0.4302
vn 0.7446 -0.4371 -0.5044
vn 0.5999 -0.5829 -0.5481
vn 0.4607 -0.6785 -0.5722
vn 0.3330 -0.7394 -0.5851
vn 0.2159 -0.7765 -0.5919
vn 0.1061 -0.7966 -0.5952
vn -0.0000 -0.8029 -0.5961
vn -0.1061 -0.7966 -0.5952
vn -0.2159 -0.7765 -0.5919
vn -0.3330 -0.7394 -0.5851
vn -0.4607 -0.6785 -0.5722
vn -0.5999 -0.5829 -0.5481
vn -0.7446 -0.4371 -0.5044
vn -0.8735 -0.2279 -0.4302
vn -0.9470 0.0377 -0.3191
vn -0.9309 0.3173 -0.1808
vn -0.8303 0.5557 -0.0415
vn -0.6842 0.7255 0.0743
vn -0.5292 0.8336 0.1584
vn -0.3825 0.8987 0.2147
vn -0.2475 0.9361 0.2499
vn -0.1214 0.9554 0.2691
vn -0.0000 0.8459 -0.5334
vn 0.0909 0.8392 -0.5362
vn 0.1835 0.8179 -0.5453
vn 0.2791 0.7790 -0.5615
vn 0.3768 0.7165 -0.5871
vn 0.4723 0.6221 -0.6245
vn 0.5529 0.4873 -0.6759
vn 0.5963 0.3133 -0.7391
vn 0.5817 0.1234 -0.8040
vn 0.5144 -0.0435 -0.8564
vn 0.4231 -0.1645 -0.8910
vn 0.3322 -0.2431 -0.9114
vn 0.2510 -0.2924 -0.9228
vn 0.1797 -0.3230 -0.9292
vn 0.1159 -0.3415 -0.9327
vn 0.0568 -0.3514 -0.9345
vn -0.0000 -0.3546 -0.9350
vn -0.0568 -0.3514 -0.9345
vn -0.1159 -0.3415 -0.9327
vn -0.1797 -0.3230 -0.9292
vn -0.2510 -0.2924 -0.9228
vn -0.3322 -0.2431 -0.9114
vn -0.4231 -0.1645 -0.8910
vn -0.5145 -0.0435 -0.8564
vn -0.5817 0.1234 -0.8040
vn -0.5963 0.3133 -0.7392
vn -0.5529 0.4873 -0.6759
vn -0.4723 0.6221 -0.6245
vn -0.3768 0.7165 -0.5871
vn -0.2790 0.7790 -0.5615
vn -0.1835 0.8179 -0.5453
vn -0.0909 0.8392 -0.5362
vn 0.8961 0.1220 0.4268
vn 0.9592 0.0308 0.2812
vn 0.9908 0.0096 0.1352
vn 0.9975 -0.0673 0.0197
vn 0.9852 -0.1102 -0.1314
vn 0.9515 -0.0937 -0.2931
vn 0.8940 -0.0713 -0.4424
vn 0.8759 -0.1939 -0.4418
vn 0.6169 -0.4804 -0.6234
vn 0.2520 -0.1670 -0.9532
vn 0.8487 0.2576 0.4619
vn 0.8649 0.3995 0.3038
vn 0.8721 0.4759 0.1136
vn 0.8592 0.5078 -0.0621
vn 0.8227 0.5224 -0.2242
vn 0.7603 0.5313 -0.3736
vn 0.6750 0.5355 -0.5075
vn 0.6240 0.6410 -0.4469
vn 0.2052 0.9015 -0.3811
vn 0.0201 0.7308 -0.6823
vn 0.8802 -0.3572 -0.3126
vn 0.3083 -0.6994 -0.6448
vn -0.5487 -0.6074 -0.5744
vn 0.7175 0.6962 0.0204
vn -0.0592 0.9945 0.0860
vn -0.8171 0.5737 0.0571
vn 0.9121 -0.2326 -0.3376
vn -0.0247 -0.9898 -0.1406
vn -0.7924 -0.6048 0.0800
vn 0.5716 0.8199 0.0325
vn 0.0451 0.9976 0.0533
vn -0.6516 0.7581 0.0289
vn 0.8523 -0.4393 0.2839
vn 0.2354 -0.9212 0.3098
vn -0.3575 -0.9068 0.2232
vn 0.3350 0.9236 -0.1864
vn -0.3183 0.9346 -0.1586
vn -0.9290 0.3699 -0.0048
vn 0.9437 -0.3238 0.0672
vn 0.3462 -0.9297 0.1259
vn -0.4445 -0.8904 0.0977
vn 0.3343 0.9401 -0.0666
vn -0.3456 0.9322 -0.1074
vn -0.9204 0.3818 -0.0843
vn 0.8917 -0.4270 0.1499
vn 0.1388 -0.8776 0.4589
vn -0.5646 -0.6149 0.5506
vn 0.4765 0.8449 -0.2428
vn -0.2159 0.8989 -0.3812
vn -0.7391 0.6160 -0.2725
vn 0.7044 -0.6055 -0.3704
vn 0.1657 -0.8605 -0.4817
vn -0.5160 -0.7975 -0.3126
vn 0.4386 0.5093 -0.7404
vn -0.1452 0.4675 -0.8720
vn -0.8436 0.2674 -0.4657
vn -0.7591 0.6437 0.0967
vn -0.5236 0.8478 0.0838
vn -0.2744 0.9603 0.0510
vn -0.0565 0.9984 0.0089
vn 0.1185 0.9923 -0.0353
vn 0.2569 0.9632 -0.0795
vn 0.3679 0.9216 -0.1240
vn 0.4593 0.8719 -0.1698
vn 0.5367 0.8150 -0.2185
vn 0.6036 0.7496 -0.2718
vn 0.6617 0.6724 -0.3317
vn 0.7109 0.5782 -0.4004
vn 0.7477 0.4588 -0.4800
vn 0.7633 0.3032 -0.5705
vn 0.7395 0.1006 -0.6656
vn 0.6499 -0.1473 -0.7456
vn 0.4788 -0.4060 -0.7784
vn 0.2515 -0.6171 -0.7456
vn 0.0216 -0.7460 -0.6656
vn -0.1744 -0.8026 -0.5705
vn -0.3304 -0.8127 -0.4800
vn -0.4542 -0.7958 -0.4004
vn -0.5552 -0.7627 -0.3317
vn -0.6409 -0.7179 -0.2718
vn -0.7163 -0.6626 -0.2185
vn -0.7851 -0.5956 -0.1698
vn -0.8491 -0.5135 -0.1240
vn -0.9082 -0.4108 -0.0795
vn -0.9596 -0.2791 -0.0353
vn -0.9942 -0.1074 0.0089
vn -0.9922 0.1137 0.0510
vn -0.9220 0.3780 0.0838
vn -0.7132 0.6048 0.3544
vn -0.4830 0.8124 0.3267
vn -0.2439 0.9357 0.2548
vn -0.0359 0.9863 0.1608
vn -0.1048 0.9913 -0.0800
vn 0.0815 0.9191 -0.3855
vn 0.3923 0.8831 -0.2573
vn 0.4608 0.8725 -0.1627
vn 0.5505 0.8093 -0.2048
vn 0.6366 0.7336 -0.2379
vn 0.7199 0.6412 -0.2656
vn 0.7986 0.5260 -0.2925
vn 0.8663 0.3801 -0.3241
vn 0.7674 0.4391 -0.4672
vn 0.1824 0.2556 -0.9494
vn 0.0847 0.1331 -0.9875
vn -0.0149 0.0126 -0.9998
vn -0.1175 -0.1054 -0.9875
vn -0.2223 -0.2217 -0.9494
vn -0.3078 -0.8289 -0.4672
vn -0.2334 -0.9168 -0.3241
vn -0.3885 -0.8738 -0.2925
vn -0.5149 -0.8150 -0.2656
vn -0.6197 -0.7479 -0.2379
vn -0.7085 -0.6753 -0.2048
vn -0.7854 -0.5972 -0.1627
vn -0.8548 -0.5095 -0.0987
vn -0.9096 -0.4150 -0.0222
vn -0.9549 -0.2898 0.0648
vn -0.9789 -0.1258 0.1608
vn -0.9630 0.0877 0.2548
vn -0.8804 0.3437 0.3267
vn -0.2506 0.2125 0.9445
vn -0.1437 0.3367 0.9306
vn -0.0317 0.4545 0.8902
vn 0.0905 0.5565 0.8259
vn -0.0617 -0.0084 0.9981
vn 0.2936 -0.3130 0.9032
vn 0.7312 0.3942 0.5568
vn 0.6061 0.6158 0.5033
vn 0.7140 0.5460 0.4383
vn 0.8061 0.4447 0.3905
vn 0.8776 0.3155 0.3609
vn 0.9228 0.1641 0.3487
vn 0.9366 -0.0000 0.3503
vn 0.8970 -0.0949 0.4316
vn 0.6853 -0.3249 0.6518
vn 0.6348 -0.4114 0.6540
vn 0.5767 -0.4890 0.6544
vn 0.5096 -0.5591 0.6540
vn 0.4325 -0.6229 0.6518
vn 0.2403 -0.8695 0.4316
vn 0.1531 -0.9240 0.3503
vn -0.0111 -0.9372 0.3487
vn -0.1678 -0.9174 0.3609
vn -0.3070 -0.8679 0.3905
vn -0.4220 -0.7936 0.4383
vn -0.5085 -0.6986 0.5033
vn -0.5740 -0.5783 0.5797
vn -0.6001 -0.4573 0.6563
vn -0.5857 -0.3207 0.7444
vn -0.5342 -0.1802 0.8259
vn -0.4536 -0.0430 0.8902
vn -0.3557 0.0868 0.9306
vn -0.0628 0.0532 0.9966
vn 0.0132 0.1304 0.9914
vn 0.0985 0.1941 0.9760
vn 0.1898 0.2419 0.9516
vn 0.2837 0.2721 0.9195
vn 0.3770 0.2837 0.8817
vn 0.4668 0.2766 0.8400
vn 0.5504 0.2509 0.7963
vn 0.6253 0.2073 0.7523
vn 0.6892 0.1469 0.7095
vn 0.7397 0.0709 0.6692
vn 0.7743 -0.0187 0.6325
vn 0.7907 -0.1193 0.6005
vn 0.7864 -0.2273 0.5743
vn 0.7602 -0.3381 0.5548
vn 0.7118 -0.4460 0.5427
vn 0.6426 -0.5449 0.5386
vn 0.5563 -0.6293 0.5427
vn 0.4578 -0.6947 0.5548
vn 0.3528 -0.7387 0.5743
vn 0.2469 -0.7605 0.6005
vn 0.1450 -0.7609 0.6325
vn 0.0509 -0.7414 0.6692
vn -0.0323 -0.7040 0.7095
vn -0.1023 -0.6508 0.7523
vn -0.1576 -0.5840 0.7963
vn -0.1966 -0.5057 0.8400
vn -0.2183 -0.4183 0.8817
vn -0.2220 -0.3244 0.9195
vn -0.2076 -0.2268 0.9516
vn -0.1754 -0.1289 0.9760
vn -0.1265 -0.0344 0.9914
vn 0.0960 -0.0815 0.9920
vn 0.1430 -0.0348 0.9891
vn 0.1960 0.0022 0.9806
vn 0.2522 0.0282 0.9673
vn 0.3091 0.0425 0.9501
vn 0.3644 0.0454 0.9301
vn 0.4163 0.0373 0.9085
vn 0.4634 0.0191 0.8860
vn 0.5046 -0.0086 0.8633
vn 0.5388 -0.0449 0.8412
vn 0.5651 -0.0888 0.8202
vn 0.5823 -0.1394 0.8009
vn 0.5895 -0.1952 0.7838
vn 0.5856 -0.2546 0.7696
vn 0.5701 -0.3151 0.7588
vn 0.5429 -0.3738 0.7520
vn 0.5047 -0.4279 0.7498
vn 0.4576 -0.4745 0.7520
vn 0.4040 -0.5109 0.7588
vn 0.3469 -0.5362 0.7696
vn 0.2889 -0.5497 0.7838
vn 0.2327 -0.5517 0.8009
vn 0.1800 -0.5430 0.8202
vn 0.1324 -0.5242 0.8412
vn 0.0910 -0.4964 0.8633
vn 0.0569 -0.4603 0.8860
vn 0.0312 -0.4168 0.9085
vn 0.0147 -0.3669 0.9301
vn 0.0085 -0.3119 0.9501
vn 0.0134 -0.2534 0.9673
vn 0.0298 -0.1937 0.9806
vn 0.0577 -0.1354 0.9891
vn -0.9111 0.3995 -0.1017
vn -0.0643 0.8039 -0.5912
vn 0.5798 0.6747 -0.4568
vn -0.3553 -0.5460 0.7587
vn 0.2159 -0.6084 0.7637
vn 0.8399 -0.3308 0.4302
vn -0.6092 0.7747 0.1697
vn 0.1375 0.9575 -0.2537
vn 0.5074 0.7643 -0.3980
vn -0.2169 0.2345 0.9476
vn 0.3975 0.3651 0.8419
vn 0.7817 0.2639 0.5651
vn 0.5470 0.5653 -0.6174
vn 0.1503 0.2791 -0.9484
vn 0.0096 0.1792 -0.9838
vn -0.0943 0.0800 -0.9923
vn -0.1752 -0.0387 -0.9838
vn -0.2508 -0.1939 -0.9484
vn -0.4683 -0.6321 -0.6174
vn 0.8563 0.1706 0.4875
vn 0.5120 -0.3110 0.8007
vn 0.4835 -0.3504 0.8022
vn 0.4553 -0.3861 0.8023
vn 0.4247 -0.4197 0.8022
vn 0.3905 -0.4543 0.8007
vn -0.0283 -0.8726 0.4875
vn 0.8029 0.3222 -0.5015
vn 0.6786 0.1175 -0.7251
vn 0.5315 -0.0696 -0.8442
vn 0.3457 -0.2931 -0.8914
vn 0.1555 -0.5130 -0.8442
vn -0.0050 -0.6887 -0.7251
vn -0.1866 -0.8448 -0.5015
vn 0.9131 -0.2306 0.3363
vn 0.8125 -0.5597 0.1630
vn 0.7867 -0.6007 0.1423
vn 0.7555 -0.6407 0.1369
vn 0.7212 -0.6779 0.1423
vn 0.6850 -0.7101 0.1630
vn 0.3767 -0.8631 0.3363
vn -0.8330 0.1664 0.5277
vn -0.8002 -0.0045 0.5997
vn -0.9010 0.0685 0.4283
vn -0.8933 -0.0184 0.4491
vn -0.9491 -0.0113 0.3149
vn -0.9537 -0.0321 0.2990
vn -0.9784 -0.0901 0.1862
vn -0.9876 -0.0433 0.1512
vn -0.9920 -0.1129 0.0560
vn -0.9987 -0.0517 0.0053
vn -0.9811 -0.1569 -0.1133
vn -0.9883 -0.0574 -0.1410
vn -0.9407 -0.1882 -0.2823
vn -0.9553 -0.0603 -0.2894
vn -0.8798 -0.1816 -0.4392
vn -0.8956 -0.0604 -0.4407
vn -0.7857 -0.1495 -0.6003
vn -0.8028 -0.0583 -0.5934
vn -0.6473 -0.0861 -0.7574
vn -0.6686 -0.0546 -0.7416
vn -0.4375 0.0663 -0.8968
vn -0.4867 -0.0501 -0.8722
vn -0.2485 0.1119 -0.9621
vn -0.2585 -0.0462 -0.9649
vn 0.2126 0.0946 -0.9726
vn 0.2588 -0.0455 -0.9649
vn 0.3430 0.1447 -0.9281
vn 0.4874 -0.0474 -0.8719
vn 0.5582 0.1865 -0.8085
vn 0.6689 -0.0500 -0.7417
vn 0.7835 0.1239 -0.6089
vn 0.8026 -0.0539 -0.5941
vn 0.8817 0.1083 -0.4593
vn 0.8956 -0.0571 -0.4413
vn 0.9465 0.0959 -0.3081
vn 0.9553 -0.0581 -0.2899
vn 0.9835 0.0888 -0.1577
vn 0.9883 -0.0563 -0.1414
vn 0.9960 0.0884 -0.0085
vn 0.9987 -0.0517 0.0050
vn 0.9855 0.0952 0.1405
vn 0.9875 -0.0440 0.1511
vn 0.9498 0.1124 0.2919
vn 0.9537 -0.0334 0.2988
vn 0.8871 0.1363 0.4410
vn 0.8933 -0.0203 0.4490
vn 0.7907 0.1627 0.5902
vn 0.7998 -0.0054 0.6003
vn -0.6084 0.5663 0.5561
vn -0.6989 0.5838 0.4132
vn -0.6974 0.6651 0.2671
vn -0.5962 0.8003 0.0639
vn -0.5083 0.8580 -0.0742
vn -0.4391 0.8815 -0.1739
vn -0.3824 0.8883 -0.2543
vn -0.3331 0.8842 -0.3274
vn -0.2874 0.8688 -0.4033
vn -0.2405 0.8354 -0.4942
vn -0.1829 0.7082 -0.6820
vn -0.1279 0.6814 -0.7206
vn 0.1188 0.6923 -0.7118
vn 0.2396 0.6977 -0.6751
vn 0.3661 0.6906 -0.6237
vn 0.4848 0.6731 -0.5585
vn 0.5938 0.6545 -0.4680
vn 0.6855 0.6370 -0.3526
vn 0.7523 0.6225 -0.2159
vn 0.7886 0.6116 -0.0642
vn 0.7917 0.6035 0.0950
vn 0.7627 0.5924 0.2595
vn 0.7044 0.5775 0.4126
vn 0.6135 0.5611 0.5557
vn -0.1881 0.8712 -0.4534
vn -0.8822 -0.4705 -0.0188
vn -0.7674 -0.6310 -0.1142
vn -0.6597 -0.7202 -0.2146
vn -0.5752 -0.7581 -0.3074
vn -0.4988 -0.7571 -0.4219
vn -0.3724 -0.5462 -0.7503
vn 0.5171 -0.2486 -0.8190
vn 0.7062 -0.1581 -0.6901
vn 0.8344 -0.0713 -0.5466
vn 0.9143 0.0019 -0.4050
vn 0.9606 0.0603 -0.2713
vn 0.9836 0.1072 -0.1451
vn 0.6241 0.5799 0.5236
vn -0.6288 0.1002 0.7711
vn -0.3432 -0.9311 -0.1235
vn -0.9979 -0.0103 -0.0633
vn 0.5126 -0.0184 -0.8584
vn -0.5982 0.3004 -0.7429
vn -0.4522 0.0711 -0.8891
vn 0.9595 -0.0795 -0.2703
vn 0.9876 -0.0870 -0.1305
vn -0.9393 0.2438 -0.2416
vn 0.6942 -0.0349 -0.7190
vn -0.8458 0.3611 -0.3928
vn 0.8221 -0.0522 -0.5670
vn -0.7346 0.3937 -0.5526
vn 0.9069 -0.0676 -0.4158
vn -0.9513 -0.1861 0.2459
vn -0.9270 -0.3391 -0.1602
vn -0.8088 -0.4580 -0.3690
vn -0.7217 -0.5929 -0.3572
vn -0.4471 -0.8028 -0.3944
vn 0.0050 -0.6397 -0.7686
vn -0.9644 0.1538 0.2151
vn -0.1010 0.9688 -0.2264
vn 0.1735 0.4995 -0.8488
vn -0.9505 0.3030 -0.0685
vn -0.8287 0.3794 -0.4115
vn -0.7789 0.3679 -0.5079
vn -0.7902 -0.5851 -0.1821
vn -0.3637 -0.9199 -0.1467
vn 0.6289 -0.7699 -0.1088
vn -0.1609 0.9846 -0.0682
vn 0.4875 0.8717 -0.0501
vn -0.5698 0.8217 -0.0136
vn -0.7368 -0.6743 0.0495
vn -0.2873 -0.9547 0.0771
vn 0.5596 -0.8221 0.1047
vn -0.1337 0.9843 -0.1155
vn 0.4806 0.8722 -0.0914
vn -0.7083 0.6984 -0.1027
vn -0.5729 -0.7407 0.3510
vn -0.0494 -0.9115 0.4084
vn 0.7117 -0.5614 0.4222
vn -0.1853 0.9194 -0.3469
vn 0.5472 0.8202 -0.1669
vn -0.7095 0.7046 -0.0107
vn -0.5985 -0.7265 -0.3377
vn -0.1734 -0.9163 -0.3610
vn 0.5370 -0.7805 -0.3202
vn -0.0748 0.3582 -0.9306
vn 0.6560 0.4455 -0.6092
vn -0.8297 0.3406 -0.4422
vn 0.3772 -0.8788 -0.2923
vn 0.8333 -0.5384 -0.1251
vn 0.2474 0.9361 0.2499
vn -0.2510 -0.2923 -0.9228
vn 0.4230 -0.1645 -0.8910
vn 0.4722 0.6221 -0.6245
vn 0.2790 0.7790 -0.5615
vn 0.1836 0.8179 -0.5453
vn -0.8961 0.1220 0.4268
vn -0.9592 0.0308 0.2812
vn -0.9908 0.0096 0.1352
vn -0.9975 -0.0673 0.0197
vn -0.9852 -0.1102 -0.1314
vn -0.9515 -0.0937 -0.2931
vn -0.8940 -0.0713 -0.4424
vn -0.8759 -0.1939 -0.4418
vn -0.6169 -0.4804 -0.6234
vn -0.2520 -0.1670 -0.9532
vn -0.8487 0.2576 0.4619
vn -0.8649 0.3995 0.3038
vn -0.8721 0.4759 0.1136
vn -0.8592 0.5078 -0.0621
vn -0.8227 0.5224 -0.2242
vn -0.7603 0.5313 -0.3736
vn -0.6750 0.5355 -0.5075
vn -0.6240 0.6410 -0.4469
vn -0.2052 0.9015 -0.3811
vn -0.0201 0.7308 -0.6823
vn -0.8802 -0.3572 -0.3126
vn -0.3083 -0.6994 -0.6448
vn 0.5487 -0.6074 -0.5744
vn -0.7175 0.6962 0.0204
vn 0.0592 0.9945 0.0860
vn 0.8171 0.5737 0.0571
vn -0.9121 -0.2326 -0.3376
vn 0.0247 -0.9898 -0.1406
vn 0.7924 -0.6048 0.0800
vn -0.5716 0.8199 0.0325
vn -0.0451 0.9976 0.0533
vn 0.6516 0.7581 0.0289
vn -0.8523 -0.4393 0.2839
vn -0.2354 -0.9212 0.3098
vn 0.3575 -0.9068 0.2232
vn -0.3350 0.9236 -0.1864
vn 0.3183 0.9346 -0.1586
vn 0.9290 0.3699 -0.0048
vn -0.9437 -0.3238 0.0672
vn -0.3462 -0.9297 0.1259
vn 0.4445 -0.8904 0.0977
vn -0.3343 0.9401 -0.0666
vn 0.3456 0.9322 -0.1074
vn 0.9204 0.3818 -0.0843
vn -0.8917 -0.4270 0.1499
vn -0.1388 -0.8776 0.4589
vn 0.5646 -0.6149 0.5506
vn -0.4765 0.8449 -0.2428
vn 0.2159 0.8989 -0.3812
vn 0.7391 0.6160 -0.2725
vn -0.7044 -0.6055 -0.3704
vn -0.1657 -0.8605 -0.4817
vn 0.5160 -0.7975 -0.3126
vn -0.4386 0.5093 -0.7404
vn 0.1452 0.4675 -0.8720
vn 0.8436 0.2674 -0.4657
vn -0.7164 -0.6626 -0.2185
vn 0.6035 0.7496 -0.2718
vn -0.9951 -0.0586 -0.0800
vn -0.8934 -0.2306 -0.3855
vn -0.8072 -0.5313 -0.2573
vn 0.3630 0.9266 -0.0987
vn 0.2608 0.9651 -0.0222
vn 0.1299 0.9894 0.0648
vn -0.0018 0.0623 0.9981
vn 0.3568 -0.2385 0.9032
vn -0.2694 -0.7857 0.5568
vn 0.4767 0.6608 0.5797
vn 0.3530 0.6668 0.6563
vn 0.2207 0.6302 0.7444
vn -0.2220 -0.3243 0.9195
vn 0.0086 -0.3119 0.9501
vn 0.1800 -0.5429 0.8202
vn 0.3468 -0.5362 0.7695
vn 0.4040 -0.5110 0.7588
vn 0.5701 -0.3150 0.7588
vn 0.5856 -0.2545 0.7696
vn 0.5046 -0.0087 0.8633
vn 0.4634 0.0190 0.8860
vn -0.7015 0.7113 0.0453
vn -0.8738 -0.1732 -0.4544
vn -0.6069 -0.6614 -0.4406
vn 0.4270 0.5411 0.7245
vn 0.7652 -0.0305 0.6430
vn 0.6612 -0.6886 0.2975
vn -0.9030 0.2862 0.3203
vn -0.9189 -0.3815 -0.1004
vn -0.5333 -0.7776 -0.3329
vn -0.1389 0.0631 0.9883
vn -0.1287 -0.4249 0.8960
vn 0.0910 -0.8327 0.5461
vn -0.0283 -0.8726 0.4876
vn 0.6786 0.1175 -0.7250
vn -0.2750 0.1358 0.9518
vn -0.5331 0.2021 0.8215
vn -0.7131 0.2263 0.6635
vn -0.8309 0.2296 0.5068
vn -0.9059 0.2209 0.3612
vn -0.9525 0.2037 0.2262
vn -0.9790 0.1782 0.0994
vn -0.9890 0.1459 -0.0229
vn -0.9963 0.0345 -0.0785
vn -0.9598 -0.1914 -0.2051
vn -0.8698 -0.3536 -0.3441
vn -0.7551 -0.4635 -0.4636
vn -0.6160 -0.5339 -0.5792
vn -0.3957 -0.3677 -0.8416
vn -0.2680 -0.3261 -0.9066
vn 0.2891 -0.4103 -0.8649
vn 0.5130 -0.4329 -0.7413
vn 0.6663 -0.4398 -0.6022
vn 0.7728 -0.4356 -0.4616
vn 0.8417 -0.4277 -0.3297
vn 0.8850 -0.4169 -0.2073
vn 0.9104 -0.4034 -0.0919
vn 0.9219 -0.3870 0.0203
vn 0.9207 -0.3669 0.1331
vn 0.9056 -0.3422 0.2506
vn 0.8724 -0.3112 0.3768
vn 0.8131 -0.2714 0.5150
vn 0.7140 -0.2190 0.6650
vn 0.5563 -0.1492 0.8174
vn 0.3242 -0.0591 0.9441
vn 0.2048 0.1536 0.9667
vn -0.0630 0.3573 0.9319
vn -0.3180 0.4884 0.8126
vn -0.4990 0.5553 0.6653
vn -0.6241 0.5799 0.5236
vn -0.7106 0.5811 0.3967
vn -0.7722 0.5684 0.2840
vn -0.8178 0.5460 0.1819
vn -0.8537 0.5138 0.0852
vn -0.8830 0.4693 -0.0098
vn -0.9059 0.4099 -0.1062
vn -0.9204 0.3321 -0.2064
vn -0.9214 0.2308 -0.3127
vn -0.8997 0.0995 -0.4251
vn -0.8398 -0.0670 -0.5387
vn -0.7226 -0.2658 -0.6381
vn -0.5387 -0.4751 -0.6958
vn -0.3091 -0.6573 -0.6873
vn -0.0651 -0.7819 -0.6200
vn 0.1300 -0.8432 -0.5216
vn 0.2808 -0.8697 -0.4059
vn 0.3948 -0.8705 -0.2937
vn 0.4810 -0.8564 -0.1875
vn 0.5467 -0.8329 -0.0860
vn 0.5970 -0.8021 0.0137
vn 0.6350 -0.7639 0.1149
vn 0.6620 -0.7161 0.2212
vn 0.6770 -0.6545 0.3365
vn 0.6758 -0.5719 0.4650
vn 0.6485 -0.4575 0.6085
vn 0.5759 -0.2977 0.7614
vn 0.4317 -0.0864 0.8979
vn 0.4486 0.3804 0.8087
vn 0.2017 0.6039 0.7711
vn -0.0467 0.7330 0.6786
vn -0.2523 0.7839 0.5673
vn -0.4088 0.7889 0.4589
vn -0.5265 0.7703 0.3598
vn -0.6175 0.7389 0.2696
vn -0.6908 0.6987 0.1861
vn -0.7524 0.6500 0.1064
vn -0.8063 0.5909 0.0281
vn -0.8540 0.5177 -0.0513
vn -0.8953 0.4249 -0.1342
vn -0.9264 0.3041 -0.2222
vn -0.9379 0.1452 -0.3149
vn -0.9117 -0.0600 -0.4064
vn -0.8224 -0.3056 -0.4798
vn -0.6565 -0.5567 -0.5090
vn -0.4359 -0.7614 -0.4798
vn -0.2082 -0.8896 -0.4064
vn -0.0100 -0.9491 -0.3149
vn 0.1486 -0.9636 -0.2222
vn 0.2729 -0.9527 -0.1342
vn 0.3712 -0.9271 -0.0513
vn 0.4512 -0.8920 0.0281
vn 0.5183 -0.8486 0.1064
vn 0.5764 -0.7957 0.1861
vn 0.6281 -0.7299 0.2696
vn 0.6739 -0.6453 0.3598
vn 0.7115 -0.5322 0.4589
vn 0.7321 -0.3770 0.5673
vn 0.7155 -0.1659 0.6786
vn 0.6287 0.1002 0.7711
vn 0.6271 0.5318 0.5692
vn 0.3821 0.7486 0.5418
vn 0.1285 0.8707 0.4747
vn -0.0889 0.9147 0.3943
vn -0.2609 0.9122 0.3161
vn -0.3955 0.8853 0.2445
vn -0.5035 0.8452 0.1790
vn -0.5934 0.7962 0.1179
vn -0.6712 0.7389 0.0591
vn -0.7408 0.6718 0.0006
vn -0.8044 0.5910 -0.0595
vn -0.8625 0.4907 -0.1235
vn -0.9121 0.3616 -0.1931
vn -0.9441 0.1912 -0.2687
vn -0.9377 -0.0322 -0.3458
vn -0.8600 -0.3043 -0.4097
vn -0.6865 -0.5822 -0.4357
vn -0.4407 -0.7987 -0.4097
vn -0.1850 -0.9199 -0.3458
vn 0.0343 -0.9626 -0.2687
vn 0.2076 -0.9590 -0.1931
vn 0.3431 -0.9311 -0.1235
vn 0.4516 -0.8902 -0.0595
vn 0.5417 -0.8406 0.0006
vn 0.6193 -0.7829 0.0591
vn 0.6885 -0.7156 0.1179
vn 0.7516 -0.6349 0.1790
vn 0.8088 -0.5349 0.2445
vn 0.8573 -0.4064 0.3161
vn 0.8878 -0.2372 0.3943
vn 0.8800 -0.0155 0.4747
vn 0.8010 0.2546 0.5418
vn 0.6656 0.5644 0.4883
vn 0.4186 0.7819 0.4619
vn 0.1622 0.9032 0.3973
vn -0.0576 0.9457 0.3200
vn -0.2316 0.9413 0.2455
vn -0.3682 0.9125 0.1782
vn -0.4782 0.8704 0.1175
vn -0.5701 0.8193 0.0615
vn -0.6500 0.7599 0.0078
vn -0.7216 0.6908 -0.0456
vn -0.7873 0.6082 -0.1010
vn -0.8473 0.5062 -0.1605
vn -0.8988 0.3756 -0.2261
vn -0.9324 0.2038 -0.2984
vn -0.9276 -0.0209 -0.3730
vn -0.8508 -0.2945 -0.4353
vn -0.6770 -0.5741 -0.4606
vn -0.4296 -0.7912 -0.4353
vn -0.1722 -0.9117 -0.3730
vn 0.0487 -0.9532 -0.2984
vn 0.2236 -0.9481 -0.2261
vn 0.3609 -0.9187 -0.1605
vn 0.4714 -0.8761 -0.1010
vn 0.5636 -0.8248 -0.0456
vn 0.6435 -0.7654 0.0079
vn 0.7151 -0.6963 0.0615
vn 0.7805 -0.6140 0.1175
vn 0.8401 -0.5124 0.1782
vn 0.8908 -0.3823 0.2455
vn 0.9235 -0.2114 0.3200
vn 0.9176 0.0124 0.3973
vn 0.8398 0.2852 0.4619
vn 0.7591 0.6437 0.0967
vn 0.5236 0.8478 0.0838
vn 0.2744 0.9603 0.0510
vn 0.0565 0.9984 0.0089
vn -0.1185 0.9923 -0.0353
vn -0.2569 0.9632 -0.0795
vn -0.3679 0.9216 -0.1240
vn -0.4593 0.8719 -0.1698
vn -0.5367 0.8150 -0.2185
vn -0.6036 0.7496 -0.2718
vn -0.6617 0.6724 -0.3317
vn -0.7109 0.5782 -0.4004
vn -0.7477 0.4588 -0.4800
vn -0.7633 0.3032 -0.5705
vn -0.7395 0.1006 -0.6656
vn -0.6499 -0.1473 -0.7456
vn -0.4788 -0.4060 -0.7784
vn -0.2515 -0.6171 -0.7456
vn -0.0216 -0.7460 -0.6656
vn 0.1744 -0.8026 -0.5705
vn 0.3304 -0.8127 -0.4800
vn 0.4542 -0.7958 -0.4004
vn 0.5552 -0.7627 -0.3317
vn 0.6409 -0.7179 -0.2718
vn 0.7163 -0.6626 -0.2185
vn 0.7851 -0.5956 -0.1698
vn 0.8491 -0.5135 -0.1240
vn 0.9082 -0.4108 -0.0795
vn 0.9596 -0.2791 -0.0353
vn 0.9942 -0.1074 0.0089
vn 0.9922 0.1137 0.0510
vn 0.9220 0.3780 0.0838
vn 0.7132 0.6048 0.3544
vn 0.4830 0.8124 0.3267
vn 0.2439 0.9357 0.2548
vn 0.0359 0.9863 0.1608
vn 0.1048 0.9913 -0.0800
vn -0.0815 0.9191 -0.3855
vn -0.3923 0.8831 -0.2573
vn -0.4608 0.8725 -0.1627
vn -0.5505 0.8093 -0.2048
vn -0.6366 0.7336 -0.2379
vn -0.7199 0.6412 -0.2656
vn -0.7986 0.5260 -0.2925
vn -0.8663 0.3801 -0.3241
vn -0.7674 0.4391 -0.4672
vn -0.1824 0.2556 -0.9494
vn -0.0847 0.1331 -0.9875
vn 0.0149 0.0126 -0.9998
vn 0.1175 -0.1054 -0.9875
vn 0.2223 -0.2217 -0.9494
vn 0.3078 -0.8289 -0.4672
vn 0.2334 -0.9168 -0.3241
vn 0.3885 -0.8738 -0.2925
vn 0.5149 -0.8150 -0.2656
vn 0.6197 -0.7479 -0.2379
vn 0.7085 -0.6753 -0.2048
vn 0.7854 -0.5972 -0.1627
vn 0.8548 -0.5095 -0.0987
vn 0.9096 -0.4150 -0.0222
vn 0.9549 -0.2898 0.0648
vn 0.9789 -0.1258 0.1608
vn 0.9630 0.0877 0.2548
vn 0.8804 0.3437 0.3267
vn 0.2506 0.2125 0.9445
vn 0.1437 0.3367 0.9306
vn 0.0317 0.4545 0.8902
vn -0.0905 0.5565 0.8259
vn 0.0617 -0.0084 0.9981
vn -0.2936 -0.3130 0.9032
vn -0.7312 0.3942 0.5568
vn -0.6061 0.6158 0.5033
vn -0.7140 0.5460 0.4383
vn -0.8061 0.4447 0.3905
vn -0.8776 0.3155 0.3609
vn -0.9228 0.1641 0.3487
vn -0.9366 -0.0000 0.3503
vn -0.8970 -0.0949 0.4316
vn -0.6853 -0.3249 0.6518
vn -0.6348 -0.4114 0.6540
vn -0.5767 -0.4890 0.6544
vn -0.5096 -0.5591 0.6540
vn -0.4325 -0.6229 0.6518
vn -0.2403 -0.8695 0.4316
vn -0.1531 -0.9240 0.3503
vn 0.0111 -0.9372 0.3487
vn 0.1678 -0.9174 0.3609
vn 0.3070 -0.8679 0.3905
vn 0.4220 -0.7936 0.4383
vn 0.5085 -0.6986 0.5033
vn 0.5740 -0.5783 0.5797
vn 0.6001 -0.4573 0.6563
vn 0.5857 -0.3207 0.7444
vn 0.5342 -0.1802 0.8259
vn 0.4536 -0.0430 0.8902
vn 0.3557 0.0868 0.9306
vn 0.0628 0.0532 0.9966
vn -0.0132 0.1304 0.9914
vn -0.0985 0.1941 0.9760
vn -0.1898 0.2419 0.9516
vn -0.2837 0.2721 0.9195
vn -0.3770 0.2837 0.8817
vn -0.4668 0.2766 0.8400
vn -0.5504 0.2509 0.7963
vn -0.6253 0.2073 0.7523
vn -0.6892 0.1469 0.7095
vn -0.7397 0.0709 0.6692
vn -0.7743 -0.0187 0.6325
vn -0.7907 -0.1193 0.6005
vn -0.7864 -0.2273 0.5743
vn -0.7602 -0.3381 0.5548
vn -0.7118 -0.4460 0.5427
vn -0.6426 -0.5449 0.5386
vn -0.5563 -0.6293 0.5427
vn -0.4578 -0.6947 0.5548
vn -0.3528 -0.7387 0.5743
vn -0.2469 -0.7605 0.6005
vn -0.1450 -0.7609 0.6325
vn -0.0509 -0.7414 0.6692
vn 0.0323 -0.7040 0.7095
vn 0.1023 -0.6508 0.7523
vn 0.1576 -0.5840 0.7963
vn 0.1966 -0.5057 0.8400
vn 0.2183 -0.4183 0.8817
vn 0.2220 -0.3243 0.9195
vn 0.2076 -0.2268 0.9516
vn 0.1754 -0.1289 0.9760
vn 0.1265 -0.0344 0.9914
vn -0.0960 -0.0816 0.9920
vn -0.1430 -0.0348 0.9891
vn -0.1960 0.0022 0.9806
vn -0.2522 0.0282 0.9673
vn -0.3091 0.0425 0.9501
vn -0.3644 0.0454 0.9301
vn -0.4163 0.0373 0.9085
vn -0.4634 0.0190 0.8860
vn -0.5046 -0.0086 0.8633
vn -0.5388 -0.0449 0.8412
vn -0.5651 -0.0888 0.8202
vn -0.5823 -0.1394 0.8009
vn -0.5895 -0.1952 0.7838
vn -0.5857 -0.2545 0.7696
vn -0.5701 -0.3150 0.7588
vn -0.5429 -0.3738 0.7520
vn -0.5047 -0.4279 0.7498
vn -0.4576 -0.4745 0.7520
vn -0.4040 -0.5109 0.7588
vn -0.3468 -0.5362 0.7695
vn -0.2889 -0.5497 0.7838
vn -0.2327 -0.5517 0.8009
vn -0.1800 -0.5430 0.8202
vn -0.1324 -0.5242 0.8412
vn -0.0910 -0.4964 0.8633
vn -0.0569 -0.4603 0.8860
vn -0.0312 -0.4168 0.9085
vn -0.0147 -0.3669 0.9301
vn -0.0086 -0.3119 0.9501
vn -0.0134 -0.2534 0.9673
vn -0.0298 -0.1937 0.9806
vn -0.0577 -0.1354 0.9891
vn 0.9111 0.3995 -0.1017
vn 0.0643 0.8039 -0.5912
vn -0.5798 0.6747 -0.4568
vn 0.3553 -0.5460 0.7587
vn -0.2159 -0.6084 0.7637
vn -0.8399 -0.3308 0.4302
vn 0.6092 0.7747 0.1697
vn -0.1375 0.9575 -0.2537
vn -0.5074 0.7643 -0.3980
vn 0.2169 0.2345 0.9476
vn -0.3975 0.3651 0.8419
vn -0.7817 0.2639 0.5651
vn -0.5470 0.5653 -0.6174
vn -0.1503 0.2791 -0.9484
vn -0.0096 0.1792 -0.9838
vn 0.0943 0.0800 -0.9923
vn 0.1752 -0.0387 -0.9838
vn 0.2508 -0.1938 -0.9484
vn 0.4683 -0.6321 -0.6174
vn -0.8563 0.1706 0.4875
vn -0.5120 -0.3110 0.8007
vn -0.4835 -0.3504 0.8022
vn -0.4553 -0.3861 0.8023
vn -0.4247 -0.4197 0.8022
vn -0.3905 -0.4543 0.8007
vn 0.0283 -0.8726 0.4875
vn -0.8029 0.3222 -0.5015
vn -0.6786 0.1175 -0.7251
vn -0.5315 -0.0696 -0.8442
vn -0.3457 -0.2931 -0.8914
vn -0.1555 -0.5130 -0.8442
vn 0.0050 -0.6887 -0.7250
vn 0.1866 -0.8448 -0.5015
vn -0.9131 -0.2306 0.3363
vn -0.8125 -0.5597 0.1630
vn -0.7867 -0.6007 0.1423
vn -0.7555 -0.6407 0.1369
vn -0.7212 -0.6779 0.1423
vn -0.6850 -0.7101 0.1630
vn -0.3767 -0.8631 0.3363
vn 0.8822 -0.4705 -0.0188
vn 0.7674 -0.6310 -0.1142
vn 0.6597 -0.7202 -0.2146
vn 0.5752 -0.7581 -0.3074
vn 0.4988 -0.7571 -0.4219
vn 0.3724 -0.5462 -0.7503
vn -0.5171 -0.2486 -0.8190
vn -0.7062 -0.1581 -0.6901
vn -0.8344 -0.0713 -0.5466
vn -0.9143 0.0019 -0.4050
vn -0.9606 0.0603 -0.2713
vn -0.9836 0.1072 -0.1451
vn 0.3432 -0.9311 -0.1235
vn 0.7164 -0.6626 -0.2185
vn 0.9951 -0.0586 -0.0800
vn 0.8934 -0.2306 -0.3855
vn 0.8072 -0.5313 -0.2573
vn -0.3630 0.9266 -0.0987
vn -0.2608 0.9651 -0.0222
vn -0.1299 0.9894 0.0648
vn 0.0018 0.0623 0.9981
vn -0.3568 -0.2385 0.9032
vn 0.2694 -0.7857 0.5568
vn -0.4767 0.6608 0.5797
vn -0.3530 0.6668 0.6563
vn -0.2207 0.6302 0.7444
vn -0.5856 -0.2545 0.7696
vn 0.7015 0.7113 0.0453
vn 0.8738 -0.1732 -0.4544
vn 0.6069 -0.6614 -0.4406
vn -0.4270 0.5411 0.7245
vn -0.7652 -0.0305 0.6430
vn -0.6612 -0.6886 0.2975
vn 0.9030 0.2862 0.3203
vn 0.9189 -0.3815 -0.1004
vn 0.5334 -0.7776 -0.3329
vn 0.1389 0.0631 0.9883
vn 0.1287 -0.4249 0.8960
vn -0.0910 -0.8327 0.5461
vn 0.2508 -0.1939 -0.9484
vn 0.0283 -0.8726 0.4876
vn 0.0050 -0.6887 -0.7251
vn -0.6786 0.1175 -0.7250
vt 1.000000 0.500000
vt 0.968750 1.000000
vt 0.968750 0.500000
vt 0.937500 1.000000
vt 0.937500 0.500000
vt 0.906250 1.000000
vt 0.906250 0.500000
vt 0.875000 1.000000
vt 0.875000 0.500000
vt 0.843750 0.500000
vt 0.812500 1.000000
vt 0.812500 0.500000
vt 0.781250 1.000000
vt 0.781250 0.500000
vt 0.750000 0.500000
vt 0.750000 1.000000
vt 0.718750 0.500000
vt 0.687500 1.000000
vt 0.687500 0.500000
vt 0.656250 1.000000
vt 0.656250 0.500000
vt 0.625000 1.000000
vt 0.625000 0.500000
vt 0.593750 1.000000
vt 0.593750 0.500000
vt 0.562500 1.000000
vt 0.562500 0.500000
vt 0.531250 1.000000
vt 0.531250 0.500000
vt 0.500000 1.000000
vt 0.500000 0.500000
vt 0.468750 1.000000
vt 0.468750 0.500000
vt 0.437500 1.000000
vt 0.437500 0.500000
vt 0.406250 1.000000
vt 0.406250 0.500000
vt 0.375000 0.500000
vt 0.375000 1.000000
vt 0.343750 0.500000
vt 0.343750 1.000000
vt 0.312500 0.500000
vt 0.312500 1.000000
vt 0.281250 0.500000
vt 0.281250 1.000000
vt 0.250000 0.500000
vt 0.250000 1.000000
vt 0.218750 0.500000
vt 0.218750 1.000000
vt 0.187500 0.500000
vt 0.187500 1.000000
vt 0.156250 0.500000
vt 0.156250 1.000000
vt 0.125000 0.500000
vt 0.125000 1.000000
vt 0.093750 0.500000
vt 0.093750 1.000000
vt 0.062500 0.500000
vt 0.718750 1.000000
vt 0.062500 1.000000
vt 0.031250 0.500000
vt 0.031250 1.000000
vt 0.000000 0.500000
vt 0.468750 1.000000
vt 0.437500 1.000000
vt 0.843750 1.000000
vt 1.000000 1.000000
vt 0.000000 1.000000
vt 0.093750 1.000000
vt 0.781250 1.000000
vt 0.218750 1.000000
vt 0.593750 1.000000
vt 0.875000 1.000000
vt 0.616663 0.449553
vt 0.658156 0.471731
vt 0.616663 0.050447
vt 0.419706 0.419706
vt 0.383337 0.449553
vt 0.080294 0.419706
vt 0.883337 0.449553
vt 0.841844 0.471731
vt 0.883337 0.050447
vt 0.158156 0.471731
vt 0.203178 0.485388
vt 0.296822 0.485388
vt 0.703178 0.485388
vt 0.750000 0.490000
vt 0.750000 0.010000
vt 0.796822 0.485388
vt 0.796822 0.014612
vt 0.841844 0.028269
vt 0.919706 0.419706
vt 0.919706 0.080294
vt 0.949553 0.383337
vt 0.949553 0.116663
vt 0.971731 0.341844
vt 0.985388 0.296822
vt 0.971731 0.158156
vt 0.990000 0.250000
vt 0.985388 0.203178
vt 0.703178 0.014612
vt 0.658156 0.028269
vt 0.580294 0.080294
vt 0.580294 0.419706
vt 0.550447 0.116663
vt 0.550447 0.383337
vt 0.528269 0.158156
vt 0.514612 0.203178
vt 0.528269 0.341844
vt 0.510000 0.250000
vt 0.514612 0.296822
vt 0.341844 0.471731
vt 0.250000 0.490000
vt 0.116663 0.449553
vt 0.050447 0.383337
vt 0.028269 0.341844
vt 0.449553 0.383337
vt 0.014612 0.296822
vt 0.485388 0.296822
vt 0.010000 0.250000
vt 0.490000 0.250000
vt 0.014612 0.203178
vt 0.485388 0.203178
vt 0.028269 0.158156
vt 0.471731 0.158156
vt 0.050447 0.116663
vt 0.080294 0.080294
vt 0.449553 0.116663
vt 0.116663 0.050447
vt 0.419706 0.080294
vt 0.158156 0.028269
vt 0.383337 0.050447
vt 0.203178 0.014612
vt 0.341844 0.028269
vt 0.250000 0.010000
vt 0.296822 0.014612
vt 0.471731 0.341844
s 1
f 1/1/1 4/2/4 3/3/3
f 3/3/3 6/4/6 5/5/5
f 5/5/5 8/6/8 7/7/7
f 7/7/7 10/8/10 9/9/9
f 10/8/10 11/10/11 9/9/9
f 11/10/11 14/11/14 13/12/13
f 13/12/13 16/13/16 15/14/15
f 16/13/16 17/15/17 15/14/15
f 18/16/18 19/17/19 17/15/17
f 19/17/19 22/18/22 21/19/21
f 21/19/21 24/20/24 23/21/23
f 23/21/23 26/22/26 25/23/25
f 25/23/25 28/24/28 27/25/27
f 27/25/27 30/26/30 29/27/29
f 29/27/29 32/28/32 31/29/31
f 31/29/31 34/30/34 33/31/33
f 33/31/33 36/32/36 35/33/35
f 35/33/35 38/34/38 37/35/37
f 37/35/37 40/36/40 39/37/39
f 40/36/40 41/38/41 39/37/39
f 42/39/42 43/40/43 41/38/41
f 44/41/44 45/42/45 43/40/43
f 46/43/46 47/44/47 45/42/45
f 48/45/48 49/46/49 47/44/47
f 50/47/50 51/48/51 49/46/49
f 52/49/52 53/50/53 51/48/51
f 54/51/54 55/52/55 53/50/53
f 56/53/56 57/54/57 55/52/55
f 58/55/58 59/56/59 57/54/57
f 60/57/60 61/58/61 59/56/59
f 290/59/290 137/16/137 138/59/138
f 62/60/62 63/61/63 61/58/61
f 64/62/64 1/63/1 63/61/63
f 79/27/79 590/27/590 29/27/29
f 90/48/90 121/46/121 89/46/89
f 43/40/43 85/38/85 41/38/41
f 59/56/59 95/58/95 94/56/94
f 74/17/74 594/15/594 595/17/595
f 35/33/35 81/31/81 33/31/33
f 53/50/53 90/48/90 51/48/51
f 9/9/9 68/7/68 7/7/7
f 25/23/25 589/25/589 588/23/588
f 45/42/45 86/40/86 43/40/43
f 61/58/61 96/61/96 95/58/95
f 70/10/70 581/10/581 591/10/591
f 37/35/37 82/33/82 35/33/35
f 53/50/53 92/52/92 91/50/91
f 9/9/9 70/10/70 69/9/69
f 17/15/17 583/14/583 15/14/15
f 47/44/47 87/42/87 45/42/45
f 3/3/3 65/1/65 1/1/1
f 63/61/63 65/63/65 96/61/96
f 73/15/73 593/14/593 594/15/594
f 39/37/39 83/35/83 37/35/37
f 55/52/55 93/54/93 92/52/92
f 72/14/72 592/12/592 593/14/593
f 29/27/29 80/29/80 79/27/79
f 49/46/49 88/44/88 47/44/47
f 5/5/5 66/3/66 3/3/3
f 21/19/21 585/17/585 19/17/19
f 41/38/41 84/37/84 39/37/39
f 57/54/57 94/56/94 93/54/93
f 78/25/78 600/27/600 79/27/79
f 31/29/31 81/31/81 80/29/80
f 51/48/51 89/46/89 49/46/49
f 7/7/7 67/5/67 5/5/5
f 106/17/106 367/19/367 366/17/366
f 76/21/76 109/23/109 108/21/108
f 91/50/91 122/48/122 90/48/90
f 77/23/77 110/25/110 109/23/109
f 92/52/92 123/50/123 91/50/91
f 78/25/78 111/27/111 110/25/110
f 65/1/65 98/3/98 97/1/97
f 93/54/93 124/52/124 92/52/92
f 79/27/79 112/29/112 111/27/111
f 66/3/66 99/5/99 98/3/98
f 94/56/94 125/54/125 93/54/93
f 80/29/80 113/31/113 112/29/112
f 67/5/67 100/7/100 99/5/99
f 95/58/95 126/56/126 94/56/94
f 82/33/82 113/31/113 81/31/81
f 68/7/68 101/9/101 100/7/100
f 96/61/96 127/58/127 95/58/95
f 83/35/83 114/33/114 82/33/82
f 69/9/69 102/10/102 101/9/101
f 65/63/65 128/61/128 96/61/96
f 84/37/84 115/35/115 83/35/83
f 70/10/70 103/12/103 102/10/102
f 85/38/85 116/37/116 84/37/84
f 71/12/71 104/14/104 103/12/103
f 86/40/86 117/38/117 85/38/85
f 72/14/72 105/15/105 104/14/104
f 87/42/87 118/40/118 86/40/86
f 73/15/73 106/17/106 105/15/105
f 88/44/88 119/42/119 87/42/87
f 74/17/74 107/19/107 106/17/106
f 89/46/89 120/44/120 88/44/88
f 75/19/75 108/21/108 107/19/107
f 159/60/159 190/57/190 191/60/191
f 291/64/291 147/34/147 292/65/292
f 293/51/293 156/53/156 294/53/294
f 296/66/296 133/8/133 134/66/134
f 141/22/141 323/20/323 140/20/140
f 299/43/299 152/45/152 300/45/300
f 302/2/302 129/67/129 130/2/130
f 303/62/303 129/68/129 301/68/301
f 311/20/311 330/18/330 331/20/331
f 292/65/292 148/36/148 305/36/305
f 294/53/294 157/55/157 306/55/306
f 307/11/307 134/66/134 135/11/135
f 308/28/308 143/26/143 144/28/144
f 300/45/300 153/47/153 309/47/309
f 310/4/310 130/2/130 131/4/131
f 318/22/318 331/20/331 332/22/332
f 305/36/305 149/39/149 312/39/312
f 306/55/306 158/57/158 313/69/313
f 314/70/314 135/11/135 136/13/136
f 315/30/315 144/28/144 145/30/145
f 309/47/309 154/49/154 316/71/316
f 317/6/317 131/4/131 132/6/132
f 297/72/297 332/22/332 328/72/328
f 312/39/312 150/41/150 319/41/319
f 313/69/313 159/60/159 320/60/320
f 289/16/289 136/13/136 137/16/137
f 315/30/315 146/32/146 291/64/291
f 316/71/316 155/51/155 293/51/293
f 295/73/295 132/6/132 133/8/133
f 140/20/140 322/18/322 139/18/139
f 319/41/319 151/43/151 299/43/299
f 320/60/320 160/62/160 303/62/303
f 178/32/178 209/30/209 210/32/210
f 145/30/145 178/32/178 146/32/146
f 132/6/132 165/8/165 133/8/133
f 160/62/160 191/60/191 192/62/192
f 146/32/146 179/34/179 147/34/147
f 133/8/133 166/66/166 134/66/134
f 129/68/129 192/62/192 161/68/161
f 148/36/148 179/34/179 180/36/180
f 134/66/134 167/11/167 135/11/135
f 149/39/149 180/36/180 181/39/181
f 135/11/135 168/13/168 136/13/136
f 150/41/150 181/39/181 182/41/182
f 136/13/136 169/16/169 137/16/137
f 151/43/151 182/41/182 183/43/183
f 137/16/137 170/59/170 138/59/138
f 152/45/152 183/43/183 184/45/184
f 138/59/138 171/18/171 139/18/139
f 153/47/153 184/45/184 185/47/185
f 139/18/139 172/20/172 140/20/140
f 154/49/154 185/47/185 186/49/186
f 140/20/140 173/22/173 141/22/141
f 155/51/155 186/49/186 187/51/187
f 141/22/141 174/24/174 142/24/142
f 156/53/156 187/51/187 188/53/188
f 142/24/142 175/26/175 143/26/143
f 130/2/130 161/67/161 162/2/162
f 157/55/157 188/53/188 189/55/189
f 143/26/143 176/28/176 144/28/144
f 130/2/130 163/4/163 131/4/131
f 158/57/158 189/55/189 190/57/190
f 144/28/144 177/30/177 145/30/145
f 131/4/131 164/6/164 132/6/132
f 213/39/213 244/36/244 245/39/245
f 164/6/164 197/8/197 165/8/165
f 192/62/192 223/60/223 224/62/224
f 179/34/179 210/32/210 211/34/211
f 165/8/165 198/66/198 166/66/166
f 161/68/161 224/62/224 193/68/193
f 180/36/180 211/34/211 212/36/212
f 166/66/166 199/11/199 167/11/167
f 181/39/181 212/36/212 213/39/213
f 167/11/167 200/13/200 168/13/168
f 182/41/182 213/39/213 214/41/214
f 168/13/168 201/16/201 169/16/169
f 183/43/183 214/41/214 215/43/215
f 169/16/169 202/59/202 170/59/170
f 184/45/184 215/43/215 216/45/216
f 170/59/170 203/18/203 171/18/171
f 185/47/185 216/45/216 217/47/217
f 171/18/171 204/20/204 172/20/172
f 186/49/186 217/47/217 218/49/218
f 172/20/172 205/22/205 173/22/173
f 187/51/187 218/49/218 219/51/219
f 173/22/173 206/24/206 174/24/174
f 188/53/188 219/51/219 220/53/220
f 174/24/174 207/26/207 175/26/175
f 161/67/161 194/2/194 162/2/162
f 189/55/189 220/53/220 221/55/221
f 175/26/175 208/28/208 176/28/176
f 162/2/162 195/4/195 163/4/163
f 190/57/190 221/55/221 222/57/222
f 176/28/176 209/30/209 177/30/177
f 163/4/163 196/6/196 164/6/164
f 191/60/191 222/57/222 223/60/223
f 248/45/248 279/43/279 280/45/280
f 199/11/199 232/13/232 200/13/200
f 214/41/214 245/39/245 246/41/246
f 200/13/200 233/16/233 201/16/201
f 215/43/215 246/41/246 247/43/247
f 201/16/201 234/59/234 202/59/202
f 216/45/216 247/43/247 248/45/248
f 202/59/202 235/18/235 203/18/203
f 217/47/217 248/45/248 249/47/249
f 203/18/203 236/20/236 204/20/204
f 218/49/218 249/47/249 250/49/250
f 204/20/204 237/22/237 205/22/205
f 219/51/219 250/49/250 251/51/251
f 205/22/205 238/24/238 206/24/206
f 220/53/220 251/51/251 252/53/252
f 206/24/206 239/26/239 207/26/207
f 193/67/193 226/2/226 194/2/194
f 221/55/221 252/53/252 253/55/253
f 207/26/207 240/28/240 208/28/208
f 194/2/194 227/4/227 195/4/195
f 222/57/222 253/55/253 254/57/254
f 208/28/208 241/30/241 209/30/209
f 195/4/195 228/6/228 196/6/196
f 223/60/223 254/57/254 255/60/255
f 210/32/210 241/30/241 242/32/242
f 196/6/196 229/8/229 197/8/197
f 224/62/224 255/60/255 256/62/256
f 211/34/211 242/32/242 243/34/243
f 197/8/197 230/66/230 198/66/198
f 193/68/193 256/62/256 225/68/225
f 212/36/212 243/34/243 244/36/244
f 198/66/198 231/11/231 199/11/199
f 280/45/280 659/43/659 660/45/660
f 234/59/234 267/18/267 235/18/235
f 249/47/249 280/45/280 281/47/281
f 235/18/235 268/20/268 236/20/236
f 249/47/249 282/49/282 250/49/250
f 236/20/236 269/22/269 237/22/237
f 250/49/250 283/51/283 251/51/251
f 237/22/237 270/24/270 238/24/238
f 251/51/251 284/53/284 252/53/252
f 238/24/238 271/26/271 239/26/239
f 226/2/226 257/67/257 258/2/258
f 252/53/252 285/55/285 253/55/253
f 239/26/239 272/28/272 240/28/240
f 227/4/227 258/2/258 259/4/259
f 253/55/253 286/57/286 254/57/254
f 240/28/240 273/30/273 241/30/241
f 228/6/228 259/4/259 260/6/260
f 254/57/254 287/60/287 255/60/255
f 242/32/242 273/30/273 274/32/274
f 229/8/229 260/6/260 261/8/261
f 255/60/255 288/62/288 256/62/256
f 243/34/243 274/32/274 275/34/275
f 230/66/230 261/8/261 262/66/262
f 256/62/256 257/68/257 225/68/225
f 244/36/244 275/34/275 276/36/276
f 231/11/231 262/66/262 263/11/263
f 245/39/245 276/36/276 277/39/277
f 232/13/232 263/11/263 264/13/264
f 246/41/246 277/39/277 278/41/278
f 233/16/233 264/13/264 265/16/265
f 247/43/247 278/41/278 279/43/279
f 233/16/233 266/59/266 234/59/234
f 64/62/64 320/60/320 303/62/303
f 44/41/44 299/43/299 46/43/46
f 28/24/28 318/22/318 297/72/297
f 10/8/10 317/6/317 295/73/295
f 52/49/52 293/51/293 54/51/54
f 34/30/34 291/64/291 36/32/36
f 18/16/18 314/70/314 289/16/289
f 60/57/60 320/60/320 62/60/62
f 42/39/42 319/41/319 44/41/44
f 26/22/26 311/20/311 318/22/318
f 8/6/8 310/4/310 317/6/317
f 50/47/50 316/71/316 52/49/52
f 34/30/34 308/28/308 315/30/315
f 16/13/16 307/11/307 314/70/314
f 58/55/58 313/69/313 60/57/60
f 40/36/40 312/39/312 42/39/42
f 24/20/24 304/18/304 311/20/311
f 4/2/4 310/4/310 6/4/6
f 48/45/48 309/47/309 50/47/50
f 32/28/32 298/26/298 308/28/308
f 14/11/14 296/66/296 307/11/307
f 56/53/56 306/55/306 58/55/58
f 38/34/38 305/36/305 40/36/40
f 22/18/22 290/59/290 304/18/304
f 2/68/2 303/62/303 301/68/301
f 2/67/2 302/2/302 4/2/4
f 46/43/46 300/45/300 48/45/48
f 30/26/30 297/72/297 298/26/298
f 12/66/12 295/73/295 296/66/296
f 54/51/54 294/53/294 56/53/56
f 36/32/36 292/65/292 38/34/38
f 20/59/20 289/16/289 290/59/290
f 329/26/329 336/72/336 337/26/337
f 330/18/330 321/59/321 322/18/322
f 331/20/331 322/18/322 323/20/323
f 332/22/332 323/20/323 324/22/324
f 332/22/332 333/22/333 338/22/338
f 304/18/304 327/59/327 330/18/330
f 290/59/290 321/59/321 327/59/327
f 297/72/297 329/26/329 298/26/298
f 141/22/141 325/24/325 324/22/324
f 139/18/139 321/59/321 138/59/138
f 143/26/143 329/26/329 326/26/326
f 142/24/142 326/26/326 325/24/325
f 333/22/333 344/22/344 338/22/338
f 336/72/336 343/26/343 337/26/337
f 326/26/326 334/24/334 325/24/325
f 328/72/328 338/22/338 336/72/336
f 329/26/329 335/26/335 326/26/326
f 325/24/325 333/22/333 324/22/324
f 341/26/341 349/26/349 347/26/347
f 342/72/342 350/22/350 348/72/348
f 334/24/334 339/22/339 333/22/333
f 336/72/336 344/22/344 342/72/342
f 335/26/335 343/26/343 341/26/341
f 335/26/335 340/24/340 334/24/334
f 345/22/345 356/22/356 350/22/350
f 348/72/348 355/26/355 349/26/349
f 341/26/341 346/24/346 340/24/340
f 342/72/342 349/26/349 343/26/343
f 339/22/339 350/22/350 344/22/344
f 340/24/340 345/22/345 339/22/339
f 355/26/355 352/24/352 353/26/353
f 354/72/354 351/22/351 352/24/352
f 346/24/346 351/22/351 345/22/345
f 348/72/348 356/22/356 354/72/354
f 347/26/347 355/26/355 353/26/353
f 347/26/347 352/24/352 346/24/346
f 371/27/371 404/29/404 403/27/403
f 121/46/121 380/44/380 120/44/120
f 107/19/107 368/21/368 367/19/367
f 122/48/122 381/46/381 121/46/121
f 108/21/108 369/23/369 368/21/368
f 123/50/123 382/48/382 122/48/122
f 109/23/109 370/25/370 369/23/369
f 123/50/123 384/52/384 383/50/383
f 110/25/110 371/27/371 370/25/370
f 98/3/98 357/1/357 97/1/97
f 124/52/124 385/54/385 384/52/384
f 111/27/111 372/29/372 371/27/371
f 99/5/99 358/3/358 98/3/98
f 125/54/125 386/56/386 385/54/385
f 112/29/112 373/31/373 372/29/372
f 100/7/100 359/5/359 99/5/99
f 126/56/126 387/58/387 386/56/386
f 114/33/114 373/31/373 113/31/113
f 101/9/101 360/7/360 100/7/100
f 127/58/127 388/61/388 387/58/387
f 115/35/115 374/33/374 114/33/114
f 102/10/102 361/9/361 101/9/101
f 128/61/128 357/63/357 388/61/388
f 116/37/116 375/35/375 115/35/115
f 103/12/103 362/10/362 102/10/102
f 117/38/117 376/37/376 116/37/116
f 103/12/103 364/14/364 363/12/363
f 118/40/118 377/38/377 117/38/117
f 104/14/104 365/15/365 364/14/364
f 119/42/119 378/40/378 118/40/118
f 105/15/105 366/17/366 365/15/365
f 120/44/120 379/42/379 119/42/119
f 420/61/420 421/63/421 452/61/452
f 358/3/358 391/5/391 390/3/390
f 386/56/386 417/54/417 385/54/385
f 372/29/372 405/31/405 404/29/404
f 359/5/359 392/7/392 391/5/391
f 387/58/387 418/56/418 386/56/386
f 374/33/374 405/31/405 373/31/373
f 360/7/360 393/9/393 392/7/392
f 388/61/388 419/58/419 387/58/387
f 375/35/375 406/33/406 374/33/374
f 361/9/361 394/10/394 393/9/393
f 357/63/357 420/61/420 388/61/388
f 376/37/376 407/35/407 375/35/375
f 362/10/362 395/12/395 394/10/394
f 377/38/377 408/37/408 376/37/376
f 363/12/363 396/14/396 395/12/395
f 378/40/378 409/38/409 377/38/377
f 364/14/364 397/15/397 396/14/396
f 379/42/379 410/40/410 378/40/378
f 365/15/365 398/17/398 397/15/397
f 380/44/380 411/42/411 379/42/379
f 366/17/366 399/19/399 398/17/398
f 381/46/381 412/44/412 380/44/380
f 367/19/367 400/21/400 399/19/399
f 382/48/382 413/46/413 381/46/381
f 368/21/368 401/23/401 400/21/400
f 383/50/383 414/48/414 382/48/382
f 369/23/369 402/25/402 401/23/401
f 384/52/384 415/50/415 383/50/383
f 370/25/370 403/27/403 402/25/402
f 357/1/357 390/3/390 389/1/389
f 385/54/385 416/52/416 384/52/384
f 442/40/442 475/42/475 474/40/474
f 408/37/408 439/35/439 407/35/407
f 395/12/395 426/10/426 394/10/394
f 409/38/409 440/37/440 408/37/408
f 395/12/395 428/14/428 427/12/427
f 410/40/410 441/38/441 409/38/409
f 396/14/396 429/15/429 428/14/428
f 411/42/411 442/40/442 410/40/410
f 397/15/397 430/17/430 429/15/429
f 412/44/412 443/42/443 411/42/411
f 398/17/398 431/19/431 430/17/430
f 413/46/413 444/44/444 412/44/412
f 399/19/399 432/21/432 431/19/431
f 414/48/414 445/46/445 413/46/413
f 400/21/400 433/23/433 432/21/432
f 415/50/415 446/48/446 414/48/414
f 401/23/401 434/25/434 433/23/433
f 415/50/415 448/52/448 447/50/447
f 402/25/402 435/27/435 434/25/434
f 390/3/390 421/1/421 389/1/389
f 416/52/416 449/54/449 448/52/448
f 403/27/403 436/29/436 435/27/435
f 391/5/391 422/3/422 390/3/390
f 417/54/417 450/56/450 449/54/449
f 404/29/404 437/31/437 436/29/436
f 392/7/392 423/5/423 391/5/391
f 418/56/418 451/58/451 450/56/450
f 406/33/406 437/31/437 405/31/405
f 393/9/393 424/7/424 392/7/392
f 419/58/419 452/61/452 451/58/451
f 407/35/407 438/33/438 406/33/406
f 394/10/394 425/9/425 393/9/393
f 477/46/477 510/48/510 509/46/509
f 429/15/429 462/17/462 461/15/461
f 443/42/443 476/44/476 475/42/475
f 431/19/431 462/17/462 430/17/430
f 445/46/445 476/44/476 444/44/444
f 432/21/432 463/19/463 431/19/431
f 445/46/445 478/48/478 477/46/477
f 433/23/433 464/21/464 432/21/432
f 446/48/446 479/50/479 478/48/478
f 433/23/433 466/25/466 465/23/465
f 448/52/448 479/50/479 447/50/447
f 434/25/434 467/27/467 466/25/466
f 422/3/422 453/1/453 421/1/421
f 449/54/449 480/52/480 448/52/448
f 435/27/435 468/29/468 467/27/467
f 422/3/422 455/5/455 454/3/454
f 450/56/450 481/54/481 449/54/449
f 436/29/436 469/31/469 468/29/468
f 423/5/423 456/7/456 455/5/455
f 450/56/450 483/58/483 482/56/482
f 438/33/438 469/31/469 437/31/437
f 424/7/424 457/9/457 456/7/456
f 451/58/451 484/61/484 483/58/483
f 438/33/438 471/35/471 470/33/470
f 426/10/426 457/9/457 425/9/425
f 452/61/452 453/63/453 484/61/484
f 440/37/440 471/35/471 439/35/439
f 426/10/426 459/12/459 458/10/458
f 441/38/441 472/37/472 440/37/440
f 428/14/428 459/12/459 427/12/427
f 442/40/442 473/38/473 441/38/441
f 429/15/429 460/14/460 428/14/428
f 485/1/485 518/3/518 517/1/517
f 465/23/465 496/21/496 464/21/464
f 478/48/478 511/50/511 510/48/510
f 466/25/466 497/23/497 465/23/465
f 480/52/480 511/50/511 479/50/479
f 467/27/467 498/25/498 466/25/466
f 453/1/453 486/3/486 485/1/485
f 481/54/481 512/52/512 480/52/480
f 468/29/468 499/27/499 467/27/467
f 454/3/454 487/5/487 486/3/486
f 482/56/482 513/54/513 481/54/481
f 469/31/469 500/29/500 468/29/468
f 455/5/455 488/7/488 487/5/487
f 483/58/483 514/56/514 482/56/482
f 469/31/469 502/33/502 501/31/501
f 456/7/456 489/9/489 488/7/488
f 484/61/484 515/58/515 483/58/483
f 470/33/470 503/35/503 502/33/502
f 457/9/457 490/10/490 489/9/489
f 453/63/453 516/61/516 484/61/484
f 471/35/471 504/37/504 503/35/503
f 458/10/458 491/12/491 490/10/490
f 472/37/472 505/38/505 504/37/504
f 460/14/460 491/12/491 459/12/459
f 473/38/473 506/40/506 505/38/505
f 461/15/461 492/14/492 460/14/460
f 474/40/474 507/42/507 506/40/506
f 462/17/462 493/15/493 461/15/461
f 475/42/475 508/44/508 507/42/507
f 463/19/463 494/17/494 462/17/462
f 476/44/476 509/46/509 508/44/508
f 464/21/464 495/19/495 463/19/463
f 520/7/520 553/9/553 552/7/552
f 513/54/513 544/52/544 512/52/512
f 499/27/499 532/29/532 531/27/531
f 486/3/486 519/5/519 518/3/518
f 514/56/514 545/54/545 513/54/513
f 500/29/500 533/31/533 532/29/532
f 487/5/487 520/7/520 519/5/519
f 515/58/515 546/56/546 514/56/514
f 502/33/502 533/31/533 501/31/501
f 488/7/488 521/9/521 520/7/520
f 516/61/516 547/58/547 515/58/515
f 503/35/503 534/33/534 502/33/502
f 489/9/489 522/10/522 521/9/521
f 485/63/485 548/61/548 516/61/516
f 504/37/504 535/35/535 503/35/503
f 490/10/490 523/12/523 522/10/522
f 505/38/505 536/37/536 504/37/504
f 491/12/491 524/14/524 523/12/523
f 506/40/506 537/38/537 505/38/505
f 492/14/492 525/15/525 524/14/524
f 507/42/507 538/40/538 506/40/506
f 493/15/493 526/17/526 525/15/525
f 508/44/508 539/42/539 507/42/507
f 494/17/494 527/19/527 526/17/526
f 509/46/509 540/44/540 508/44/508
f 495/19/495 528/21/528 527/19/527
f 510/48/510 541/46/541 509/46/509
f 496/21/496 529/23/529 528/21/528
f 511/50/511 542/48/542 510/48/510
f 497/23/497 530/25/530 529/23/529
f 512/52/512 543/50/543 511/50/511
f 498/25/498 531/27/531 530/25/530
f 578/74/578 579/75/579 568/76/568
f 548/61/548 579/58/579 547/58/547
f 535/35/535 566/33/566 534/33/534
f 521/9/521 554/10/554 553/9/553
f 517/63/517 580/61/580 548/61/548
f 536/37/536 567/35/567 535/35/535
f 522/10/522 555/12/555 554/10/554
f 537/38/537 568/37/568 536/37/536
f 523/12/523 556/14/556 555/12/555
f 538/40/538 569/38/569 537/38/537
f 524/14/524 557/15/557 556/14/556
f 539/42/539 570/40/570 538/40/538
f 525/15/525 558/17/558 557/15/557
f 540/44/540 571/42/571 539/42/539
f 526/17/526 559/19/559 558/17/558
f 541/46/541 572/44/572 540/44/540
f 527/19/527 560/21/560 559/19/559
f 542/48/542 573/46/573 541/46/541
f 528/21/528 561/23/561 560/21/560
f 543/50/543 574/48/574 542/48/542
f 529/23/529 562/25/562 561/23/561
f 544/52/544 575/50/575 543/50/543
f 530/25/530 563/27/563 562/25/562
f 517/1/517 550/3/550 549/1/549
f 545/54/545 576/52/576 544/52/544
f 531/27/531 564/29/564 563/27/563
f 518/3/518 551/5/551 550/3/550
f 546/56/546 577/54/577 545/54/545
f 533/31/533 564/29/564 532/29/532
f 519/5/519 552/7/552 551/5/551
f 547/58/547 578/56/578 546/56/546
f 533/31/533 566/33/566 565/31/565
f 587/21/587 598/23/598 597/21/597
f 583/14/583 594/15/594 593/14/593
f 600/27/600 605/25/605 606/27/606
f 584/15/584 595/17/595 594/15/594
f 590/27/590 602/25/602 589/25/589
f 585/17/585 596/19/596 595/17/595
f 582/12/582 591/10/591 581/10/581
f 586/19/586 597/21/597 596/19/596
f 582/12/582 593/14/593 592/12/592
f 13/12/13 581/10/581 11/10/11
f 75/19/75 595/17/595 596/19/596
f 21/19/21 587/21/587 586/19/586
f 75/19/75 597/21/597 76/21/76
f 19/17/19 584/15/584 17/15/17
f 27/25/27 590/27/590 589/25/589
f 76/21/76 598/23/598 77/23/77
f 15/14/15 582/12/582 13/12/13
f 77/23/77 599/25/599 78/25/78
f 23/21/23 588/23/588 587/21/587
f 71/12/71 591/10/591 592/12/592
f 603/27/603 608/25/608 602/25/602
f 606/27/606 611/25/611 612/27/612
f 588/23/588 604/23/604 598/23/598
f 589/25/589 601/23/601 588/23/588
f 599/25/599 604/23/604 605/25/605
f 590/27/590 606/27/606 603/27/603
f 609/27/609 614/25/614 608/25/608
f 612/27/612 617/25/617 618/27/618
f 606/27/606 609/27/609 603/27/603
f 604/23/604 607/23/607 610/23/610
f 605/25/605 610/23/610 611/25/611
f 602/25/602 607/23/607 601/23/601
f 613/23/613 622/23/622 616/23/616
f 615/27/615 624/27/624 621/27/621
f 609/27/609 618/27/618 615/27/615
f 607/23/607 616/23/616 610/23/610
f 611/25/611 616/23/616 617/25/617
f 608/25/608 613/23/613 607/23/607
f 621/27/621 626/25/626 620/25/620
f 624/27/624 629/25/629 630/27/630
f 617/25/617 622/23/622 623/25/623
f 614/25/614 619/23/619 613/23/613
f 618/27/618 623/25/623 624/27/624
f 615/27/615 620/25/620 614/25/614
f 625/23/625 634/23/634 628/23/628
f 627/27/627 636/27/636 633/27/633
f 621/27/621 630/27/630 627/27/627
f 619/23/619 628/23/628 622/23/622
f 623/25/623 628/23/628 629/25/629
f 620/25/620 625/23/625 619/23/619
f 632/25/632 634/23/634 631/23/631
f 632/25/632 636/27/636 635/25/635
f 629/25/629 634/23/634 635/25/635
f 626/25/626 631/23/631 625/23/625
f 630/27/630 635/25/635 636/27/636
f 627/27/627 632/25/632 626/25/626
f 650/24/650 681/22/681 682/24/682
f 266/59/266 647/18/647 267/18/267
f 281/47/281 660/45/660 661/47/661
f 268/20/268 647/18/647 648/20/648
f 281/47/281 662/49/662 282/49/282
f 268/20/268 649/22/649 269/22/269
f 283/51/283 662/49/662 663/51/663
f 269/22/269 650/24/650 270/24/270
f 283/51/283 664/53/664 284/53/284
f 271/26/271 650/24/650 651/26/651
f 258/2/258 637/67/637 638/2/638
f 285/55/285 664/53/664 665/55/665
f 271/26/271 652/28/652 272/28/272
f 258/2/258 639/4/639 259/4/259
f 286/57/286 665/55/665 666/57/666
f 273/30/273 652/28/652 653/30/653
f 260/6/260 639/4/639 640/6/640
f 286/57/286 667/60/667 287/60/287
f 273/30/273 654/32/654 274/32/274
f 261/8/261 640/6/640 641/8/641
f 288/62/288 667/60/667 668/62/668
f 275/34/275 654/32/654 655/34/655
f 261/8/261 642/66/642 262/66/262
f 288/62/288 637/68/637 257/68/257
f 275/34/275 656/36/656 276/36/276
f 263/11/263 642/66/642 643/11/643
f 276/36/276 657/39/657 277/39/277
f 263/11/263 644/13/644 264/13/264
f 278/41/278 657/39/657 658/41/658
f 265/16/265 644/13/644 645/16/645
f 278/41/278 659/43/659 279/43/279
f 265/16/265 646/59/646 266/59/266
f 685/30/685 811/28/811 812/30/812
f 664/53/664 695/51/695 696/53/696
f 651/26/651 682/24/682 683/26/683
f 637/67/637 670/2/670 638/2/638
f 665/55/665 696/53/696 697/55/697
f 652/28/652 683/26/683 684/28/684
f 638/2/638 671/4/671 639/4/639
f 666/57/666 697/55/697 698/57/698
f 653/30/653 684/28/684 685/30/685
f 639/4/639 672/6/672 640/6/640
f 667/60/667 698/57/698 699/60/699
f 653/30/653 686/32/686 654/32/654
f 640/6/640 673/8/673 641/8/641
f 668/62/668 699/60/699 700/62/700
f 654/32/654 687/34/687 655/34/655
f 641/8/641 674/66/674 642/66/642
f 637/68/637 700/62/700 669/68/669
f 655/34/655 688/36/688 656/36/656
f 642/66/642 675/11/675 643/11/643
f 656/36/656 689/39/689 657/39/657
f 643/11/643 676/13/676 644/13/644
f 657/39/657 690/41/690 658/41/658
f 644/13/644 677/16/677 645/16/645
f 658/41/658 691/43/691 659/43/659
f 646/59/646 677/16/677 678/59/678
f 659/43/659 692/45/692 660/45/660
f 647/18/647 678/59/678 679/18/679
f 660/45/660 693/47/693 661/47/661
f 648/20/648 679/18/679 680/20/680
f 662/49/662 693/47/693 694/49/694
f 649/22/649 680/20/680 681/22/681
f 663/51/663 694/49/694 695/51/695
f 720/36/720 751/34/751 752/36/752
f 672/6/672 703/4/703 704/6/704
f 698/57/698 731/60/731 699/60/699
f 718/32/718 821/34/821 820/32/820
f 673/8/673 704/6/704 705/8/705
f 699/60/699 732/62/732 700/62/700
f 684/28/684 810/26/810 811/28/811
f 707/11/707 799/11/799 802/11/802
f 700/62/700 701/68/701 669/68/669
f 717/30/717 820/32/820 819/30/819
f 706/66/706 802/11/802 801/66/801
f 689/39/689 720/36/720 721/39/721
f 675/11/675 708/13/708 676/13/676
f 690/41/690 721/39/721 722/41/722
f 676/13/676 709/16/709 677/16/677
f 691/43/691 722/41/722 723/43/723
f 677/16/677 710/59/710 678/59/678
f 692/45/692 723/43/723 724/45/724
f 678/59/678 711/18/711 679/18/679
f 693/47/693 724/45/724 725/47/725
f 679/18/679 712/20/712 680/20/680
f 694/49/694 725/47/725 726/49/726
f 680/20/680 713/22/713 681/22/681
f 695/51/695 726/49/726 727/51/727
f 681/22/681 714/24/714 682/24/682
f 695/51/695 728/53/728 696/53/696
f 683/26/683 809/24/809 810/26/810
f 670/2/670 701/67/701 702/2/702
f 696/53/696 729/55/729 697/55/697
f 717/30/717 818/28/818 716/28/716
f 671/4/671 702/2/702 703/4/703
f 697/55/697 730/57/730 698/57/698
f 755/43/755 786/41/786 787/43/787
f 707/11/707 738/66/738 739/11/739
f 721/39/721 752/36/752 753/39/753
f 708/13/708 739/11/739 740/13/740
f 721/39/721 754/41/754 722/41/722
f 709/16/709 740/13/740 741/16/741
f 722/41/722 755/43/755 723/43/723
f 710/59/710 741/16/741 742/59/742
f 723/43/723 756/45/756 724/45/724
f 711/18/711 742/59/742 743/18/743
f 724/45/724 757/47/757 725/47/725
f 712/20/712 743/18/743 744/20/744
f 725/47/725 758/49/758 726/49/726
f 713/22/713 744/20/744 745/22/745
f 726/49/726 759/51/759 727/51/727
f 713/22/713 746/24/746 714/24/714
f 727/51/727 760/53/760 728/53/728
f 714/24/714 747/26/747 715/26/715
f 702/2/702 733/67/733 734/2/734
f 728/53/728 761/55/761 729/55/729
f 715/26/715 748/28/748 716/28/716
f 703/4/703 734/2/734 735/4/735
f 729/55/729 762/57/762 730/57/730
f 716/28/716 749/30/749 717/30/717
f 704/6/704 735/4/735 736/6/736
f 730/57/730 763/60/763 731/60/731
f 718/32/718 749/30/749 750/32/750
f 705/8/705 736/6/736 737/8/737
f 731/60/731 764/62/764 732/62/732
f 719/34/719 750/32/750 751/34/751
f 706/66/706 737/8/737 738/66/738
f 732/62/732 733/68/733 701/68/701
f 769/77/769 768/78/768 793/79/793
f 741/16/741 774/59/774 742/59/742
f 756/45/756 787/43/787 788/45/788
f 742/59/742 775/18/775 743/18/743
f 757/47/757 788/45/788 789/47/789
f 743/18/743 776/20/776 744/20/744
f 757/47/757 790/49/790 758/49/758
f 744/20/744 777/22/777 745/22/745
f 758/49/758 791/51/791 759/51/759
f 745/22/745 778/24/778 746/24/746
f 759/51/759 792/53/792 760/53/760
f 746/24/746 779/26/779 747/26/747
f 734/2/734 765/67/765 766/2/766
f 760/53/760 793/55/793 761/55/761
f 747/26/747 780/28/780 748/28/748
f 735/4/735 766/2/766 767/4/767
f 761/55/761 794/57/794 762/57/762
f 748/28/748 781/30/781 749/30/749
f 736/6/736 767/4/767 768/6/768
f 762/57/762 795/60/795 763/60/763
f 750/32/750 781/30/781 782/32/782
f 737/8/737 768/6/768 769/8/769
f 763/60/763 796/62/796 764/62/764
f 751/34/751 782/32/782 783/34/783
f 738/66/738 769/8/769 770/66/770
f 764/62/764 765/68/765 733/68/733
f 752/36/752 783/34/783 784/36/784
f 739/11/739 770/66/770 771/11/771
f 753/39/753 784/36/784 785/39/785
f 740/13/740 771/11/771 772/13/772
f 754/41/754 785/39/785 786/41/786
f 741/16/741 772/13/772 773/16/773
f 798/66/798 805/11/805 799/11/799
f 801/66/801 808/11/808 807/66/807
f 705/8/705 797/8/797 673/8/673
f 673/8/673 798/66/798 674/66/674
f 705/8/705 801/66/801 800/8/800
f 674/66/674 799/11/799 675/11/675
f 804/66/804 806/8/806 807/66/807
f 805/11/805 807/66/807 808/11/808
f 802/11/802 805/11/805 808/11/808
f 800/8/800 803/8/803 797/8/797
f 800/8/800 807/66/807 806/8/806
f 797/8/797 804/66/804 798/66/798
f 815/36/815 836/36/836 822/36/822
f 811/28/811 824/26/824 825/28/825
f 819/30/819 832/28/832 818/28/818
f 810/26/810 823/24/823 824/26/824
f 818/28/818 831/26/831 817/26/817
f 817/26/817 830/24/830 816/24/816
f 719/34/719 822/36/822 821/34/821
f 685/30/685 813/32/813 686/32/686
f 686/32/686 814/34/814 687/34/687
f 715/26/715 816/24/816 714/24/714
f 687/34/687 815/36/815 688/36/688
f 716/28/716 817/26/817 715/26/715
f 688/36/688 822/36/822 720/36/720
f 682/24/682 816/24/816 809/24/809
f 825/28/825 833/30/833 826/30/826
f 827/32/827 833/30/833 834/32/834
f 828/34/828 834/32/834 835/34/835
f 829/36/829 835/34/835 836/36/836
f 823/24/823 831/26/831 824/26/824
f 824/26/824 832/28/832 825/28/825
f 819/30/819 834/32/834 833/30/833
f 812/30/812 825/28/825 826/30/826
f 809/24/809 830/24/830 823/24/823
f 820/32/820 835/34/835 834/32/834
f 812/30/812 827/32/827 813/32/813
f 821/34/821 836/36/836 835/34/835
f 813/32/813 828/34/828 814/34/814
f 814/34/814 829/36/829 815/36/815
f 1/1/1 838/2/64 2/67/2
f 837/3/63 840/4/62 838/2/64
f 839/5/61 842/6/60 840/4/62
f 841/7/59 844/8/838 842/6/60
f 845/10/839 844/8/838 843/9/837
f 845/10/839 848/11/842 846/66/840
f 847/12/841 850/13/844 848/11/842
f 851/15/845 850/13/844 849/14/843
f 853/17/847 852/16/846 851/15/845
f 853/17/847 856/18/850 854/59/848
f 855/19/849 858/20/852 856/18/850
f 857/21/851 860/22/854 858/20/852
f 859/23/853 862/24/856 860/22/854
f 861/25/855 864/26/858 862/24/856
f 863/27/857 866/28/860 864/26/858
f 865/29/859 34/30/34 866/28/860
f 33/31/33 868/32/862 34/30/34
f 867/33/861 870/34/864 868/32/862
f 869/35/863 872/36/866 870/34/864
f 873/38/867 872/36/866 871/37/865
f 875/40/869 874/39/868 873/38/867
f 877/42/871 876/41/870 875/40/869
f 879/44/873 878/43/872 877/42/871
f 881/46/875 880/45/874 879/44/873
f 883/48/877 882/47/876 881/46/875
f 885/50/879 884/49/878 883/48/877
f 887/52/881 886/51/880 885/50/879
f 889/54/883 888/53/882 887/52/881
f 891/56/7 890/55/884 889/54/883
f 893/58/5 892/57/8 891/56/7
f 1108/59/925 964/16/153 1107/16/309
f 895/61/3 894/60/6 893/58/5
f 1/63/1 896/62/4 895/61/3
f 1392/27/990 910/27/895 863/27/857
f 949/46/105 920/48/905 919/46/904
f 915/38/900 875/40/869 873/38/867
f 891/56/7 925/58/67 893/58/5
f 905/17/890 1396/15/994 904/15/889
f 81/31/81 867/33/861 33/31/33
f 920/48/905 885/50/879 883/48/877
f 899/7/94 843/9/837 841/7/59
f 859/23/853 1391/25/989 861/25/855
f 916/40/901 877/42/871 875/40/869
f 893/58/5 926/61/66 895/61/3
f 901/10/886 1383/10/981 845/10/839
f 912/33/897 869/35/863 867/33/861
f 885/50/879 922/52/907 887/52/881
f 843/9/837 901/10/886 845/10/839
f 1385/14/983 851/15/845 849/14/843
f 917/42/902 879/44/873 877/42/871
f 65/1/65 837/3/63 1/1/1
f 895/61/3 65/63/65 1/63/1
f 904/15/889 1395/14/993 903/14/888
f 913/35/898 871/37/865 869/35/863
f 887/52/881 923/54/908 889/54/883
f 903/14/888 1394/12/992 902/12/887
f 863/27/857 911/29/896 865/29/859
f 918/44/903 881/46/875 879/44/873
f 897/3/96 839/5/61 837/3/63
f 1387/17/985 855/19/849 853/17/847
f 914/37/899 873/38/867 871/37/865
f 889/54/883 924/56/68 891/56/7
f 1402/27/1000 909/25/894 910/27/895
f 865/29/859 81/31/81 33/31/33
f 919/46/904 883/48/877 881/46/875
f 898/5/95 841/7/59 839/5/61
f 935/17/120 1182/19/379 936/19/119
f 907/21/892 938/23/117 908/23/893
f 950/48/104 921/50/906 920/48/905
f 908/23/893 939/25/909 909/25/894
f 951/50/103 922/52/907 921/50/906
f 909/25/894 940/27/115 910/27/895
f 65/1/65 927/3/128 897/3/96
f 952/52/102 923/54/908 922/52/907
f 910/27/895 941/29/114 911/29/896
f 897/3/96 928/5/127 898/5/95
f 953/54/101 924/56/68 923/54/908
f 911/29/896 113/31/113 81/31/81
f 898/5/95 929/7/126 899/7/94
f 954/56/100 925/58/67 924/56/68
f 113/31/113 912/33/897 81/31/81
f 899/7/94 930/9/125 900/9/885
f 955/58/99 926/61/66 925/58/67
f 942/33/112 913/35/898 912/33/897
f 900/9/885 931/10/124 901/10/886
f 956/61/98 65/63/65 926/61/66
f 943/35/111 914/37/899 913/35/898
f 901/10/886 932/12/123 902/12/887
f 944/37/110 915/38/900 914/37/899
f 902/12/887 933/14/122 903/14/888
f 945/38/109 916/40/901 915/38/900
f 903/14/888 934/15/121 904/15/889
f 946/40/108 917/42/902 916/40/901
f 904/15/889 935/17/120 905/17/890
f 947/42/107 918/44/903 917/42/902
f 905/17/890 936/19/119 906/19/891
f 948/44/106 919/46/904 918/44/903
f 906/19/891 937/21/118 907/21/892
f 985/60/131 1014/57/164 984/57/132
f 973/34/916 1109/64/308 1110/65/926
f 982/53/134 1111/51/307 1112/53/296
f 1114/66/294 960/8/157 1113/73/306
f 1139/20/939 968/22/913 967/20/912
f 978/45/921 1117/43/929 1118/45/930
f 1119/2/303 129/67/129 301/67/301
f 129/68/129 1120/62/302 301/68/301
f 1128/20/933 1146/18/946 1121/18/931
f 974/36/917 1110/65/926 1122/36/932
f 983/55/133 1112/53/296 1123/55/295
f 1124/11/293 961/66/156 1114/66/294
f 1125/28/291 970/26/915 1116/26/928
f 979/47/137 1118/45/930 1126/47/289
f 1127/4/320 957/2/160 1119/2/303
f 1134/22/935 1147/20/947 1128/20/933
f 975/39/918 1122/36/932 1129/39/934
f 984/57/132 1123/55/295 1130/69/317
f 1131/70/316 962/11/155 1124/11/293
f 315/30/315 971/28/146 1125/28/291
f 980/49/136 1126/47/289 1132/71/314
f 1133/6/313 958/4/159 1127/4/320
f 1115/72/927 1148/22/948 1134/22/935
f 976/41/919 1129/39/934 1135/41/936
f 985/60/131 1130/69/317 1136/60/310
f 1107/16/309 963/13/154 1131/70/316
f 972/32/144 315/30/315 1109/64/308
f 981/51/135 1132/71/314 1111/51/307
f 1113/73/306 959/6/158 1133/6/313
f 1138/18/938 967/20/912 966/18/911
f 977/43/920 1135/41/936 1117/43/929
f 986/62/130 1136/60/310 1120/62/302
f 1002/32/176 209/30/209 177/30/177
f 972/32/144 177/30/177 145/30/145
f 990/8/189 959/6/158 960/8/157
f 986/62/130 1015/60/163 985/60/131
f 973/34/916 1002/32/176 972/32/144
f 991/66/188 960/8/157 961/66/156
f 161/68/161 986/62/130 129/68/129
f 974/36/917 1003/34/175 973/34/916
f 992/11/187 961/66/156 962/11/155
f 975/39/918 1004/36/174 974/36/917
f 993/13/186 962/11/155 963/13/154
f 976/41/919 1005/39/173 975/39/918
f 994/16/185 963/13/154 964/16/153
f 977/43/920 1006/41/172 976/41/919
f 995/59/184 964/16/153 965/59/910
f 978/45/921 1007/43/171 977/43/920
f 996/18/183 965/59/910 966/18/911
f 979/47/137 1008/45/170 978/45/921
f 997/20/182 966/18/911 967/20/912
f 980/49/136 1009/47/169 979/47/137
f 998/22/181 967/20/912 968/22/913
f 981/51/135 1010/49/168 980/49/136
f 999/24/180 968/22/913 969/24/914
f 982/53/134 1011/51/167 981/51/135
f 1000/26/179 969/24/914 970/26/915
f 987/2/192 129/67/129 957/2/160
f 983/55/133 1012/53/166 982/53/134
f 971/28/146 1000/26/179 970/26/915
f 988/4/191 957/2/160 958/4/159
f 984/57/132 1013/55/922 983/55/133
f 145/30/145 1001/28/178 971/28/146
f 989/6/190 958/4/159 959/6/158
f 1035/39/205 1064/36/238 1034/36/206
f 1020/8/221 989/6/190 990/8/189
f 1016/62/162 1045/60/195 1015/60/163
f 1003/34/175 1032/32/208 1002/32/176
f 1021/66/220 990/8/189 991/66/188
f 161/68/161 1046/62/194 1016/62/162
f 1004/36/174 1033/34/207 1003/34/175
f 1022/11/219 991/66/188 992/11/187
f 1005/39/173 1034/36/206 1004/36/174
f 1023/13/218 992/11/187 993/13/186
f 1006/41/172 1035/39/205 1005/39/173
f 1024/16/217 993/13/186 994/16/185
f 1007/43/171 1036/41/204 1006/41/172
f 1025/59/216 994/16/185 995/59/184
f 1008/45/170 1037/43/203 1007/43/171
f 1026/18/215 995/59/184 996/18/183
f 1009/47/169 1038/45/202 1008/45/170
f 1027/20/214 996/18/183 997/20/182
f 1010/49/168 1039/47/201 1009/47/169
f 1028/22/213 997/20/182 998/22/181
f 1011/51/167 1040/49/200 1010/49/168
f 1029/24/212 998/22/181 999/24/180
f 1012/53/166 1041/51/199 1011/51/167
f 1030/26/211 999/24/180 1000/26/179
f 1017/2/923 161/67/161 987/2/192
f 1013/55/922 1042/53/198 1012/53/166
f 1031/28/210 1000/26/179 1001/28/178
f 1018/4/223 987/2/192 988/4/191
f 1014/57/164 1043/55/197 1013/55/922
f 209/30/209 1001/28/178 177/30/177
f 1019/6/222 988/4/191 989/6/190
f 1015/60/163 1044/57/196 1014/57/164
f 1068/45/234 1097/43/267 1067/43/235
f 1053/13/250 1022/11/219 1023/13/218
f 1036/41/204 1065/39/237 1035/39/205
f 1054/16/249 1023/13/218 1024/16/217
f 1037/43/203 1066/41/236 1036/41/204
f 1055/59/248 1024/16/217 1025/59/216
f 1038/45/202 1067/43/235 1037/43/203
f 1056/18/247 1025/59/216 1026/18/215
f 1039/47/201 1068/45/234 1038/45/202
f 1057/20/924 1026/18/215 1027/20/214
f 1040/49/200 1069/47/233 1039/47/201
f 1058/22/245 1027/20/214 1028/22/213
f 1041/51/199 1070/49/232 1040/49/200
f 1059/24/244 1028/22/213 1029/24/212
f 1042/53/198 1071/51/231 1041/51/199
f 1060/26/243 1029/24/212 1030/26/211
f 1047/2/256 193/67/193 1017/2/923
f 1043/55/197 1072/53/230 1042/53/198
f 1061/28/242 1030/26/211 1031/28/210
f 1048/4/255 1017/2/923 1018/4/223
f 1044/57/196 1073/55/229 1043/55/197
f 241/30/241 1031/28/210 209/30/209
f 1049/6/254 1018/4/223 1019/6/222
f 1045/60/195 1074/57/228 1044/57/196
f 1032/32/208 241/30/241 209/30/209
f 1050/8/253 1019/6/222 1020/8/221
f 1046/62/194 1075/60/227 1045/60/195
f 1033/34/207 1062/32/240 1032/32/208
f 1051/66/252 1020/8/221 1021/66/220
f 193/68/193 1076/62/226 1046/62/194
f 1034/36/206 1063/34/239 1033/34/207
f 1052/11/251 1021/66/220 1022/11/219
f 1098/45/266 1459/43/647 1097/43/267
f 1086/18/279 1055/59/248 1056/18/247
f 1069/47/233 1098/45/266 1068/45/234
f 1087/20/278 1056/18/247 1057/20/924
f 1100/49/264 1069/47/233 1070/49/232
f 1088/22/277 1057/20/924 1058/22/245
f 1101/51/263 1070/49/232 1071/51/231
f 1089/24/276 1058/22/245 1059/24/244
f 1102/53/262 1071/51/231 1072/53/230
f 1090/26/275 1059/24/244 1060/26/243
f 1047/2/256 257/67/257 225/67/225
f 1103/55/261 1072/53/230 1073/55/229
f 1091/28/274 1060/26/243 1061/28/242
f 1048/4/255 1077/2/288 1047/2/256
f 1104/57/260 1073/55/229 1074/57/228
f 273/30/273 1061/28/242 241/30/241
f 1049/6/254 1078/4/287 1048/4/255
f 1105/60/259 1074/57/228 1075/60/227
f 1062/32/240 273/30/273 241/30/241
f 1050/8/253 1079/6/286 1049/6/254
f 1106/62/258 1075/60/227 1076/62/226
f 1063/34/239 1092/32/272 1062/32/240
f 1051/66/252 1080/8/285 1050/8/253
f 257/68/257 1076/62/226 225/68/225
f 1064/36/238 1093/34/271 1063/34/239
f 1052/11/251 1081/66/284 1051/66/252
f 1065/39/237 1094/36/270 1064/36/238
f 1053/13/250 1082/11/283 1052/11/251
f 1066/41/236 1095/39/269 1065/39/237
f 1054/16/249 1083/13/282 1053/13/250
f 1067/43/235 1096/41/268 1066/41/236
f 1085/59/280 1054/16/249 1055/59/248
f 896/62/4 1136/60/310 894/60/6
f 1117/43/929 876/41/870 878/43/872
f 862/24/856 1134/22/935 860/22/854
f 844/8/838 1133/6/313 842/6/60
f 1111/51/307 884/49/878 886/51/880
f 1109/64/308 34/30/34 868/32/862
f 852/16/846 1131/70/316 850/13/844
f 1136/60/310 892/57/8 894/60/6
f 1135/41/936 874/39/868 876/41/870
f 860/22/854 1128/20/933 858/20/852
f 842/6/60 1127/4/320 840/4/62
f 1132/71/314 882/47/876 884/49/878
f 34/30/34 1125/28/291 866/28/860
f 850/13/844 1124/11/293 848/11/842
f 1130/69/317 890/55/884 892/57/8
f 1129/39/934 872/36/866 874/39/868
f 858/20/852 1121/18/931 856/18/850
f 1127/4/320 838/2/64 840/4/62
f 1126/47/289 880/45/874 882/47/876
f 866/28/860 1116/26/928 864/26/858
f 848/11/842 1114/66/294 846/66/840
f 1123/55/295 888/53/882 890/55/884
f 1122/36/932 870/34/864 872/36/866
f 856/18/850 1108/59/925 854/59/848
f 2/68/2 1120/62/302 896/62/4
f 1119/2/303 2/67/2 838/2/64
f 1118/45/930 878/43/872 880/45/874
f 864/26/858 1115/72/927 862/24/856
f 846/66/840 1113/73/306 844/8/838
f 1112/53/296 886/51/880 888/53/882
f 1110/65/926 868/32/862 870/34/864
f 854/59/848 1107/16/309 852/16/846
f 1145/26/945 1152/72/952 1144/72/944
f 1146/18/946 1137/59/937 1143/59/943
f 1147/20/947 1138/18/938 1146/18/946
f 1148/22/948 1139/20/939 1147/20/947
f 1148/22/948 1149/22/949 1140/22/940
f 1121/18/931 1143/59/943 1108/59/925
f 1108/59/925 1137/59/937 965/59/910
f 1145/26/945 1115/72/927 1116/26/928
f 968/22/913 1141/24/941 969/24/914
f 1137/59/937 966/18/911 965/59/910
f 970/26/915 1145/26/945 1116/26/928
f 969/24/914 1142/26/942 970/26/915
f 1160/22/960 1149/22/949 1154/22/954
f 1159/26/959 1152/72/952 1153/26/953
f 1150/24/950 1142/26/942 1141/24/941
f 1144/72/944 1154/22/954 1148/22/948
f 1151/26/951 1145/26/945 1142/26/942
f 1149/22/949 1141/24/941 1140/22/940
f 1157/26/957 1165/26/965 1159/26/959
f 1158/72/958 1166/22/966 1160/22/960
f 1155/22/955 1150/24/950 1149/22/949
f 1152/72/952 1160/22/960 1154/22/954
f 1151/26/951 1159/26/959 1153/26/953
f 1156/24/956 1151/26/951 1150/24/950
f 1172/22/972 1161/22/961 1166/22/966
f 1171/26/971 1164/72/964 1165/26/965
f 1162/24/962 1157/26/957 1156/24/956
f 1165/26/965 1158/72/958 1159/26/959
f 1166/22/966 1155/22/955 1160/22/960
f 1161/22/961 1156/24/956 1155/22/955
f 1171/26/971 1168/24/968 1170/72/970
f 1170/72/970 1167/22/967 1172/22/972
f 1167/22/967 1162/24/962 1161/22/961
f 1164/72/964 1172/22/972 1166/22/966
f 1163/26/963 1171/26/971 1165/26/965
f 1168/24/968 1163/26/963 1162/24/962
f 1186/27/375 1217/29/406 1187/29/374
f 1194/44/366 949/46/105 948/44/106
f 936/19/119 1183/21/378 937/21/118
f 1195/46/365 950/48/104 949/46/105
f 937/21/118 1184/23/377 938/23/117
f 1196/48/364 951/50/103 950/48/104
f 938/23/117 1185/25/376 939/25/909
f 951/50/103 1198/52/362 952/52/102
f 939/25/909 1186/27/375 940/27/115
f 357/1/357 927/3/128 97/1/97
f 952/52/102 1199/54/361 953/54/101
f 940/27/115 1187/29/374 941/29/114
f 1173/3/388 928/5/127 927/3/128
f 953/54/101 1200/56/360 954/56/100
f 941/29/114 373/31/373 113/31/113
f 1174/5/387 929/7/126 928/5/127
f 954/56/100 1201/58/359 955/58/99
f 373/31/373 942/33/112 113/31/113
f 1175/7/386 930/9/125 929/7/126
f 955/58/99 1202/61/358 956/61/98
f 1188/33/372 943/35/111 942/33/112
f 1176/9/385 931/10/124 930/9/125
f 956/61/98 357/63/357 97/63/97
f 1189/35/371 944/37/110 943/35/111
f 1177/10/384 932/12/123 931/10/124
f 1190/37/370 945/38/109 944/37/110
f 932/12/123 1179/14/382 933/14/122
f 1191/38/369 946/40/108 945/38/109
f 933/14/122 1180/15/381 934/15/121
f 1192/40/368 947/42/107 946/40/108
f 934/15/121 1181/17/380 935/17/120
f 1193/42/367 948/44/106 947/42/107
f 1232/61/390 421/63/421 389/63/389
f 1173/3/388 1204/5/419 1174/5/387
f 1229/54/393 1200/56/360 1199/54/361
f 1187/29/374 405/31/405 373/31/373
f 1174/5/387 1205/7/418 1175/7/386
f 1230/56/392 1201/58/359 1200/56/360
f 405/31/405 1188/33/372 373/31/373
f 1175/7/386 1206/9/417 1176/9/385
f 1231/58/391 1202/61/358 1201/58/359
f 1218/33/404 1189/35/371 1188/33/372
f 1176/9/385 1207/10/416 1177/10/384
f 1232/61/390 357/63/357 1202/61/358
f 1219/35/403 1190/37/370 1189/35/371
f 1177/10/384 1208/12/415 1178/12/383
f 1220/37/973 1191/38/369 1190/37/370
f 1178/12/383 1209/14/414 1179/14/382
f 1221/38/401 1192/40/368 1191/38/369
f 1179/14/382 1210/15/413 1180/15/381
f 1222/40/400 1193/42/367 1192/40/368
f 1180/15/381 1211/17/412 1181/17/380
f 1223/42/399 1194/44/366 1193/42/367
f 1181/17/380 1212/19/411 1182/19/379
f 1224/44/398 1195/46/365 1194/44/366
f 1182/19/379 1213/21/410 1183/21/378
f 1225/46/397 1196/48/364 1195/46/365
f 1183/21/378 1214/23/409 1184/23/377
f 1226/48/396 1197/50/363 1196/48/364
f 1184/23/377 1215/25/408 1185/25/376
f 1227/50/395 1198/52/362 1197/50/363
f 1185/25/376 1216/27/407 1186/27/375
f 357/1/357 1203/3/420 1173/3/388
f 1228/52/394 1199/54/361 1198/52/362
f 1252/40/432 1283/42/974 1253/42/431
f 1249/35/435 1220/37/973 1219/35/403
f 1237/10/448 1208/12/415 1207/10/416
f 1250/37/434 1221/38/401 1220/37/973
f 1208/12/415 1239/14/446 1209/14/414
f 1251/38/433 1222/40/400 1221/38/401
f 1209/14/414 1240/15/445 1210/15/413
f 1252/40/432 1223/42/399 1222/40/400
f 1210/15/413 1241/17/444 1211/17/412
f 1253/42/431 1224/44/398 1223/42/399
f 1211/17/412 1242/19/443 1212/19/411
f 1254/44/430 1225/46/397 1224/44/398
f 1212/19/411 1243/21/442 1213/21/410
f 1255/46/429 1226/48/396 1225/46/397
f 1213/21/410 1244/23/441 1214/23/409
f 1256/48/428 1227/50/395 1226/48/396
f 1214/23/409 1245/25/440 1215/25/408
f 1227/50/395 1258/52/426 1228/52/394
f 1215/25/408 1246/27/439 1216/27/407
f 421/1/421 1203/3/420 389/1/389
f 1228/52/394 1259/54/425 1229/54/393
f 1216/27/407 1247/29/438 1217/29/406
f 1233/3/452 1204/5/419 1203/3/420
f 1229/54/393 1260/56/424 1230/56/392
f 1217/29/406 437/31/437 405/31/405
f 1234/5/451 1205/7/418 1204/5/419
f 1230/56/392 1261/58/423 1231/58/391
f 437/31/437 1218/33/404 405/31/405
f 1235/7/450 1206/9/417 1205/7/418
f 1231/58/391 1262/61/422 1232/61/390
f 1248/33/436 1219/35/403 1218/33/404
f 1236/9/449 1207/10/416 1206/9/417
f 1285/46/461 1316/48/492 1286/48/460
f 1240/15/445 1271/17/476 1241/17/444
f 1253/42/431 1284/44/462 1254/44/430
f 1271/17/476 1242/19/443 1241/17/444
f 1284/44/462 1255/46/429 1254/44/430
f 1272/19/475 1243/21/442 1242/19/443
f 1255/46/429 1286/48/460 1256/48/428
f 1273/21/474 1244/23/441 1243/21/442
f 1256/48/428 1287/50/459 1257/50/427
f 1244/23/441 1275/25/472 1245/25/440
f 1287/50/459 1258/52/426 1257/50/427
f 1245/25/440 1276/27/471 1246/27/439
f 453/1/453 1233/3/452 421/1/421
f 1288/52/458 1259/54/425 1258/52/426
f 1276/27/471 1247/29/438 1246/27/439
f 1233/3/452 1264/5/483 1234/5/451
f 1289/54/457 1260/56/424 1259/54/425
f 1247/29/438 469/31/469 437/31/437
f 1234/5/451 1265/7/482 1235/7/450
f 1290/56/456 1261/58/423 1260/56/424
f 469/31/469 1248/33/436 437/31/437
f 1235/7/450 1266/9/481 1236/9/449
f 1261/58/423 1292/61/454 1262/61/422
f 1278/33/468 1249/35/435 1248/33/436
f 1266/9/481 1237/10/448 1236/9/449
f 1262/61/422 453/63/453 421/63/421
f 1279/35/467 1250/37/434 1249/35/435
f 1237/10/448 1268/12/479 1238/12/447
f 1280/37/466 1251/38/433 1250/37/434
f 1268/12/479 1239/14/446 1238/12/447
f 1281/38/465 1252/40/432 1251/38/433
f 1269/14/478 1240/15/445 1239/14/446
f 485/1/485 1323/3/548 1293/3/516
f 1303/21/506 1274/23/473 1273/21/474
f 1286/48/460 1317/50/491 1287/50/459
f 1304/23/505 1275/25/472 1274/23/473
f 1317/50/491 1288/52/458 1287/50/459
f 1305/25/504 1276/27/471 1275/25/472
f 453/1/453 1293/3/516 1263/3/484
f 1318/52/490 1289/54/457 1288/52/458
f 1306/27/503 1277/29/470 1276/27/471
f 1263/3/484 1294/5/515 1264/5/483
f 1319/54/489 1290/56/456 1289/54/457
f 1307/29/502 469/31/469 1277/29/470
f 1264/5/483 1295/7/514 1265/7/482
f 1320/56/488 1291/58/455 1290/56/456
f 469/31/469 1308/33/500 1278/33/468
f 1265/7/482 1296/9/513 1266/9/481
f 1321/58/487 1292/61/454 1291/58/455
f 1278/33/468 1309/35/499 1279/35/467
f 1266/9/481 1297/10/512 1267/10/480
f 1322/61/486 453/63/453 1292/61/454
f 1279/35/467 1310/37/498 1280/37/466
f 1267/10/480 1298/12/511 1268/12/479
f 1280/37/466 1311/38/497 1281/38/465
f 1298/12/511 1269/14/478 1268/12/479
f 1281/38/465 1312/40/496 1282/40/464
f 1299/14/510 1270/15/477 1269/14/478
f 1282/40/464 1313/42/495 1283/42/974
f 1300/15/509 1271/17/476 1270/15/477
f 1283/42/974 1314/44/494 1284/44/462
f 1301/17/508 1272/19/475 1271/17/476
f 1284/44/462 1315/46/493 1285/46/461
f 1302/19/507 1273/21/474 1272/19/475
f 1325/7/546 1356/9/577 1326/9/545
f 1348/52/522 1319/54/489 1318/52/490
f 1306/27/503 1337/29/534 1307/29/502
f 1293/3/516 1324/5/547 1294/5/515
f 1349/54/521 1320/56/488 1319/54/489
f 1307/29/502 533/31/533 501/31/501
f 1294/5/515 1325/7/546 1295/7/514
f 1350/56/520 1321/58/487 1320/56/488
f 533/31/533 1308/33/500 501/31/501
f 1295/7/514 1326/9/545 1296/9/513
f 1351/58/975 1322/61/486 1321/58/487
f 1338/33/532 1309/35/499 1308/33/500
f 1296/9/513 1327/10/544 1297/10/512
f 1352/61/518 485/63/485 1322/61/486
f 1339/35/531 1310/37/498 1309/35/499
f 1297/10/512 1328/12/543 1298/12/511
f 1340/37/530 1311/38/497 1310/37/498
f 1298/12/511 1329/14/542 1299/14/510
f 1341/38/529 1312/40/496 1311/38/497
f 1299/14/510 1330/15/541 1300/15/509
f 1342/40/528 1313/42/495 1312/40/496
f 1300/15/509 1331/17/540 1301/17/508
f 1343/42/527 1314/44/494 1313/42/495
f 1301/17/508 1332/19/539 1302/19/507
f 1344/44/526 1315/46/493 1314/44/494
f 1302/19/507 1333/21/538 1303/21/506
f 1345/46/525 1316/48/492 1315/46/493
f 1303/21/506 1334/23/537 1304/23/505
f 1346/48/524 1317/50/491 1316/48/492
f 1304/23/505 1335/25/536 1305/25/504
f 1347/50/523 1318/52/490 1317/50/491
f 1305/25/504 1336/27/535 1306/27/503
f 1355/80/578 1354/81/579 1365/82/568
f 1381/58/980 1352/61/518 1351/58/975
f 1368/33/564 1339/35/531 1338/33/532
f 1326/9/545 1357/10/576 1327/10/544
f 1382/61/550 517/63/517 1352/61/518
f 1369/35/563 1340/37/530 1339/35/531
f 1327/10/544 1358/12/575 1328/12/543
f 1370/37/562 1341/38/529 1340/37/530
f 1328/12/543 1359/14/574 1329/14/542
f 1371/38/561 1342/40/528 1341/38/529
f 1329/14/542 1360/15/573 1330/15/541
f 1372/40/560 1343/42/527 1342/40/528
f 1330/15/541 1361/17/572 1331/17/540
f 1373/42/977 1344/44/526 1343/42/527
f 1331/17/540 1362/19/571 1332/19/539
f 1374/44/558 1345/46/525 1344/44/526
f 1332/19/539 1363/21/570 1333/21/538
f 1375/46/557 1346/48/524 1345/46/525
f 1333/21/538 1364/23/976 1334/23/537
f 1376/48/556 1347/50/523 1346/48/524
f 1334/23/537 1365/25/568 1335/25/536
f 1377/50/555 1348/52/522 1347/50/523
f 1335/25/536 1366/27/567 1336/27/535
f 517/1/517 1353/3/580 1323/3/548
f 1378/52/978 1349/54/521 1348/52/522
f 1336/27/535 1367/29/566 1337/29/534
f 1323/3/548 1354/5/579 1324/5/547
f 1379/54/553 1350/56/520 1349/54/521
f 1367/29/566 533/31/533 1337/29/534
f 1324/5/547 1355/7/578 1325/7/546
f 1380/56/979 1351/58/975 1350/56/520
f 533/31/533 1368/33/564 1338/33/532
f 1389/21/987 1400/23/998 1390/23/988
f 1385/14/983 1396/15/994 1386/15/984
f 1402/27/1000 1407/25/1005 1401/25/999
f 1386/15/984 1397/17/995 1387/17/985
f 1404/25/1002 1392/27/990 1391/25/989
f 1387/17/985 1398/19/996 1388/19/986
f 1393/10/991 1384/12/982 1383/10/981
f 1388/19/986 1399/21/997 1389/21/987
f 1384/12/982 1395/14/993 1385/14/983
f 1383/10/981 847/12/841 845/10/839
f 906/19/891 1397/17/995 905/17/890
f 855/19/849 1389/21/987 857/21/851
f 1399/21/997 906/19/891 907/21/892
f 1386/15/984 853/17/847 851/15/845
f 861/25/855 1392/27/990 863/27/857
f 1400/23/998 907/21/892 908/23/893
f 1384/12/982 849/14/843 847/12/841
f 1401/25/999 908/23/893 909/25/894
f 857/21/851 1390/23/988 859/23/853
f 902/12/887 1393/10/991 901/10/886
f 1410/25/1008 1405/27/1003 1404/25/1002
f 1408/27/1006 1413/25/1011 1407/25/1005
f 1406/23/1004 1390/23/988 1400/23/998
f 1403/23/1001 1391/25/989 1390/23/988
f 1401/25/999 1406/23/1004 1400/23/998
f 1392/27/990 1408/27/1006 1402/27/1000
f 1416/25/1014 1411/27/1009 1410/25/1008
f 1414/27/1012 1419/25/1017 1413/25/1011
f 1411/27/1009 1408/27/1006 1405/27/1003
f 1406/23/1004 1409/23/1007 1403/23/1001
f 1407/25/1005 1412/23/1010 1406/23/1004
f 1409/23/1007 1404/25/1002 1403/23/1001
f 1424/23/1022 1415/23/1013 1418/23/1016
f 1417/27/1015 1426/27/1024 1420/27/1018
f 1411/27/1009 1420/27/1018 1414/27/1012
f 1418/23/1016 1409/23/1007 1412/23/1010
f 1413/25/1011 1418/23/1016 1412/23/1010
f 1415/23/1013 1410/25/1008 1409/23/1007
f 1428/25/1026 1423/27/1021 1422/25/1020
f 1426/27/1024 1431/25/1029 1425/25/1023
f 1419/25/1017 1424/23/1022 1418/23/1016
f 1421/23/1019 1416/25/1014 1415/23/1013
f 1420/27/1018 1425/25/1023 1419/25/1017
f 1422/25/1020 1417/27/1015 1416/25/1014
f 1436/23/1034 1427/23/1025 1430/23/1028
f 1429/27/1027 1438/27/1036 1432/27/1030
f 1423/27/1021 1432/27/1030 1426/27/1024
f 1430/23/1028 1421/23/1019 1424/23/1022
f 1425/25/1023 1430/23/1028 1424/23/1022
f 1427/23/1025 1422/25/1020 1421/23/1019
f 1436/23/1034 1434/25/1032 1433/23/1031
f 1434/25/1032 1438/27/1036 1435/27/1033
f 1431/25/1029 1436/23/1034 1430/23/1028
f 1433/23/1031 1428/25/1026 1427/23/1025
f 1432/27/1030 1437/25/1035 1431/25/1029
f 1434/25/1032 1429/27/1027 1428/25/1026
f 1451/24/656 1480/22/689 1450/22/657
f 1086/18/279 1447/59/660 1085/59/280
f 1461/47/645 1098/45/266 1099/47/265
f 1087/20/278 1448/18/659 1086/18/279
f 1462/49/644 1099/47/265 1100/49/264
f 1450/22/657 1087/20/278 1088/22/277
f 1101/51/263 1462/49/644 1100/49/264
f 1451/24/656 1088/22/277 1089/24/276
f 1464/53/642 1101/51/263 1102/53/262
f 1090/26/275 1451/24/656 1089/24/276
f 1077/2/288 637/67/637 257/67/257
f 1103/55/261 1464/53/642 1102/53/262
f 1453/28/654 1090/26/275 1091/28/274
f 1078/4/287 1439/2/668 1077/2/288
f 1104/57/260 1465/55/641 1103/55/261
f 273/30/273 1453/28/654 1091/28/274
f 1079/6/286 1440/4/667 1078/4/287
f 1467/60/639 1104/57/260 1105/60/259
f 1454/32/652 273/30/273 1092/32/272
f 1442/8/665 1079/6/286 1080/8/285
f 1106/62/258 1467/60/639 1105/60/259
f 1455/34/651 1092/32/272 1093/34/271
f 1443/66/664 1080/8/285 1081/66/284
f 257/68/257 1468/62/638 1106/62/258
f 1456/36/650 1093/34/271 1094/36/270
f 1082/11/283 1443/66/664 1081/66/284
f 1457/39/649 1094/36/270 1095/39/269
f 1445/13/662 1082/11/283 1083/13/282
f 1096/41/268 1457/39/649 1095/39/269
f 1084/16/281 1445/13/662 1083/13/282
f 1459/43/647 1096/41/268 1097/43/267
f 1447/59/660 1084/16/281 1085/59/280
f 685/30/685 1603/28/813 1483/28/686
f 1464/53/642 1493/51/1042 1463/51/643
f 1452/26/655 1481/24/688 1451/24/656
f 1469/2/700 637/67/637 1439/2/668
f 1465/55/641 1494/53/1043 1464/53/642
f 1453/28/654 1482/26/687 1452/26/655
f 1470/4/699 1439/2/668 1440/4/667
f 1466/57/640 1495/55/1044 1465/55/641
f 653/30/653 1483/28/686 1453/28/654
f 1471/6/698 1440/4/667 1441/6/666
f 1467/60/639 1496/57/672 1466/57/640
f 1484/32/684 653/30/653 1454/32/652
f 1472/8/1039 1441/6/666 1442/8/665
f 1468/62/638 1497/60/671 1467/60/639
f 1485/34/683 1454/32/652 1455/34/651
f 1473/66/1040 1442/8/665 1443/66/664
f 637/68/637 1498/62/670 1468/62/638
f 1486/36/682 1455/34/651 1456/36/650
f 1474/11/1041 1443/66/664 1444/11/663
f 1487/39/681 1456/36/650 1457/39/649
f 1475/13/694 1444/11/663 1445/13/662
f 1488/41/680 1457/39/649 1458/41/648
f 1476/16/693 1445/13/662 1446/16/1037
f 1489/43/679 1458/41/648 1459/43/647
f 1447/59/660 1476/16/693 1446/16/1037
f 1490/45/678 1459/43/647 1460/45/1038
f 1448/18/659 1477/59/692 1447/59/660
f 1491/47/677 1460/45/1038 1461/47/645
f 1449/20/658 1478/18/691 1448/18/659
f 1462/49/644 1491/47/677 1461/47/645
f 1450/22/657 1479/20/690 1449/20/658
f 1463/51/643 1492/49/676 1462/49/644
f 1516/36/714 1545/34/747 1515/34/715
f 1471/6/698 1500/4/731 1470/4/699
f 1527/60/703 1496/57/672 1497/60/671
f 1514/32/716 1611/34/817 1515/34/715
f 1472/8/1039 1501/6/730 1471/6/698
f 1528/62/702 1497/60/671 1498/62/670
f 1483/28/686 1602/26/814 1482/26/687
f 1504/11/1047 1591/11/1062 1474/11/1041
f 701/68/701 1498/62/670 669/68/669
f 717/30/717 1610/32/818 1514/32/716
f 1503/66/1046 1594/11/1065 1504/11/1047
f 1487/39/681 1516/36/714 1486/36/682
f 1505/13/726 1474/11/1041 1475/13/694
f 1488/41/680 1517/39/713 1487/39/681
f 1506/16/725 1475/13/694 1476/16/693
f 1489/43/679 1518/41/712 1488/41/680
f 1507/59/724 1476/16/693 1477/59/692
f 1490/45/678 1519/43/711 1489/43/679
f 1508/18/723 1477/59/692 1478/18/691
f 1491/47/677 1520/45/710 1490/45/678
f 1509/20/722 1478/18/691 1479/20/690
f 1492/49/676 1521/47/709 1491/47/677
f 1510/22/721 1479/20/690 1480/22/689
f 1493/51/1042 1522/49/708 1492/49/676
f 1511/24/720 1480/22/689 1481/24/688
f 1524/53/1049 1493/51/1042 1494/53/1043
f 1482/26/687 1601/24/815 1481/24/688
f 1469/2/700 701/67/701 669/67/669
f 1525/55/1050 1494/53/1043 1495/55/1044
f 1609/28/820 717/30/717 1513/28/718
f 1470/4/699 1499/2/732 1469/2/700
f 1526/57/704 1495/55/1044 1496/57/672
f 1549/43/743 1578/41/776 1548/41/744
f 1504/11/1047 1533/66/760 1503/66/1046
f 1517/39/713 1546/36/746 1516/36/714
f 1505/13/726 1534/11/759 1504/11/1047
f 1548/41/744 1517/39/713 1518/41/712
f 1506/16/725 1535/13/758 1505/13/726
f 1549/43/743 1518/41/712 1519/43/711
f 1507/59/724 1536/16/757 1506/16/725
f 1550/45/742 1519/43/711 1520/45/710
f 1508/18/723 1537/59/756 1507/59/724
f 1551/47/741 1520/45/710 1521/47/709
f 1509/20/722 1538/18/755 1508/18/723
f 1552/49/740 1521/47/709 1522/49/708
f 1510/22/721 1539/20/754 1509/20/722
f 1553/51/739 1522/49/708 1523/51/1048
f 1541/24/752 1510/22/721 1511/24/720
f 1554/53/738 1523/51/1048 1524/53/1049
f 1542/26/751 1511/24/720 1512/26/719
f 1499/2/732 733/67/733 701/67/701
f 1555/55/737 1524/53/1049 1525/55/1050
f 1543/28/750 1512/26/719 1513/28/718
f 1500/4/731 1529/2/764 1499/2/732
f 1556/57/736 1525/55/1050 1526/57/704
f 749/30/749 1513/28/718 717/30/717
f 1501/6/730 1530/4/763 1500/4/731
f 1557/60/735 1526/57/704 1527/60/703
f 1514/32/716 749/30/749 717/30/717
f 1502/8/1045 1531/6/762 1501/6/730
f 1558/62/734 1527/60/703 1528/62/702
f 1515/34/715 1544/32/748 1514/32/716
f 1503/66/1046 1532/8/1051 1502/8/1045
f 733/68/733 1528/62/702 701/68/701
f 1587/83/767 1588/84/766 1559/85/796
f 1567/59/788 1536/16/757 1537/59/756
f 1550/45/742 1579/43/775 1549/43/743
f 1568/18/1053 1537/59/756 1538/18/755
f 1551/47/741 1580/45/774 1550/45/742
f 1569/20/786 1538/18/755 1539/20/754
f 1582/49/1059 1551/47/741 1552/49/740
f 1570/22/785 1539/20/754 1540/22/753
f 1583/51/771 1552/49/740 1553/51/739
f 1571/24/1054 1540/22/753 1541/24/752
f 1584/53/770 1553/51/739 1554/53/738
f 1572/26/1055 1541/24/752 1542/26/751
f 1529/2/764 765/67/765 733/67/733
f 1585/55/769 1554/53/738 1555/55/737
f 1573/28/782 1542/26/751 1543/28/750
f 1530/4/763 1559/2/796 1529/2/764
f 1586/57/768 1555/55/737 1556/57/736
f 781/30/781 1543/28/750 749/30/749
f 1531/6/762 1560/4/795 1530/4/763
f 1587/60/767 1556/57/736 1557/60/735
f 1544/32/748 781/30/781 749/30/749
f 1532/8/1051 1561/6/794 1531/6/762
f 1588/62/766 1557/60/735 1558/62/734
f 1545/34/747 1574/32/780 1544/32/748
f 1533/66/760 1562/8/1052 1532/8/1051
f 765/68/765 1558/62/734 733/68/733
f 1546/36/746 1575/34/1056 1545/34/747
f 1534/11/759 1563/66/792 1533/66/760
f 1547/39/745 1576/36/1057 1546/36/746
f 1535/13/758 1564/11/791 1534/11/759
f 1548/41/744 1577/39/777 1547/39/745
f 1536/16/757 1565/13/790 1535/13/758
f 1597/11/1068 1590/66/1061 1591/11/1062
f 1593/66/1064 1600/11/1071 1594/11/1065
f 1589/8/1060 1502/8/1045 1472/8/1039
f 1590/66/1061 1472/8/1039 1473/66/1040
f 1502/8/1045 1593/66/1064 1503/66/1046
f 1591/11/1062 1473/66/1040 1474/11/1041
f 1596/66/1067 1598/8/1069 1595/8/1066
f 1597/11/1068 1599/66/1070 1596/66/1067
f 1594/11/1065 1597/11/1068 1591/11/1062
f 1595/8/1066 1592/8/1063 1589/8/1060
f 1598/8/1069 1593/66/1064 1592/8/1063
f 1590/66/1061 1595/8/1066 1589/8/1060
f 1624/36/830 1606/36/809 1612/36/816
f 1603/28/813 1614/26/828 1602/26/814
f 1621/28/834 819/30/819 1609/28/820
f 1602/26/814 1613/24/829 1601/24/815
f 1620/26/835 1609/28/820 1608/26/821
f 1619/24/836 1608/26/821 1607/24/1072
f 1515/34/715 1612/36/816 1516/36/714
f 1604/32/811 685/30/685 1484/32/684
f 1605/34/810 1484/32/684 1485/34/683
f 1607/24/1072 1512/26/719 1511/24/720
f 1606/36/809 1485/34/683 1486/36/682
f 1608/26/821 1513/28/718 1512/26/719
f 1612/36/816 1486/36/682 1516/36/714
f 1481/24/688 1607/24/1072 1511/24/720
f 833/30/833 1615/28/827 826/30/826
f 1616/32/825 833/30/833 826/30/826
f 1617/34/1073 1622/32/832 1616/32/825
f 1618/36/823 1623/34/831 1617/34/1073
f 1620/26/835 1613/24/829 1614/26/828
f 1621/28/834 1614/26/828 1615/28/827
f 819/30/819 1622/32/832 1610/32/818
f 812/30/812 1615/28/827 1603/28/813
f 1601/24/815 1619/24/836 1607/24/1072
f 1610/32/818 1623/34/831 1611/34/817
f 1616/32/825 812/30/812 1604/32/811
f 1611/34/817 1624/36/830 1612/36/816
f 1617/34/1073 1604/32/811 1605/34/810
f 1618/36/823 1605/34/810 1606/36/809
f 1/1/1 1626/2/64 2/67/2
f 1625/3/63 1628/4/62 1626/2/64
f 1627/5/61 1630/6/60 1628/4/62
f 1629/7/59 1632/8/838 1630/6/60
f 1633/10/839 1632/8/838 1631/9/837
f 1633/10/839 1636/11/842 1634/66/840
f 1635/12/841 1638/13/844 1636/11/842
f 1639/15/845 1638/13/844 1637/14/843
f 1641/17/847 1640/16/846 1639/15/845
f 1641/17/847 1644/18/850 1642/59/848
f 1643/19/849 1646/20/852 1644/18/850
f 1645/21/851 1648/22/854 1646/20/852
f 1647/23/853 1650/24/856 1648/22/854
f 1649/25/855 1652/26/858 1650/24/856
f 1651/27/857 1654/28/860 1652/26/858
f 1653/29/859 34/30/34 1654/28/860
f 33/31/33 1656/32/862 34/30/34
f 1655/33/861 1658/34/864 1656/32/862
f 1657/35/863 1660/36/866 1658/34/864
f 1661/38/867 1660/36/866 1659/37/865
f 1663/40/869 1662/39/868 1661/38/867
f 1665/42/871 1664/41/870 1663/40/869
f 1667/44/873 1666/43/872 1665/42/871
f 1669/46/875 1668/45/874 1667/44/873
f 1671/48/877 1670/47/876 1669/46/875
f 1673/50/879 1672/49/878 1671/48/877
f 1675/52/881 1674/51/880 1673/50/879
f 1677/54/883 1676/53/882 1675/52/881
f 1679/56/7 1678/55/884 1677/54/883
f 1681/58/5 1680/57/8 1679/56/7
f 1904/59/925 1752/16/1081 1903/16/309
f 1683/61/3 1682/60/6 1681/58/5
f 1/63/1 1684/62/4 1683/61/3
f 2188/27/990 1698/27/895 1651/27/857
f 1737/46/105 1708/48/905 1707/46/904
f 1703/38/900 1663/40/869 1661/38/867
f 1679/56/7 1713/58/67 1681/58/5
f 1693/17/890 2192/15/994 1692/15/889
f 81/31/81 1655/33/861 33/31/33
f 1708/48/905 1673/50/879 1671/48/877
f 1687/7/94 1631/9/837 1629/7/59
f 1647/23/853 2187/25/989 1649/25/855
f 1704/40/901 1665/42/871 1663/40/869
f 1681/58/5 1714/61/66 1683/61/3
f 1689/10/886 2179/10/981 1633/10/839
f 1700/33/897 1657/35/863 1655/33/861
f 1673/50/879 1710/52/907 1675/52/881
f 1631/9/837 1689/10/886 1633/10/839
f 2181/14/983 1639/15/845 1637/14/843
f 1705/42/902 1667/44/873 1665/42/871
f 65/1/65 1625/3/63 1/1/1
f 1683/61/3 65/63/65 1/63/1
f 1692/15/889 2191/14/993 1691/14/888
f 1701/35/898 1659/37/865 1657/35/863
f 1675/52/881 1711/54/908 1677/54/883
f 1691/14/888 2190/12/992 1690/12/887
f 1651/27/857 1699/29/896 1653/29/859
f 1706/44/903 1669/46/875 1667/44/873
f 1685/3/96 1627/5/61 1625/3/63
f 2183/17/985 1643/19/849 1641/17/847
f 1702/37/899 1661/38/867 1659/37/865
f 1677/54/883 1712/56/68 1679/56/7
f 2198/27/1000 1697/25/894 1698/27/895
f 1653/29/859 81/31/81 33/31/33
f 1707/46/904 1671/48/877 1669/46/875
f 1686/5/95 1629/7/59 1627/5/61
f 1723/17/120 1978/19/379 1724/19/119
f 1695/21/892 1726/23/117 1696/23/893
f 1738/48/104 1709/50/906 1708/48/905
f 1696/23/893 1727/25/909 1697/25/894
f 1739/50/103 1710/52/907 1709/50/906
f 1697/25/894 1728/27/115 1698/27/895
f 65/1/65 1715/3/128 1685/3/96
f 1740/52/102 1711/54/908 1710/52/907
f 1698/27/895 1729/29/114 1699/29/896
f 1685/3/96 1716/5/127 1686/5/95
f 1741/54/101 1712/56/68 1711/54/908
f 1699/29/896 113/31/113 81/31/81
f 1686/5/95 1717/7/126 1687/7/94
f 1742/56/100 1713/58/67 1712/56/68
f 113/31/113 1700/33/897 81/31/81
f 1687/7/94 1718/9/125 1688/9/885
f 1743/58/99 1714/61/66 1713/58/67
f 1730/33/112 1701/35/898 1700/33/897
f 1688/9/885 1719/10/124 1689/10/886
f 1744/61/98 65/63/65 1714/61/66
f 1731/35/111 1702/37/899 1701/35/898
f 1689/10/886 1720/12/123 1690/12/887
f 1732/37/110 1703/38/900 1702/37/899
f 1690/12/887 1721/14/122 1691/14/888
f 1733/38/109 1704/40/901 1703/38/900
f 1691/14/888 1722/15/121 1692/15/889
f 1734/40/108 1705/42/902 1704/40/901
f 1692/15/889 1723/17/120 1693/17/890
f 1735/42/107 1706/44/903 1705/42/902
f 1693/17/890 1724/19/119 1694/19/891
f 1736/44/106 1707/46/904 1706/44/903
f 1694/19/891 1725/21/118 1695/21/892
f 1773/60/1102 1804/57/1133 1772/57/1101
f 1761/34/1090 1905/64/308 1906/65/926
f 1770/53/1099 1907/51/307 1908/53/296
f 1910/66/294 1748/8/1077 1909/73/306
f 1935/20/939 1756/22/1085 1755/20/1084
f 1766/45/1095 1913/43/929 1914/45/930
f 1915/2/303 129/67/129 301/67/301
f 129/68/129 1916/62/302 301/68/301
f 1924/20/933 1942/18/946 1917/18/931
f 1762/36/1091 1906/65/926 1918/36/932
f 1771/55/1100 1908/53/296 1919/55/295
f 1920/11/293 1749/66/1078 1910/66/294
f 1921/28/291 1758/26/1087 1912/26/928
f 1767/47/1096 1914/45/930 1922/47/289
f 1923/4/320 1745/2/1074 1915/2/303
f 1930/22/935 1943/20/947 1924/20/933
f 1763/39/1092 1918/36/932 1925/39/934
f 1772/57/1101 1919/55/295 1926/69/317
f 1927/70/316 1750/11/1079 1920/11/293
f 315/30/315 1759/28/1088 1921/28/291
f 1768/49/1097 1922/47/289 1928/71/314
f 1929/6/313 1746/4/1075 1923/4/320
f 1911/72/927 1944/22/948 1930/22/935
f 1764/41/1093 1925/39/934 1931/41/936
f 1773/60/1102 1926/69/317 1932/60/310
f 1903/16/309 1751/13/1080 1927/70/316
f 1760/32/1089 315/30/315 1905/64/308
f 1769/51/1098 1928/71/314 1907/51/307
f 1909/73/306 1747/6/1076 1929/6/313
f 1934/18/938 1755/20/1084 1754/18/1083
f 1765/43/1094 1931/41/936 1913/43/929
f 1774/62/1103 1932/60/310 1916/62/302
f 1792/32/1121 1823/30/1152 1791/30/1120
f 1792/32/1121 145/30/145 1760/32/1089
f 1779/8/1108 1747/6/1076 1748/8/1077
f 1774/62/1103 1805/60/1134 1773/60/1102
f 1793/34/1122 1760/32/1089 1761/34/1090
f 1780/66/1109 1748/8/1077 1749/66/1078
f 129/68/129 1806/62/1135 1774/62/1103
f 1762/36/1091 1793/34/1122 1761/34/1090
f 1781/11/1110 1749/66/1078 1750/11/1079
f 1763/39/1092 1794/36/1123 1762/36/1091
f 1782/13/1111 1750/11/1079 1751/13/1080
f 1764/41/1093 1795/39/1124 1763/39/1092
f 1783/16/1112 1751/13/1080 1752/16/1081
f 1765/43/1094 1796/41/1125 1764/41/1093
f 1784/59/1113 1752/16/1081 1753/59/1082
f 1766/45/1095 1797/43/1126 1765/43/1094
f 1785/18/1114 1753/59/1082 1754/18/1083
f 1767/47/1096 1798/45/1127 1766/45/1095
f 1786/20/1115 1754/18/1083 1755/20/1084
f 1768/49/1097 1799/47/1128 1767/47/1096
f 1787/22/1116 1755/20/1084 1756/22/1085
f 1769/51/1098 1800/49/1129 1768/49/1097
f 1788/24/1117 1756/22/1085 1757/24/1086
f 1770/53/1099 1801/51/1130 1769/51/1098
f 1789/26/1118 1757/24/1086 1758/26/1087
f 1745/2/1074 1775/67/1104 129/67/129
f 1771/55/1100 1802/53/1131 1770/53/1099
f 1790/28/1119 1758/26/1087 1759/28/1088
f 1777/4/1106 1745/2/1074 1746/4/1075
f 1772/57/1101 1803/55/1132 1771/55/1100
f 1791/30/1120 1759/28/1088 145/30/145
f 1778/6/1107 1746/4/1075 1747/6/1076
f 1827/39/1156 1858/36/1187 1826/36/1155
f 1811/8/1140 1778/6/1107 1779/8/1108
f 1806/62/1135 1837/60/1166 1805/60/1134
f 1793/34/1122 1824/32/1153 1792/32/1121
f 1812/66/1141 1779/8/1108 1780/66/1109
f 1775/68/1104 1838/62/1167 1806/62/1135
f 1794/36/1123 1825/34/1154 1793/34/1122
f 1813/11/1142 1780/66/1109 1781/11/1110
f 1795/39/1124 1826/36/1155 1794/36/1123
f 1814/13/1143 1781/11/1110 1782/13/1111
f 1796/41/1125 1827/39/1156 1795/39/1124
f 1815/16/1144 1782/13/1111 1783/16/1112
f 1797/43/1126 1828/41/1157 1796/41/1125
f 1816/59/1145 1783/16/1112 1784/59/1113
f 1798/45/1127 1829/43/1158 1797/43/1126
f 1817/18/1146 1784/59/1113 1785/18/1114
f 1799/47/1128 1830/45/1159 1798/45/1127
f 1818/20/1147 1785/18/1114 1786/20/1115
f 1800/49/1129 1831/47/1160 1799/47/1128
f 1819/22/1148 1786/20/1115 1787/22/1116
f 1801/51/1130 1832/49/1161 1800/49/1129
f 1820/24/1149 1787/22/1116 1788/24/1117
f 1802/53/1131 1833/51/1162 1801/51/1130
f 1821/26/1150 1788/24/1117 1789/26/1118
f 1808/2/1137 1775/67/1104 1776/2/1105
f 1803/55/1132 1834/53/1163 1802/53/1131
f 1822/28/1151 1789/26/1118 1790/28/1119
f 1809/4/1138 1776/2/1105 1777/4/1106
f 1804/57/1133 1835/55/1164 1803/55/1132
f 1823/30/1152 1790/28/1119 1791/30/1120
f 1810/6/1139 1777/4/1106 1778/6/1107
f 1805/60/1134 1836/57/1165 1804/57/1133
f 1862/45/1191 1893/43/1222 1861/43/1190
f 1846/13/1175 1813/11/1142 1814/13/1143
f 1828/41/1157 1859/39/1188 1827/39/1156
f 1847/16/1176 1814/13/1143 1815/16/1144
f 1829/43/1158 1860/41/1189 1828/41/1157
f 1848/59/1177 1815/16/1144 1816/59/1145
f 1830/45/1159 1861/43/1190 1829/43/1158
f 1849/18/1178 1816/59/1145 1817/18/1146
f 1831/47/1160 1862/45/1191 1830/45/1159
f 1850/20/1179 1817/18/1146 1818/20/1147
f 1832/49/1161 1863/47/1192 1831/47/1160
f 1851/22/1180 1818/20/1147 1819/22/1148
f 1833/51/1162 1864/49/1193 1832/49/1161
f 1852/24/1181 1819/22/1148 1820/24/1149
f 1834/53/1163 1865/51/1194 1833/51/1162
f 1853/26/1182 1820/24/1149 1821/26/1150
f 1840/2/1169 1807/67/1136 1808/2/1137
f 1835/55/1164 1866/53/1195 1834/53/1163
f 1854/28/1183 1821/26/1150 1822/28/1151
f 1841/4/1170 1808/2/1137 1809/4/1138
f 1836/57/1165 1867/55/1196 1835/55/1164
f 1855/30/1184 1822/28/1151 1823/30/1152
f 1842/6/1171 1809/4/1138 1810/6/1139
f 1837/60/1166 1868/57/1197 1836/57/1165
f 1824/32/1153 1855/30/1184 1823/30/1152
f 1843/8/1172 1810/6/1139 1811/8/1140
f 1838/62/1167 1869/60/1198 1837/60/1166
f 1825/34/1154 1856/32/1185 1824/32/1153
f 1844/66/1173 1811/8/1140 1812/66/1141
f 1807/68/1136 1870/62/1199 1838/62/1167
f 1826/36/1155 1857/34/1186 1825/34/1154
f 1845/11/1174 1812/66/1141 1813/11/1142
f 1894/45/1223 2257/43/1254 1893/43/1222
f 1881/18/1210 1848/59/1177 1849/18/1178
f 1863/47/1192 1894/45/1223 1862/45/1191
f 1882/20/1211 1849/18/1178 1850/20/1179
f 1896/49/1225 1863/47/1192 1864/49/1193
f 1883/22/1212 1850/20/1179 1851/22/1180
f 1897/51/1226 1864/49/1193 1865/51/1194
f 1884/24/1213 1851/22/1180 1852/24/1181
f 1898/53/1227 1865/51/1194 1866/53/1195
f 1885/26/1214 1852/24/1181 1853/26/1182
f 1840/2/1169 1871/67/1200 1839/67/1168
f 1899/55/1228 1866/53/1195 1867/55/1196
f 1886/28/1215 1853/26/1182 1854/28/1183
f 1841/4/1170 1872/2/1201 1840/2/1169
f 1900/57/1229 1867/55/1196 1868/57/1197
f 1887/30/1216 1854/28/1183 1855/30/1184
f 1842/6/1171 1873/4/1202 1841/4/1170
f 1901/60/1230 1868/57/1197 1869/60/1198
f 1856/32/1185 1887/30/1216 1855/30/1184
f 1843/8/1172 1874/6/1203 1842/6/1171
f 1902/62/1231 1869/60/1198 1870/62/1199
f 1857/34/1186 1888/32/1217 1856/32/1185
f 1844/66/1173 1875/8/1204 1843/8/1172
f 1871/68/1200 1870/62/1199 1839/68/1168
f 1858/36/1187 1889/34/1218 1857/34/1186
f 1845/11/1174 1876/66/1205 1844/66/1173
f 1859/39/1188 1890/36/1219 1858/36/1187
f 1846/13/1175 1877/11/1206 1845/11/1174
f 1860/41/1189 1891/39/1220 1859/39/1188
f 1847/16/1176 1878/13/1207 1846/13/1175
f 1861/43/1190 1892/41/1221 1860/41/1189
f 1880/59/1209 1847/16/1176 1848/59/1177
f 1684/62/4 1932/60/310 1682/60/6
f 1913/43/929 1664/41/870 1666/43/872
f 1650/24/856 1930/22/935 1648/22/854
f 1632/8/838 1929/6/313 1630/6/60
f 1907/51/307 1672/49/878 1674/51/880
f 1905/64/308 34/30/34 1656/32/862
f 1640/16/846 1927/70/316 1638/13/844
f 1932/60/310 1680/57/8 1682/60/6
f 1931/41/936 1662/39/868 1664/41/870
f 1648/22/854 1924/20/933 1646/20/852
f 1630/6/60 1923/4/320 1628/4/62
f 1928/71/314 1670/47/876 1672/49/878
f 34/30/34 1921/28/291 1654/28/860
f 1638/13/844 1920/11/293 1636/11/842
f 1926/69/317 1678/55/884 1680/57/8
f 1925/39/934 1660/36/866 1662/39/868
f 1646/20/852 1917/18/931 1644/18/850
f 1923/4/320 1626/2/64 1628/4/62
f 1922/47/289 1668/45/874 1670/47/876
f 1654/28/860 1912/26/928 1652/26/858
f 1636/11/842 1910/66/294 1634/66/840
f 1919/55/295 1676/53/882 1678/55/884
f 1918/36/932 1658/34/864 1660/36/866
f 1644/18/850 1904/59/925 1642/59/848
f 2/68/2 1916/62/302 1684/62/4
f 1915/2/303 2/67/2 1626/2/64
f 1914/45/930 1666/43/872 1668/45/874
f 1652/26/858 1911/72/927 1650/24/856
f 1634/66/840 1909/73/306 1632/8/838
f 1908/53/296 1674/51/880 1676/53/882
f 1906/65/926 1656/32/862 1658/34/864
f 1642/59/848 1903/16/309 1640/16/846
f 1941/26/945 1948/72/952 1940/72/944
f 1942/18/946 1933/59/937 1939/59/943
f 1943/20/947 1934/18/938 1942/18/946
f 1944/22/948 1935/20/939 1943/20/947
f 1944/22/948 1945/22/949 1936/22/940
f 1917/18/931 1939/59/943 1904/59/925
f 1904/59/925 1933/59/937 1753/59/1082
f 1941/26/945 1911/72/927 1912/26/928
f 1756/22/1085 1937/24/941 1757/24/1086
f 1933/59/937 1754/18/1083 1753/59/1082
f 1758/26/1087 1941/26/945 1912/26/928
f 1757/24/1086 1938/26/942 1758/26/1087
f 1956/22/960 1945/22/949 1950/22/954
f 1955/26/959 1948/72/952 1949/26/953
f 1946/24/950 1938/26/942 1937/24/941
f 1940/72/944 1950/22/954 1944/22/948
f 1947/26/951 1941/26/945 1938/26/942
f 1945/22/949 1937/24/941 1936/22/940
f 1953/26/957 1961/26/965 1955/26/959
f 1954/72/958 1962/22/966 1956/22/960
f 1951/22/955 1946/24/950 1945/22/949
f 1948/72/952 1956/22/960 1950/22/954
f 1947/26/951 1955/26/959 1949/26/953
f 1952/24/956 1947/26/951 1946/24/950
f 1968/22/972 1957/22/961 1962/22/966
f 1967/26/971 1960/72/964 1961/26/965
f 1958/24/962 1953/26/957 1952/24/956
f 1961/26/965 1954/72/958 1955/26/959
f 1962/22/966 1951/22/955 1956/22/960
f 1957/22/961 1952/24/956 1951/22/955
f 1967/26/971 1964/24/968 1966/72/970
f 1966/72/970 1963/22/967 1968/22/972
f 1963/22/967 1958/24/962 1957/22/961
f 1960/72/964 1968/22/972 1962/22/966
f 1959/26/963 1967/26/971 1961/26/965
f 1964/24/968 1959/26/963 1958/24/962
f 1982/27/375 2013/29/406 1983/29/374
f 1990/44/366 1737/46/105 1736/44/106
f 1724/19/119 1979/21/378 1725/21/118
f 1991/46/365 1738/48/104 1737/46/105
f 1725/21/118 1980/23/377 1726/23/117
f 1992/48/364 1739/50/103 1738/48/104
f 1726/23/117 1981/25/376 1727/25/909
f 1739/50/103 1994/52/362 1740/52/102
f 1727/25/909 1982/27/375 1728/27/115
f 357/1/357 1715/3/128 97/1/97
f 1740/52/102 1995/54/361 1741/54/101
f 1728/27/115 1983/29/374 1729/29/114
f 1969/3/388 1716/5/127 1715/3/128
f 1741/54/101 1996/56/360 1742/56/100
f 1729/29/114 373/31/373 113/31/113
f 1970/5/387 1717/7/126 1716/5/127
f 1742/56/100 1997/58/359 1743/58/99
f 373/31/373 1730/33/112 113/31/113
f 1971/7/386 1718/9/125 1717/7/126
f 1743/58/99 1998/61/358 1744/61/98
f 1984/33/372 1731/35/111 1730/33/112
f 1972/9/385 1719/10/124 1718/9/125
f 1744/61/98 357/63/357 97/63/97
f 1985/35/371 1732/37/110 1731/35/111
f 1973/10/384 1720/12/123 1719/10/124
f 1986/37/370 1733/38/109 1732/37/110
f 1720/12/123 1975/14/382 1721/14/122
f 1987/38/369 1734/40/108 1733/38/109
f 1721/14/122 1976/15/381 1722/15/121
f 1988/40/368 1735/42/107 1734/40/108
f 1722/15/121 1977/17/380 1723/17/120
f 1989/42/367 1736/44/106 1735/42/107
f 2028/61/390 421/63/421 389/63/389
f 1969/3/388 2000/5/419 1970/5/387
f 2025/54/393 1996/56/360 1995/54/361
f 1983/29/374 405/31/405 373/31/373
f 1970/5/387 2001/7/418 1971/7/386
f 2026/56/392 1997/58/359 1996/56/360
f 405/31/405 1984/33/372 373/31/373
f 1971/7/386 2002/9/417 1972/9/385
f 2027/58/391 1998/61/358 1997/58/359
f 2014/33/404 1985/35/371 1984/33/372
f 1972/9/385 2003/10/416 1973/10/384
f 2028/61/390 357/63/357 1998/61/358
f 2015/35/403 1986/37/370 1985/35/371
f 1973/10/384 2004/12/415 1974/12/383
f 2016/37/973 1987/38/369 1986/37/370
f 1974/12/383 2005/14/414 1975/14/382
f 2017/38/401 1988/40/368 1987/38/369
f 1975/14/382 2006/15/413 1976/15/381
f 2018/40/400 1989/42/367 1988/40/368
f 1976/15/381 2007/17/412 1977/17/380
f 2019/42/399 1990/44/366 1989/42/367
f 1977/17/380 2008/19/411 1978/19/379
f 2020/44/398 1991/46/365 1990/44/366
f 1978/19/379 2009/21/410 1979/21/378
f 2021/46/397 1992/48/364 1991/46/365
f 1979/21/378 2010/23/409 1980/23/377
f 2022/48/396 1993/50/363 1992/48/364
f 1980/23/377 2011/25/408 1981/25/376
f 2023/50/395 1994/52/362 1993/50/363
f 1981/25/376 2012/27/407 1982/27/375
f 357/1/357 1999/3/420 1969/3/388
f 2024/52/394 1995/54/361 1994/52/362
f 2048/40/432 2079/42/974 2049/42/431
f 2045/35/435 2016/37/973 2015/35/403
f 2033/10/448 2004/12/415 2003/10/416
f 2046/37/434 2017/38/401 2016/37/973
f 2004/12/415 2035/14/446 2005/14/414
f 2047/38/433 2018/40/400 2017/38/401
f 2005/14/414 2036/15/445 2006/15/413
f 2048/40/432 2019/42/399 2018/40/400
f 2006/15/413 2037/17/444 2007/17/412
f 2049/42/431 2020/44/398 2019/42/399
f 2007/17/412 2038/19/443 2008/19/411
f 2050/44/430 2021/46/397 2020/44/398
f 2008/19/411 2039/21/442 2009/21/410
f 2051/46/429 2022/48/396 2021/46/397
f 2009/21/410 2040/23/441 2010/23/409
f 2052/48/428 2023/50/395 2022/48/396
f 2010/23/409 2041/25/440 2011/25/408
f 2023/50/395 2054/52/426 2024/52/394
f 2011/25/408 2042/27/439 2012/27/407
f 421/1/421 1999/3/420 389/1/389
f 2024/52/394 2055/54/425 2025/54/393
f 2012/27/407 2043/29/438 2013/29/406
f 2029/3/452 2000/5/419 1999/3/420
f 2025/54/393 2056/56/424 2026/56/392
f 2013/29/406 437/31/437 405/31/405
f 2030/5/451 2001/7/418 2000/5/419
f 2026/56/392 2057/58/423 2027/58/391
f 437/31/437 2014/33/404 405/31/405
f 2031/7/450 2002/9/417 2001/7/418
f 2027/58/391 2058/61/422 2028/61/390
f 2044/33/436 2015/35/403 2014/33/404
f 2032/9/449 2003/10/416 2002/9/417
f 2081/46/461 2112/48/492 2082/48/460
f 2036/15/445 2067/17/476 2037/17/444
f 2049/42/431 2080/44/462 2050/44/430
f 2067/17/476 2038/19/443 2037/17/444
f 2080/44/462 2051/46/429 2050/44/430
f 2068/19/475 2039/21/442 2038/19/443
f 2051/46/429 2082/48/460 2052/48/428
f 2069/21/474 2040/23/441 2039/21/442
f 2052/48/428 2083/50/459 2053/50/427
f 2040/23/441 2071/25/472 2041/25/440
f 2083/50/459 2054/52/426 2053/50/427
f 2041/25/440 2072/27/471 2042/27/439
f 453/1/453 2029/3/452 421/1/421
f 2084/52/458 2055/54/425 2054/52/426
f 2072/27/471 2043/29/438 2042/27/439
f 2029/3/452 2060/5/483 2030/5/451
f 2085/54/457 2056/56/424 2055/54/425
f 2043/29/438 469/31/469 437/31/437
f 2030/5/451 2061/7/482 2031/7/450
f 2086/56/456 2057/58/423 2056/56/424
f 469/31/469 2044/33/436 437/31/437
f 2031/7/450 2062/9/481 2032/9/449
f 2057/58/423 2088/61/454 2058/61/422
f 2074/33/468 2045/35/435 2044/33/436
f 2062/9/481 2033/10/448 2032/9/449
f 2058/61/422 453/63/453 421/63/421
f 2075/35/467 2046/37/434 2045/35/435
f 2033/10/448 2064/12/479 2034/12/447
f 2076/37/466 2047/38/433 2046/37/434
f 2064/12/479 2035/14/446 2034/12/447
f 2077/38/465 2048/40/432 2047/38/433
f 2065/14/478 2036/15/445 2035/14/446
f 485/1/485 2119/3/548 2089/3/516
f 2099/21/506 2070/23/473 2069/21/474
f 2082/48/460 2113/50/491 2083/50/459
f 2100/23/505 2071/25/472 2070/23/473
f 2113/50/491 2084/52/458 2083/50/459
f 2101/25/504 2072/27/471 2071/25/472
f 453/1/453 2089/3/516 2059/3/484
f 2114/52/490 2085/54/457 2084/52/458
f 2102/27/503 2073/29/470 2072/27/471
f 2059/3/484 2090/5/515 2060/5/483
f 2115/54/489 2086/56/456 2085/54/457
f 2103/29/502 469/31/469 2073/29/470
f 2060/5/483 2091/7/514 2061/7/482
f 2116/56/488 2087/58/455 2086/56/456
f 469/31/469 2104/33/500 2074/33/468
f 2061/7/482 2092/9/513 2062/9/481
f 2117/58/487 2088/61/454 2087/58/455
f 2074/33/468 2105/35/499 2075/35/467
f 2062/9/481 2093/10/512 2063/10/480
f 2118/61/486 453/63/453 2088/61/454
f 2075/35/467 2106/37/498 2076/37/466
f 2063/10/480 2094/12/511 2064/12/479
f 2076/37/466 2107/38/497 2077/38/465
f 2094/12/511 2065/14/478 2064/12/479
f 2077/38/465 2108/40/496 2078/40/464
f 2095/14/510 2066/15/477 2065/14/478
f 2078/40/464 2109/42/495 2079/42/974
f 2096/15/509 2067/17/476 2066/15/477
f 2079/42/974 2110/44/494 2080/44/462
f 2097/17/508 2068/19/475 2067/17/476
f 2080/44/462 2111/46/493 2081/46/461
f 2098/19/507 2069/21/474 2068/19/475
f 2121/7/546 2152/9/577 2122/9/545
f 2144/52/522 2115/54/489 2114/52/490
f 2102/27/503 2133/29/534 2103/29/502
f 2089/3/516 2120/5/547 2090/5/515
f 2145/54/521 2116/56/488 2115/54/489
f 2103/29/502 533/31/533 501/31/501
f 2090/5/515 2121/7/546 2091/7/514
f 2146/56/520 2117/58/487 2116/56/488
f 533/31/533 2104/33/500 501/31/501
f 2091/7/514 2122/9/545 2092/9/513
f 2147/58/975 2118/61/486 2117/58/487
f 2134/33/532 2105/35/499 2104/33/500
f 2092/9/513 2123/10/544 2093/10/512
f 2148/61/518 485/63/485 2118/61/486
f 2135/35/531 2106/37/498 2105/35/499
f 2093/10/512 2124/12/543 2094/12/511
f 2136/37/530 2107/38/497 2106/37/498
f 2094/12/511 2125/14/542 2095/14/510
f 2137/38/529 2108/40/496 2107/38/497
f 2095/14/510 2126/15/541 2096/15/509
f 2138/40/528 2109/42/495 2108/40/496
f 2096/15/509 2127/17/540 2097/17/508
f 2139/42/527 2110/44/494 2109/42/495
f 2097/17/508 2128/19/539 2098/19/507
f 2140/44/526 2111/46/493 2110/44/494
f 2098/19/507 2129/21/538 2099/21/506
f 2141/46/525 2112/48/492 2111/46/493
f 2099/21/506 2130/23/537 2100/23/505
f 2142/48/524 2113/50/491 2112/48/492
f 2100/23/505 2131/25/536 2101/25/504
f 2143/50/523 2114/52/490 2113/50/491
f 2101/25/504 2132/27/535 2102/27/503
f 2151/80/578 2150/81/579 2161/82/568
f 2177/58/980 2148/61/518 2147/58/975
f 2164/33/564 2135/35/531 2134/33/532
f 2122/9/545 2153/10/576 2123/10/544
f 2178/61/550 517/63/517 2148/61/518
f 2165/35/563 2136/37/530 2135/35/531
f 2123/10/544 2154/12/575 2124/12/543
f 2166/37/562 2137/38/529 2136/37/530
f 2124/12/543 2155/14/574 2125/14/542
f 2167/38/561 2138/40/528 2137/38/529
f 2125/14/542 2156/15/573 2126/15/541
f 2168/40/560 2139/42/527 2138/40/528
f 2126/15/541 2157/17/572 2127/17/540
f 2169/42/977 2140/44/526 2139/42/527
f 2127/17/540 2158/19/571 2128/19/539
f 2170/44/558 2141/46/525 2140/44/526
f 2128/19/539 2159/21/570 2129/21/538
f 2171/46/557 2142/48/524 2141/46/525
f 2129/21/538 2160/23/976 2130/23/537
f 2172/48/556 2143/50/523 2142/48/524
f 2130/23/537 2161/25/568 2131/25/536
f 2173/50/555 2144/52/522 2143/50/523
f 2131/25/536 2162/27/567 2132/27/535
f 517/1/517 2149/3/580 2119/3/548
f 2174/52/978 2145/54/521 2144/52/522
f 2132/27/535 2163/29/566 2133/29/534
f 2119/3/548 2150/5/579 2120/5/547
f 2175/54/553 2146/56/520 2145/54/521
f 2163/29/566 533/31/533 2133/29/534
f 2120/5/547 2151/7/578 2121/7/546
f 2176/56/979 2147/58/975 2146/56/520
f 533/31/533 2164/33/564 2134/33/532
f 2185/21/987 2196/23/998 2186/23/988
f 2181/14/983 2192/15/994 2182/15/984
f 2198/27/1000 2203/25/1005 2197/25/999
f 2182/15/984 2193/17/995 2183/17/985
f 2200/25/1002 2188/27/990 2187/25/989
f 2183/17/985 2194/19/996 2184/19/986
f 2189/10/991 2180/12/982 2179/10/981
f 2184/19/986 2195/21/997 2185/21/987
f 2180/12/982 2191/14/993 2181/14/983
f 2179/10/981 1635/12/841 1633/10/839
f 1694/19/891 2193/17/995 1693/17/890
f 1643/19/849 2185/21/987 1645/21/851
f 2195/21/997 1694/19/891 1695/21/892
f 2182/15/984 1641/17/847 1639/15/845
f 1649/25/855 2188/27/990 1651/27/857
f 2196/23/998 1695/21/892 1696/23/893
f 2180/12/982 1637/14/843 1635/12/841
f 2197/25/999 1696/23/893 1697/25/894
f 1645/21/851 2186/23/988 1647/23/853
f 1690/12/887 2189/10/991 1689/10/886
f 2206/25/1008 2201/27/1003 2200/25/1002
f 2204/27/1006 2209/25/1011 2203/25/1005
f 2202/23/1004 2186/23/988 2196/23/998
f 2199/23/1001 2187/25/989 2186/23/988
f 2197/25/999 2202/23/1004 2196/23/998
f 2188/27/990 2204/27/1006 2198/27/1000
f 2212/25/1014 2207/27/1009 2206/25/1008
f 2210/27/1012 2215/25/1017 2209/25/1011
f 2207/27/1009 2204/27/1006 2201/27/1003
f 2202/23/1004 2205/23/1007 2199/23/1001
f 2203/25/1005 2208/23/1010 2202/23/1004
f 2205/23/1007 2200/25/1002 2199/23/1001
f 2220/23/1022 2211/23/1013 2214/23/1016
f 2213/27/1015 2222/27/1024 2216/27/1018
f 2207/27/1009 2216/27/1018 2210/27/1012
f 2214/23/1016 2205/23/1007 2208/23/1010
f 2209/25/1011 2214/23/1016 2208/23/1010
f 2211/23/1013 2206/25/1008 2205/23/1007
f 2224/25/1026 2219/27/1021 2218/25/1020
f 2222/27/1024 2227/25/1029 2221/25/1023
f 2215/25/1017 2220/23/1022 2214/23/1016
f 2217/23/1019 2212/25/1014 2211/23/1013
f 2216/27/1018 2221/25/1023 2215/25/1017
f 2218/25/1020 2213/27/1015 2212/25/1014
f 2232/23/1034 2223/23/1025 2226/23/1028
f 2225/27/1027 2234/27/1036 2228/27/1030
f 2219/27/1021 2228/27/1030 2222/27/1024
f 2226/23/1028 2217/23/1019 2220/23/1022
f 2221/25/1023 2226/23/1028 2220/23/1022
f 2223/23/1025 2218/25/1020 2217/23/1019
f 2232/23/1034 2230/25/1032 2229/23/1031
f 2230/25/1032 2234/27/1036 2231/27/1033
f 2227/25/1029 2232/23/1034 2226/23/1028
f 2229/23/1031 2224/25/1026 2223/23/1025
f 2228/27/1030 2233/25/1035 2227/25/1029
f 2230/25/1032 2225/27/1027 2224/25/1026
f 2248/24/1245 2279/22/1276 2247/22/1244
f 2245/18/1242 1880/59/1209 1881/18/1210
f 1895/47/1224 2258/45/1255 1894/45/1223
f 1882/20/1211 2245/18/1242 1881/18/1210
f 2260/49/1257 1895/47/1224 1896/49/1225
f 2247/22/1244 1882/20/1211 1883/22/1212
f 1897/51/1226 2260/49/1257 1896/49/1225
f 2248/24/1245 1883/22/1212 1884/24/1213
f 2262/53/1259 1897/51/1226 1898/53/1227
f 1885/26/1214 2248/24/1245 1884/24/1213
f 1872/2/1201 2235/67/1232 1871/67/1200
f 1899/55/1228 2262/53/1259 1898/53/1227
f 2250/28/1247 1885/26/1214 1886/28/1215
f 2237/4/1234 1872/2/1201 1873/4/1202
f 1900/57/1229 2263/55/1260 1899/55/1228
f 1887/30/1216 2250/28/1247 1886/28/1215
f 1874/6/1203 2237/4/1234 1873/4/1202
f 2265/60/1262 1900/57/1229 1901/60/1230
f 2252/32/1249 1887/30/1216 1888/32/1217
f 1875/8/1204 2238/6/1235 1874/6/1203
f 1902/62/1231 2265/60/1262 1901/60/1230
f 1889/34/1218 2252/32/1249 1888/32/1217
f 2240/66/1237 1875/8/1204 1876/66/1205
f 2235/68/1232 1902/62/1231 1871/68/1200
f 2254/36/1251 1889/34/1218 1890/36/1219
f 1877/11/1206 2240/66/1237 1876/66/1205
f 2255/39/1252 1890/36/1219 1891/39/1220
f 2242/13/1239 1877/11/1206 1878/13/1207
f 1892/41/1221 2255/39/1252 1891/39/1220
f 1879/16/1208 2242/13/1239 1878/13/1207
f 2257/43/1254 1892/41/1221 1893/43/1222
f 2244/59/1241 1879/16/1208 1880/59/1209
f 2283/30/1280 2409/28/1406 2282/28/1279
f 2262/53/1259 2293/51/1290 2261/51/1258
f 2249/26/1246 2280/24/1277 2248/24/1245
f 2268/2/1265 2235/67/1232 2236/2/1233
f 2263/55/1260 2294/53/1291 2262/53/1259
f 2250/28/1247 2281/26/1278 2249/26/1246
f 2269/4/1266 2236/2/1233 2237/4/1234
f 2264/57/1261 2295/55/1292 2263/55/1260
f 2251/30/1248 2282/28/1279 2250/28/1247
f 2270/6/1267 2237/4/1234 2238/6/1235
f 2265/60/1262 2296/57/1293 2264/57/1261
f 2284/32/1281 2251/30/1248 2252/32/1249
f 2271/8/1268 2238/6/1235 2239/8/1236
f 2266/62/1263 2297/60/1294 2265/60/1262
f 2285/34/1282 2252/32/1249 2253/34/1250
f 2272/66/1269 2239/8/1236 2240/66/1237
f 2235/68/1232 2298/62/1295 2266/62/1263
f 2286/36/1283 2253/34/1250 2254/36/1251
f 2273/11/1270 2240/66/1237 2241/11/1238
f 2287/39/1284 2254/36/1251 2255/39/1252
f 2274/13/1271 2241/11/1238 2242/13/1239
f 2288/41/1285 2255/39/1252 2256/41/1253
f 2275/16/1272 2242/13/1239 2243/16/1240
f 2289/43/1286 2256/41/1253 2257/43/1254
f 2244/59/1241 2275/16/1272 2243/16/1240
f 2290/45/1287 2257/43/1254 2258/45/1255
f 2245/18/1242 2276/59/1273 2244/59/1241
f 2291/47/1288 2258/45/1255 2259/47/1256
f 2246/20/1243 2277/18/1274 2245/18/1242
f 2260/49/1257 2291/47/1288 2259/47/1256
f 2247/22/1244 2278/20/1275 2246/20/1243
f 2261/51/1258 2292/49/1289 2260/49/1257
f 2318/36/1315 2349/34/1346 2317/34/1314
f 2270/6/1267 2301/4/1298 2269/4/1266
f 2329/60/1326 2296/57/1293 2297/60/1294
f 2316/32/1313 2419/34/1416 2317/34/1314
f 2271/8/1268 2302/6/1299 2270/6/1267
f 2330/62/1327 2297/60/1294 2298/62/1295
f 2282/28/1279 2408/26/1405 2281/26/1278
f 2305/11/1302 2397/11/1394 2273/11/1270
f 2299/68/1296 2298/62/1295 2267/68/1264
f 2315/30/1312 2418/32/1415 2316/32/1313
f 2304/66/1301 2400/11/1397 2305/11/1302
f 2287/39/1284 2318/36/1315 2286/36/1283
f 2306/13/1303 2273/11/1270 2274/13/1271
f 2288/41/1285 2319/39/1316 2287/39/1284
f 2307/16/1304 2274/13/1271 2275/16/1272
f 2289/43/1286 2320/41/1317 2288/41/1285
f 2308/59/1305 2275/16/1272 2276/59/1273
f 2290/45/1287 2321/43/1318 2289/43/1286
f 2309/18/1306 2276/59/1273 2277/18/1274
f 2291/47/1288 2322/45/1319 2290/45/1287
f 2310/20/1307 2277/18/1274 2278/20/1275
f 2292/49/1289 2323/47/1320 2291/47/1288
f 2311/22/1308 2278/20/1275 2279/22/1276
f 2293/51/1290 2324/49/1321 2292/49/1289
f 2312/24/1309 2279/22/1276 2280/24/1277
f 2326/53/1323 2293/51/1290 2294/53/1291
f 2281/26/1278 2407/24/1404 2280/24/1277
f 2268/2/1265 2299/67/1296 2267/67/1264
f 2327/55/1324 2294/53/1291 2295/55/1292
f 2416/28/1413 2315/30/1312 2314/28/1311
f 2269/4/1266 2300/2/1297 2268/2/1265
f 2328/57/1325 2295/55/1292 2296/57/1293
f 2353/43/1350 2384/41/1381 2352/41/1349
f 2305/11/1302 2336/66/1333 2304/66/1301
f 2319/39/1316 2350/36/1347 2318/36/1315
f 2306/13/1303 2337/11/1334 2305/11/1302
f 2352/41/1349 2319/39/1316 2320/41/1317
f 2307/16/1304 2338/13/1335 2306/13/1303
f 2353/43/1350 2320/41/1317 2321/43/1318
f 2308/59/1305 2339/16/1336 2307/16/1304
f 2354/45/1351 2321/43/1318 2322/45/1319
f 2309/18/1306 2340/59/1337 2308/59/1305
f 2355/47/1352 2322/45/1319 2323/47/1320
f 2310/20/1307 2341/18/1338 2309/18/1306
f 2356/49/1353 2323/47/1320 2324/49/1321
f 2311/22/1308 2342/20/1339 2310/20/1307
f 2357/51/1354 2324/49/1321 2325/51/1322
f 2344/24/1341 2311/22/1308 2312/24/1309
f 2358/53/1355 2325/51/1322 2326/53/1323
f 2345/26/1342 2312/24/1309 2313/26/1310
f 2300/2/1297 2331/67/1328 2299/67/1296
f 2359/55/1356 2326/53/1323 2327/55/1324
f 2346/28/1343 2313/26/1310 2314/28/1311
f 2301/4/1298 2332/2/1329 2300/2/1297
f 2360/57/1357 2327/55/1324 2328/57/1325
f 2347/30/1344 2314/28/1311 2315/30/1312
f 2302/6/1299 2333/4/1330 2301/4/1298
f 2361/60/1358 2328/57/1325 2329/60/1326
f 2316/32/1313 2347/30/1344 2315/30/1312
f 2303/8/1300 2334/6/1331 2302/6/1299
f 2362/62/1359 2329/60/1326 2330/62/1327
f 2317/34/1314 2348/32/1345 2316/32/1313
f 2304/66/1301 2335/8/1332 2303/8/1300
f 2331/68/1328 2330/62/1327 2299/68/1296
f 2393/83/1390 2394/84/1391 2364/85/1361
f 2372/59/1369 2339/16/1336 2340/59/1337
f 2354/45/1351 2385/43/1382 2353/43/1350
f 2373/18/1370 2340/59/1337 2341/18/1338
f 2355/47/1352 2386/45/1383 2354/45/1351
f 2374/20/1371 2341/18/1338 2342/20/1339
f 2388/49/1385 2355/47/1352 2356/49/1353
f 2375/22/1372 2342/20/1339 2343/22/1340
f 2389/51/1386 2356/49/1353 2357/51/1354
f 2376/24/1373 2343/22/1340 2344/24/1341
f 2390/53/1387 2357/51/1354 2358/53/1355
f 2377/26/1374 2344/24/1341 2345/26/1342
f 2332/2/1329 2363/67/1360 2331/67/1328
f 2391/55/1388 2358/53/1355 2359/55/1356
f 2378/28/1375 2345/26/1342 2346/28/1343
f 2333/4/1330 2364/2/1361 2332/2/1329
f 2392/57/1389 2359/55/1356 2360/57/1357
f 2379/30/1376 2346/28/1343 2347/30/1344
f 2334/6/1331 2365/4/1362 2333/4/1330
f 2393/60/1390 2360/57/1357 2361/60/1358
f 2348/32/1345 2379/30/1376 2347/30/1344
f 2335/8/1332 2366/6/1363 2334/6/1331
f 2394/62/1391 2361/60/1358 2362/62/1359
f 2349/34/1346 2380/32/1377 2348/32/1345
f 2336/66/1333 2367/8/1364 2335/8/1332
f 2363/68/1360 2362/62/1359 2331/68/1328
f 2350/36/1347 2381/34/1378 2349/34/1346
f 2337/11/1334 2368/66/1365 2336/66/1333
f 2351/39/1348 2382/36/1379 2350/36/1347
f 2338/13/1335 2369/11/1366 2337/11/1334
f 2352/41/1349 2383/39/1380 2351/39/1348
f 2339/16/1336 2370/13/1367 2338/13/1335
f 2403/11/1400 2396/66/1393 2397/11/1394
f 2399/66/1396 2406/11/1403 2400/11/1397
f 2395/8/1392 2303/8/1300 2271/8/1268
f 2396/66/1393 2271/8/1268 2272/66/1269
f 2303/8/1300 2399/66/1396 2304/66/1301
f 2397/11/1394 2272/66/1269 2273/11/1270
f 2402/66/1399 2404/8/1401 2401/8/1398
f 2403/11/1400 2405/66/1402 2402/66/1399
f 2400/11/1397 2403/11/1400 2397/11/1394
f 2401/8/1398 2398/8/1395 2395/8/1392
f 2398/8/1395 2405/66/1402 2399/66/1396
f 2402/66/1399 2395/8/1392 2396/66/1393
f 2434/36/1431 2413/36/1410 2420/36/1417
f 2409/28/1406 2422/26/1419 2408/26/1405
f 2430/28/1427 2417/30/1414 2416/28/1413
f 2408/26/1405 2421/24/1418 2407/24/1404
f 2429/26/1426 2416/28/1413 2415/26/1412
f 2428/24/1425 2415/26/1412 2414/24/1411
f 2317/34/1314 2420/36/1417 2318/36/1315
f 2411/32/1408 2283/30/1280 2284/32/1281
f 2412/34/1409 2284/32/1281 2285/34/1282
f 2414/24/1411 2313/26/1310 2312/24/1309
f 2413/36/1410 2285/34/1282 2286/36/1283
f 2415/26/1412 2314/28/1311 2313/26/1310
f 2420/36/1417 2286/36/1283 2318/36/1315
f 2280/24/1277 2414/24/1411 2312/24/1309
f 2431/30/1428 2423/28/1420 2424/30/1421
f 2425/32/1422 2431/30/1428 2424/30/1421
f 2426/34/1423 2432/32/1429 2425/32/1422
f 2427/36/1424 2433/34/1430 2426/34/1423
f 2429/26/1426 2421/24/1418 2422/26/1419
f 2430/28/1427 2422/26/1419 2423/28/1420
f 2417/30/1414 2432/32/1429 2418/32/1415
f 2410/30/1407 2423/28/1420 2409/28/1406
f 2407/24/1404 2428/24/1425 2414/24/1411
f 2418/32/1415 2433/34/1430 2419/34/1416
f 2425/32/1422 2410/30/1407 2411/32/1408
f 2419/34/1416 2434/36/1431 2420/36/1417
f 2426/34/1423 2411/32/1408 2412/34/1409
f 2427/36/1424 2412/34/1409 2413/36/1410
f 1/1/1 2436/2/4 2435/3/3
f 2435/3/3 2438/4/6 2437/5/5
f 2437/5/5 2440/6/8 2439/7/7
f 2439/7/7 2442/8/10 2441/9/9
f 2442/8/10 2443/10/11 2441/9/9
f 2443/10/11 2446/11/14 2445/12/13
f 2445/12/13 2448/13/16 2447/14/15
f 2448/13/16 2449/15/17 2447/14/15
f 2450/16/18 2451/17/19 2449/15/17
f 2451/17/19 2454/18/22 2453/19/21
f 2453/19/21 2456/20/24 2455/21/23
f 2455/21/23 2458/22/26 2457/23/25
f 2457/23/25 2460/24/28 2459/25/27
f 2459/25/27 2462/26/30 2461/27/29
f 2461/27/29 2464/28/32 2463/29/31
f 2463/29/31 34/30/34 33/31/33
f 33/31/33 2466/32/36 2465/33/35
f 2465/33/35 2468/34/38 2467/35/37
f 2467/35/37 2470/36/40 2469/37/39
f 2470/36/40 2471/38/41 2469/37/39
f 2472/39/42 2473/40/43 2471/38/41
f 2474/41/44 2475/42/45 2473/40/43
f 2476/43/46 2477/44/47 2475/42/45
f 2478/45/48 2479/46/49 2477/44/47
f 2480/47/50 2481/48/51 2479/46/49
f 2482/49/52 2483/50/53 2481/48/51
f 2484/51/54 2485/52/55 2483/50/53
f 2486/53/56 2487/54/57 2485/52/55
f 2488/55/58 2489/56/59 2487/54/57
f 2490/57/60 2491/58/61 2489/56/59
f 2706/59/290 2562/16/1096 2563/59/1432
f 2492/60/62 2493/61/63 2491/58/61
f 2494/62/64 1/63/1 2493/61/63
f 2508/27/79 2990/27/590 2461/27/29
f 2518/48/90 2547/46/121 2517/46/89
f 2473/40/43 2513/38/85 2471/38/41
f 2489/56/59 2523/58/95 2522/56/94
f 2503/17/74 2994/15/594 2995/17/595
f 2465/33/35 81/31/81 33/31/33
f 2483/50/53 2518/48/90 2481/48/51
f 2441/9/9 2497/7/68 2439/7/7
f 2457/23/25 2989/25/589 2988/23/588
f 2475/42/45 2514/40/86 2473/40/43
f 2491/58/61 2524/61/96 2523/58/95
f 2499/10/70 2981/10/581 2991/10/591
f 2467/35/37 2510/33/82 2465/33/35
f 2483/50/53 2520/52/92 2519/50/91
f 2441/9/9 2499/10/70 2498/9/69
f 2449/15/17 2983/14/583 2447/14/15
f 2477/44/47 2515/42/87 2475/42/45
f 2435/3/3 65/1/65 1/1/1
f 2493/61/63 65/63/65 2524/61/96
f 2502/15/73 2993/14/593 2994/15/594
f 2469/37/39 2511/35/83 2467/35/37
f 2485/52/55 2521/54/93 2520/52/92
f 2501/14/72 2992/12/592 2993/14/593
f 2461/27/29 2509/29/80 2508/27/79
f 2479/46/49 2516/44/88 2477/44/47
f 2437/5/5 2495/3/66 2435/3/3
f 2453/19/21 2985/17/585 2451/17/19
f 2471/38/41 2512/37/84 2469/37/39
f 2487/54/57 2522/56/94 2521/54/93
f 2507/25/78 3000/27/600 2508/27/79
f 2463/29/31 81/31/81 2509/29/80
f 2481/48/51 2517/46/89 2479/46/49
f 2439/7/7 2496/5/67 2437/5/5
f 2533/17/106 2780/19/367 2779/17/366
f 2505/21/76 2536/23/109 2535/21/108
f 2519/50/91 2548/48/122 2518/48/90
f 2506/23/77 2537/25/110 2536/23/109
f 2520/52/92 2549/50/123 2519/50/91
f 2507/25/78 2538/27/111 2537/25/110
f 65/1/65 2525/3/98 97/1/97
f 2521/54/93 2550/52/124 2520/52/92
f 2508/27/79 2539/29/112 2538/27/111
f 2495/3/66 2526/5/99 2525/3/98
f 2522/56/94 2551/54/125 2521/54/93
f 2509/29/80 113/31/113 2539/29/112
f 2496/5/67 2527/7/100 2526/5/99
f 2523/58/95 2552/56/126 2522/56/94
f 2510/33/82 113/31/113 81/31/81
f 2497/7/68 2528/9/101 2527/7/100
f 2524/61/96 2553/58/127 2523/58/95
f 2511/35/83 2540/33/114 2510/33/82
f 2498/9/69 2529/10/102 2528/9/101
f 65/63/65 2554/61/128 2524/61/96
f 2512/37/84 2541/35/115 2511/35/83
f 2499/10/70 2530/12/103 2529/10/102
f 2513/38/85 2542/37/116 2512/37/84
f 2500/12/71 2531/14/104 2530/12/103
f 2514/40/86 2543/38/117 2513/38/85
f 2501/14/72 2532/15/105 2531/14/104
f 2515/42/87 2544/40/118 2514/40/86
f 2502/15/73 2533/17/106 2532/15/105
f 2516/44/88 2545/42/119 2515/42/87
f 2503/17/74 2534/19/107 2533/17/106
f 2517/46/89 2546/44/120 2516/44/88
f 2504/19/75 2535/21/108 2534/19/107
f 2583/60/1075 2612/57/1107 2613/60/1106
f 2707/64/291 2571/34/1438 2708/65/292
f 2709/51/293 2580/53/1078 2710/53/294
f 2712/66/296 2558/8/1100 2559/66/1099
f 2566/22/1435 2737/20/323 2565/20/1434
f 2715/43/299 2576/45/1443 2716/45/300
f 2717/2/302 129/67/129 2555/2/1103
f 2718/62/303 129/68/129 301/68/301
f 2726/20/311 2744/18/330 2745/20/331
f 2708/65/292 2572/36/1439 2720/36/305
f 2710/53/294 2581/55/1077 2721/55/306
f 2722/11/307 2559/66/1099 2560/11/1098
f 2723/28/308 2568/26/1437 2569/28/1089
f 2716/45/300 2577/47/1081 2724/47/309
f 2725/4/310 2555/2/1103 2556/4/1102
f 2732/22/318 2745/20/331 2746/22/332
f 2720/36/305 2573/39/1440 2727/39/312
f 2721/55/306 2582/57/1076 2728/69/313
f 2729/70/314 2560/11/1098 2561/13/1097
f 315/30/315 2569/28/1089 145/30/145
f 2724/47/309 2578/49/1080 2730/71/316
f 2731/6/317 2556/4/1102 2557/6/1101
f 2713/72/297 2746/22/332 2742/72/328
f 2727/39/312 2574/41/1441 2733/41/319
f 2728/69/313 2583/60/1075 2734/60/320
f 2705/16/289 2561/13/1097 2562/16/1096
f 315/30/315 2570/32/1088 2707/64/291
f 2730/71/316 2579/51/1079 2709/51/293
f 2711/73/295 2557/6/1101 2558/8/1100
f 2565/20/1434 2736/18/322 2564/18/1433
f 2733/41/319 2575/43/1442 2715/43/299
f 2734/60/320 2584/62/1074 2718/62/303
f 2600/32/1119 1823/30/1152 2630/32/1151
f 2570/32/1088 1791/30/1120 2600/32/1119
f 2557/6/1101 2588/8/1132 2558/8/1100
f 2584/62/1074 2613/60/1106 2614/62/1105
f 2571/34/1438 2600/32/1119 2601/34/1118
f 2558/8/1100 2589/66/1131 2559/66/1099
f 2584/62/1074 1775/68/1104 129/68/129
f 2572/36/1439 2601/34/1118 2602/36/1117
f 2559/66/1099 2590/11/1130 2560/11/1098
f 2573/39/1440 2602/36/1117 2603/39/1116
f 2560/11/1098 2591/13/1129 2561/13/1097
f 2574/41/1441 2603/39/1116 2604/41/1115
f 2561/13/1097 2592/16/1128 2562/16/1096
f 2575/43/1442 2604/41/1115 2605/43/1114
f 2562/16/1096 2593/59/1127 2563/59/1432
f 2576/45/1443 2605/43/1114 2606/45/1113
f 2563/59/1432 2594/18/1126 2564/18/1433
f 2577/47/1081 2606/45/1113 2607/47/1112
f 2564/18/1433 2595/20/1125 2565/20/1434
f 2578/49/1080 2607/47/1112 2608/49/1111
f 2565/20/1434 2596/22/1124 2566/22/1435
f 2579/51/1079 2608/49/1111 2609/51/1110
f 2566/22/1435 2597/24/1123 2567/24/1436
f 2580/53/1078 2609/51/1110 2610/53/1109
f 2567/24/1436 2598/26/1122 2568/26/1437
f 129/67/129 2585/2/1135 2555/2/1103
f 2581/55/1077 2610/53/1109 2611/55/1108
f 2569/28/1089 2598/26/1122 2599/28/1121
f 2555/2/1103 2586/4/1134 2556/4/1102
f 2582/57/1076 2611/55/1108 2612/57/1107
f 145/30/145 2599/28/1121 1791/30/1120
f 2556/4/1102 2587/6/1133 2557/6/1101
f 2633/39/1148 2662/36/1181 2663/39/1180
f 2587/6/1133 2618/8/1164 2588/8/1132
f 2614/62/1105 2643/60/1138 2644/62/1137
f 2601/34/1118 2630/32/1151 2631/34/1150
f 2588/8/1132 2619/66/1163 2589/66/1131
f 1775/68/1104 2644/62/1137 1807/68/1136
f 2602/36/1117 2631/34/1150 2632/36/1149
f 2589/66/1131 2620/11/1162 2590/11/1130
f 2603/39/1116 2632/36/1149 2633/39/1148
f 2590/11/1130 2621/13/1161 2591/13/1129
f 2604/41/1115 2633/39/1148 2634/41/1147
f 2591/13/1129 2622/16/1160 2592/16/1128
f 2605/43/1114 2634/41/1147 2635/43/1146
f 2592/16/1128 2623/59/1159 2593/59/1127
f 2606/45/1113 2635/43/1146 2636/45/1145
f 2593/59/1127 2624/18/1158 2594/18/1126
f 2607/47/1112 2636/45/1145 2637/47/1144
f 2594/18/1126 2625/20/1157 2595/20/1125
f 2608/49/1111 2637/47/1144 2638/49/1143
f 2595/20/1125 2626/22/1156 2596/22/1124
f 2609/51/1110 2638/49/1143 2639/51/1142
f 2596/22/1124 2627/24/1155 2597/24/1123
f 2610/53/1109 2639/51/1142 2640/53/1141
f 2597/24/1123 2628/26/1154 2598/26/1122
f 1775/67/1104 2615/2/1167 2585/2/1135
f 2611/55/1108 2640/53/1141 2641/55/1140
f 2598/26/1122 2629/28/1153 2599/28/1121
f 2585/2/1135 2616/4/1166 2586/4/1134
f 2612/57/1107 2641/55/1140 2642/57/1139
f 2599/28/1121 1823/30/1152 1791/30/1120
f 2586/4/1134 2617/6/1165 2587/6/1133
f 2613/60/1106 2642/57/1139 2643/60/1138
f 2666/45/1177 2695/43/1210 2696/45/1209
f 2620/11/1162 2651/13/1193 2621/13/1161
f 2634/41/1147 2663/39/1180 2664/41/1179
f 2621/13/1161 2652/16/1192 2622/16/1160
f 2635/43/1146 2664/41/1179 2665/43/1178
f 2622/16/1160 2653/59/1191 2623/59/1159
f 2636/45/1145 2665/43/1178 2666/45/1177
f 2623/59/1159 2654/18/1190 2624/18/1158
f 2637/47/1144 2666/45/1177 2667/47/1176
f 2624/18/1158 2655/20/1444 2625/20/1157
f 2638/49/1143 2667/47/1176 2668/49/1175
f 2625/20/1157 2656/22/1188 2626/22/1156
f 2639/51/1142 2668/49/1175 2669/51/1174
f 2626/22/1156 2657/24/1187 2627/24/1155
f 2640/53/1141 2669/51/1174 2670/53/1173
f 2627/24/1155 2658/26/1186 2628/26/1154
f 1807/67/1136 2645/2/1199 2615/2/1167
f 2641/55/1140 2670/53/1173 2671/55/1172
f 2628/26/1154 2659/28/1185 2629/28/1153
f 2615/2/1167 2646/4/1198 2616/4/1166
f 2642/57/1139 2671/55/1172 2672/57/1171
f 2629/28/1153 1855/30/1184 1823/30/1152
f 2616/4/1166 2647/6/1197 2617/6/1165
f 2643/60/1138 2672/57/1171 2673/60/1170
f 2630/32/1151 1855/30/1184 2660/32/1183
f 2617/6/1165 2648/8/1196 2618/8/1164
f 2644/62/1137 2673/60/1170 2674/62/1169
f 2631/34/1150 2660/32/1183 2661/34/1182
f 2618/8/1164 2649/66/1195 2619/66/1163
f 1807/68/1136 2674/62/1169 1839/68/1168
f 2632/36/1149 2661/34/1182 2662/36/1181
f 2619/66/1163 2650/11/1194 2620/11/1162
f 2696/45/1209 3057/43/1242 3058/45/1241
f 2653/59/1191 2684/18/1222 2654/18/1190
f 2667/47/1176 2696/45/1209 2697/47/1208
f 2654/18/1190 2685/20/1221 2655/20/1444
f 2667/47/1176 2698/49/1207 2668/49/1175
f 2655/20/1444 2686/22/1220 2656/22/1188
f 2668/49/1175 2699/51/1206 2669/51/1174
f 2656/22/1188 2687/24/1219 2657/24/1187
f 2669/51/1174 2700/53/1205 2670/53/1173
f 2657/24/1187 2688/26/1218 2658/26/1186
f 2645/2/1199 1871/67/1200 2675/2/1231
f 2670/53/1173 2701/55/1204 2671/55/1172
f 2658/26/1186 2689/28/1217 2659/28/1185
f 2646/4/1198 2675/2/1231 2676/4/1230
f 2671/55/1172 2702/57/1203 2672/57/1171
f 2659/28/1185 1887/30/1216 1855/30/1184
f 2647/6/1197 2676/4/1230 2677/6/1229
f 2672/57/1171 2703/60/1202 2673/60/1170
f 2660/32/1183 1887/30/1216 2690/32/1215
f 2648/8/1196 2677/6/1229 2678/8/1228
f 2673/60/1170 2704/62/1201 2674/62/1169
f 2661/34/1182 2690/32/1215 2691/34/1214
f 2649/66/1195 2678/8/1228 2679/66/1227
f 2674/62/1169 1871/68/1200 1839/68/1168
f 2662/36/1181 2691/34/1214 2692/36/1213
f 2650/11/1194 2679/66/1227 2680/11/1226
f 2663/39/1180 2692/36/1213 2693/39/1212
f 2651/13/1193 2680/11/1226 2681/13/1225
f 2664/41/1179 2693/39/1212 2694/41/1211
f 2652/16/1192 2681/13/1225 2682/16/1224
f 2665/43/1178 2694/41/1211 2695/43/1210
f 2652/16/1192 2683/59/1223 2653/59/1191
f 2494/62/64 2734/60/320 2718/62/303
f 2474/41/44 2715/43/299 2476/43/46
f 2460/24/28 2732/22/318 2713/72/297
f 2442/8/10 2731/6/317 2711/73/295
f 2482/49/52 2709/51/293 2484/51/54
f 34/30/34 2707/64/291 2466/32/36
f 2450/16/18 2729/70/314 2705/16/289
f 2490/57/60 2734/60/320 2492/60/62
f 2472/39/42 2733/41/319 2474/41/44
f 2458/22/26 2726/20/311 2732/22/318
f 2440/6/8 2725/4/310 2731/6/317
f 2480/47/50 2730/71/316 2482/49/52
f 34/30/34 2723/28/308 315/30/315
f 2448/13/16 2722/11/307 2729/70/314
f 2488/55/58 2728/69/313 2490/57/60
f 2470/36/40 2727/39/312 2472/39/42
f 2456/20/24 2719/18/304 2726/20/311
f 2436/2/4 2725/4/310 2438/4/6
f 2478/45/48 2724/47/309 2480/47/50
f 2464/28/32 2714/26/298 2723/28/308
f 2446/11/14 2712/66/296 2722/11/307
f 2486/53/56 2721/55/306 2488/55/58
f 2468/34/38 2720/36/305 2470/36/40
f 2454/18/22 2706/59/290 2719/18/304
f 2/68/2 2718/62/303 301/68/301
f 2/67/2 2717/2/302 2436/2/4
f 2476/43/46 2716/45/300 2478/45/48
f 2462/26/30 2713/72/297 2714/26/298
f 2444/66/12 2711/73/295 2712/66/296
f 2484/51/54 2710/53/294 2486/53/56
f 2466/32/36 2708/65/292 2468/34/38
f 2452/59/20 2705/16/289 2706/59/290
f 2743/26/329 2750/72/336 2751/26/337
f 2744/18/330 2735/59/321 2736/18/322
f 2745/20/331 2736/18/322 2737/20/323
f 2746/22/332 2737/20/323 2738/22/324
f 2746/22/332 2747/22/333 2752/22/338
f 2719/18/304 2741/59/327 2744/18/330
f 2706/59/290 2735/59/321 2741/59/327
f 2713/72/297 2743/26/329 2714/26/298
f 2566/22/1435 2739/24/325 2738/22/324
f 2564/18/1433 2735/59/321 2563/59/1432
f 2568/26/1437 2743/26/329 2740/26/326
f 2567/24/1436 2740/26/326 2739/24/325
f 2747/22/333 2758/22/344 2752/22/338
f 2750/72/336 2757/26/343 2751/26/337
f 2740/26/326 2748/24/334 2739/24/325
f 2742/72/328 2752/22/338 2750/72/336
f 2743/26/329 2749/26/335 2740/26/326
f 2739/24/325 2747/22/333 2738/22/324
f 2755/26/341 2763/26/349 2761/26/347
f 2756/72/342 2764/22/350 2762/72/348
f 2748/24/334 2753/22/339 2747/22/333
f 2750/72/336 2758/22/344 2756/72/342
f 2749/26/335 2757/26/343 2755/26/341
f 2749/26/335 2754/24/340 2748/24/334
f 2759/22/345 2770/22/356 2764/22/350
f 2762/72/348 2769/26/355 2763/26/349
f 2755/26/341 2760/24/346 2754/24/340
f 2756/72/342 2763/26/349 2757/26/343
f 2753/22/339 2764/22/350 2758/22/344
f 2754/24/340 2759/22/345 2753/22/339
f 2769/26/355 2766/24/352 2767/26/353
f 2768/72/354 2765/22/351 2766/24/352
f 2760/24/346 2765/22/351 2759/22/345
f 2762/72/348 2770/22/356 2768/72/354
f 2761/26/347 2769/26/355 2767/26/353
f 2761/26/347 2766/24/352 2760/24/346
f 2784/27/371 2815/29/404 2814/27/403
f 2547/46/121 2792/44/380 2546/44/120
f 2534/19/107 2781/21/368 2780/19/367
f 2548/48/122 2793/46/381 2547/46/121
f 2535/21/108 2782/23/369 2781/21/368
f 2549/50/123 2794/48/382 2548/48/122
f 2536/23/109 2783/25/370 2782/23/369
f 2549/50/123 2796/52/384 2795/50/383
f 2537/25/110 2784/27/371 2783/25/370
f 2525/3/98 357/1/357 97/1/97
f 2550/52/124 2797/54/385 2796/52/384
f 2538/27/111 2785/29/372 2784/27/371
f 2526/5/99 2771/3/358 2525/3/98
f 2551/54/125 2798/56/386 2797/54/385
f 2539/29/112 373/31/373 2785/29/372
f 2527/7/100 2772/5/359 2526/5/99
f 2552/56/126 2799/58/387 2798/56/386
f 2540/33/114 373/31/373 113/31/113
f 2528/9/101 2773/7/360 2527/7/100
f 2553/58/127 2800/61/388 2799/58/387
f 2541/35/115 2786/33/374 2540/33/114
f 2529/10/102 2774/9/361 2528/9/101
f 2554/61/128 357/63/357 2800/61/388
f 2542/37/116 2787/35/375 2541/35/115
f 2530/12/103 2775/10/362 2529/10/102
f 2543/38/117 2788/37/376 2542/37/116
f 2530/12/103 2777/14/364 2776/12/363
f 2544/40/118 2789/38/377 2543/38/117
f 2531/14/104 2778/15/365 2777/14/364
f 2545/42/119 2790/40/378 2544/40/118
f 2532/15/105 2779/17/366 2778/15/365
f 2546/44/120 2791/42/379 2545/42/119
f 2830/61/420 421/63/421 2860/61/452
f 2771/3/358 2802/5/391 2801/3/390
f 2798/56/386 2827/54/417 2797/54/385
f 2785/29/372 405/31/405 2815/29/404
f 2772/5/359 2803/7/392 2802/5/391
f 2799/58/387 2828/56/418 2798/56/386
f 2786/33/374 405/31/405 373/31/373
f 2773/7/360 2804/9/393 2803/7/392
f 2800/61/388 2829/58/419 2799/58/387
f 2787/35/375 2816/33/406 2786/33/374
f 2774/9/361 2805/10/394 2804/9/393
f 357/63/357 2830/61/420 2800/61/388
f 2788/37/376 2817/35/407 2787/35/375
f 2775/10/362 2806/12/395 2805/10/394
f 2789/38/377 2818/37/408 2788/37/376
f 2776/12/363 2807/14/396 2806/12/395
f 2790/40/378 2819/38/409 2789/38/377
f 2777/14/364 2808/15/397 2807/14/396
f 2791/42/379 2820/40/410 2790/40/378
f 2778/15/365 2809/17/398 2808/15/397
f 2792/44/380 2821/42/411 2791/42/379
f 2779/17/366 2810/19/399 2809/17/398
f 2793/46/381 2822/44/412 2792/44/380
f 2780/19/367 2811/21/400 2810/19/399
f 2794/48/382 2823/46/413 2793/46/381
f 2781/21/368 2812/23/401 2811/21/400
f 2795/50/383 2824/48/414 2794/48/382
f 2782/23/369 2813/25/402 2812/23/401
f 2796/52/384 2825/50/415 2795/50/383
f 2783/25/370 2814/27/403 2813/25/402
f 357/1/357 2801/3/390 389/1/389
f 2797/54/385 2826/52/416 2796/52/384
f 2850/40/442 2881/42/475 2880/40/474
f 2818/37/408 2847/35/439 2817/35/407
f 2806/12/395 2835/10/426 2805/10/394
f 2819/38/409 2848/37/440 2818/37/408
f 2806/12/395 2837/14/428 2836/12/427
f 2820/40/410 2849/38/441 2819/38/409
f 2807/14/396 2838/15/429 2837/14/428
f 2821/42/411 2850/40/442 2820/40/410
f 2808/15/397 2839/17/430 2838/15/429
f 2822/44/412 2851/42/443 2821/42/411
f 2809/17/398 2840/19/431 2839/17/430
f 2823/46/413 2852/44/444 2822/44/412
f 2810/19/399 2841/21/432 2840/19/431
f 2824/48/414 2853/46/445 2823/46/413
f 2811/21/400 2842/23/433 2841/21/432
f 2825/50/415 2854/48/446 2824/48/414
f 2812/23/401 2843/25/434 2842/23/433
f 2825/50/415 2856/52/448 2855/50/447
f 2813/25/402 2844/27/435 2843/25/434
f 2801/3/390 421/1/421 389/1/389
f 2826/52/416 2857/54/449 2856/52/448
f 2814/27/403 2845/29/436 2844/27/435
f 2802/5/391 2831/3/422 2801/3/390
f 2827/54/417 2858/56/450 2857/54/449
f 2815/29/404 437/31/437 2845/29/436
f 2803/7/392 2832/5/423 2802/5/391
f 2828/56/418 2859/58/451 2858/56/450
f 2816/33/406 437/31/437 405/31/405
f 2804/9/393 2833/7/424 2803/7/392
f 2829/58/419 2860/61/452 2859/58/451
f 2817/35/407 2846/33/438 2816/33/406
f 2805/10/394 2834/9/425 2804/9/393
f 2883/46/477 2914/48/510 2913/46/509
f 2838/15/429 2869/17/462 2868/15/461
f 2851/42/443 2882/44/476 2881/42/475
f 2840/19/431 2869/17/462 2839/17/430
f 2853/46/445 2882/44/476 2852/44/444
f 2841/21/432 2870/19/463 2840/19/431
f 2853/46/445 2884/48/478 2883/46/477
f 2842/23/433 2871/21/464 2841/21/432
f 2854/48/446 2885/50/479 2884/48/478
f 2842/23/433 2873/25/466 2872/23/465
f 2856/52/448 2885/50/479 2855/50/447
f 2843/25/434 2874/27/467 2873/25/466
f 2831/3/422 453/1/453 421/1/421
f 2857/54/449 2886/52/480 2856/52/448
f 2844/27/435 2875/29/468 2874/27/467
f 2831/3/422 2862/5/455 2861/3/454
f 2858/56/450 2887/54/481 2857/54/449
f 2845/29/436 469/31/469 2875/29/468
f 2832/5/423 2863/7/456 2862/5/455
f 2858/56/450 2889/58/483 2888/56/482
f 2846/33/438 469/31/469 437/31/437
f 2833/7/424 2864/9/457 2863/7/456
f 2859/58/451 2890/61/484 2889/58/483
f 2846/33/438 2877/35/471 2876/33/470
f 2835/10/426 2864/9/457 2834/9/425
f 2860/61/452 453/63/453 2890/61/484
f 2848/37/440 2877/35/471 2847/35/439
f 2835/10/426 2866/12/459 2865/10/458
f 2849/38/441 2878/37/472 2848/37/440
f 2837/14/428 2866/12/459 2836/12/427
f 2850/40/442 2879/38/473 2849/38/441
f 2838/15/429 2867/14/460 2837/14/428
f 485/1/485 2921/3/518 517/1/517
f 2872/23/465 2901/21/496 2871/21/464
f 2884/48/478 2915/50/511 2914/48/510
f 2873/25/466 2902/23/497 2872/23/465
f 2886/52/480 2915/50/511 2885/50/479
f 2874/27/467 2903/25/498 2873/25/466
f 453/1/453 2891/3/486 485/1/485
f 2887/54/481 2916/52/512 2886/52/480
f 2875/29/468 2904/27/499 2874/27/467
f 2861/3/454 2892/5/487 2891/3/486
f 2888/56/482 2917/54/513 2887/54/481
f 469/31/469 2905/29/500 2875/29/468
f 2862/5/455 2893/7/488 2892/5/487
f 2889/58/483 2918/56/514 2888/56/482
f 469/31/469 2906/33/502 501/31/501
f 2863/7/456 2894/9/489 2893/7/488
f 2890/61/484 2919/58/515 2889/58/483
f 2876/33/470 2907/35/503 2906/33/502
f 2864/9/457 2895/10/490 2894/9/489
f 453/63/453 2920/61/516 2890/61/484
f 2877/35/471 2908/37/504 2907/35/503
f 2865/10/458 2896/12/491 2895/10/490
f 2878/37/472 2909/38/505 2908/37/504
f 2867/14/460 2896/12/491 2866/12/459
f 2879/38/473 2910/40/506 2909/38/505
f 2868/15/461 2897/14/492 2867/14/460
f 2880/40/474 2911/42/507 2910/40/506
f 2869/17/462 2898/15/493 2868/15/461
f 2881/42/475 2912/44/508 2911/42/507
f 2870/19/463 2899/17/494 2869/17/462
f 2882/44/476 2913/46/509 2912/44/508
f 2871/21/464 2900/19/495 2870/19/463
f 2923/7/520 2954/9/553 2953/7/552
f 2917/54/513 2946/52/544 2916/52/512
f 2904/27/499 2935/29/532 2934/27/531
f 2891/3/486 2922/5/519 2921/3/518
f 2918/56/514 2947/54/545 2917/54/513
f 2905/29/500 533/31/533 2935/29/532
f 2892/5/487 2923/7/520 2922/5/519
f 2919/58/515 2948/56/546 2918/56/514
f 2906/33/502 533/31/533 501/31/501
f 2893/7/488 2924/9/521 2923/7/520
f 2920/61/516 2949/58/547 2919/58/515
f 2907/35/503 2936/33/534 2906/33/502
f 2894/9/489 2925/10/522 2924/9/521
f 485/63/485 2950/61/548 2920/61/516
f 2908/37/504 2937/35/535 2907/35/503
f 2895/10/490 2926/12/523 2925/10/522
f 2909/38/505 2938/37/536 2908/37/504
f 2896/12/491 2927/14/524 2926/12/523
f 2910/40/506 2939/38/537 2909/38/505
f 2897/14/492 2928/15/525 2927/14/524
f 2911/42/507 2940/40/538 2910/40/506
f 2898/15/493 2929/17/526 2928/15/525
f 2912/44/508 2941/42/539 2911/42/507
f 2899/17/494 2930/19/527 2929/17/526
f 2913/46/509 2942/44/540 2912/44/508
f 2900/19/495 2931/21/528 2930/19/527
f 2914/48/510 2943/46/541 2913/46/509
f 2901/21/496 2932/23/529 2931/21/528
f 2915/50/511 2944/48/542 2914/48/510
f 2902/23/497 2933/25/530 2932/23/529
f 2916/52/512 2945/50/543 2915/50/511
f 2903/25/498 2934/27/531 2933/25/530
f 2978/74/578 2979/75/579 2968/76/568
f 2950/61/548 2979/58/579 2949/58/547
f 2937/35/535 2966/33/566 2936/33/534
f 2924/9/521 2955/10/554 2954/9/553
f 517/63/517 2980/61/580 2950/61/548
f 2938/37/536 2967/35/567 2937/35/535
f 2925/10/522 2956/12/555 2955/10/554
f 2939/38/537 2968/37/568 2938/37/536
f 2926/12/523 2957/14/556 2956/12/555
f 2940/40/538 2969/38/569 2939/38/537
f 2927/14/524 2958/15/557 2957/14/556
f 2941/42/539 2970/40/570 2940/40/538
f 2928/15/525 2959/17/558 2958/15/557
f 2942/44/540 2971/42/571 2941/42/539
f 2929/17/526 2960/19/559 2959/17/558
f 2943/46/541 2972/44/572 2942/44/540
f 2930/19/527 2961/21/560 2960/19/559
f 2944/48/542 2973/46/573 2943/46/541
f 2931/21/528 2962/23/561 2961/21/560
f 2945/50/543 2974/48/574 2944/48/542
f 2932/23/529 2963/25/562 2962/23/561
f 2946/52/544 2975/50/575 2945/50/543
f 2933/25/530 2964/27/563 2963/25/562
f 517/1/517 2951/3/550 549/1/549
f 2947/54/545 2976/52/576 2946/52/544
f 2934/27/531 2965/29/564 2964/27/563
f 2921/3/518 2952/5/551 2951/3/550
f 2948/56/546 2977/54/577 2947/54/545
f 533/31/533 2965/29/564 2935/29/532
f 2922/5/519 2953/7/552 2952/5/551
f 2949/58/547 2978/56/578 2948/56/546
f 533/31/533 2966/33/566 565/31/565
f 2987/21/587 2998/23/598 2997/21/597
f 2983/14/583 2994/15/594 2993/14/593
f 3000/27/600 3005/25/605 3006/27/606
f 2984/15/584 2995/17/595 2994/15/594
f 2990/27/590 3002/25/602 2989/25/589
f 2985/17/585 2996/19/596 2995/17/595
f 2982/12/582 2991/10/591 2981/10/581
f 2986/19/586 2997/21/597 2996/19/596
f 2982/12/582 2993/14/593 2992/12/592
f 2445/12/13 2981/10/581 2443/10/11
f 2504/19/75 2995/17/595 2996/19/596
f 2453/19/21 2987/21/587 2986/19/586
f 2504/19/75 2997/21/597 2505/21/76
f 2451/17/19 2984/15/584 2449/15/17
f 2459/25/27 2990/27/590 2989/25/589
f 2505/21/76 2998/23/598 2506/23/77
f 2447/14/15 2982/12/582 2445/12/13
f 2506/23/77 2999/25/599 2507/25/78
f 2455/21/23 2988/23/588 2987/21/587
f 2500/12/71 2991/10/591 2992/12/592
f 3003/27/603 3008/25/608 3002/25/602
f 3006/27/606 3011/25/611 3012/27/612
f 2988/23/588 3004/23/604 2998/23/598
f 2989/25/589 3001/23/601 2988/23/588
f 2999/25/599 3004/23/604 3005/25/605
f 2990/27/590 3006/27/606 3003/27/603
f 3009/27/609 3014/25/614 3008/25/608
f 3012/27/612 3017/25/617 3018/27/618
f 3006/27/606 3009/27/609 3003/27/603
f 3004/23/604 3007/23/607 3010/23/610
f 3005/25/605 3010/23/610 3011/25/611
f 3002/25/602 3007/23/607 3001/23/601
f 3013/23/613 3022/23/622 3016/23/616
f 3015/27/615 3024/27/624 3021/27/621
f 3009/27/609 3018/27/618 3015/27/615
f 3007/23/607 3016/23/616 3010/23/610
f 3011/25/611 3016/23/616 3017/25/617
f 3008/25/608 3013/23/613 3007/23/607
f 3021/27/621 3026/25/626 3020/25/620
f 3024/27/624 3029/25/629 3030/27/630
f 3017/25/617 3022/23/622 3023/25/623
f 3014/25/614 3019/23/619 3013/23/613
f 3018/27/618 3023/25/623 3024/27/624
f 3015/27/615 3020/25/620 3014/25/614
f 3025/23/625 3034/23/634 3028/23/628
f 3027/27/627 3036/27/636 3033/27/633
f 3021/27/621 3030/27/630 3027/27/627
f 3019/23/619 3028/23/628 3022/23/622
f 3023/25/623 3028/23/628 3029/25/629
f 3020/25/620 3025/23/625 3019/23/619
f 3032/25/632 3034/23/634 3031/23/631
f 3032/25/632 3036/27/636 3035/25/635
f 3029/25/629 3034/23/634 3035/25/635
f 3026/25/626 3031/23/631 3025/23/625
f 3030/27/630 3035/25/635 3036/27/636
f 3027/27/627 3032/25/632 3026/25/626
f 3049/24/1251 3078/22/1284 3079/24/1283
f 2683/59/1223 3046/18/1254 2684/18/1222
f 2697/47/1208 3058/45/1241 3059/47/1240
f 2685/20/1221 3046/18/1254 3047/20/1253
f 2697/47/1208 3060/49/1239 2698/49/1207
f 2685/20/1221 3048/22/1252 2686/22/1220
f 2699/51/1206 3060/49/1239 3061/51/1238
f 2687/24/1219 3048/22/1252 3049/24/1251
f 2699/51/1206 3062/53/1237 2700/53/1205
f 2688/26/1218 3049/24/1251 3050/26/1250
f 2675/2/1231 2235/67/1232 3037/2/1263
f 2701/55/1204 3062/53/1237 3063/55/1236
f 2688/26/1218 3051/28/1249 2689/28/1217
f 2676/4/1230 3037/2/1263 3038/4/1262
f 2701/55/1204 3064/57/1235 2702/57/1203
f 1887/30/1216 3051/28/1249 2251/30/1248
f 2677/6/1229 3038/4/1262 3039/6/1261
f 2702/57/1203 3065/60/1234 2703/60/1202
f 1887/30/1216 3052/32/1247 2690/32/1215
f 2677/6/1229 3040/8/1260 2678/8/1228
f 2704/62/1201 3065/60/1234 3066/62/1233
f 2690/32/1215 3053/34/1246 2691/34/1214
f 2678/8/1228 3041/66/1259 2679/66/1227
f 1871/68/1200 3066/62/1233 2235/68/1232
f 2691/34/1214 3054/36/1245 2692/36/1213
f 2680/11/1226 3041/66/1259 3042/11/1258
f 2692/36/1213 3055/39/1244 2693/39/1212
f 2680/11/1226 3043/13/1257 2681/13/1225
f 2694/41/1211 3055/39/1244 3056/41/1243
f 2682/16/1224 3043/13/1257 3044/16/1445
f 2694/41/1211 3057/43/1242 2695/43/1210
f 2682/16/1224 3045/59/1255 2683/59/1223
f 2283/30/1280 3201/28/1408 2410/30/1407
f 3062/53/1237 3091/51/1449 3092/53/1450
f 3050/26/1250 3079/24/1283 3080/26/1282
f 2235/67/1232 3067/2/1295 3037/2/1263
f 3063/55/1236 3092/53/1450 3093/55/1451
f 3051/28/1249 3080/26/1282 3081/28/1281
f 3037/2/1263 3068/4/1294 3038/4/1262
f 3064/57/1235 3093/55/1451 3094/57/1267
f 2251/30/1248 3081/28/1281 2283/30/1280
f 3038/4/1262 3069/6/1293 3039/6/1261
f 3065/60/1234 3094/57/1267 3095/60/1266
f 2251/30/1248 3082/32/1279 3052/32/1247
f 3039/6/1261 3070/8/1446 3040/8/1260
f 3066/62/1233 3095/60/1266 3096/62/1265
f 3052/32/1247 3083/34/1278 3053/34/1246
f 3040/8/1260 3071/66/1447 3041/66/1259
f 2235/68/1232 3096/62/1265 2267/68/1264
f 3053/34/1246 3084/36/1277 3054/36/1245
f 3041/66/1259 3072/11/1448 3042/11/1258
f 3054/36/1245 3085/39/1276 3055/39/1244
f 3042/11/1258 3073/13/1289 3043/13/1257
f 3055/39/1244 3086/41/1275 3056/41/1243
f 3043/13/1257 3074/16/1288 3044/16/1445
f 3056/41/1243 3087/43/1274 3057/43/1242
f 3045/59/1255 3074/16/1288 3075/59/1287
f 3057/43/1242 3088/45/1273 3058/45/1241
f 3046/18/1254 3075/59/1287 3076/18/1286
f 3058/45/1241 3089/47/1272 3059/47/1240
f 3047/20/1253 3076/18/1286 3077/20/1285
f 3060/49/1239 3089/47/1272 3090/49/1271
f 3048/22/1252 3077/20/1285 3078/22/1284
f 3061/51/1238 3090/49/1271 3091/51/1449
f 3114/36/1309 3143/34/1342 3144/36/1341
f 3069/6/1293 3098/4/1326 3099/6/1325
f 3094/57/1267 3125/60/1298 3095/60/1266
f 3112/32/1311 3209/34/1412 3208/32/1413
f 3070/8/1446 3099/6/1325 3100/8/1452
f 3095/60/1266 3126/62/1297 3096/62/1265
f 3081/28/1281 3200/26/1471 3201/28/1408
f 3102/11/1454 3189/11/1461 3192/11/1464
f 3096/62/1265 2299/68/1296 2267/68/1264
f 2315/30/1312 3208/32/1413 2417/30/1414
f 3101/66/1453 3192/11/1464 3191/66/1463
f 3085/39/1276 3114/36/1309 3115/39/1308
f 3072/11/1448 3103/13/1321 3073/13/1289
f 3086/41/1275 3115/39/1308 3116/41/1307
f 3073/13/1289 3104/16/1320 3074/16/1288
f 3087/43/1274 3116/41/1307 3117/43/1306
f 3074/16/1288 3105/59/1319 3075/59/1287
f 3088/45/1273 3117/43/1306 3118/45/1305
f 3075/59/1287 3106/18/1318 3076/18/1286
f 3089/47/1272 3118/45/1305 3119/47/1304
f 3076/18/1286 3107/20/1317 3077/20/1285
f 3090/49/1271 3119/47/1304 3120/49/1303
f 3077/20/1285 3108/22/1316 3078/22/1284
f 3091/51/1449 3120/49/1303 3121/51/1455
f 3078/22/1284 3109/24/1315 3079/24/1283
f 3091/51/1449 3122/53/1456 3092/53/1450
f 3080/26/1282 3199/24/1410 3200/26/1471
f 3067/2/1295 2299/67/1296 3097/2/1327
f 3092/53/1450 3123/55/1457 3093/55/1451
f 2315/30/1312 3207/28/1415 3111/28/1313
f 3068/4/1294 3097/2/1327 3098/4/1326
f 3093/55/1451 3124/57/1299 3094/57/1267
f 3147/43/1338 3176/41/1371 3177/43/1370
f 3102/11/1454 3131/66/1355 3132/11/1354
f 3115/39/1308 3144/36/1341 3145/39/1340
f 3103/13/1321 3132/11/1354 3133/13/1353
f 3115/39/1308 3146/41/1339 3116/41/1307
f 3104/16/1320 3133/13/1353 3134/16/1352
f 3116/41/1307 3147/43/1338 3117/43/1306
f 3105/59/1319 3134/16/1352 3135/59/1351
f 3117/43/1306 3148/45/1337 3118/45/1305
f 3106/18/1318 3135/59/1351 3136/18/1350
f 3118/45/1305 3149/47/1336 3119/47/1304
f 3107/20/1317 3136/18/1350 3137/20/1349
f 3119/47/1304 3150/49/1335 3120/49/1303
f 3108/22/1316 3137/20/1349 3138/22/1348
f 3120/49/1303 3151/51/1334 3121/51/1455
f 3108/22/1316 3139/24/1347 3109/24/1315
f 3121/51/1455 3152/53/1333 3122/53/1456
f 3109/24/1315 3140/26/1346 3110/26/1314
f 3097/2/1327 2331/67/1328 3127/2/1359
f 3122/53/1456 3153/55/1332 3123/55/1457
f 3110/26/1314 3141/28/1345 3111/28/1313
f 3098/4/1326 3127/2/1359 3128/4/1358
f 3123/55/1457 3154/57/1331 3124/57/1299
f 3111/28/1313 2347/30/1344 2315/30/1312
f 3099/6/1325 3128/4/1358 3129/6/1357
f 3124/57/1299 3155/60/1330 3125/60/1298
f 3112/32/1311 2347/30/1344 3142/32/1343
f 3100/8/1452 3129/6/1357 3130/8/1356
f 3125/60/1298 3156/62/1329 3126/62/1297
f 3113/34/1310 3142/32/1343 3143/34/1342
f 3101/66/1453 3130/8/1356 3131/66/1355
f 3126/62/1297 2331/68/1328 2299/68/1296
f 3160/77/1388 3159/78/1389 3183/79/1364
f 3134/16/1352 3165/59/1383 3135/59/1351
f 3148/45/1337 3177/43/1370 3178/45/1369
f 3135/59/1351 3166/18/1382 3136/18/1350
f 3149/47/1336 3178/45/1369 3179/47/1368
f 3136/18/1350 3167/20/1381 3137/20/1349
f 3149/47/1336 3180/49/1367 3150/49/1335
f 3137/20/1349 3168/22/1380 3138/22/1348
f 3150/49/1335 3181/51/1366 3151/51/1334
f 3138/22/1348 3169/24/1379 3139/24/1347
f 3151/51/1334 3182/53/1365 3152/53/1333
f 3139/24/1347 3170/26/1378 3140/26/1346
f 3127/2/1359 2363/67/1360 3157/2/1391
f 3152/53/1333 3183/55/1364 3153/55/1332
f 3140/26/1346 3171/28/1377 3141/28/1345
f 3128/4/1358 3157/2/1391 3158/4/1390
f 3153/55/1332 3184/57/1363 3154/57/1331
f 3141/28/1345 2379/30/1376 2347/30/1344
f 3129/6/1357 3158/4/1390 3159/6/1389
f 3154/57/1331 3185/60/1362 3155/60/1330
f 3142/32/1343 2379/30/1376 3172/32/1375
f 3130/8/1356 3159/6/1389 3160/8/1388
f 3155/60/1330 3186/62/1361 3156/62/1329
f 3143/34/1342 3172/32/1375 3173/34/1374
f 3131/66/1355 3160/8/1388 3161/66/1387
f 3156/62/1329 2363/68/1360 2331/68/1328
f 3144/36/1341 3173/34/1374 3174/36/1458
f 3132/11/1354 3161/66/1387 3162/11/1386
f 3145/39/1340 3174/36/1458 3175/39/1372
f 3133/13/1353 3162/11/1386 3163/13/1385
f 3146/41/1339 3175/39/1372 3176/41/1371
f 3134/16/1352 3163/13/1385 3164/16/1384
f 3188/66/1460 3195/11/1467 3189/11/1461
f 3191/66/1463 3198/11/1470 3197/66/1469
f 3100/8/1452 3187/8/1459 3070/8/1446
f 3070/8/1446 3188/66/1460 3071/66/1447
f 3100/8/1452 3191/66/1463 3190/8/1462
f 3071/66/1447 3189/11/1461 3072/11/1448
f 3194/66/1466 3196/8/1468 3197/66/1469
f 3195/11/1467 3197/66/1469 3198/11/1470
f 3192/11/1464 3195/11/1467 3198/11/1470
f 3190/8/1462 3193/8/1465 3187/8/1459
f 3191/66/1463 3196/8/1468 3190/8/1462
f 3188/66/1460 3193/8/1465 3194/66/1466
f 3204/36/1404 3222/36/1425 3210/36/1411
f 3201/28/1408 3212/26/1473 3213/28/1422
f 2417/30/1414 3219/28/1429 3207/28/1415
f 3200/26/1471 3211/24/1424 3212/26/1473
f 3207/28/1415 3218/26/1430 3206/26/1416
f 3206/26/1416 3217/24/1431 3205/24/1472
f 3113/34/1310 3210/36/1411 3209/34/1412
f 2283/30/1280 3202/32/1406 3082/32/1279
f 3082/32/1279 3203/34/1405 3083/34/1278
f 3110/26/1314 3205/24/1472 3109/24/1315
f 3083/34/1278 3204/36/1404 3084/36/1277
f 3111/28/1313 3206/26/1416 3110/26/1314
f 3084/36/1277 3210/36/1411 3114/36/1309
f 3079/24/1283 3205/24/1472 3199/24/1410
f 3213/28/1422 2431/30/1428 2424/30/1421
f 3214/32/1420 2431/30/1428 3220/32/1427
f 3215/34/1474 3220/32/1427 3221/34/1426
f 3216/36/1418 3221/34/1426 3222/36/1425
f 3211/24/1424 3218/26/1430 3212/26/1473
f 3212/26/1473 3219/28/1429 3213/28/1422
f 2417/30/1414 3220/32/1427 2431/30/1428
f 2410/30/1407 3213/28/1422 2424/30/1421
f 3199/24/1410 3217/24/1431 3211/24/1424
f 3208/32/1413 3221/34/1426 3220/32/1427
f 2410/30/1407 3214/32/1420 3202/32/1406
f 3209/34/1412 3222/36/1425 3221/34/1426
f 3202/32/1406 3215/34/1474 3203/34/1405
f 3203/34/1405 3216/36/1418 3204/36/1404
f 1/1/1 2/67/2 4/2/4
f 3/3/3 4/2/4 6/4/6
f 5/5/5 6/4/6 8/6/8
f 7/7/7 8/6/8 10/8/10
f 10/8/10 12/66/12 11/10/11
f 11/10/11 12/66/12 14/11/14
f 13/12/13 14/11/14 16/13/16
f 16/13/16 18/16/18 17/15/17
f 18/16/18 20/59/20 19/17/19
f 19/17/19 20/59/20 22/18/22
f 21/19/21 22/18/22 24/20/24
f 23/21/23 24/20/24 26/22/26
f 25/23/25 26/22/26 28/24/28
f 27/25/27 28/24/28 30/26/30
f 29/27/29 30/26/30 32/28/32
f 31/29/31 32/28/32 34/30/34
f 33/31/33 34/30/34 36/32/36
f 35/33/35 36/32/36 38/34/38
f 37/35/37 38/34/38 40/36/40
f 40/36/40 42/39/42 41/38/41
f 42/39/42 44/41/44 43/40/43
f 44/41/44 46/43/46 45/42/45
f 46/43/46 48/45/48 47/44/47
f 48/45/48 50/47/50 49/46/49
f 50/47/50 52/49/52 51/48/51
f 52/49/52 54/51/54 53/50/53
f 54/51/54 56/53/56 55/52/55
f 56/53/56 58/55/58 57/54/57
f 58/55/58 60/57/60 59/56/59
f 60/57/60 62/60/62 61/58/61
f 290/59/290 289/16/289 137/16/137
f 62/60/62 64/62/64 63/61/63
f 64/62/64 2/68/2 1/63/1
f 79/27/79 600/27/600 590/27/590
f 90/48/90 122/48/122 121/46/121
f 43/40/43 86/40/86 85/38/85
f 59/56/59 61/58/61 95/58/95
f 74/17/74 73/15/73 594/15/594
f 35/33/35 82/33/82 81/31/81
f 53/50/53 91/50/91 90/48/90
f 9/9/9 69/9/69 68/7/68
f 25/23/25 27/25/27 589/25/589
f 45/42/45 87/42/87 86/40/86
f 61/58/61 63/61/63 96/61/96
f 70/10/70 11/10/11 581/10/581
f 37/35/37 83/35/83 82/33/82
f 53/50/53 55/52/55 92/52/92
f 9/9/9 11/10/11 70/10/70
f 17/15/17 584/15/584 583/14/583
f 47/44/47 88/44/88 87/42/87
f 3/3/3 66/3/66 65/1/65
f 63/61/63 1/63/1 65/63/65
f 73/15/73 72/14/72 593/14/593
f 39/37/39 84/37/84 83/35/83
f 55/52/55 57/54/57 93/54/93
f 72/14/72 71/12/71 592/12/592
f 29/27/29 31/29/31 80/29/80
f 49/46/49 89/46/89 88/44/88
f 5/5/5 67/5/67 66/3/66
f 21/19/21 586/19/586 585/17/585
f 41/38/41 85/38/85 84/37/84
f 57/54/57 59/56/59 94/56/94
f 78/25/78 599/25/599 600/27/600
f 31/29/31 33/31/33 81/31/81
f 51/48/51 90/48/90 89/46/89
f 7/7/7 68/7/68 67/5/67
f 106/17/106 107/19/107 367/19/367
f 76/21/76 77/23/77 109/23/109
f 91/50/91 123/50/123 122/48/122
f 77/23/77 78/25/78 110/25/110
f 92/52/92 124/52/124 123/50/123
f 78/25/78 79/27/79 111/27/111
f 65/1/65 66/3/66 98/3/98
f 93/54/93 125/54/125 124/52/124
f 79/27/79 80/29/80 112/29/112
f 66/3/66 67/5/67 99/5/99
f 94/56/94 126/56/126 125/54/125
f 80/29/80 81/31/81 113/31/113
f 67/5/67 68/7/68 100/7/100
f 95/58/95 127/58/127 126/56/126
f 82/33/82 114/33/114 113/31/113
f 68/7/68 69/9/69 101/9/101
f 96/61/96 128/61/128 127/58/127
f 83/35/83 115/35/115 114/33/114
f 69/9/69 70/10/70 102/10/102
f 65/63/65 97/63/97 128/61/128
f 84/37/84 116/37/116 115/35/115
f 70/10/70 71/12/71 103/12/103
f 85/38/85 117/38/117 116/37/116
f 71/12/71 72/14/72 104/14/104
f 86/40/86 118/40/118 117/38/117
f 72/14/72 73/15/73 105/15/105
f 87/42/87 119/42/119 118/40/118
f 73/15/73 74/17/74 106/17/106
f 88/44/88 120/44/120 119/42/119
f 74/17/74 75/19/75 107/19/107
f 89/46/89 121/46/121 120/44/120
f 75/19/75 76/21/76 108/21/108
f 159/60/159 158/57/158 190/57/190
f 291/64/291 146/32/146 147/34/147
f 293/51/293 155/51/155 156/53/156
f 296/66/296 295/73/295 133/8/133
f 141/22/141 324/22/324 323/20/323
f 299/43/299 151/43/151 152/45/152
f 302/2/302 301/67/301 129/67/129
f 303/62/303 160/62/160 129/68/129
f 311/20/311 304/18/304 330/18/330
f 292/65/292 147/34/147 148/36/148
f 294/53/294 156/53/156 157/55/157
f 307/11/307 296/66/296 134/66/134
f 308/28/308 298/26/298 143/26/143
f 300/45/300 152/45/152 153/47/153
f 310/4/310 302/2/302 130/2/130
f 318/22/318 311/20/311 331/20/331
f 305/36/305 148/36/148 149/39/149
f 306/55/306 157/55/157 158/57/158
f 314/70/314 307/11/307 135/11/135
f 315/30/315 308/28/308 144/28/144
f 309/47/309 153/47/153 154/49/154
f 317/6/317 310/4/310 131/4/131
f 297/72/297 318/22/318 332/22/332
f 312/39/312 149/39/149 150/41/150
f 313/69/313 158/57/158 159/60/159
f 289/16/289 314/70/314 136/13/136
f 315/30/315 145/30/145 146/32/146
f 316/71/316 154/49/154 155/51/155
f 295/73/295 317/6/317 132/6/132
f 140/20/140 323/20/323 322/18/322
f 319/41/319 150/41/150 151/43/151
f 320/60/320 159/60/159 160/62/160
f 178/32/178 177/30/177 209/30/209
f 145/30/145 177/30/177 178/32/178
f 132/6/132 164/6/164 165/8/165
f 160/62/160 159/60/159 191/60/191
f 146/32/146 178/32/178 179/34/179
f 133/8/133 165/8/165 166/66/166
f 129/68/129 160/62/160 192/62/192
f 148/36/148 147/34/147 179/34/179
f 134/66/134 166/66/166 167/11/167
f 149/39/149 148/36/148 180/36/180
f 135/11/135 167/11/167 168/13/168
f 150/41/150 149/39/149 181/39/181
f 136/13/136 168/13/168 169/16/169
f 151/43/151 150/41/150 182/41/182
f 137/16/137 169/16/169 170/59/170
f 152/45/152 151/43/151 183/43/183
f 138/59/138 170/59/170 171/18/171
f 153/47/153 152/45/152 184/45/184
f 139/18/139 171/18/171 172/20/172
f 154/49/154 153/47/153 185/47/185
f 140/20/140 172/20/172 173/22/173
f 155/51/155 154/49/154 186/49/186
f 141/22/141 173/22/173 174/24/174
f 156/53/156 155/51/155 187/51/187
f 142/24/142 174/24/174 175/26/175
f 130/2/130 129/67/129 161/67/161
f 157/55/157 156/53/156 188/53/188
f 143/26/143 175/26/175 176/28/176
f 130/2/130 162/2/162 163/4/163
f 158/57/158 157/55/157 189/55/189
f 144/28/144 176/28/176 177/30/177
f 131/4/131 163/4/163 164/6/164
f 213/39/213 212/36/212 244/36/244
f 164/6/164 196/6/196 197/8/197
f 192/62/192 191/60/191 223/60/223
f 179/34/179 178/32/178 210/32/210
f 165/8/165 197/8/197 198/66/198
f 161/68/161 192/62/192 224/62/224
f 180/36/180 179/34/179 211/34/211
f 166/66/166 198/66/198 199/11/199
f 181/39/181 180/36/180 212/36/212
f 167/11/167 199/11/199 200/13/200
f 182/41/182 181/39/181 213/39/213
f 168/13/168 200/13/200 201/16/201
f 183/43/183 182/41/182 214/41/214
f 169/16/169 201/16/201 202/59/202
f 184/45/184 183/43/183 215/43/215
f 170/59/170 202/59/202 203/18/203
f 185/47/185 184/45/184 216/45/216
f 171/18/171 203/18/203 204/20/204
f 186/49/186 185/47/185 217/47/217
f 172/20/172 204/20/204 205/22/205
f 187/51/187 186/49/186 218/49/218
f 173/22/173 205/22/205 206/24/206
f 188/53/188 187/51/187 219/51/219
f 174/24/174 206/24/206 207/26/207
f 161/67/161 193/67/193 194/2/194
f 189/55/189 188/53/188 220/53/220
f 175/26/175 207/26/207 208/28/208
f 162/2/162 194/2/194 195/4/195
f 190/57/190 189/55/189 221/55/221
f 176/28/176 208/28/208 209/30/209
f 163/4/163 195/4/195 196/6/196
f 191/60/191 190/57/190 222/57/222
f 248/45/248 247/43/247 279/43/279
f 199/11/199 231/11/231 232/13/232
f 214/41/214 213/39/213 245/39/245
f 200/13/200 232/13/232 233/16/233
f 215/43/215 214/41/214 246/41/246
f 201/16/201 233/16/233 234/59/234
f 216/45/216 215/43/215 247/43/247
f 202/59/202 234/59/234 235/18/235
f 217/47/217 216/45/216 248/45/248
f 203/18/203 235/18/235 236/20/236
f 218/49/218 217/47/217 249/47/249
f 204/20/204 236/20/236 237/22/237
f 219/51/219 218/49/218 250/49/250
f 205/22/205 237/22/237 238/24/238
f 220/53/220 219/51/219 251/51/251
f 206/24/206 238/24/238 239/26/239
f 193/67/193 225/67/225 226/2/226
f 221/55/221 220/53/220 252/53/252
f 207/26/207 239/26/239 240/28/240
f 194/2/194 226/2/226 227/4/227
f 222/57/222 221/55/221 253/55/253
f 208/28/208 240/28/240 241/30/241
f 195/4/195 227/4/227 228/6/228
f 223/60/223 222/57/222 254/57/254
f 210/32/210 209/30/209 241/30/241
f 196/6/196 228/6/228 229/8/229
f 224/62/224 223/60/223 255/60/255
f 211/34/211 210/32/210 242/32/242
f 197/8/197 229/8/229 230/66/230
f 193/68/193 224/62/224 256/62/256
f 212/36/212 211/34/211 243/34/243
f 198/66/198 230/66/230 231/11/231
f 280/45/280 279/43/279 659/43/659
f 234/59/234 266/59/266 267/18/267
f 249/47/249 248/45/248 280/45/280
f 235/18/235 267/18/267 268/20/268
f 249/47/249 281/47/281 282/49/282
f 236/20/236 268/20/268 269/22/269
f 250/49/250 282/49/282 283/51/283
f 237/22/237 269/22/269 270/24/270
f 251/51/251 283/51/283 284/53/284
f 238/24/238 270/24/270 271/26/271
f 226/2/226 225/67/225 257/67/257
f 252/53/252 284/53/284 285/55/285
f 239/26/239 271/26/271 272/28/272
f 227/4/227 226/2/226 258/2/258
f 253/55/253 285/55/285 286/57/286
f 240/28/240 272/28/272 273/30/273
f 228/6/228 227/4/227 259/4/259
f 254/57/254 286/57/286 287/60/287
f 242/32/242 241/30/241 273/30/273
f 229/8/229 228/6/228 260/6/260
f 255/60/255 287/60/287 288/62/288
f 243/34/243 242/32/242 274/32/274
f 230/66/230 229/8/229 261/8/261
f 256/62/256 288/62/288 257/68/257
f 244/36/244 243/34/243 275/34/275
f 231/11/231 230/66/230 262/66/262
f 245/39/245 244/36/244 276/36/276
f 232/13/232 231/11/231 263/11/263
f 246/41/246 245/39/245 277/39/277
f 233/16/233 232/13/232 264/13/264
f 247/43/247 246/41/246 278/41/278
f 233/16/233 265/16/265 266/59/266
f 64/62/64 62/60/62 320/60/320
f 44/41/44 319/41/319 299/43/299
f 28/24/28 26/22/26 318/22/318
f 10/8/10 8/6/8 317/6/317
f 52/49/52 316/71/316 293/51/293
f 34/30/34 315/30/315 291/64/291
f 18/16/18 16/13/16 314/70/314
f 60/57/60 313/69/313 320/60/320
f 42/39/42 312/39/312 319/41/319
f 26/22/26 24/20/24 311/20/311
f 8/6/8 6/4/6 310/4/310
f 50/47/50 309/47/309 316/71/316
f 34/30/34 32/28/32 308/28/308
f 16/13/16 14/11/14 307/11/307
f 58/55/58 306/55/306 313/69/313
f 40/36/40 305/36/305 312/39/312
f 24/20/24 22/18/22 304/18/304
f 4/2/4 302/2/302 310/4/310
f 48/45/48 300/45/300 309/47/309
f 32/28/32 30/26/30 298/26/298
f 14/11/14 12/66/12 296/66/296
f 56/53/56 294/53/294 306/55/306
f 38/34/38 292/65/292 305/36/305
f 22/18/22 20/59/20 290/59/290
f 2/68/2 64/62/64 303/62/303
f 2/67/2 301/67/301 302/2/302
f 46/43/46 299/43/299 300/45/300
f 30/26/30 28/24/28 297/72/297
f 12/66/12 10/8/10 295/73/295
f 54/51/54 293/51/293 294/53/294
f 36/32/36 291/64/291 292/65/292
f 20/59/20 18/16/18 289/16/289
f 329/26/329 328/72/328 336/72/336
f 330/18/330 327/59/327 321/59/321
f 331/20/331 330/18/330 322/18/322
f 332/22/332 331/20/331 323/20/323
f 332/22/332 324/22/324 333/22/333
f 304/18/304 290/59/290 327/59/327
f 290/59/290 138/59/138 321/59/321
f 297/72/297 328/72/328 329/26/329
f 141/22/141 142/24/142 325/24/325
f 139/18/139 322/18/322 321/59/321
f 143/26/143 298/26/298 329/26/329
f 142/24/142 143/26/143 326/26/326
f 333/22/333 339/22/339 344/22/344
f 336/72/336 342/72/342 343/26/343
f 326/26/326 335/26/335 334/24/334
f 328/72/328 332/22/332 338/22/338
f 329/26/329 337/26/337 335/26/335
f 325/24/325 334/24/334 333/22/333
f 341/26/341 343/26/343 349/26/349
f 342/72/342 344/22/344 350/22/350
f 334/24/334 340/24/340 339/22/339
f 336/72/336 338/22/338 344/22/344
f 335/26/335 337/26/337 343/26/343
f 335/26/335 341/26/341 340/24/340
f 345/22/345 351/22/351 356/22/356
f 348/72/348 354/72/354 355/26/355
f 341/26/341 347/26/347 346/24/346
f 342/72/342 348/72/348 349/26/349
f 339/22/339 345/22/345 350/22/350
f 340/24/340 346/24/346 345/22/345
f 355/26/355 354/72/354 352/24/352
f 354/72/354 356/22/356 351/22/351
f 346/24/346 352/24/352 351/22/351
f 348/72/348 350/22/350 356/22/356
f 347/26/347 349/26/349 355/26/355
f 347/26/347 353/26/353 352/24/352
f 371/27/371 372/29/372 404/29/404
f 121/46/121 381/46/381 380/44/380
f 107/19/107 108/21/108 368/21/368
f 122/48/122 382/48/382 381/46/381
f 108/21/108 109/23/109 369/23/369
f 123/50/123 383/50/383 382/48/382
f 109/23/109 110/25/110 370/25/370
f 123/50/123 124/52/124 384/52/384
f 110/25/110 111/27/111 371/27/371
f 98/3/98 358/3/358 357/1/357
f 124/52/124 125/54/125 385/54/385
f 111/27/111 112/29/112 372/29/372
f 99/5/99 359/5/359 358/3/358
f 125/54/125 126/56/126 386/56/386
f 112/29/112 113/31/113 373/31/373
f 100/7/100 360/7/360 359/5/359
f 126/56/126 127/58/127 387/58/387
f 114/33/114 374/33/374 373/31/373
f 101/9/101 361/9/361 360/7/360
f 127/58/127 128/61/128 388/61/388
f 115/35/115 375/35/375 374/33/374
f 102/10/102 362/10/362 361/9/361
f 128/61/128 97/63/97 357/63/357
f 116/37/116 376/37/376 375/35/375
f 103/12/103 363/12/363 362/10/362
f 117/38/117 377/38/377 376/37/376
f 103/12/103 104/14/104 364/14/364
f 118/40/118 378/40/378 377/38/377
f 104/14/104 105/15/105 365/15/365
f 119/42/119 379/42/379 378/40/378
f 105/15/105 106/17/106 366/17/366
f 120/44/120 380/44/380 379/42/379
f 420/61/420 389/63/389 421/63/421
f 358/3/358 359/5/359 391/5/391
f 386/56/386 418/56/418 417/54/417
f 372/29/372 373/31/373 405/31/405
f 359/5/359 360/7/360 392/7/392
f 387/58/387 419/58/419 418/56/418
f 374/33/374 406/33/406 405/31/405
f 360/7/360 361/9/361 393/9/393
f 388/61/388 420/61/420 419/58/419
f 375/35/375 407/35/407 406/33/406
f 361/9/361 362/10/362 394/10/394
f 357/63/357 389/63/389 420/61/420
f 376/37/376 408/37/408 407/35/407
f 362/10/362 363/12/363 395/12/395
f 377/38/377 409/38/409 408/37/408
f 363/12/363 364/14/364 396/14/396
f 378/40/378 410/40/410 409/38/409
f 364/14/364 365/15/365 397/15/397
f 379/42/379 411/42/411 410/40/410
f 365/15/365 366/17/366 398/17/398
f 380/44/380 412/44/412 411/42/411
f 366/17/366 367/19/367 399/19/399
f 381/46/381 413/46/413 412/44/412
f 367/19/367 368/21/368 400/21/400
f 382/48/382 414/48/414 413/46/413
f 368/21/368 369/23/369 401/23/401
f 383/50/383 415/50/415 414/48/414
f 369/23/369 370/25/370 402/25/402
f 384/52/384 416/52/416 415/50/415
f 370/25/370 371/27/371 403/27/403
f 357/1/357 358/3/358 390/3/390
f 385/54/385 417/54/417 416/52/416
f 442/40/442 443/42/443 475/42/475
f 408/37/408 440/37/440 439/35/439
f 395/12/395 427/12/427 426/10/426
f 409/38/409 441/38/441 440/37/440
f 395/12/395 396/14/396 428/14/428
f 410/40/410 442/40/442 441/38/441
f 396/14/396 397/15/397 429/15/429
f 411/42/411 443/42/443 442/40/442
f 397/15/397 398/17/398 430/17/430
f 412/44/412 444/44/444 443/42/443
f 398/17/398 399/19/399 431/19/431
f 413/46/413 445/46/445 444/44/444
f 399/19/399 400/21/400 432/21/432
f 414/48/414 446/48/446 445/46/445
f 400/21/400 401/23/401 433/23/433
f 415/50/415 447/50/447 446/48/446
f 401/23/401 402/25/402 434/25/434
f 415/50/415 416/52/416 448/52/448
f 402/25/402 403/27/403 435/27/435
f 390/3/390 422/3/422 421/1/421
f 416/52/416 417/54/417 449/54/449
f 403/27/403 404/29/404 436/29/436
f 391/5/391 423/5/423 422/3/422
f 417/54/417 418/56/418 450/56/450
f 404/29/404 405/31/405 437/31/437
f 392/7/392 424/7/424 423/5/423
f 418/56/418 419/58/419 451/58/451
f 406/33/406 438/33/438 437/31/437
f 393/9/393 425/9/425 424/7/424
f 419/58/419 420/61/420 452/61/452
f 407/35/407 439/35/439 438/33/438
f 394/10/394 426/10/426 425/9/425
f 477/46/477 478/48/478 510/48/510
f 429/15/429 430/17/430 462/17/462
f 443/42/443 444/44/444 476/44/476
f 431/19/431 463/19/463 462/17/462
f 445/46/445 477/46/477 476/44/476
f 432/21/432 464/21/464 463/19/463
f 445/46/445 446/48/446 478/48/478
f 433/23/433 465/23/465 464/21/464
f 446/48/446 447/50/447 479/50/479
f 433/23/433 434/25/434 466/25/466
f 448/52/448 480/52/480 479/50/479
f 434/25/434 435/27/435 467/27/467
f 422/3/422 454/3/454 453/1/453
f 449/54/449 481/54/481 480/52/480
f 435/27/435 436/29/436 468/29/468
f 422/3/422 423/5/423 455/5/455
f 450/56/450 482/56/482 481/54/481
f 436/29/436 437/31/437 469/31/469
f 423/5/423 424/7/424 456/7/456
f 450/56/450 451/58/451 483/58/483
f 438/33/438 470/33/470 469/31/469
f 424/7/424 425/9/425 457/9/457
f 451/58/451 452/61/452 484/61/484
f 438/33/438 439/35/439 471/35/471
f 426/10/426 458/10/458 457/9/457
f 452/61/452 421/63/421 453/63/453
f 440/37/440 472/37/472 471/35/471
f 426/10/426 427/12/427 459/12/459
f 441/38/441 473/38/473 472/37/472
f 428/14/428 460/14/460 459/12/459
f 442/40/442 474/40/474 473/38/473
f 429/15/429 461/15/461 460/14/460
f 485/1/485 486/3/486 518/3/518
f 465/23/465 497/23/497 496/21/496
f 478/48/478 479/50/479 511/50/511
f 466/25/466 498/25/498 497/23/497
f 480/52/480 512/52/512 511/50/511
f 467/27/467 499/27/499 498/25/498
f 453/1/453 454/3/454 486/3/486
f 481/54/481 513/54/513 512/52/512
f 468/29/468 500/29/500 499/27/499
f 454/3/454 455/5/455 487/5/487
f 482/56/482 514/56/514 513/54/513
f 469/31/469 501/31/501 500/29/500
f 455/5/455 456/7/456 488/7/488
f 483/58/483 515/58/515 514/56/514
f 469/31/469 470/33/470 502/33/502
f 456/7/456 457/9/457 489/9/489
f 484/61/484 516/61/516 515/58/515
f 470/33/470 471/35/471 503/35/503
f 457/9/457 458/10/458 490/10/490
f 453/63/453 485/63/485 516/61/516
f 471/35/471 472/37/472 504/37/504
f 458/10/458 459/12/459 491/12/491
f 472/37/472 473/38/473 505/38/505
f 460/14/460 492/14/492 491/12/491
f 473/38/473 474/40/474 506/40/506
f 461/15/461 493/15/493 492/14/492
f 474/40/474 475/42/475 507/42/507
f 462/17/462 494/17/494 493/15/493
f 475/42/475 476/44/476 508/44/508
f 463/19/463 495/19/495 494/17/494
f 476/44/476 477/46/477 509/46/509
f 464/21/464 496/21/496 495/19/495
f 520/7/520 521/9/521 553/9/553
f 513/54/513 545/54/545 544/52/544
f 499/27/499 500/29/500 532/29/532
f 486/3/486 487/5/487 519/5/519
f 514/56/514 546/56/546 545/54/545
f 500/29/500 501/31/501 533/31/533
f 487/5/487 488/7/488 520/7/520
f 515/58/515 547/58/547 546/56/546
f 502/33/502 534/33/534 533/31/533
f 488/7/488 489/9/489 521/9/521
f 516/61/516 548/61/548 547/58/547
f 503/35/503 535/35/535 534/33/534
f 489/9/489 490/10/490 522/10/522
f 485/63/485 517/63/517 548/61/548
f 504/37/504 536/37/536 535/35/535
f 490/10/490 491/12/491 523/12/523
f 505/38/505 537/38/537 536/37/536
f 491/12/491 492/14/492 524/14/524
f 506/40/506 538/40/538 537/38/537
f 492/14/492 493/15/493 525/15/525
f 507/42/507 539/42/539 538/40/538
f 493/15/493 494/17/494 526/17/526
f 508/44/508 540/44/540 539/42/539
f 494/17/494 495/19/495 527/19/527
f 509/46/509 541/46/541 540/44/540
f 495/19/495 496/21/496 528/21/528
f 510/48/510 542/48/542 541/46/541
f 496/21/496 497/23/497 529/23/529
f 511/50/511 543/50/543 542/48/542
f 497/23/497 498/25/498 530/25/530
f 512/52/512 544/52/544 543/50/543
f 498/25/498 499/27/499 531/27/531
f 580/86/580 549/87/549 565/88/565
f 549/87/549 550/89/550 564/90/564
f 550/89/550 551/81/551 564/90/564
f 551/81/551 552/80/552 563/91/563
f 564/90/564 551/81/551 563/91/563
f 552/80/552 553/92/553 561/93/561
f 553/92/553 554/94/554 560/95/560
f 554/94/554 555/96/555 560/95/560
f 555/96/555 556/97/556 559/98/559
f 560/95/560 555/96/555 559/98/559
f 556/97/556 557/99/557 558/100/558
f 558/100/558 559/98/559 556/97/556
f 560/95/560 561/93/561 553/92/553
f 561/93/561 562/82/562 552/80/552
f 562/82/562 563/91/563 552/80/552
f 564/90/564 565/88/565 549/87/549
f 565/88/565 566/101/566 580/86/580
f 566/101/566 567/102/567 580/86/580
f 567/102/567 568/76/568 579/75/579
f 580/86/580 567/102/567 579/75/579
f 568/76/568 569/103/569 577/104/577
f 569/103/569 570/105/570 576/106/576
f 570/105/570 571/107/571 576/106/576
f 571/107/571 572/108/572 575/109/575
f 576/106/576 571/107/571 575/109/575
f 572/108/572 573/110/573 574/111/574
f 574/111/574 575/109/575 572/108/572
f 576/106/576 577/104/577 569/103/569
f 577/104/577 578/74/578 568/76/568
f 548/61/548 580/61/580 579/58/579
f 535/35/535 567/35/567 566/33/566
f 521/9/521 522/10/522 554/10/554
f 517/63/517 549/63/549 580/61/580
f 536/37/536 568/37/568 567/35/567
f 522/10/522 523/12/523 555/12/555
f 537/38/537 569/38/569 568/37/568
f 523/12/523 524/14/524 556/14/556
f 538/40/538 570/40/570 569/38/569
f 524/14/524 525/15/525 557/15/557
f 539/42/539 571/42/571 570/40/570
f 525/15/525 526/17/526 558/17/558
f 540/44/540 572/44/572 571/42/571
f 526/17/526 527/19/527 559/19/559
f 541/46/541 573/46/573 572/44/572
f 527/19/527 528/21/528 560/21/560
f 542/48/542 574/48/574 573/46/573
f 528/21/528 529/23/529 561/23/561
f 543/50/543 575/50/575 574/48/574
f 529/23/529 530/25/530 562/25/562
f 544/52/544 576/52/576 575/50/575
f 530/25/530 531/27/531 563/27/563
f 517/1/517 518/3/518 550/3/550
f 545/54/545 577/54/577 576/52/576
f 531/27/531 532/29/532 564/29/564
f 518/3/518 519/5/519 551/5/551
f 546/56/546 578/56/578 577/54/577
f 533/31/533 565/31/565 564/29/564
f 519/5/519 520/7/520 552/7/552
f 547/58/547 579/58/579 578/56/578
f 533/31/533 534/33/534 566/33/566
f 587/21/587 588/23/588 598/23/598
f 583/14/583 584/15/584 594/15/594
f 600/27/600 599/25/599 605/25/605
f 584/15/584 585/17/585 595/17/595
f 590/27/590 603/27/603 602/25/602
f 585/17/585 586/19/586 596/19/596
f 582/12/582 592/12/592 591/10/591
f 586/19/586 587/21/587 597/21/597
f 582/12/582 583/14/583 593/14/593
f 13/12/13 582/12/582 581/10/581
f 75/19/75 74/17/74 595/17/595
f 21/19/21 23/21/23 587/21/587
f 75/19/75 596/19/596 597/21/597
f 19/17/19 585/17/585 584/15/584
f 27/25/27 29/27/29 590/27/590
f 76/21/76 597/21/597 598/23/598
f 15/14/15 583/14/583 582/12/582
f 77/23/77 598/23/598 599/25/599
f 23/21/23 25/23/25 588/23/588
f 71/12/71 70/10/70 591/10/591
f 603/27/603 609/27/609 608/25/608
f 606/27/606 605/25/605 611/25/611
f 588/23/588 601/23/601 604/23/604
f 589/25/589 602/25/602 601/23/601
f 599/25/599 598/23/598 604/23/604
f 590/27/590 600/27/600 606/27/606
f 609/27/609 615/27/615 614/25/614
f 612/27/612 611/25/611 617/25/617
f 606/27/606 612/27/612 609/27/609
f 604/23/604 601/23/601 607/23/607
f 605/25/605 604/23/604 610/23/610
f 602/25/602 608/25/608 607/23/607
f 613/23/613 619/23/619 622/23/622
f 615/27/615 618/27/618 624/27/624
f 609/27/609 612/27/612 618/27/618
f 607/23/607 613/23/613 616/23/616
f 611/25/611 610/23/610 616/23/616
f 608/25/608 614/25/614 613/23/613
f 621/27/621 627/27/627 626/25/626
f 624/27/624 623/25/623 629/25/629
f 617/25/617 616/23/616 622/23/622
f 614/25/614 620/25/620 619/23/619
f 618/27/618 617/25/617 623/25/623
f 615/27/615 621/27/621 620/25/620
f 625/23/625 631/23/631 634/23/634
f 627/27/627 630/27/630 636/27/636
f 621/27/621 624/27/624 630/27/630
f 619/23/619 625/23/625 628/23/628
f 623/25/623 622/23/622 628/23/628
f 620/25/620 626/25/626 625/23/625
f 632/25/632 635/25/635 634/23/634
f 632/25/632 633/27/633 636/27/636
f 629/25/629 628/23/628 634/23/634
f 626/25/626 632/25/632 631/23/631
f 630/27/630 629/25/629 635/25/635
f 627/27/627 633/27/633 632/25/632
f 650/24/650 649/22/649 681/22/681
f 266/59/266 646/59/646 647/18/647
f 281/47/281 280/45/280 660/45/660
f 268/20/268 267/18/267 647/18/647
f 281/47/281 661/47/661 662/49/662
f 268/20/268 648/20/648 649/22/649
f 283/51/283 282/49/282 662/49/662
f 269/22/269 649/22/649 650/24/650
f 283/51/283 663/51/663 664/53/664
f 271/26/271 270/24/270 650/24/650
f 258/2/258 257/67/257 637/67/637
f 285/55/285 284/53/284 664/53/664
f 271/26/271 651/26/651 652/28/652
f 258/2/258 638/2/638 639/4/639
f 286/57/286 285/55/285 665/55/665
f 273/30/273 272/28/272 652/28/652
f 260/6/260 259/4/259 639/4/639
f 286/57/286 666/57/666 667/60/667
f 273/30/273 653/30/653 654/32/654
f 261/8/261 260/6/260 640/6/640
f 288/62/288 287/60/287 667/60/667
f 275/34/275 274/32/274 654/32/654
f 261/8/261 641/8/641 642/66/642
f 288/62/288 668/62/668 637/68/637
f 275/34/275 655/34/655 656/36/656
f 263/11/263 262/66/262 642/66/642
f 276/36/276 656/36/656 657/39/657
f 263/11/263 643/11/643 644/13/644
f 278/41/278 277/39/277 657/39/657
f 265/16/265 264/13/264 644/13/644
f 278/41/278 658/41/658 659/43/659
f 265/16/265 645/16/645 646/59/646
f 685/30/685 684/28/684 811/28/811
f 664/53/664 663/51/663 695/51/695
f 651/26/651 650/24/650 682/24/682
f 637/67/637 669/67/669 670/2/670
f 665/55/665 664/53/664 696/53/696
f 652/28/652 651/26/651 683/26/683
f 638/2/638 670/2/670 671/4/671
f 666/57/666 665/55/665 697/55/697
f 653/30/653 652/28/652 684/28/684
f 639/4/639 671/4/671 672/6/672
f 667/60/667 666/57/666 698/57/698
f 653/30/653 685/30/685 686/32/686
f 640/6/640 672/6/672 673/8/673
f 668/62/668 667/60/667 699/60/699
f 654/32/654 686/32/686 687/34/687
f 641/8/641 673/8/673 674/66/674
f 637/68/637 668/62/668 700/62/700
f 655/34/655 687/34/687 688/36/688
f 642/66/642 674/66/674 675/11/675
f 656/36/656 688/36/688 689/39/689
f 643/11/643 675/11/675 676/13/676
f 657/39/657 689/39/689 690/41/690
f 644/13/644 676/13/676 677/16/677
f 658/41/658 690/41/690 691/43/691
f 646/59/646 645/16/645 677/16/677
f 659/43/659 691/43/691 692/45/692
f 647/18/647 646/59/646 678/59/678
f 660/45/660 692/45/692 693/47/693
f 648/20/648 647/18/647 679/18/679
f 662/49/662 661/47/661 693/47/693
f 649/22/649 648/20/648 680/20/680
f 663/51/663 662/49/662 694/49/694
f 720/36/720 719/34/719 751/34/751
f 672/6/672 671/4/671 703/4/703
f 698/57/698 730/57/730 731/60/731
f 718/32/718 719/34/719 821/34/821
f 673/8/673 672/6/672 704/6/704
f 699/60/699 731/60/731 732/62/732
f 684/28/684 683/26/683 810/26/810
f 707/11/707 675/11/675 799/11/799
f 700/62/700 732/62/732 701/68/701
f 717/30/717 718/32/718 820/32/820
f 706/66/706 707/11/707 802/11/802
f 689/39/689 688/36/688 720/36/720
f 675/11/675 707/11/707 708/13/708
f 690/41/690 689/39/689 721/39/721
f 676/13/676 708/13/708 709/16/709
f 691/43/691 690/41/690 722/41/722
f 677/16/677 709/16/709 710/59/710
f 692/45/692 691/43/691 723/43/723
f 678/59/678 710/59/710 711/18/711
f 693/47/693 692/45/692 724/45/724
f 679/18/679 711/18/711 712/20/712
f 694/49/694 693/47/693 725/47/725
f 680/20/680 712/20/712 713/22/713
f 695/51/695 694/49/694 726/49/726
f 681/22/681 713/22/713 714/24/714
f 695/51/695 727/51/727 728/53/728
f 683/26/683 682/24/682 809/24/809
f 670/2/670 669/67/669 701/67/701
f 696/53/696 728/53/728 729/55/729
f 717/30/717 819/30/819 818/28/818
f 671/4/671 670/2/670 702/2/702
f 697/55/697 729/55/729 730/57/730
f 755/43/755 754/41/754 786/41/786
f 707/11/707 706/66/706 738/66/738
f 721/39/721 720/36/720 752/36/752
f 708/13/708 707/11/707 739/11/739
f 721/39/721 753/39/753 754/41/754
f 709/16/709 708/13/708 740/13/740
f 722/41/722 754/41/754 755/43/755
f 710/59/710 709/16/709 741/16/741
f 723/43/723 755/43/755 756/45/756
f 711/18/711 710/59/710 742/59/742
f 724/45/724 756/45/756 757/47/757
f 712/20/712 711/18/711 743/18/743
f 725/47/725 757/47/757 758/49/758
f 713/22/713 712/20/712 744/20/744
f 726/49/726 758/49/758 759/51/759
f 713/22/713 745/22/745 746/24/746
f 727/51/727 759/51/759 760/53/760
f 714/24/714 746/24/746 747/26/747
f 702/2/702 701/67/701 733/67/733
f 728/53/728 760/53/760 761/55/761
f 715/26/715 747/26/747 748/28/748
f 703/4/703 702/2/702 734/2/734
f 729/55/729 761/55/761 762/57/762
f 716/28/716 748/28/748 749/30/749
f 704/6/704 703/4/703 735/4/735
f 730/57/730 762/57/762 763/60/763
f 718/32/718 717/30/717 749/30/749
f 705/8/705 704/6/704 736/6/736
f 731/60/731 763/60/763 764/62/764
f 719/34/719 718/32/718 750/32/750
f 706/66/706 705/8/705 737/8/737
f 732/62/732 764/62/764 733/68/733
f 767/112/767 766/85/766 795/83/795
f 766/85/766 765/113/765 796/84/796
f 795/83/795 766/85/766 796/84/796
f 795/83/795 794/114/794 767/112/767
f 794/114/794 793/79/793 768/78/768
f 767/112/767 794/114/794 768/78/768
f 793/79/793 792/115/792 769/77/769
f 792/115/792 791/116/791 770/117/770
f 769/77/769 792/115/792 770/117/770
f 791/116/791 790/118/790 772/119/772
f 790/118/790 789/120/789 773/121/773
f 789/120/789 788/122/788 774/123/774
f 788/122/788 787/124/787 775/125/775
f 787/124/787 786/126/786 775/125/775
f 786/126/786 785/127/785 776/128/776
f 775/125/775 786/126/786 776/128/776
f 785/127/785 784/129/784 777/130/777
f 784/129/784 783/131/783 778/132/778
f 777/130/777 784/129/784 778/132/778
f 783/131/783 782/133/782 779/134/779
f 782/133/782 781/135/781 780/136/780
f 779/134/779 782/133/782 780/136/780
f 779/134/779 778/132/778 783/131/783
f 777/130/777 776/128/776 785/127/785
f 775/125/775 774/123/774 788/122/788
f 774/123/774 773/121/773 789/120/789
f 773/121/773 772/119/772 790/118/790
f 772/119/772 771/137/771 791/116/791
f 771/137/771 770/117/770 791/116/791
f 741/16/741 773/16/773 774/59/774
f 756/45/756 755/43/755 787/43/787
f 742/59/742 774/59/774 775/18/775
f 757/47/757 756/45/756 788/45/788
f 743/18/743 775/18/775 776/20/776
f 757/47/757 789/47/789 790/49/790
f 744/20/744 776/20/776 777/22/777
f 758/49/758 790/49/790 791/51/791
f 745/22/745 777/22/777 778/24/778
f 759/51/759 791/51/791 792/53/792
f 746/24/746 778/24/778 779/26/779
f 734/2/734 733/67/733 765/67/765
f 760/53/760 792/53/792 793/55/793
f 747/26/747 779/26/779 780/28/780
f 735/4/735 734/2/734 766/2/766
f 761/55/761 793/55/793 794/57/794
f 748/28/748 780/28/780 781/30/781
f 736/6/736 735/4/735 767/4/767
f 762/57/762 794/57/794 795/60/795
f 750/32/750 749/30/749 781/30/781
f 737/8/737 736/6/736 768/6/768
f 763/60/763 795/60/795 796/62/796
f 751/34/751 750/32/750 782/32/782
f 738/66/738 737/8/737 769/8/769
f 764/62/764 796/62/796 765/68/765
f 752/36/752 751/34/751 783/34/783
f 739/11/739 738/66/738 770/66/770
f 753/39/753 752/36/752 784/36/784
f 740/13/740 739/11/739 771/11/771
f 754/41/754 753/39/753 785/39/785
f 741/16/741 740/13/740 772/13/772
f 798/66/798 804/66/804 805/11/805
f 801/66/801 802/11/802 808/11/808
f 705/8/705 800/8/800 797/8/797
f 673/8/673 797/8/797 798/66/798
f 705/8/705 706/66/706 801/66/801
f 674/66/674 798/66/798 799/11/799
f 804/66/804 803/8/803 806/8/806
f 805/11/805 804/66/804 807/66/807
f 802/11/802 799/11/799 805/11/805
f 800/8/800 806/8/806 803/8/803
f 800/8/800 801/66/801 807/66/807
f 797/8/797 803/8/803 804/66/804
f 815/36/815 829/36/829 836/36/836
f 811/28/811 810/26/810 824/26/824
f 819/30/819 833/30/833 832/28/832
f 810/26/810 809/24/809 823/24/823
f 818/28/818 832/28/832 831/26/831
f 817/26/817 831/26/831 830/24/830
f 719/34/719 720/36/720 822/36/822
f 685/30/685 812/30/812 813/32/813
f 686/32/686 813/32/813 814/34/814
f 715/26/715 817/26/817 816/24/816
f 687/34/687 814/34/814 815/36/815
f 716/28/716 818/28/818 817/26/817
f 688/36/688 815/36/815 822/36/822
f 682/24/682 714/24/714 816/24/816
f 825/28/825 832/28/832 833/30/833
f 827/32/827 826/30/826 833/30/833
f 828/34/828 827/32/827 834/32/834
f 829/36/829 828/34/828 835/34/835
f 823/24/823 830/24/830 831/26/831
f 824/26/824 831/26/831 832/28/832
f 819/30/819 820/32/820 834/32/834
f 812/30/812 811/28/811 825/28/825
f 809/24/809 816/24/816 830/24/830
f 820/32/820 821/34/821 835/34/835
f 812/30/812 826/30/826 827/32/827
f 821/34/821 822/36/822 836/36/836
f 813/32/813 827/32/827 828/34/828
f 814/34/814 828/34/828 829/36/829
f 1/1/1 837/3/63 838/2/64
f 837/3/63 839/5/61 840/4/62
f 839/5/61 841/7/59 842/6/60
f 841/7/59 843/9/837 844/8/838
f 845/10/839 846/66/840 844/8/838
f 845/10/839 847/12/841 848/11/842
f 847/12/841 849/14/843 850/13/844
f 851/15/845 852/16/846 850/13/844
f 853/17/847 854/59/848 852/16/846
f 853/17/847 855/19/849 856/18/850
f 855/19/849 857/21/851 858/20/852
f 857/21/851 859/23/853 860/22/854
f 859/23/853 861/25/855 862/24/856
f 861/25/855 863/27/857 864/26/858
f 863/27/857 865/29/859 866/28/860
f 865/29/859 33/31/33 34/30/34
f 33/31/33 867/33/861 868/32/862
f 867/33/861 869/35/863 870/34/864
f 869/35/863 871/37/865 872/36/866
f 873/38/867 874/39/868 872/36/866
f 875/40/869 876/41/870 874/39/868
f 877/42/871 878/43/872 876/41/870
f 879/44/873 880/45/874 878/43/872
f 881/46/875 882/47/876 880/45/874
f 883/48/877 884/49/878 882/47/876
f 885/50/879 886/51/880 884/49/878
f 887/52/881 888/53/882 886/51/880
f 889/54/883 890/55/884 888/53/882
f 891/56/7 892/57/8 890/55/884
f 893/58/5 894/60/6 892/57/8
f 1108/59/925 965/59/910 964/16/153
f 895/61/3 896/62/4 894/60/6
f 1/63/1 2/68/2 896/62/4
f 1392/27/990 1402/27/1000 910/27/895
f 949/46/105 950/48/104 920/48/905
f 915/38/900 916/40/901 875/40/869
f 891/56/7 924/56/68 925/58/67
f 905/17/890 1397/17/995 1396/15/994
f 81/31/81 912/33/897 867/33/861
f 920/48/905 921/50/906 885/50/879
f 899/7/94 900/9/885 843/9/837
f 859/23/853 1390/23/988 1391/25/989
f 916/40/901 917/42/902 877/42/871
f 893/58/5 925/58/67 926/61/66
f 901/10/886 1393/10/991 1383/10/981
f 912/33/897 913/35/898 869/35/863
f 885/50/879 921/50/906 922/52/907
f 843/9/837 900/9/885 901/10/886
f 1385/14/983 1386/15/984 851/15/845
f 917/42/902 918/44/903 879/44/873
f 65/1/65 897/3/96 837/3/63
f 895/61/3 926/61/66 65/63/65
f 904/15/889 1396/15/994 1395/14/993
f 913/35/898 914/37/899 871/37/865
f 887/52/881 922/52/907 923/54/908
f 903/14/888 1395/14/993 1394/12/992
f 863/27/857 910/27/895 911/29/896
f 918/44/903 919/46/904 881/46/875
f 897/3/96 898/5/95 839/5/61
f 1387/17/985 1388/19/986 855/19/849
f 914/37/899 915/38/900 873/38/867
f 889/54/883 923/54/908 924/56/68
f 1402/27/1000 1401/25/999 909/25/894
f 865/29/859 911/29/896 81/31/81
f 919/46/904 920/48/905 883/48/877
f 898/5/95 899/7/94 841/7/59
f 935/17/120 1181/17/380 1182/19/379
f 907/21/892 937/21/118 938/23/117
f 950/48/104 951/50/103 921/50/906
f 908/23/893 938/23/117 939/25/909
f 951/50/103 952/52/102 922/52/907
f 909/25/894 939/25/909 940/27/115
f 65/1/65 97/1/97 927/3/128
f 952/52/102 953/54/101 923/54/908
f 910/27/895 940/27/115 941/29/114
f 897/3/96 927/3/128 928/5/127
f 953/54/101 954/56/100 924/56/68
f 911/29/896 941/29/114 113/31/113
f 898/5/95 928/5/127 929/7/126
f 954/56/100 955/58/99 925/58/67
f 113/31/113 942/33/112 912/33/897
f 899/7/94 929/7/126 930/9/125
f 955/58/99 956/61/98 926/61/66
f 942/33/112 943/35/111 913/35/898
f 900/9/885 930/9/125 931/10/124
f 956/61/98 97/63/97 65/63/65
f 943/35/111 944/37/110 914/37/899
f 901/10/886 931/10/124 932/12/123
f 944/37/110 945/38/109 915/38/900
f 902/12/887 932/12/123 933/14/122
f 945/38/109 946/40/108 916/40/901
f 903/14/888 933/14/122 934/15/121
f 946/40/108 947/42/107 917/42/902
f 904/15/889 934/15/121 935/17/120
f 947/42/107 948/44/106 918/44/903
f 905/17/890 935/17/120 936/19/119
f 948/44/106 949/46/105 919/46/904
f 906/19/891 936/19/119 937/21/118
f 985/60/131 1015/60/163 1014/57/164
f 973/34/916 972/32/144 1109/64/308
f 982/53/134 981/51/135 1111/51/307
f 1114/66/294 961/66/156 960/8/157
f 1139/20/939 1140/22/940 968/22/913
f 978/45/921 977/43/920 1117/43/929
f 1119/2/303 957/2/160 129/67/129
f 129/68/129 986/62/130 1120/62/302
f 1128/20/933 1147/20/947 1146/18/946
f 974/36/917 973/34/916 1110/65/926
f 983/55/133 982/53/134 1112/53/296
f 1124/11/293 962/11/155 961/66/156
f 1125/28/291 971/28/146 970/26/915
f 979/47/137 978/45/921 1118/45/930
f 1127/4/320 958/4/159 957/2/160
f 1134/22/935 1148/22/948 1147/20/947
f 975/39/918 974/36/917 1122/36/932
f 984/57/132 983/55/133 1123/55/295
f 1131/70/316 963/13/154 962/11/155
f 315/30/315 145/30/145 971/28/146
f 980/49/136 979/47/137 1126/47/289
f 1133/6/313 959/6/158 958/4/159
f 1115/72/927 1144/72/944 1148/22/948
f 976/41/919 975/39/918 1129/39/934
f 985/60/131 984/57/132 1130/69/317
f 1107/16/309 964/16/153 963/13/154
f 972/32/144 145/30/145 315/30/315
f 981/51/135 980/49/136 1132/71/314
f 1113/73/306 960/8/157 959/6/158
f 1138/18/938 1139/20/939 967/20/912
f 977/43/920 976/41/919 1135/41/936
f 986/62/130 985/60/131 1136/60/310
f 1002/32/176 1032/32/208 209/30/209
f 972/32/144 1002/32/176 177/30/177
f 990/8/189 989/6/190 959/6/158
f 986/62/130 1016/62/162 1015/60/163
f 973/34/916 1003/34/175 1002/32/176
f 991/66/188 990/8/189 960/8/157
f 161/68/161 1016/62/162 986/62/130
f 974/36/917 1004/36/174 1003/34/175
f 992/11/187 991/66/188 961/66/156
f 975/39/918 1005/39/173 1004/36/174
f 993/13/186 992/11/187 962/11/155
f 976/41/919 1006/41/172 1005/39/173
f 994/16/185 993/13/186 963/13/154
f 977/43/920 1007/43/171 1006/41/172
f 995/59/184 994/16/185 964/16/153
f 978/45/921 1008/45/170 1007/43/171
f 996/18/183 995/59/184 965/59/910
f 979/47/137 1009/47/169 1008/45/170
f 997/20/182 996/18/183 966/18/911
f 980/49/136 1010/49/168 1009/47/169
f 998/22/181 997/20/182 967/20/912
f 981/51/135 1011/51/167 1010/49/168
f 999/24/180 998/22/181 968/22/913
f 982/53/134 1012/53/166 1011/51/167
f 1000/26/179 999/24/180 969/24/914
f 987/2/192 161/67/161 129/67/129
f 983/55/133 1013/55/922 1012/53/166
f 971/28/146 1001/28/178 1000/26/179
f 988/4/191 987/2/192 957/2/160
f 984/57/132 1014/57/164 1013/55/922
f 145/30/145 177/30/177 1001/28/178
f 989/6/190 988/4/191 958/4/159
f 1035/39/205 1065/39/237 1064/36/238
f 1020/8/221 1019/6/222 989/6/190
f 1016/62/162 1046/62/194 1045/60/195
f 1003/34/175 1033/34/207 1032/32/208
f 1021/66/220 1020/8/221 990/8/189
f 161/68/161 193/68/193 1046/62/194
f 1004/36/174 1034/36/206 1033/34/207
f 1022/11/219 1021/66/220 991/66/188
f 1005/39/173 1035/39/205 1034/36/206
f 1023/13/218 1022/11/219 992/11/187
f 1006/41/172 1036/41/204 1035/39/205
f 1024/16/217 1023/13/218 993/13/186
f 1007/43/171 1037/43/203 1036/41/204
f 1025/59/216 1024/16/217 994/16/185
f 1008/45/170 1038/45/202 1037/43/203
f 1026/18/215 1025/59/216 995/59/184
f 1009/47/169 1039/47/201 1038/45/202
f 1027/20/214 1026/18/215 996/18/183
f 1010/49/168 1040/49/200 1039/47/201
f 1028/22/213 1027/20/214 997/20/182
f 1011/51/167 1041/51/199 1040/49/200
f 1029/24/212 1028/22/213 998/22/181
f 1012/53/166 1042/53/198 1041/51/199
f 1030/26/211 1029/24/212 999/24/180
f 1017/2/923 193/67/193 161/67/161
f 1013/55/922 1043/55/197 1042/53/198
f 1031/28/210 1030/26/211 1000/26/179
f 1018/4/223 1017/2/923 987/2/192
f 1014/57/164 1044/57/196 1043/55/197
f 209/30/209 1031/28/210 1001/28/178
f 1019/6/222 1018/4/223 988/4/191
f 1015/60/163 1045/60/195 1044/57/196
f 1068/45/234 1098/45/266 1097/43/267
f 1053/13/250 1052/11/251 1022/11/219
f 1036/41/204 1066/41/236 1065/39/237
f 1054/16/249 1053/13/250 1023/13/218
f 1037/43/203 1067/43/235 1066/41/236
f 1055/59/248 1054/16/249 1024/16/217
f 1038/45/202 1068/45/234 1067/43/235
f 1056/18/247 1055/59/248 1025/59/216
f 1039/47/201 1069/47/233 1068/45/234
f 1057/20/924 1056/18/247 1026/18/215
f 1040/49/200 1070/49/232 1069/47/233
f 1058/22/245 1057/20/924 1027/20/214
f 1041/51/199 1071/51/231 1070/49/232
f 1059/24/244 1058/22/245 1028/22/213
f 1042/53/198 1072/53/230 1071/51/231
f 1060/26/243 1059/24/244 1029/24/212
f 1047/2/256 225/67/225 193/67/193
f 1043/55/197 1073/55/229 1072/53/230
f 1061/28/242 1060/26/243 1030/26/211
f 1048/4/255 1047/2/256 1017/2/923
f 1044/57/196 1074/57/228 1073/55/229
f 241/30/241 1061/28/242 1031/28/210
f 1049/6/254 1048/4/255 1018/4/223
f 1045/60/195 1075/60/227 1074/57/228
f 1032/32/208 1062/32/240 241/30/241
f 1050/8/253 1049/6/254 1019/6/222
f 1046/62/194 1076/62/226 1075/60/227
f 1033/34/207 1063/34/239 1062/32/240
f 1051/66/252 1050/8/253 1020/8/221
f 193/68/193 225/68/225 1076/62/226
f 1034/36/206 1064/36/238 1063/34/239
f 1052/11/251 1051/66/252 1021/66/220
f 1098/45/266 1460/45/1038 1459/43/647
f 1086/18/279 1085/59/280 1055/59/248
f 1069/47/233 1099/47/265 1098/45/266
f 1087/20/278 1086/18/279 1056/18/247
f 1100/49/264 1099/47/265 1069/47/233
f 1088/22/277 1087/20/278 1057/20/924
f 1101/51/263 1100/49/264 1070/49/232
f 1089/24/276 1088/22/277 1058/22/245
f 1102/53/262 1101/51/263 1071/51/231
f 1090/26/275 1089/24/276 1059/24/244
f 1047/2/256 1077/2/288 257/67/257
f 1103/55/261 1102/53/262 1072/53/230
f 1091/28/274 1090/26/275 1060/26/243
f 1048/4/255 1078/4/287 1077/2/288
f 1104/57/260 1103/55/261 1073/55/229
f 273/30/273 1091/28/274 1061/28/242
f 1049/6/254 1079/6/286 1078/4/287
f 1105/60/259 1104/57/260 1074/57/228
f 1062/32/240 1092/32/272 273/30/273
f 1050/8/253 1080/8/285 1079/6/286
f 1106/62/258 1105/60/259 1075/60/227
f 1063/34/239 1093/34/271 1092/32/272
f 1051/66/252 1081/66/284 1080/8/285
f 257/68/257 1106/62/258 1076/62/226
f 1064/36/238 1094/36/270 1093/34/271
f 1052/11/251 1082/11/283 1081/66/284
f 1065/39/237 1095/39/269 1094/36/270
f 1053/13/250 1083/13/282 1082/11/283
f 1066/41/236 1096/41/268 1095/39/269
f 1054/16/249 1084/16/281 1083/13/282
f 1067/43/235 1097/43/267 1096/41/268
f 1085/59/280 1084/16/281 1054/16/249
f 896/62/4 1120/62/302 1136/60/310
f 1117/43/929 1135/41/936 876/41/870
f 862/24/856 1115/72/927 1134/22/935
f 844/8/838 1113/73/306 1133/6/313
f 1111/51/307 1132/71/314 884/49/878
f 1109/64/308 315/30/315 34/30/34
f 852/16/846 1107/16/309 1131/70/316
f 1136/60/310 1130/69/317 892/57/8
f 1135/41/936 1129/39/934 874/39/868
f 860/22/854 1134/22/935 1128/20/933
f 842/6/60 1133/6/313 1127/4/320
f 1132/71/314 1126/47/289 882/47/876
f 34/30/34 315/30/315 1125/28/291
f 850/13/844 1131/70/316 1124/11/293
f 1130/69/317 1123/55/295 890/55/884
f 1129/39/934 1122/36/932 872/36/866
f 858/20/852 1128/20/933 1121/18/931
f 1127/4/320 1119/2/303 838/2/64
f 1126/47/289 1118/45/930 880/45/874
f 866/28/860 1125/28/291 1116/26/928
f 848/11/842 1124/11/293 1114/66/294
f 1123/55/295 1112/53/296 888/53/882
f 1122/36/932 1110/65/926 870/34/864
f 856/18/850 1121/18/931 1108/59/925
f 2/68/2 301/68/301 1120/62/302
f 1119/2/303 301/67/301 2/67/2
f 1118/45/930 1117/43/929 878/43/872
f 864/26/858 1116/26/928 1115/72/927
f 846/66/840 1114/66/294 1113/73/306
f 1112/53/296 1111/51/307 886/51/880
f 1110/65/926 1109/64/308 868/32/862
f 854/59/848 1108/59/925 1107/16/309
f 1145/26/945 1153/26/953 1152/72/952
f 1146/18/946 1138/18/938 1137/59/937
f 1147/20/947 1139/20/939 1138/18/938
f 1148/22/948 1140/22/940 1139/20/939
f 1148/22/948 1154/22/954 1149/22/949
f 1121/18/931 1146/18/946 1143/59/943
f 1108/59/925 1143/59/943 1137/59/937
f 1145/26/945 1144/72/944 1115/72/927
f 968/22/913 1140/22/940 1141/24/941
f 1137/59/937 1138/18/938 966/18/911
f 970/26/915 1142/26/942 1145/26/945
f 969/24/914 1141/24/941 1142/26/942
f 1160/22/960 1155/22/955 1149/22/949
f 1159/26/959 1158/72/958 1152/72/952
f 1150/24/950 1151/26/951 1142/26/942
f 1144/72/944 1152/72/952 1154/22/954
f 1151/26/951 1153/26/953 1145/26/945
f 1149/22/949 1150/24/950 1141/24/941
f 1157/26/957 1163/26/963 1165/26/965
f 1158/72/958 1164/72/964 1166/22/966
f 1155/22/955 1156/24/956 1150/24/950
f 1152/72/952 1158/72/958 1160/22/960
f 1151/26/951 1157/26/957 1159/26/959
f 1156/24/956 1157/26/957 1151/26/951
f 1172/22/972 1167/22/967 1161/22/961
f 1171/26/971 1170/72/970 1164/72/964
f 1162/24/962 1163/26/963 1157/26/957
f 1165/26/965 1164/72/964 1158/72/958
f 1166/22/966 1161/22/961 1155/22/955
f 1161/22/961 1162/24/962 1156/24/956
f 1171/26/971 1169/26/969 1168/24/968
f 1170/72/970 1168/24/968 1167/22/967
f 1167/22/967 1168/24/968 1162/24/962
f 1164/72/964 1170/72/970 1172/22/972
f 1163/26/963 1169/26/969 1171/26/971
f 1168/24/968 1169/26/969 1163/26/963
f 1186/27/375 1216/27/407 1217/29/406
f 1194/44/366 1195/46/365 949/46/105
f 936/19/119 1182/19/379 1183/21/378
f 1195/46/365 1196/48/364 950/48/104
f 937/21/118 1183/21/378 1184/23/377
f 1196/48/364 1197/50/363 951/50/103
f 938/23/117 1184/23/377 1185/25/376
f 951/50/103 1197/50/363 1198/52/362
f 939/25/909 1185/25/376 1186/27/375
f 357/1/357 1173/3/388 927/3/128
f 952/52/102 1198/52/362 1199/54/361
f 940/27/115 1186/27/375 1187/29/374
f 1173/3/388 1174/5/387 928/5/127
f 953/54/101 1199/54/361 1200/56/360
f 941/29/114 1187/29/374 373/31/373
f 1174/5/387 1175/7/386 929/7/126
f 954/56/100 1200/56/360 1201/58/359
f 373/31/373 1188/33/372 942/33/112
f 1175/7/386 1176/9/385 930/9/125
f 955/58/99 1201/58/359 1202/61/358
f 1188/33/372 1189/35/371 943/35/111
f 1176/9/385 1177/10/384 931/10/124
f 956/61/98 1202/61/358 357/63/357
f 1189/35/371 1190/37/370 944/37/110
f 1177/10/384 1178/12/383 932/12/123
f 1190/37/370 1191/38/369 945/38/109
f 932/12/123 1178/12/383 1179/14/382
f 1191/38/369 1192/40/368 946/40/108
f 933/14/122 1179/14/382 1180/15/381
f 1192/40/368 1193/42/367 947/42/107
f 934/15/121 1180/15/381 1181/17/380
f 1193/42/367 1194/44/366 948/44/106
f 1232/61/390 1262/61/422 421/63/421
f 1173/3/388 1203/3/420 1204/5/419
f 1229/54/393 1230/56/392 1200/56/360
f 1187/29/374 1217/29/406 405/31/405
f 1174/5/387 1204/5/419 1205/7/418
f 1230/56/392 1231/58/391 1201/58/359
f 405/31/405 1218/33/404 1188/33/372
f 1175/7/386 1205/7/418 1206/9/417
f 1231/58/391 1232/61/390 1202/61/358
f 1218/33/404 1219/35/403 1189/35/371
f 1176/9/385 1206/9/417 1207/10/416
f 1232/61/390 389/63/389 357/63/357
f 1219/35/403 1220/37/973 1190/37/370
f 1177/10/384 1207/10/416 1208/12/415
f 1220/37/973 1221/38/401 1191/38/369
f 1178/12/383 1208/12/415 1209/14/414
f 1221/38/401 1222/40/400 1192/40/368
f 1179/14/382 1209/14/414 1210/15/413
f 1222/40/400 1223/42/399 1193/42/367
f 1180/15/381 1210/15/413 1211/17/412
f 1223/42/399 1224/44/398 1194/44/366
f 1181/17/380 1211/17/412 1212/19/411
f 1224/44/398 1225/46/397 1195/46/365
f 1182/19/379 1212/19/411 1213/21/410
f 1225/46/397 1226/48/396 1196/48/364
f 1183/21/378 1213/21/410 1214/23/409
f 1226/48/396 1227/50/395 1197/50/363
f 1184/23/377 1214/23/409 1215/25/408
f 1227/50/395 1228/52/394 1198/52/362
f 1185/25/376 1215/25/408 1216/27/407
f 357/1/357 389/1/389 1203/3/420
f 1228/52/394 1229/54/393 1199/54/361
f 1252/40/432 1282/40/464 1283/42/974
f 1249/35/435 1250/37/434 1220/37/973
f 1237/10/448 1238/12/447 1208/12/415
f 1250/37/434 1251/38/433 1221/38/401
f 1208/12/415 1238/12/447 1239/14/446
f 1251/38/433 1252/40/432 1222/40/400
f 1209/14/414 1239/14/446 1240/15/445
f 1252/40/432 1253/42/431 1223/42/399
f 1210/15/413 1240/15/445 1241/17/444
f 1253/42/431 1254/44/430 1224/44/398
f 1211/17/412 1241/17/444 1242/19/443
f 1254/44/430 1255/46/429 1225/46/397
f 1212/19/411 1242/19/443 1243/21/442
f 1255/46/429 1256/48/428 1226/48/396
f 1213/21/410 1243/21/442 1244/23/441
f 1256/48/428 1257/50/427 1227/50/395
f 1214/23/409 1244/23/441 1245/25/440
f 1227/50/395 1257/50/427 1258/52/426
f 1215/25/408 1245/25/440 1246/27/439
f 421/1/421 1233/3/452 1203/3/420
f 1228/52/394 1258/52/426 1259/54/425
f 1216/27/407 1246/27/439 1247/29/438
f 1233/3/452 1234/5/451 1204/5/419
f 1229/54/393 1259/54/425 1260/56/424
f 1217/29/406 1247/29/438 437/31/437
f 1234/5/451 1235/7/450 1205/7/418
f 1230/56/392 1260/56/424 1261/58/423
f 437/31/437 1248/33/436 1218/33/404
f 1235/7/450 1236/9/449 1206/9/417
f 1231/58/391 1261/58/423 1262/61/422
f 1248/33/436 1249/35/435 1219/35/403
f 1236/9/449 1237/10/448 1207/10/416
f 1285/46/461 1315/46/493 1316/48/492
f 1240/15/445 1270/15/477 1271/17/476
f 1253/42/431 1283/42/974 1284/44/462
f 1271/17/476 1272/19/475 1242/19/443
f 1284/44/462 1285/46/461 1255/46/429
f 1272/19/475 1273/21/474 1243/21/442
f 1255/46/429 1285/46/461 1286/48/460
f 1273/21/474 1274/23/473 1244/23/441
f 1256/48/428 1286/48/460 1287/50/459
f 1244/23/441 1274/23/473 1275/25/472
f 1287/50/459 1288/52/458 1258/52/426
f 1245/25/440 1275/25/472 1276/27/471
f 453/1/453 1263/3/484 1233/3/452
f 1288/52/458 1289/54/457 1259/54/425
f 1276/27/471 1277/29/470 1247/29/438
f 1233/3/452 1263/3/484 1264/5/483
f 1289/54/457 1290/56/456 1260/56/424
f 1247/29/438 1277/29/470 469/31/469
f 1234/5/451 1264/5/483 1265/7/482
f 1290/56/456 1291/58/455 1261/58/423
f 469/31/469 1278/33/468 1248/33/436
f 1235/7/450 1265/7/482 1266/9/481
f 1261/58/423 1291/58/455 1292/61/454
f 1278/33/468 1279/35/467 1249/35/435
f 1266/9/481 1267/10/480 1237/10/448
f 1262/61/422 1292/61/454 453/63/453
f 1279/35/467 1280/37/466 1250/37/434
f 1237/10/448 1267/10/480 1268/12/479
f 1280/37/466 1281/38/465 1251/38/433
f 1268/12/479 1269/14/478 1239/14/446
f 1281/38/465 1282/40/464 1252/40/432
f 1269/14/478 1270/15/477 1240/15/445
f 485/1/485 517/1/517 1323/3/548
f 1303/21/506 1304/23/505 1274/23/473
f 1286/48/460 1316/48/492 1317/50/491
f 1304/23/505 1305/25/504 1275/25/472
f 1317/50/491 1318/52/490 1288/52/458
f 1305/25/504 1306/27/503 1276/27/471
f 453/1/453 485/1/485 1293/3/516
f 1318/52/490 1319/54/489 1289/54/457
f 1306/27/503 1307/29/502 1277/29/470
f 1263/3/484 1293/3/516 1294/5/515
f 1319/54/489 1320/56/488 1290/56/456
f 1307/29/502 501/31/501 469/31/469
f 1264/5/483 1294/5/515 1295/7/514
f 1320/56/488 1321/58/487 1291/58/455
f 469/31/469 501/31/501 1308/33/500
f 1265/7/482 1295/7/514 1296/9/513
f 1321/58/487 1322/61/486 1292/61/454
f 1278/33/468 1308/33/500 1309/35/499
f 1266/9/481 1296/9/513 1297/10/512
f 1322/61/486 485/63/485 453/63/453
f 1279/35/467 1309/35/499 1310/37/498
f 1267/10/480 1297/10/512 1298/12/511
f 1280/37/466 1310/37/498 1311/38/497
f 1298/12/511 1299/14/510 1269/14/478
f 1281/38/465 1311/38/497 1312/40/496
f 1299/14/510 1300/15/509 1270/15/477
f 1282/40/464 1312/40/496 1313/42/495
f 1300/15/509 1301/17/508 1271/17/476
f 1283/42/974 1313/42/495 1314/44/494
f 1301/17/508 1302/19/507 1272/19/475
f 1284/44/462 1314/44/494 1315/46/493
f 1302/19/507 1303/21/506 1273/21/474
f 1325/7/546 1355/7/578 1356/9/577
f 1348/52/522 1349/54/521 1319/54/489
f 1306/27/503 1336/27/535 1337/29/534
f 1293/3/516 1323/3/548 1324/5/547
f 1349/54/521 1350/56/520 1320/56/488
f 1307/29/502 1337/29/534 533/31/533
f 1294/5/515 1324/5/547 1325/7/546
f 1350/56/520 1351/58/975 1321/58/487
f 533/31/533 1338/33/532 1308/33/500
f 1295/7/514 1325/7/546 1326/9/545
f 1351/58/975 1352/61/518 1322/61/486
f 1338/33/532 1339/35/531 1309/35/499
f 1296/9/513 1326/9/545 1327/10/544
f 1352/61/518 517/63/517 485/63/485
f 1339/35/531 1340/37/530 1310/37/498
f 1297/10/512 1327/10/544 1328/12/543
f 1340/37/530 1341/38/529 1311/38/497
f 1298/12/511 1328/12/543 1329/14/542
f 1341/38/529 1342/40/528 1312/40/496
f 1299/14/510 1329/14/542 1330/15/541
f 1342/40/528 1343/42/527 1313/42/495
f 1300/15/509 1330/15/541 1331/17/540
f 1343/42/527 1344/44/526 1314/44/494
f 1301/17/508 1331/17/540 1332/19/539
f 1344/44/526 1345/46/525 1315/46/493
f 1302/19/507 1332/19/539 1333/21/538
f 1345/46/525 1346/48/524 1316/48/492
f 1303/21/506 1333/21/538 1334/23/537
f 1346/48/524 1347/50/523 1317/50/491
f 1304/23/505 1334/23/537 1335/25/536
f 1347/50/523 1348/52/522 1318/52/490
f 1305/25/504 1335/25/536 1336/27/535
f 1353/89/580 549/87/549 565/88/565
f 549/87/549 1382/86/550 1368/101/564
f 1382/86/550 1381/75/980 1368/101/564
f 1381/75/980 1380/74/979 1369/102/563
f 1368/101/564 1381/75/980 1369/102/563
f 1380/74/979 1379/104/553 1371/103/561
f 1379/104/553 1378/106/978 1372/105/560
f 1378/106/978 1377/109/555 1372/105/560
f 1377/109/555 1376/111/556 1373/107/977
f 1372/105/560 1377/109/555 1373/107/977
f 1376/111/556 1375/110/557 1374/108/558
f 1374/108/558 1373/107/977 1376/111/556
f 1372/105/560 1371/103/561 1379/104/553
f 1371/103/561 1370/76/562 1380/74/979
f 1370/76/562 1369/102/563 1380/74/979
f 1368/101/564 565/88/565 549/87/549
f 565/88/565 1367/90/566 1353/89/580
f 1367/90/566 1366/91/567 1353/89/580
f 1366/91/567 1365/82/568 1354/81/579
f 1353/89/580 1366/91/567 1354/81/579
f 1365/82/568 1364/93/976 1356/92/577
f 1364/93/976 1363/95/570 1357/94/576
f 1363/95/570 1362/98/571 1357/94/576
f 1362/98/571 1361/100/572 1358/96/575
f 1357/94/576 1362/98/571 1358/96/575
f 1361/100/572 1360/99/573 1359/97/574
f 1359/97/574 1358/96/575 1361/100/572
f 1357/94/576 1356/92/577 1364/93/976
f 1356/92/577 1355/80/578 1365/82/568
f 1381/58/980 1382/61/550 1352/61/518
f 1368/33/564 1369/35/563 1339/35/531
f 1326/9/545 1356/9/577 1357/10/576
f 1382/61/550 549/63/549 517/63/517
f 1369/35/563 1370/37/562 1340/37/530
f 1327/10/544 1357/10/576 1358/12/575
f 1370/37/562 1371/38/561 1341/38/529
f 1328/12/543 1358/12/575 1359/14/574
f 1371/38/561 1372/40/560 1342/40/528
f 1329/14/542 1359/14/574 1360/15/573
f 1372/40/560 1373/42/977 1343/42/527
f 1330/15/541 1360/15/573 1361/17/572
f 1373/42/977 1374/44/558 1344/44/526
f 1331/17/540 1361/17/572 1362/19/571
f 1374/44/558 1375/46/557 1345/46/525
f 1332/19/539 1362/19/571 1363/21/570
f 1375/46/557 1376/48/556 1346/48/524
f 1333/21/538 1363/21/570 1364/23/976
f 1376/48/556 1377/50/555 1347/50/523
f 1334/23/537 1364/23/976 1365/25/568
f 1377/50/555 1378/52/978 1348/52/522
f 1335/25/536 1365/25/568 1366/27/567
f 517/1/517 549/1/549 1353/3/580
f 1378/52/978 1379/54/553 1349/54/521
f 1336/27/535 1366/27/567 1367/29/566
f 1323/3/548 1353/3/580 1354/5/579
f 1379/54/553 1380/56/979 1350/56/520
f 1367/29/566 565/31/565 533/31/533
f 1324/5/547 1354/5/579 1355/7/578
f 1380/56/979 1381/58/980 1351/58/975
f 533/31/533 565/31/565 1368/33/564
f 1389/21/987 1399/21/997 1400/23/998
f 1385/14/983 1395/14/993 1396/15/994
f 1402/27/1000 1408/27/1006 1407/25/1005
f 1386/15/984 1396/15/994 1397/17/995
f 1404/25/1002 1405/27/1003 1392/27/990
f 1387/17/985 1397/17/995 1398/19/996
f 1393/10/991 1394/12/992 1384/12/982
f 1388/19/986 1398/19/996 1399/21/997
f 1384/12/982 1394/12/992 1395/14/993
f 1383/10/981 1384/12/982 847/12/841
f 906/19/891 1398/19/996 1397/17/995
f 855/19/849 1388/19/986 1389/21/987
f 1399/21/997 1398/19/996 906/19/891
f 1386/15/984 1387/17/985 853/17/847
f 861/25/855 1391/25/989 1392/27/990
f 1400/23/998 1399/21/997 907/21/892
f 1384/12/982 1385/14/983 849/14/843
f 1401/25/999 1400/23/998 908/23/893
f 857/21/851 1389/21/987 1390/23/988
f 902/12/887 1394/12/992 1393/10/991
f 1410/25/1008 1411/27/1009 1405/27/1003
f 1408/27/1006 1414/27/1012 1413/25/1011
f 1406/23/1004 1403/23/1001 1390/23/988
f 1403/23/1001 1404/25/1002 1391/25/989
f 1401/25/999 1407/25/1005 1406/23/1004
f 1392/27/990 1405/27/1003 1408/27/1006
f 1416/25/1014 1417/27/1015 1411/27/1009
f 1414/27/1012 1420/27/1018 1419/25/1017
f 1411/27/1009 1414/27/1012 1408/27/1006
f 1406/23/1004 1412/23/1010 1409/23/1007
f 1407/25/1005 1413/25/1011 1412/23/1010
f 1409/23/1007 1410/25/1008 1404/25/1002
f 1424/23/1022 1421/23/1019 1415/23/1013
f 1417/27/1015 1423/27/1021 1426/27/1024
f 1411/27/1009 1417/27/1015 1420/27/1018
f 1418/23/1016 1415/23/1013 1409/23/1007
f 1413/25/1011 1419/25/1017 1418/23/1016
f 1415/23/1013 1416/25/1014 1410/25/1008
f 1428/25/1026 1429/27/1027 1423/27/1021
f 1426/27/1024 1432/27/1030 1431/25/1029
f 1419/25/1017 1425/25/1023 1424/23/1022
f 1421/23/1019 1422/25/1020 1416/25/1014
f 1420/27/1018 1426/27/1024 1425/25/1023
f 1422/25/1020 1423/27/1021 1417/27/1015
f 1436/23/1034 1433/23/1031 1427/23/1025
f 1429/27/1027 1435/27/1033 1438/27/1036
f 1423/27/1021 1429/27/1027 1432/27/1030
f 1430/23/1028 1427/23/1025 1421/23/1019
f 1425/25/1023 1431/25/1029 1430/23/1028
f 1427/23/1025 1428/25/1026 1422/25/1020
f 1436/23/1034 1437/25/1035 1434/25/1032
f 1434/25/1032 1437/25/1035 1438/27/1036
f 1431/25/1029 1437/25/1035 1436/23/1034
f 1433/23/1031 1434/25/1032 1428/25/1026
f 1432/27/1030 1438/27/1036 1437/25/1035
f 1434/25/1032 1435/27/1033 1429/27/1027
f 1451/24/656 1481/24/688 1480/22/689
f 1086/18/279 1448/18/659 1447/59/660
f 1461/47/645 1460/45/1038 1098/45/266
f 1087/20/278 1449/20/658 1448/18/659
f 1462/49/644 1461/47/645 1099/47/265
f 1450/22/657 1449/20/658 1087/20/278
f 1101/51/263 1463/51/643 1462/49/644
f 1451/24/656 1450/22/657 1088/22/277
f 1464/53/642 1463/51/643 1101/51/263
f 1090/26/275 1452/26/655 1451/24/656
f 1077/2/288 1439/2/668 637/67/637
f 1103/55/261 1465/55/641 1464/53/642
f 1453/28/654 1452/26/655 1090/26/275
f 1078/4/287 1440/4/667 1439/2/668
f 1104/57/260 1466/57/640 1465/55/641
f 273/30/273 653/30/653 1453/28/654
f 1079/6/286 1441/6/666 1440/4/667
f 1467/60/639 1466/57/640 1104/57/260
f 1454/32/652 653/30/653 273/30/273
f 1442/8/665 1441/6/666 1079/6/286
f 1106/62/258 1468/62/638 1467/60/639
f 1455/34/651 1454/32/652 1092/32/272
f 1443/66/664 1442/8/665 1080/8/285
f 257/68/257 637/68/637 1468/62/638
f 1456/36/650 1455/34/651 1093/34/271
f 1082/11/283 1444/11/663 1443/66/664
f 1457/39/649 1456/36/650 1094/36/270
f 1445/13/662 1444/11/663 1082/11/283
f 1096/41/268 1458/41/648 1457/39/649
f 1084/16/281 1446/16/1037 1445/13/662
f 1459/43/647 1458/41/648 1096/41/268
f 1447/59/660 1446/16/1037 1084/16/281
f 685/30/685 812/30/812 1603/28/813
f 1464/53/642 1494/53/1043 1493/51/1042
f 1452/26/655 1482/26/687 1481/24/688
f 1469/2/700 669/67/669 637/67/637
f 1465/55/641 1495/55/1044 1494/53/1043
f 1453/28/654 1483/28/686 1482/26/687
f 1470/4/699 1469/2/700 1439/2/668
f 1466/57/640 1496/57/672 1495/55/1044
f 653/30/653 685/30/685 1483/28/686
f 1471/6/698 1470/4/699 1440/4/667
f 1467/60/639 1497/60/671 1496/57/672
f 1484/32/684 685/30/685 653/30/653
f 1472/8/1039 1471/6/698 1441/6/666
f 1468/62/638 1498/62/670 1497/60/671
f 1485/34/683 1484/32/684 1454/32/652
f 1473/66/1040 1472/8/1039 1442/8/665
f 637/68/637 669/68/669 1498/62/670
f 1486/36/682 1485/34/683 1455/34/651
f 1474/11/1041 1473/66/1040 1443/66/664
f 1487/39/681 1486/36/682 1456/36/650
f 1475/13/694 1474/11/1041 1444/11/663
f 1488/41/680 1487/39/681 1457/39/649
f 1476/16/693 1475/13/694 1445/13/662
f 1489/43/679 1488/41/680 1458/41/648
f 1447/59/660 1477/59/692 1476/16/693
f 1490/45/678 1489/43/679 1459/43/647
f 1448/18/659 1478/18/691 1477/59/692
f 1491/47/677 1490/45/678 1460/45/1038
f 1449/20/658 1479/20/690 1478/18/691
f 1462/49/644 1492/49/676 1491/47/677
f 1450/22/657 1480/22/689 1479/20/690
f 1463/51/643 1493/51/1042 1492/49/676
f 1516/36/714 1546/36/746 1545/34/747
f 1471/6/698 1501/6/730 1500/4/731
f 1527/60/703 1526/57/704 1496/57/672
f 1514/32/716 1610/32/818 1611/34/817
f 1472/8/1039 1502/8/1045 1501/6/730
f 1528/62/702 1527/60/703 1497/60/671
f 1483/28/686 1603/28/813 1602/26/814
f 1504/11/1047 1594/11/1065 1591/11/1062
f 701/68/701 1528/62/702 1498/62/670
f 717/30/717 819/30/819 1610/32/818
f 1503/66/1046 1593/66/1064 1594/11/1065
f 1487/39/681 1517/39/713 1516/36/714
f 1505/13/726 1504/11/1047 1474/11/1041
f 1488/41/680 1518/41/712 1517/39/713
f 1506/16/725 1505/13/726 1475/13/694
f 1489/43/679 1519/43/711 1518/41/712
f 1507/59/724 1506/16/725 1476/16/693
f 1490/45/678 1520/45/710 1519/43/711
f 1508/18/723 1507/59/724 1477/59/692
f 1491/47/677 1521/47/709 1520/45/710
f 1509/20/722 1508/18/723 1478/18/691
f 1492/49/676 1522/49/708 1521/47/709
f 1510/22/721 1509/20/722 1479/20/690
f 1493/51/1042 1523/51/1048 1522/49/708
f 1511/24/720 1510/22/721 1480/22/689
f 1524/53/1049 1523/51/1048 1493/51/1042
f 1482/26/687 1602/26/814 1601/24/815
f 1469/2/700 1499/2/732 701/67/701
f 1525/55/1050 1524/53/1049 1494/53/1043
f 1609/28/820 819/30/819 717/30/717
f 1470/4/699 1500/4/731 1499/2/732
f 1526/57/704 1525/55/1050 1495/55/1044
f 1549/43/743 1579/43/775 1578/41/776
f 1504/11/1047 1534/11/759 1533/66/760
f 1517/39/713 1547/39/745 1546/36/746
f 1505/13/726 1535/13/758 1534/11/759
f 1548/41/744 1547/39/745 1517/39/713
f 1506/16/725 1536/16/757 1535/13/758
f 1549/43/743 1548/41/744 1518/41/712
f 1507/59/724 1537/59/756 1536/16/757
f 1550/45/742 1549/43/743 1519/43/711
f 1508/18/723 1538/18/755 1537/59/756
f 1551/47/741 1550/45/742 1520/45/710
f 1509/20/722 1539/20/754 1538/18/755
f 1552/49/740 1551/47/741 1521/47/709
f 1510/22/721 1540/22/753 1539/20/754
f 1553/51/739 1552/49/740 1522/49/708
f 1541/24/752 1540/22/753 1510/22/721
f 1554/53/738 1553/51/739 1523/51/1048
f 1542/26/751 1541/24/752 1511/24/720
f 1499/2/732 1529/2/764 733/67/733
f 1555/55/737 1554/53/738 1524/53/1049
f 1543/28/750 1542/26/751 1512/26/719
f 1500/4/731 1530/4/763 1529/2/764
f 1556/57/736 1555/55/737 1525/55/1050
f 749/30/749 1543/28/750 1513/28/718
f 1501/6/730 1531/6/762 1530/4/763
f 1557/60/735 1556/57/736 1526/57/704
f 1514/32/716 1544/32/748 749/30/749
f 1502/8/1045 1532/8/1051 1531/6/762
f 1558/62/734 1557/60/735 1527/60/703
f 1515/34/715 1545/34/747 1544/32/748
f 1503/66/1046 1533/66/760 1532/8/1051
f 733/68/733 1558/62/734 1528/62/702
f 765/113/765 1559/85/796 1588/84/766
f 1559/85/796 1560/112/795 1587/83/767
f 1560/112/795 1561/78/794 1586/114/768
f 1561/78/794 1562/77/1052 1585/79/769
f 1562/77/1052 1563/117/792 1585/79/769
f 1563/117/792 1564/137/791 1584/115/770
f 1585/79/769 1563/117/792 1584/115/770
f 1564/137/791 1565/119/790 1583/116/771
f 1565/119/790 1566/121/789 1582/118/1059
f 1583/116/771 1565/119/790 1582/118/1059
f 1566/121/789 1567/123/788 1580/122/774
f 1567/123/788 1568/125/1053 1579/124/775
f 1568/125/1053 1569/128/786 1578/126/776
f 1569/128/786 1570/130/785 1577/127/777
f 1570/130/785 1571/132/1054 1576/129/1057
f 1571/132/1054 1572/134/1055 1575/131/1056
f 1572/134/1055 1573/136/782 1575/131/1056
f 1573/136/782 781/135/781 1574/133/780
f 1575/131/1056 1573/136/782 1574/133/780
f 1575/131/1056 1576/129/1057 1571/132/1054
f 1576/129/1057 1577/127/777 1570/130/785
f 1577/127/777 1578/126/776 1569/128/786
f 1578/126/776 1579/124/775 1568/125/1053
f 1579/124/775 1580/122/774 1567/123/788
f 1580/122/774 1581/120/1058 1566/121/789
f 1581/120/1058 1582/118/1059 1566/121/789
f 1583/116/771 1584/115/770 1564/137/791
f 1585/79/769 1586/114/768 1561/78/794
f 1586/114/768 1587/83/767 1560/112/795
f 1567/59/788 1566/16/789 1536/16/757
f 1550/45/742 1580/45/774 1579/43/775
f 1568/18/1053 1567/59/788 1537/59/756
f 1551/47/741 1581/47/1058 1580/45/774
f 1569/20/786 1568/18/1053 1538/18/755
f 1582/49/1059 1581/47/1058 1551/47/741
f 1570/22/785 1569/20/786 1539/20/754
f 1583/51/771 1582/49/1059 1552/49/740
f 1571/24/1054 1570/22/785 1540/22/753
f 1584/53/770 1583/51/771 1553/51/739
f 1572/26/1055 1571/24/1054 1541/24/752
f 1529/2/764 1559/2/796 765/67/765
f 1585/55/769 1584/53/770 1554/53/738
f 1573/28/782 1572/26/1055 1542/26/751
f 1530/4/763 1560/4/795 1559/2/796
f 1586/57/768 1585/55/769 1555/55/737
f 781/30/781 1573/28/782 1543/28/750
f 1531/6/762 1561/6/794 1560/4/795
f 1587/60/767 1586/57/768 1556/57/736
f 1544/32/748 1574/32/780 781/30/781
f 1532/8/1051 1562/8/1052 1561/6/794
f 1588/62/766 1587/60/767 1557/60/735
f 1545/34/747 1575/34/1056 1574/32/780
f 1533/66/760 1563/66/792 1562/8/1052
f 765/68/765 1588/62/766 1558/62/734
f 1546/36/746 1576/36/1057 1575/34/1056
f 1534/11/759 1564/11/791 1563/66/792
f 1547/39/745 1577/39/777 1576/36/1057
f 1535/13/758 1565/13/790 1564/11/791
f 1548/41/744 1578/41/776 1577/39/777
f 1536/16/757 1566/16/789 1565/13/790
f 1597/11/1068 1596/66/1067 1590/66/1061
f 1593/66/1064 1599/66/1070 1600/11/1071
f 1589/8/1060 1592/8/1063 1502/8/1045
f 1590/66/1061 1589/8/1060 1472/8/1039
f 1502/8/1045 1592/8/1063 1593/66/1064
f 1591/11/1062 1590/66/1061 1473/66/1040
f 1596/66/1067 1599/66/1070 1598/8/1069
f 1597/11/1068 1600/11/1071 1599/66/1070
f 1594/11/1065 1600/11/1071 1597/11/1068
f 1595/8/1066 1598/8/1069 1592/8/1063
f 1598/8/1069 1599/66/1070 1593/66/1064
f 1590/66/1061 1596/66/1067 1595/8/1066
f 1624/36/830 1618/36/823 1606/36/809
f 1603/28/813 1615/28/827 1614/26/828
f 1621/28/834 833/30/833 819/30/819
f 1602/26/814 1614/26/828 1613/24/829
f 1620/26/835 1621/28/834 1609/28/820
f 1619/24/836 1620/26/835 1608/26/821
f 1515/34/715 1611/34/817 1612/36/816
f 1604/32/811 812/30/812 685/30/685
f 1605/34/810 1604/32/811 1484/32/684
f 1607/24/1072 1608/26/821 1512/26/719
f 1606/36/809 1605/34/810 1485/34/683
f 1608/26/821 1609/28/820 1513/28/718
f 1612/36/816 1606/36/809 1486/36/682
f 1481/24/688 1601/24/815 1607/24/1072
f 833/30/833 1621/28/834 1615/28/827
f 1616/32/825 1622/32/832 833/30/833
f 1617/34/1073 1623/34/831 1622/32/832
f 1618/36/823 1624/36/830 1623/34/831
f 1620/26/835 1619/24/836 1613/24/829
f 1621/28/834 1620/26/835 1614/26/828
f 819/30/819 833/30/833 1622/32/832
f 812/30/812 826/30/826 1615/28/827
f 1601/24/815 1613/24/829 1619/24/836
f 1610/32/818 1622/32/832 1623/34/831
f 1616/32/825 826/30/826 812/30/812
f 1611/34/817 1623/34/831 1624/36/830
f 1617/34/1073 1616/32/825 1604/32/811
f 1618/36/823 1617/34/1073 1605/34/810
f 1/1/1 1625/3/63 1626/2/64
f 1625/3/63 1627/5/61 1628/4/62
f 1627/5/61 1629/7/59 1630/6/60
f 1629/7/59 1631/9/837 1632/8/838
f 1633/10/839 1634/66/840 1632/8/838
f 1633/10/839 1635/12/841 1636/11/842
f 1635/12/841 1637/14/843 1638/13/844
f 1639/15/845 1640/16/846 1638/13/844
f 1641/17/847 1642/59/848 1640/16/846
f 1641/17/847 1643/19/849 1644/18/850
f 1643/19/849 1645/21/851 1646/20/852
f 1645/21/851 1647/23/853 1648/22/854
f 1647/23/853 1649/25/855 1650/24/856
f 1649/25/855 1651/27/857 1652/26/858
f 1651/27/857 1653/29/859 1654/28/860
f 1653/29/859 33/31/33 34/30/34
f 33/31/33 1655/33/861 1656/32/862
f 1655/33/861 1657/35/863 1658/34/864
f 1657/35/863 1659/37/865 1660/36/866
f 1661/38/867 1662/39/868 1660/36/866
f 1663/40/869 1664/41/870 1662/39/868
f 1665/42/871 1666/43/872 1664/41/870
f 1667/44/873 1668/45/874 1666/43/872
f 1669/46/875 1670/47/876 1668/45/874
f 1671/48/877 1672/49/878 1670/47/876
f 1673/50/879 1674/51/880 1672/49/878
f 1675/52/881 1676/53/882 1674/51/880
f 1677/54/883 1678/55/884 1676/53/882
f 1679/56/7 1680/57/8 1678/55/884
f 1681/58/5 1682/60/6 1680/57/8
f 1904/59/925 1753/59/1082 1752/16/1081
f 1683/61/3 1684/62/4 1682/60/6
f 1/63/1 2/68/2 1684/62/4
f 2188/27/990 2198/27/1000 1698/27/895
f 1737/46/105 1738/48/104 1708/48/905
f 1703/38/900 1704/40/901 1663/40/869
f 1679/56/7 1712/56/68 1713/58/67
f 1693/17/890 2193/17/995 2192/15/994
f 81/31/81 1700/33/897 1655/33/861
f 1708/48/905 1709/50/906 1673/50/879
f 1687/7/94 1688/9/885 1631/9/837
f 1647/23/853 2186/23/988 2187/25/989
f 1704/40/901 1705/42/902 1665/42/871
f 1681/58/5 1713/58/67 1714/61/66
f 1689/10/886 2189/10/991 2179/10/981
f 1700/33/897 1701/35/898 1657/35/863
f 1673/50/879 1709/50/906 1710/52/907
f 1631/9/837 1688/9/885 1689/10/886
f 2181/14/983 2182/15/984 1639/15/845
f 1705/42/902 1706/44/903 1667/44/873
f 65/1/65 1685/3/96 1625/3/63
f 1683/61/3 1714/61/66 65/63/65
f 1692/15/889 2192/15/994 2191/14/993
f 1701/35/898 1702/37/899 1659/37/865
f 1675/52/881 1710/52/907 1711/54/908
f 1691/14/888 2191/14/993 2190/12/992
f 1651/27/857 1698/27/895 1699/29/896
f 1706/44/903 1707/46/904 1669/46/875
f 1685/3/96 1686/5/95 1627/5/61
f 2183/17/985 2184/19/986 1643/19/849
f 1702/37/899 1703/38/900 1661/38/867
f 1677/54/883 1711/54/908 1712/56/68
f 2198/27/1000 2197/25/999 1697/25/894
f 1653/29/859 1699/29/896 81/31/81
f 1707/46/904 1708/48/905 1671/48/877
f 1686/5/95 1687/7/94 1629/7/59
f 1723/17/120 1977/17/380 1978/19/379
f 1695/21/892 1725/21/118 1726/23/117
f 1738/48/104 1739/50/103 1709/50/906
f 1696/23/893 1726/23/117 1727/25/909
f 1739/50/103 1740/52/102 1710/52/907
f 1697/25/894 1727/25/909 1728/27/115
f 65/1/65 97/1/97 1715/3/128
f 1740/52/102 1741/54/101 1711/54/908
f 1698/27/895 1728/27/115 1729/29/114
f 1685/3/96 1715/3/128 1716/5/127
f 1741/54/101 1742/56/100 1712/56/68
f 1699/29/896 1729/29/114 113/31/113
f 1686/5/95 1716/5/127 1717/7/126
f 1742/56/100 1743/58/99 1713/58/67
f 113/31/113 1730/33/112 1700/33/897
f 1687/7/94 1717/7/126 1718/9/125
f 1743/58/99 1744/61/98 1714/61/66
f 1730/33/112 1731/35/111 1701/35/898
f 1688/9/885 1718/9/125 1719/10/124
f 1744/61/98 97/63/97 65/63/65
f 1731/35/111 1732/37/110 1702/37/899
f 1689/10/886 1719/10/124 1720/12/123
f 1732/37/110 1733/38/109 1703/38/900
f 1690/12/887 1720/12/123 1721/14/122
f 1733/38/109 1734/40/108 1704/40/901
f 1691/14/888 1721/14/122 1722/15/121
f 1734/40/108 1735/42/107 1705/42/902
f 1692/15/889 1722/15/121 1723/17/120
f 1735/42/107 1736/44/106 1706/44/903
f 1693/17/890 1723/17/120 1724/19/119
f 1736/44/106 1737/46/105 1707/46/904
f 1694/19/891 1724/19/119 1725/21/118
f 1773/60/1102 1805/60/1134 1804/57/1133
f 1761/34/1090 1760/32/1089 1905/64/308
f 1770/53/1099 1769/51/1098 1907/51/307
f 1910/66/294 1749/66/1078 1748/8/1077
f 1935/20/939 1936/22/940 1756/22/1085
f 1766/45/1095 1765/43/1094 1913/43/929
f 1915/2/303 1745/2/1074 129/67/129
f 129/68/129 1774/62/1103 1916/62/302
f 1924/20/933 1943/20/947 1942/18/946
f 1762/36/1091 1761/34/1090 1906/65/926
f 1771/55/1100 1770/53/1099 1908/53/296
f 1920/11/293 1750/11/1079 1749/66/1078
f 1921/28/291 1759/28/1088 1758/26/1087
f 1767/47/1096 1766/45/1095 1914/45/930
f 1923/4/320 1746/4/1075 1745/2/1074
f 1930/22/935 1944/22/948 1943/20/947
f 1763/39/1092 1762/36/1091 1918/36/932
f 1772/57/1101 1771/55/1100 1919/55/295
f 1927/70/316 1751/13/1080 1750/11/1079
f 315/30/315 145/30/145 1759/28/1088
f 1768/49/1097 1767/47/1096 1922/47/289
f 1929/6/313 1747/6/1076 1746/4/1075
f 1911/72/927 1940/72/944 1944/22/948
f 1764/41/1093 1763/39/1092 1925/39/934
f 1773/60/1102 1772/57/1101 1926/69/317
f 1903/16/309 1752/16/1081 1751/13/1080
f 1760/32/1089 145/30/145 315/30/315
f 1769/51/1098 1768/49/1097 1928/71/314
f 1909/73/306 1748/8/1077 1747/6/1076
f 1934/18/938 1935/20/939 1755/20/1084
f 1765/43/1094 1764/41/1093 1931/41/936
f 1774/62/1103 1773/60/1102 1932/60/310
f 1792/32/1121 1824/32/1153 1823/30/1152
f 1792/32/1121 1791/30/1120 145/30/145
f 1779/8/1108 1778/6/1107 1747/6/1076
f 1774/62/1103 1806/62/1135 1805/60/1134
f 1793/34/1122 1792/32/1121 1760/32/1089
f 1780/66/1109 1779/8/1108 1748/8/1077
f 129/68/129 1775/68/1104 1806/62/1135
f 1762/36/1091 1794/36/1123 1793/34/1122
f 1781/11/1110 1780/66/1109 1749/66/1078
f 1763/39/1092 1795/39/1124 1794/36/1123
f 1782/13/1111 1781/11/1110 1750/11/1079
f 1764/41/1093 1796/41/1125 1795/39/1124
f 1783/16/1112 1782/13/1111 1751/13/1080
f 1765/43/1094 1797/43/1126 1796/41/1125
f 1784/59/1113 1783/16/1112 1752/16/1081
f 1766/45/1095 1798/45/1127 1797/43/1126
f 1785/18/1114 1784/59/1113 1753/59/1082
f 1767/47/1096 1799/47/1128 1798/45/1127
f 1786/20/1115 1785/18/1114 1754/18/1083
f 1768/49/1097 1800/49/1129 1799/47/1128
f 1787/22/1116 1786/20/1115 1755/20/1084
f 1769/51/1098 1801/51/1130 1800/49/1129
f 1788/24/1117 1787/22/1116 1756/22/1085
f 1770/53/1099 1802/53/1131 1801/51/1130
f 1789/26/1118 1788/24/1117 1757/24/1086
f 1745/2/1074 1776/2/1105 1775/67/1104
f 1771/55/1100 1803/55/1132 1802/53/1131
f 1790/28/1119 1789/26/1118 1758/26/1087
f 1777/4/1106 1776/2/1105 1745/2/1074
f 1772/57/1101 1804/57/1133 1803/55/1132
f 1791/30/1120 1790/28/1119 1759/28/1088
f 1778/6/1107 1777/4/1106 1746/4/1075
f 1827/39/1156 1859/39/1188 1858/36/1187
f 1811/8/1140 1810/6/1139 1778/6/1107
f 1806/62/1135 1838/62/1167 1837/60/1166
f 1793/34/1122 1825/34/1154 1824/32/1153
f 1812/66/1141 1811/8/1140 1779/8/1108
f 1775/68/1104 1807/68/1136 1838/62/1167
f 1794/36/1123 1826/36/1155 1825/34/1154
f 1813/11/1142 1812/66/1141 1780/66/1109
f 1795/39/1124 1827/39/1156 1826/36/1155
f 1814/13/1143 1813/11/1142 1781/11/1110
f 1796/41/1125 1828/41/1157 1827/39/1156
f 1815/16/1144 1814/13/1143 1782/13/1111
f 1797/43/1126 1829/43/1158 1828/41/1157
f 1816/59/1145 1815/16/1144 1783/16/1112
f 1798/45/1127 1830/45/1159 1829/43/1158
f 1817/18/1146 1816/59/1145 1784/59/1113
f 1799/47/1128 1831/47/1160 1830/45/1159
f 1818/20/1147 1817/18/1146 1785/18/1114
f 1800/49/1129 1832/49/1161 1831/47/1160
f 1819/22/1148 1818/20/1147 1786/20/1115
f 1801/51/1130 1833/51/1162 1832/49/1161
f 1820/24/1149 1819/22/1148 1787/22/1116
f 1802/53/1131 1834/53/1163 1833/51/1162
f 1821/26/1150 1820/24/1149 1788/24/1117
f 1808/2/1137 1807/67/1136 1775/67/1104
f 1803/55/1132 1835/55/1164 1834/53/1163
f 1822/28/1151 1821/26/1150 1789/26/1118
f 1809/4/1138 1808/2/1137 1776/2/1105
f 1804/57/1133 1836/57/1165 1835/55/1164
f 1823/30/1152 1822/28/1151 1790/28/1119
f 1810/6/1139 1809/4/1138 1777/4/1106
f 1805/60/1134 1837/60/1166 1836/57/1165
f 1862/45/1191 1894/45/1223 1893/43/1222
f 1846/13/1175 1845/11/1174 1813/11/1142
f 1828/41/1157 1860/41/1189 1859/39/1188
f 1847/16/1176 1846/13/1175 1814/13/1143
f 1829/43/1158 1861/43/1190 1860/41/1189
f 1848/59/1177 1847/16/1176 1815/16/1144
f 1830/45/1159 1862/45/1191 1861/43/1190
f 1849/18/1178 1848/59/1177 1816/59/1145
f 1831/47/1160 1863/47/1192 1862/45/1191
f 1850/20/1179 1849/18/1178 1817/18/1146
f 1832/49/1161 1864/49/1193 1863/47/1192
f 1851/22/1180 1850/20/1179 1818/20/1147
f 1833/51/1162 1865/51/1194 1864/49/1193
f 1852/24/1181 1851/22/1180 1819/22/1148
f 1834/53/1163 1866/53/1195 1865/51/1194
f 1853/26/1182 1852/24/1181 1820/24/1149
f 1840/2/1169 1839/67/1168 1807/67/1136
f 1835/55/1164 1867/55/1196 1866/53/1195
f 1854/28/1183 1853/26/1182 1821/26/1150
f 1841/4/1170 1840/2/1169 1808/2/1137
f 1836/57/1165 1868/57/1197 1867/55/1196
f 1855/30/1184 1854/28/1183 1822/28/1151
f 1842/6/1171 1841/4/1170 1809/4/1138
f 1837/60/1166 1869/60/1198 1868/57/1197
f 1824/32/1153 1856/32/1185 1855/30/1184
f 1843/8/1172 1842/6/1171 1810/6/1139
f 1838/62/1167 1870/62/1199 1869/60/1198
f 1825/34/1154 1857/34/1186 1856/32/1185
f 1844/66/1173 1843/8/1172 1811/8/1140
f 1807/68/1136 1839/68/1168 1870/62/1199
f 1826/36/1155 1858/36/1187 1857/34/1186
f 1845/11/1174 1844/66/1173 1812/66/1141
f 1894/45/1223 2258/45/1255 2257/43/1254
f 1881/18/1210 1880/59/1209 1848/59/1177
f 1863/47/1192 1895/47/1224 1894/45/1223
f 1882/20/1211 1881/18/1210 1849/18/1178
f 1896/49/1225 1895/47/1224 1863/47/1192
f 1883/22/1212 1882/20/1211 1850/20/1179
f 1897/51/1226 1896/49/1225 1864/49/1193
f 1884/24/1213 1883/22/1212 1851/22/1180
f 1898/53/1227 1897/51/1226 1865/51/1194
f 1885/26/1214 1884/24/1213 1852/24/1181
f 1840/2/1169 1872/2/1201 1871/67/1200
f 1899/55/1228 1898/53/1227 1866/53/1195
f 1886/28/1215 1885/26/1214 1853/26/1182
f 1841/4/1170 1873/4/1202 1872/2/1201
f 1900/57/1229 1899/55/1228 1867/55/1196
f 1887/30/1216 1886/28/1215 1854/28/1183
f 1842/6/1171 1874/6/1203 1873/4/1202
f 1901/60/1230 1900/57/1229 1868/57/1197
f 1856/32/1185 1888/32/1217 1887/30/1216
f 1843/8/1172 1875/8/1204 1874/6/1203
f 1902/62/1231 1901/60/1230 1869/60/1198
f 1857/34/1186 1889/34/1218 1888/32/1217
f 1844/66/1173 1876/66/1205 1875/8/1204
f 1871/68/1200 1902/62/1231 1870/62/1199
f 1858/36/1187 1890/36/1219 1889/34/1218
f 1845/11/1174 1877/11/1206 1876/66/1205
f 1859/39/1188 1891/39/1220 1890/36/1219
f 1846/13/1175 1878/13/1207 1877/11/1206
f 1860/41/1189 1892/41/1221 1891/39/1220
f 1847/16/1176 1879/16/1208 1878/13/1207
f 1861/43/1190 1893/43/1222 1892/41/1221
f 1880/59/1209 1879/16/1208 1847/16/1176
f 1684/62/4 1916/62/302 1932/60/310
f 1913/43/929 1931/41/936 1664/41/870
f 1650/24/856 1911/72/927 1930/22/935
f 1632/8/838 1909/73/306 1929/6/313
f 1907/51/307 1928/71/314 1672/49/878
f 1905/64/308 315/30/315 34/30/34
f 1640/16/846 1903/16/309 1927/70/316
f 1932/60/310 1926/69/317 1680/57/8
f 1931/41/936 1925/39/934 1662/39/868
f 1648/22/854 1930/22/935 1924/20/933
f 1630/6/60 1929/6/313 1923/4/320
f 1928/71/314 1922/47/289 1670/47/876
f 34/30/34 315/30/315 1921/28/291
f 1638/13/844 1927/70/316 1920/11/293
f 1926/69/317 1919/55/295 1678/55/884
f 1925/39/934 1918/36/932 1660/36/866
f 1646/20/852 1924/20/933 1917/18/931
f 1923/4/320 1915/2/303 1626/2/64
f 1922/47/289 1914/45/930 1668/45/874
f 1654/28/860 1921/28/291 1912/26/928
f 1636/11/842 1920/11/293 1910/66/294
f 1919/55/295 1908/53/296 1676/53/882
f 1918/36/932 1906/65/926 1658/34/864
f 1644/18/850 1917/18/931 1904/59/925
f 2/68/2 301/68/301 1916/62/302
f 1915/2/303 301/67/301 2/67/2
f 1914/45/930 1913/43/929 1666/43/872
f 1652/26/858 1912/26/928 1911/72/927
f 1634/66/840 1910/66/294 1909/73/306
f 1908/53/296 1907/51/307 1674/51/880
f 1906/65/926 1905/64/308 1656/32/862
f 1642/59/848 1904/59/925 1903/16/309
f 1941/26/945 1949/26/953 1948/72/952
f 1942/18/946 1934/18/938 1933/59/937
f 1943/20/947 1935/20/939 1934/18/938
f 1944/22/948 1936/22/940 1935/20/939
f 1944/22/948 1950/22/954 1945/22/949
f 1917/18/931 1942/18/946 1939/59/943
f 1904/59/925 1939/59/943 1933/59/937
f 1941/26/945 1940/72/944 1911/72/927
f 1756/22/1085 1936/22/940 1937/24/941
f 1933/59/937 1934/18/938 1754/18/1083
f 1758/26/1087 1938/26/942 1941/26/945
f 1757/24/1086 1937/24/941 1938/26/942
f 1956/22/960 1951/22/955 1945/22/949
f 1955/26/959 1954/72/958 1948/72/952
f 1946/24/950 1947/26/951 1938/26/942
f 1940/72/944 1948/72/952 1950/22/954
f 1947/26/951 1949/26/953 1941/26/945
f 1945/22/949 1946/24/950 1937/24/941
f 1953/26/957 1959/26/963 1961/26/965
f 1954/72/958 1960/72/964 1962/22/966
f 1951/22/955 1952/24/956 1946/24/950
f 1948/72/952 1954/72/958 1956/22/960
f 1947/26/951 1953/26/957 1955/26/959
f 1952/24/956 1953/26/957 1947/26/951
f 1968/22/972 1963/22/967 1957/22/961
f 1967/26/971 1966/72/970 1960/72/964
f 1958/24/962 1959/26/963 1953/26/957
f 1961/26/965 1960/72/964 1954/72/958
f 1962/22/966 1957/22/961 1951/22/955
f 1957/22/961 1958/24/962 1952/24/956
f 1967/26/971 1965/26/969 1964/24/968
f 1966/72/970 1964/24/968 1963/22/967
f 1963/22/967 1964/24/968 1958/24/962
f 1960/72/964 1966/72/970 1968/22/972
f 1959/26/963 1965/26/969 1967/26/971
f 1964/24/968 1965/26/969 1959/26/963
f 1982/27/375 2012/27/407 2013/29/406
f 1990/44/366 1991/46/365 1737/46/105
f 1724/19/119 1978/19/379 1979/21/378
f 1991/46/365 1992/48/364 1738/48/104
f 1725/21/118 1979/21/378 1980/23/377
f 1992/48/364 1993/50/363 1739/50/103
f 1726/23/117 1980/23/377 1981/25/376
f 1739/50/103 1993/50/363 1994/52/362
f 1727/25/909 1981/25/376 1982/27/375
f 357/1/357 1969/3/388 1715/3/128
f 1740/52/102 1994/52/362 1995/54/361
f 1728/27/115 1982/27/375 1983/29/374
f 1969/3/388 1970/5/387 1716/5/127
f 1741/54/101 1995/54/361 1996/56/360
f 1729/29/114 1983/29/374 373/31/373
f 1970/5/387 1971/7/386 1717/7/126
f 1742/56/100 1996/56/360 1997/58/359
f 373/31/373 1984/33/372 1730/33/112
f 1971/7/386 1972/9/385 1718/9/125
f 1743/58/99 1997/58/359 1998/61/358
f 1984/33/372 1985/35/371 1731/35/111
f 1972/9/385 1973/10/384 1719/10/124
f 1744/61/98 1998/61/358 357/63/357
f 1985/35/371 1986/37/370 1732/37/110
f 1973/10/384 1974/12/383 1720/12/123
f 1986/37/370 1987/38/369 1733/38/109
f 1720/12/123 1974/12/383 1975/14/382
f 1987/38/369 1988/40/368 1734/40/108
f 1721/14/122 1975/14/382 1976/15/381
f 1988/40/368 1989/42/367 1735/42/107
f 1722/15/121 1976/15/381 1977/17/380
f 1989/42/367 1990/44/366 1736/44/106
f 2028/61/390 2058/61/422 421/63/421
f 1969/3/388 1999/3/420 2000/5/419
f 2025/54/393 2026/56/392 1996/56/360
f 1983/29/374 2013/29/406 405/31/405
f 1970/5/387 2000/5/419 2001/7/418
f 2026/56/392 2027/58/391 1997/58/359
f 405/31/405 2014/33/404 1984/33/372
f 1971/7/386 2001/7/418 2002/9/417
f 2027/58/391 2028/61/390 1998/61/358
f 2014/33/404 2015/35/403 1985/35/371
f 1972/9/385 2002/9/417 2003/10/416
f 2028/61/390 389/63/389 357/63/357
f 2015/35/403 2016/37/973 1986/37/370
f 1973/10/384 2003/10/416 2004/12/415
f 2016/37/973 2017/38/401 1987/38/369
f 1974/12/383 2004/12/415 2005/14/414
f 2017/38/401 2018/40/400 1988/40/368
f 1975/14/382 2005/14/414 2006/15/413
f 2018/40/400 2019/42/399 1989/42/367
f 1976/15/381 2006/15/413 2007/17/412
f 2019/42/399 2020/44/398 1990/44/366
f 1977/17/380 2007/17/412 2008/19/411
f 2020/44/398 2021/46/397 1991/46/365
f 1978/19/379 2008/19/411 2009/21/410
f 2021/46/397 2022/48/396 1992/48/364
f 1979/21/378 2009/21/410 2010/23/409
f 2022/48/396 2023/50/395 1993/50/363
f 1980/23/377 2010/23/409 2011/25/408
f 2023/50/395 2024/52/394 1994/52/362
f 1981/25/376 2011/25/408 2012/27/407
f 357/1/357 389/1/389 1999/3/420
f 2024/52/394 2025/54/393 1995/54/361
f 2048/40/432 2078/40/464 2079/42/974
f 2045/35/435 2046/37/434 2016/37/973
f 2033/10/448 2034/12/447 2004/12/415
f 2046/37/434 2047/38/433 2017/38/401
f 2004/12/415 2034/12/447 2035/14/446
f 2047/38/433 2048/40/432 2018/40/400
f 2005/14/414 2035/14/446 2036/15/445
f 2048/40/432 2049/42/431 2019/42/399
f 2006/15/413 2036/15/445 2037/17/444
f 2049/42/431 2050/44/430 2020/44/398
f 2007/17/412 2037/17/444 2038/19/443
f 2050/44/430 2051/46/429 2021/46/397
f 2008/19/411 2038/19/443 2039/21/442
f 2051/46/429 2052/48/428 2022/48/396
f 2009/21/410 2039/21/442 2040/23/441
f 2052/48/428 2053/50/427 2023/50/395
f 2010/23/409 2040/23/441 2041/25/440
f 2023/50/395 2053/50/427 2054/52/426
f 2011/25/408 2041/25/440 2042/27/439
f 421/1/421 2029/3/452 1999/3/420
f 2024/52/394 2054/52/426 2055/54/425
f 2012/27/407 2042/27/439 2043/29/438
f 2029/3/452 2030/5/451 2000/5/419
f 2025/54/393 2055/54/425 2056/56/424
f 2013/29/406 2043/29/438 437/31/437
f 2030/5/451 2031/7/450 2001/7/418
f 2026/56/392 2056/56/424 2057/58/423
f 437/31/437 2044/33/436 2014/33/404
f 2031/7/450 2032/9/449 2002/9/417
f 2027/58/391 2057/58/423 2058/61/422
f 2044/33/436 2045/35/435 2015/35/403
f 2032/9/449 2033/10/448 2003/10/416
f 2081/46/461 2111/46/493 2112/48/492
f 2036/15/445 2066/15/477 2067/17/476
f 2049/42/431 2079/42/974 2080/44/462
f 2067/17/476 2068/19/475 2038/19/443
f 2080/44/462 2081/46/461 2051/46/429
f 2068/19/475 2069/21/474 2039/21/442
f 2051/46/429 2081/46/461 2082/48/460
f 2069/21/474 2070/23/473 2040/23/441
f 2052/48/428 2082/48/460 2083/50/459
f 2040/23/441 2070/23/473 2071/25/472
f 2083/50/459 2084/52/458 2054/52/426
f 2041/25/440 2071/25/472 2072/27/471
f 453/1/453 2059/3/484 2029/3/452
f 2084/52/458 2085/54/457 2055/54/425
f 2072/27/471 2073/29/470 2043/29/438
f 2029/3/452 2059/3/484 2060/5/483
f 2085/54/457 2086/56/456 2056/56/424
f 2043/29/438 2073/29/470 469/31/469
f 2030/5/451 2060/5/483 2061/7/482
f 2086/56/456 2087/58/455 2057/58/423
f 469/31/469 2074/33/468 2044/33/436
f 2031/7/450 2061/7/482 2062/9/481
f 2057/58/423 2087/58/455 2088/61/454
f 2074/33/468 2075/35/467 2045/35/435
f 2062/9/481 2063/10/480 2033/10/448
f 2058/61/422 2088/61/454 453/63/453
f 2075/35/467 2076/37/466 2046/37/434
f 2033/10/448 2063/10/480 2064/12/479
f 2076/37/466 2077/38/465 2047/38/433
f 2064/12/479 2065/14/478 2035/14/446
f 2077/38/465 2078/40/464 2048/40/432
f 2065/14/478 2066/15/477 2036/15/445
f 485/1/485 517/1/517 2119/3/548
f 2099/21/506 2100/23/505 2070/23/473
f 2082/48/460 2112/48/492 2113/50/491
f 2100/23/505 2101/25/504 2071/25/472
f 2113/50/491 2114/52/490 2084/52/458
f 2101/25/504 2102/27/503 2072/27/471
f 453/1/453 485/1/485 2089/3/516
f 2114/52/490 2115/54/489 2085/54/457
f 2102/27/503 2103/29/502 2073/29/470
f 2059/3/484 2089/3/516 2090/5/515
f 2115/54/489 2116/56/488 2086/56/456
f 2103/29/502 501/31/501 469/31/469
f 2060/5/483 2090/5/515 2091/7/514
f 2116/56/488 2117/58/487 2087/58/455
f 469/31/469 501/31/501 2104/33/500
f 2061/7/482 2091/7/514 2092/9/513
f 2117/58/487 2118/61/486 2088/61/454
f 2074/33/468 2104/33/500 2105/35/499
f 2062/9/481 2092/9/513 2093/10/512
f 2118/61/486 485/63/485 453/63/453
f 2075/35/467 2105/35/499 2106/37/498
f 2063/10/480 2093/10/512 2094/12/511
f 2076/37/466 2106/37/498 2107/38/497
f 2094/12/511 2095/14/510 2065/14/478
f 2077/38/465 2107/38/497 2108/40/496
f 2095/14/510 2096/15/509 2066/15/477
f 2078/40/464 2108/40/496 2109/42/495
f 2096/15/509 2097/17/508 2067/17/476
f 2079/42/974 2109/42/495 2110/44/494
f 2097/17/508 2098/19/507 2068/19/475
f 2080/44/462 2110/44/494 2111/46/493
f 2098/19/507 2099/21/506 2069/21/474
f 2121/7/546 2151/7/578 2152/9/577
f 2144/52/522 2145/54/521 2115/54/489
f 2102/27/503 2132/27/535 2133/29/534
f 2089/3/516 2119/3/548 2120/5/547
f 2145/54/521 2146/56/520 2116/56/488
f 2103/29/502 2133/29/534 533/31/533
f 2090/5/515 2120/5/547 2121/7/546
f 2146/56/520 2147/58/975 2117/58/487
f 533/31/533 2134/33/532 2104/33/500
f 2091/7/514 2121/7/546 2122/9/545
f 2147/58/975 2148/61/518 2118/61/486
f 2134/33/532 2135/35/531 2105/35/499
f 2092/9/513 2122/9/545 2123/10/544
f 2148/61/518 517/63/517 485/63/485
f 2135/35/531 2136/37/530 2106/37/498
f 2093/10/512 2123/10/544 2124/12/543
f 2136/37/530 2137/38/529 2107/38/497
f 2094/12/511 2124/12/543 2125/14/542
f 2137/38/529 2138/40/528 2108/40/496
f 2095/14/510 2125/14/542 2126/15/541
f 2138/40/528 2139/42/527 2109/42/495
f 2096/15/509 2126/15/541 2127/17/540
f 2139/42/527 2140/44/526 2110/44/494
f 2097/17/508 2127/17/540 2128/19/539
f 2140/44/526 2141/46/525 2111/46/493
f 2098/19/507 2128/19/539 2129/21/538
f 2141/46/525 2142/48/524 2112/48/492
f 2099/21/506 2129/21/538 2130/23/537
f 2142/48/524 2143/50/523 2113/50/491
f 2100/23/505 2130/23/537 2131/25/536
f 2143/50/523 2144/52/522 2114/52/490
f 2101/25/504 2131/25/536 2132/27/535
f 2149/89/580 549/87/549 565/88/565
f 549/87/549 2178/86/550 2164/101/564
f 2178/86/550 2177/75/980 2164/101/564
f 2177/75/980 2176/74/979 2165/102/563
f 2164/101/564 2177/75/980 2165/102/563
f 2176/74/979 2175/104/553 2167/103/561
f 2175/104/553 2174/106/978 2168/105/560
f 2174/106/978 2173/109/555 2168/105/560
f 2173/109/555 2172/111/556 2169/107/977
f 2168/105/560 2173/109/555 2169/107/977
f 2172/111/556 2171/110/557 2170/108/558
f 2170/108/558 2169/107/977 2172/111/556
f 2168/105/560 2167/103/561 2175/104/553
f 2167/103/561 2166/76/562 2176/74/979
f 2166/76/562 2165/102/563 2176/74/979
f 2164/101/564 565/88/565 549/87/549
f 565/88/565 2163/90/566 2149/89/580
f 2163/90/566 2162/91/567 2149/89/580
f 2162/91/567 2161/82/568 2150/81/579
f 2149/89/580 2162/91/567 2150/81/579
f 2161/82/568 2160/93/976 2152/92/577
f 2160/93/976 2159/95/570 2153/94/576
f 2159/95/570 2158/98/571 2153/94/576
f 2158/98/571 2157/100/572 2154/96/575
f 2153/94/576 2158/98/571 2154/96/575
f 2157/100/572 2156/99/573 2155/97/574
f 2155/97/574 2154/96/575 2157/100/572
f 2153/94/576 2152/92/577 2160/93/976
f 2152/92/577 2151/80/578 2161/82/568
f 2177/58/980 2178/61/550 2148/61/518
f 2164/33/564 2165/35/563 2135/35/531
f 2122/9/545 2152/9/577 2153/10/576
f 2178/61/550 549/63/549 517/63/517
f 2165/35/563 2166/37/562 2136/37/530
f 2123/10/544 2153/10/576 2154/12/575
f 2166/37/562 2167/38/561 2137/38/529
f 2124/12/543 2154/12/575 2155/14/574
f 2167/38/561 2168/40/560 2138/40/528
f 2125/14/542 2155/14/574 2156/15/573
f 2168/40/560 2169/42/977 2139/42/527
f 2126/15/541 2156/15/573 2157/17/572
f 2169/42/977 2170/44/558 2140/44/526
f 2127/17/540 2157/17/572 2158/19/571
f 2170/44/558 2171/46/557 2141/46/525
f 2128/19/539 2158/19/571 2159/21/570
f 2171/46/557 2172/48/556 2142/48/524
f 2129/21/538 2159/21/570 2160/23/976
f 2172/48/556 2173/50/555 2143/50/523
f 2130/23/537 2160/23/976 2161/25/568
f 2173/50/555 2174/52/978 2144/52/522
f 2131/25/536 2161/25/568 2162/27/567
f 517/1/517 549/1/549 2149/3/580
f 2174/52/978 2175/54/553 2145/54/521
f 2132/27/535 2162/27/567 2163/29/566
f 2119/3/548 2149/3/580 2150/5/579
f 2175/54/553 2176/56/979 2146/56/520
f 2163/29/566 565/31/565 533/31/533
f 2120/5/547 2150/5/579 2151/7/578
f 2176/56/979 2177/58/980 2147/58/975
f 533/31/533 565/31/565 2164/33/564
f 2185/21/987 2195/21/997 2196/23/998
f 2181/14/983 2191/14/993 2192/15/994
f 2198/27/1000 2204/27/1006 2203/25/1005
f 2182/15/984 2192/15/994 2193/17/995
f 2200/25/1002 2201/27/1003 2188/27/990
f 2183/17/985 2193/17/995 2194/19/996
f 2189/10/991 2190/12/992 2180/12/982
f 2184/19/986 2194/19/996 2195/21/997
f 2180/12/982 2190/12/992 2191/14/993
f 2179/10/981 2180/12/982 1635/12/841
f 1694/19/891 2194/19/996 2193/17/995
f 1643/19/849 2184/19/986 2185/21/987
f 2195/21/997 2194/19/996 1694/19/891
f 2182/15/984 2183/17/985 1641/17/847
f 1649/25/855 2187/25/989 2188/27/990
f 2196/23/998 2195/21/997 1695/21/892
f 2180/12/982 2181/14/983 1637/14/843
f 2197/25/999 2196/23/998 1696/23/893
f 1645/21/851 2185/21/987 2186/23/988
f 1690/12/887 2190/12/992 2189/10/991
f 2206/25/1008 2207/27/1009 2201/27/1003
f 2204/27/1006 2210/27/1012 2209/25/1011
f 2202/23/1004 2199/23/1001 2186/23/988
f 2199/23/1001 2200/25/1002 2187/25/989
f 2197/25/999 2203/25/1005 2202/23/1004
f 2188/27/990 2201/27/1003 2204/27/1006
f 2212/25/1014 2213/27/1015 2207/27/1009
f 2210/27/1012 2216/27/1018 2215/25/1017
f 2207/27/1009 2210/27/1012 2204/27/1006
f 2202/23/1004 2208/23/1010 2205/23/1007
f 2203/25/1005 2209/25/1011 2208/23/1010
f 2205/23/1007 2206/25/1008 2200/25/1002
f 2220/23/1022 2217/23/1019 2211/23/1013
f 2213/27/1015 2219/27/1021 2222/27/1024
f 2207/27/1009 2213/27/1015 2216/27/1018
f 2214/23/1016 2211/23/1013 2205/23/1007
f 2209/25/1011 2215/25/1017 2214/23/1016
f 2211/23/1013 2212/25/1014 2206/25/1008
f 2224/25/1026 2225/27/1027 2219/27/1021
f 2222/27/1024 2228/27/1030 2227/25/1029
f 2215/25/1017 2221/25/1023 2220/23/1022
f 2217/23/1019 2218/25/1020 2212/25/1014
f 2216/27/1018 2222/27/1024 2221/25/1023
f 2218/25/1020 2219/27/1021 2213/27/1015
f 2232/23/1034 2229/23/1031 2223/23/1025
f 2225/27/1027 2231/27/1033 2234/27/1036
f 2219/27/1021 2225/27/1027 2228/27/1030
f 2226/23/1028 2223/23/1025 2217/23/1019
f 2221/25/1023 2227/25/1029 2226/23/1028
f 2223/23/1025 2224/25/1026 2218/25/1020
f 2232/23/1034 2233/25/1035 2230/25/1032
f 2230/25/1032 2233/25/1035 2234/27/1036
f 2227/25/1029 2233/25/1035 2232/23/1034
f 2229/23/1031 2230/25/1032 2224/25/1026
f 2228/27/1030 2234/27/1036 2233/25/1035
f 2230/25/1032 2231/27/1033 2225/27/1027
f 2248/24/1245 2280/24/1277 2279/22/1276
f 2245/18/1242 2244/59/1241 1880/59/1209
f 1895/47/1224 2259/47/1256 2258/45/1255
f 1882/20/1211 2246/20/1243 2245/18/1242
f 2260/49/1257 2259/47/1256 1895/47/1224
f 2247/22/1244 2246/20/1243 1882/20/1211
f 1897/51/1226 2261/51/1258 2260/49/1257
f 2248/24/1245 2247/22/1244 1883/22/1212
f 2262/53/1259 2261/51/1258 1897/51/1226
f 1885/26/1214 2249/26/1246 2248/24/1245
f 1872/2/1201 2236/2/1233 2235/67/1232
f 1899/55/1228 2263/55/1260 2262/53/1259
f 2250/28/1247 2249/26/1246 1885/26/1214
f 2237/4/1234 2236/2/1233 1872/2/1201
f 1900/57/1229 2264/57/1261 2263/55/1260
f 1887/30/1216 2251/30/1248 2250/28/1247
f 1874/6/1203 2238/6/1235 2237/4/1234
f 2265/60/1262 2264/57/1261 1900/57/1229
f 2252/32/1249 2251/30/1248 1887/30/1216
f 1875/8/1204 2239/8/1236 2238/6/1235
f 1902/62/1231 2266/62/1263 2265/60/1262
f 1889/34/1218 2253/34/1250 2252/32/1249
f 2240/66/1237 2239/8/1236 1875/8/1204
f 2235/68/1232 2266/62/1263 1902/62/1231
f 2254/36/1251 2253/34/1250 1889/34/1218
f 1877/11/1206 2241/11/1238 2240/66/1237
f 2255/39/1252 2254/36/1251 1890/36/1219
f 2242/13/1239 2241/11/1238 1877/11/1206
f 1892/41/1221 2256/41/1253 2255/39/1252
f 1879/16/1208 2243/16/1240 2242/13/1239
f 2257/43/1254 2256/41/1253 1892/41/1221
f 2244/59/1241 2243/16/1240 1879/16/1208
f 2283/30/1280 2410/30/1407 2409/28/1406
f 2262/53/1259 2294/53/1291 2293/51/1290
f 2249/26/1246 2281/26/1278 2280/24/1277
f 2268/2/1265 2267/67/1264 2235/67/1232
f 2263/55/1260 2295/55/1292 2294/53/1291
f 2250/28/1247 2282/28/1279 2281/26/1278
f 2269/4/1266 2268/2/1265 2236/2/1233
f 2264/57/1261 2296/57/1293 2295/55/1292
f 2251/30/1248 2283/30/1280 2282/28/1279
f 2270/6/1267 2269/4/1266 2237/4/1234
f 2265/60/1262 2297/60/1294 2296/57/1293
f 2284/32/1281 2283/30/1280 2251/30/1248
f 2271/8/1268 2270/6/1267 2238/6/1235
f 2266/62/1263 2298/62/1295 2297/60/1294
f 2285/34/1282 2284/32/1281 2252/32/1249
f 2272/66/1269 2271/8/1268 2239/8/1236
f 2235/68/1232 2267/68/1264 2298/62/1295
f 2286/36/1283 2285/34/1282 2253/34/1250
f 2273/11/1270 2272/66/1269 2240/66/1237
f 2287/39/1284 2286/36/1283 2254/36/1251
f 2274/13/1271 2273/11/1270 2241/11/1238
f 2288/41/1285 2287/39/1284 2255/39/1252
f 2275/16/1272 2274/13/1271 2242/13/1239
f 2289/43/1286 2288/41/1285 2256/41/1253
f 2244/59/1241 2276/59/1273 2275/16/1272
f 2290/45/1287 2289/43/1286 2257/43/1254
f 2245/18/1242 2277/18/1274 2276/59/1273
f 2291/47/1288 2290/45/1287 2258/45/1255
f 2246/20/1243 2278/20/1275 2277/18/1274
f 2260/49/1257 2292/49/1289 2291/47/1288
f 2247/22/1244 2279/22/1276 2278/20/1275
f 2261/51/1258 2293/51/1290 2292/49/1289
f 2318/36/1315 2350/36/1347 2349/34/1346
f 2270/6/1267 2302/6/1299 2301/4/1298
f 2329/60/1326 2328/57/1325 2296/57/1293
f 2316/32/1313 2418/32/1415 2419/34/1416
f 2271/8/1268 2303/8/1300 2302/6/1299
f 2330/62/1327 2329/60/1326 2297/60/1294
f 2282/28/1279 2409/28/1406 2408/26/1405
f 2305/11/1302 2400/11/1397 2397/11/1394
f 2299/68/1296 2330/62/1327 2298/62/1295
f 2315/30/1312 2417/30/1414 2418/32/1415
f 2304/66/1301 2399/66/1396 2400/11/1397
f 2287/39/1284 2319/39/1316 2318/36/1315
f 2306/13/1303 2305/11/1302 2273/11/1270
f 2288/41/1285 2320/41/1317 2319/39/1316
f 2307/16/1304 2306/13/1303 2274/13/1271
f 2289/43/1286 2321/43/1318 2320/41/1317
f 2308/59/1305 2307/16/1304 2275/16/1272
f 2290/45/1287 2322/45/1319 2321/43/1318
f 2309/18/1306 2308/59/1305 2276/59/1273
f 2291/47/1288 2323/47/1320 2322/45/1319
f 2310/20/1307 2309/18/1306 2277/18/1274
f 2292/49/1289 2324/49/1321 2323/47/1320
f 2311/22/1308 2310/20/1307 2278/20/1275
f 2293/51/1290 2325/51/1322 2324/49/1321
f 2312/24/1309 2311/22/1308 2279/22/1276
f 2326/53/1323 2325/51/1322 2293/51/1290
f 2281/26/1278 2408/26/1405 2407/24/1404
f 2268/2/1265 2300/2/1297 2299/67/1296
f 2327/55/1324 2326/53/1323 2294/53/1291
f 2416/28/1413 2417/30/1414 2315/30/1312
f 2269/4/1266 2301/4/1298 2300/2/1297
f 2328/57/1325 2327/55/1324 2295/55/1292
f 2353/43/1350 2385/43/1382 2384/41/1381
f 2305/11/1302 2337/11/1334 2336/66/1333
f 2319/39/1316 2351/39/1348 2350/36/1347
f 2306/13/1303 2338/13/1335 2337/11/1334
f 2352/41/1349 2351/39/1348 2319/39/1316
f 2307/16/1304 2339/16/1336 2338/13/1335
f 2353/43/1350 2352/41/1349 2320/41/1317
f 2308/59/1305 2340/59/1337 2339/16/1336
f 2354/45/1351 2353/43/1350 2321/43/1318
f 2309/18/1306 2341/18/1338 2340/59/1337
f 2355/47/1352 2354/45/1351 2322/45/1319
f 2310/20/1307 2342/20/1339 2341/18/1338
f 2356/49/1353 2355/47/1352 2323/47/1320
f 2311/22/1308 2343/22/1340 2342/20/1339
f 2357/51/1354 2356/49/1353 2324/49/1321
f 2344/24/1341 2343/22/1340 2311/22/1308
f 2358/53/1355 2357/51/1354 2325/51/1322
f 2345/26/1342 2344/24/1341 2312/24/1309
f 2300/2/1297 2332/2/1329 2331/67/1328
f 2359/55/1356 2358/53/1355 2326/53/1323
f 2346/28/1343 2345/26/1342 2313/26/1310
f 2301/4/1298 2333/4/1330 2332/2/1329
f 2360/57/1357 2359/55/1356 2327/55/1324
f 2347/30/1344 2346/28/1343 2314/28/1311
f 2302/6/1299 2334/6/1331 2333/4/1330
f 2361/60/1358 2360/57/1357 2328/57/1325
f 2316/32/1313 2348/32/1345 2347/30/1344
f 2303/8/1300 2335/8/1332 2334/6/1331
f 2362/62/1359 2361/60/1358 2329/60/1326
f 2317/34/1314 2349/34/1346 2348/32/1345
f 2304/66/1301 2336/66/1333 2335/8/1332
f 2331/68/1328 2362/62/1359 2330/62/1327
f 2363/113/1360 2364/85/1361 2394/84/1391
f 2364/85/1361 2365/112/1362 2393/83/1390
f 2365/112/1362 2366/78/1363 2393/83/1390
f 2366/78/1363 2367/77/1364 2392/114/1389
f 2393/83/1390 2366/78/1363 2392/114/1389
f 2367/77/1364 2368/117/1365 2390/115/1387
f 2368/117/1365 2369/137/1366 2389/116/1386
f 2369/137/1366 2370/119/1367 2388/118/1385
f 2370/119/1367 2371/121/1368 2387/120/1384
f 2371/121/1368 2372/123/1369 2387/120/1384
f 2372/123/1369 2373/125/1370 2386/122/1383
f 2387/120/1384 2372/123/1369 2386/122/1383
f 2373/125/1370 2374/128/1371 2385/124/1382
f 2374/128/1371 2375/130/1372 2384/126/1381
f 2385/124/1382 2374/128/1371 2384/126/1381
f 2375/130/1372 2376/132/1373 2383/127/1380
f 2376/132/1373 2377/134/1374 2382/129/1379
f 2383/127/1380 2376/132/1373 2382/129/1379
f 2377/134/1374 2378/136/1375 2380/133/1377
f 2378/136/1375 2379/135/1376 2380/133/1377
f 2380/133/1377 2381/131/1378 2377/134/1374
f 2381/131/1378 2382/129/1379 2377/134/1374
f 2383/127/1380 2384/126/1381 2375/130/1372
f 2385/124/1382 2386/122/1383 2373/125/1370
f 2387/120/1384 2388/118/1385 2370/119/1367
f 2388/118/1385 2389/116/1386 2369/137/1366
f 2389/116/1386 2390/115/1387 2368/117/1365
f 2390/115/1387 2391/79/1388 2367/77/1364
f 2391/79/1388 2392/114/1389 2367/77/1364
f 2372/59/1369 2371/16/1368 2339/16/1336
f 2354/45/1351 2386/45/1383 2385/43/1382
f 2373/18/1370 2372/59/1369 2340/59/1337
f 2355/47/1352 2387/47/1384 2386/45/1383
f 2374/20/1371 2373/18/1370 2341/18/1338
f 2388/49/1385 2387/47/1384 2355/47/1352
f 2375/22/1372 2374/20/1371 2342/20/1339
f 2389/51/1386 2388/49/1385 2356/49/1353
f 2376/24/1373 2375/22/1372 2343/22/1340
f 2390/53/1387 2389/51/1386 2357/51/1354
f 2377/26/1374 2376/24/1373 2344/24/1341
f 2332/2/1329 2364/2/1361 2363/67/1360
f 2391/55/1388 2390/53/1387 2358/53/1355
f 2378/28/1375 2377/26/1374 2345/26/1342
f 2333/4/1330 2365/4/1362 2364/2/1361
f 2392/57/1389 2391/55/1388 2359/55/1356
f 2379/30/1376 2378/28/1375 2346/28/1343
f 2334/6/1331 2366/6/1363 2365/4/1362
f 2393/60/1390 2392/57/1389 2360/57/1357
f 2348/32/1345 2380/32/1377 2379/30/1376
f 2335/8/1332 2367/8/1364 2366/6/1363
f 2394/62/1391 2393/60/1390 2361/60/1358
f 2349/34/1346 2381/34/1378 2380/32/1377
f 2336/66/1333 2368/66/1365 2367/8/1364
f 2363/68/1360 2394/62/1391 2362/62/1359
f 2350/36/1347 2382/36/1379 2381/34/1378
f 2337/11/1334 2369/11/1366 2368/66/1365
f 2351/39/1348 2383/39/1380 2382/36/1379
f 2338/13/1335 2370/13/1367 2369/11/1366
f 2352/41/1349 2384/41/1381 2383/39/1380
f 2339/16/1336 2371/16/1368 2370/13/1367
f 2403/11/1400 2402/66/1399 2396/66/1393
f 2399/66/1396 2405/66/1402 2406/11/1403
f 2395/8/1392 2398/8/1395 2303/8/1300
f 2396/66/1393 2395/8/1392 2271/8/1268
f 2303/8/1300 2398/8/1395 2399/66/1396
f 2397/11/1394 2396/66/1393 2272/66/1269
f 2402/66/1399 2405/66/1402 2404/8/1401
f 2403/11/1400 2406/11/1403 2405/66/1402
f 2400/11/1397 2406/11/1403 2403/11/1400
f 2401/8/1398 2404/8/1401 2398/8/1395
f 2398/8/1395 2404/8/1401 2405/66/1402
f 2402/66/1399 2401/8/1398 2395/8/1392
f 2434/36/1431 2427/36/1424 2413/36/1410
f 2409/28/1406 2423/28/1420 2422/26/1419
f 2430/28/1427 2431/30/1428 2417/30/1414
f 2408/26/1405 2422/26/1419 2421/24/1418
f 2429/26/1426 2430/28/1427 2416/28/1413
f 2428/24/1425 2429/26/1426 2415/26/1412
f 2317/34/1314 2419/34/1416 2420/36/1417
f 2411/32/1408 2410/30/1407 2283/30/1280
f 2412/34/1409 2411/32/1408 2284/32/1281
f 2414/24/1411 2415/26/1412 2313/26/1310
f 2413/36/1410 2412/34/1409 2285/34/1282
f 2415/26/1412 2416/28/1413 2314/28/1311
f 2420/36/1417 2413/36/1410 2286/36/1283
f 2280/24/1277 2407/24/1404 2414/24/1411
f 2431/30/1428 2430/28/1427 2423/28/1420
f 2425/32/1422 2432/32/1429 2431/30/1428
f 2426/34/1423 2433/34/1430 2432/32/1429
f 2427/36/1424 2434/36/1431 2433/34/1430
f 2429/26/1426 2428/24/1425 2421/24/1418
f 2430/28/1427 2429/26/1426 2422/26/1419
f 2417/30/1414 2431/30/1428 2432/32/1429
f 2410/30/1407 2424/30/1421 2423/28/1420
f 2407/24/1404 2421/24/1418 2428/24/1425
f 2418/32/1415 2432/32/1429 2433/34/1430
f 2425/32/1422 2424/30/1421 2410/30/1407
f 2419/34/1416 2433/34/1430 2434/36/1431
f 2426/34/1423 2425/32/1422 2411/32/1408
f 2427/36/1424 2426/34/1423 2412/34/1409
f 1/1/1 2/67/2 2436/2/4
f 2435/3/3 2436/2/4 2438/4/6
f 2437/5/5 2438/4/6 2440/6/8
f 2439/7/7 2440/6/8 2442/8/10
f 2442/8/10 2444/66/12 2443/10/11
f 2443/10/11 2444/66/12 2446/11/14
f 2445/12/13 2446/11/14 2448/13/16
f 2448/13/16 2450/16/18 2449/15/17
f 2450/16/18 2452/59/20 2451/17/19
f 2451/17/19 2452/59/20 2454/18/22
f 2453/19/21 2454/18/22 2456/20/24
f 2455/21/23 2456/20/24 2458/22/26
f 2457/23/25 2458/22/26 2460/24/28
f 2459/25/27 2460/24/28 2462/26/30
f 2461/27/29 2462/26/30 2464/28/32
f 2463/29/31 2464/28/32 34/30/34
f 33/31/33 34/30/34 2466/32/36
f 2465/33/35 2466/32/36 2468/34/38
f 2467/35/37 2468/34/38 2470/36/40
f 2470/36/40 2472/39/42 2471/38/41
f 2472/39/42 2474/41/44 2473/40/43
f 2474/41/44 2476/43/46 2475/42/45
f 2476/43/46 2478/45/48 2477/44/47
f 2478/45/48 2480/47/50 2479/46/49
f 2480/47/50 2482/49/52 2481/48/51
f 2482/49/52 2484/51/54 2483/50/53
f 2484/51/54 2486/53/56 2485/52/55
f 2486/53/56 2488/55/58 2487/54/57
f 2488/55/58 2490/57/60 2489/56/59
f 2490/57/60 2492/60/62 2491/58/61
f 2706/59/290 2705/16/289 2562/16/1096
f 2492/60/62 2494/62/64 2493/61/63
f 2494/62/64 2/68/2 1/63/1
f 2508/27/79 3000/27/600 2990/27/590
f 2518/48/90 2548/48/122 2547/46/121
f 2473/40/43 2514/40/86 2513/38/85
f 2489/56/59 2491/58/61 2523/58/95
f 2503/17/74 2502/15/73 2994/15/594
f 2465/33/35 2510/33/82 81/31/81
f 2483/50/53 2519/50/91 2518/48/90
f 2441/9/9 2498/9/69 2497/7/68
f 2457/23/25 2459/25/27 2989/25/589
f 2475/42/45 2515/42/87 2514/40/86
f 2491/58/61 2493/61/63 2524/61/96
f 2499/10/70 2443/10/11 2981/10/581
f 2467/35/37 2511/35/83 2510/33/82
f 2483/50/53 2485/52/55 2520/52/92
f 2441/9/9 2443/10/11 2499/10/70
f 2449/15/17 2984/15/584 2983/14/583
f 2477/44/47 2516/44/88 2515/42/87
f 2435/3/3 2495/3/66 65/1/65
f 2493/61/63 1/63/1 65/63/65
f 2502/15/73 2501/14/72 2993/14/593
f 2469/37/39 2512/37/84 2511/35/83
f 2485/52/55 2487/54/57 2521/54/93
f 2501/14/72 2500/12/71 2992/12/592
f 2461/27/29 2463/29/31 2509/29/80
f 2479/46/49 2517/46/89 2516/44/88
f 2437/5/5 2496/5/67 2495/3/66
f 2453/19/21 2986/19/586 2985/17/585
f 2471/38/41 2513/38/85 2512/37/84
f 2487/54/57 2489/56/59 2522/56/94
f 2507/25/78 2999/25/599 3000/27/600
f 2463/29/31 33/31/33 81/31/81
f 2481/48/51 2518/48/90 2517/46/89
f 2439/7/7 2497/7/68 2496/5/67
f 2533/17/106 2534/19/107 2780/19/367
f 2505/21/76 2506/23/77 2536/23/109
f 2519/50/91 2549/50/123 2548/48/122
f 2506/23/77 2507/25/78 2537/25/110
f 2520/52/92 2550/52/124 2549/50/123
f 2507/25/78 2508/27/79 2538/27/111
f 65/1/65 2495/3/66 2525/3/98
f 2521/54/93 2551/54/125 2550/52/124
f 2508/27/79 2509/29/80 2539/29/112
f 2495/3/66 2496/5/67 2526/5/99
f 2522/56/94 2552/56/126 2551/54/125
f 2509/29/80 81/31/81 113/31/113
f 2496/5/67 2497/7/68 2527/7/100
f 2523/58/95 2553/58/127 2552/56/126
f 2510/33/82 2540/33/114 113/31/113
f 2497/7/68 2498/9/69 2528/9/101
f 2524/61/96 2554/61/128 2553/58/127
f 2511/35/83 2541/35/115 2540/33/114
f 2498/9/69 2499/10/70 2529/10/102
f 65/63/65 97/63/97 2554/61/128
f 2512/37/84 2542/37/116 2541/35/115
f 2499/10/70 2500/12/71 2530/12/103
f 2513/38/85 2543/38/117 2542/37/116
f 2500/12/71 2501/14/72 2531/14/104
f 2514/40/86 2544/40/118 2543/38/117
f 2501/14/72 2502/15/73 2532/15/105
f 2515/42/87 2545/42/119 2544/40/118
f 2502/15/73 2503/17/74 2533/17/106
f 2516/44/88 2546/44/120 2545/42/119
f 2503/17/74 2504/19/75 2534/19/107
f 2517/46/89 2547/46/121 2546/44/120
f 2504/19/75 2505/21/76 2535/21/108
f 2583/60/1075 2582/57/1076 2612/57/1107
f 2707/64/291 2570/32/1088 2571/34/1438
f 2709/51/293 2579/51/1079 2580/53/1078
f 2712/66/296 2711/73/295 2558/8/1100
f 2566/22/1435 2738/22/324 2737/20/323
f 2715/43/299 2575/43/1442 2576/45/1443
f 2717/2/302 301/67/301 129/67/129
f 2718/62/303 2584/62/1074 129/68/129
f 2726/20/311 2719/18/304 2744/18/330
f 2708/65/292 2571/34/1438 2572/36/1439
f 2710/53/294 2580/53/1078 2581/55/1077
f 2722/11/307 2712/66/296 2559/66/1099
f 2723/28/308 2714/26/298 2568/26/1437
f 2716/45/300 2576/45/1443 2577/47/1081
f 2725/4/310 2717/2/302 2555/2/1103
f 2732/22/318 2726/20/311 2745/20/331
f 2720/36/305 2572/36/1439 2573/39/1440
f 2721/55/306 2581/55/1077 2582/57/1076
f 2729/70/314 2722/11/307 2560/11/1098
f 315/30/315 2723/28/308 2569/28/1089
f 2724/47/309 2577/47/1081 2578/49/1080
f 2731/6/317 2725/4/310 2556/4/1102
f 2713/72/297 2732/22/318 2746/22/332
f 2727/39/312 2573/39/1440 2574/41/1441
f 2728/69/313 2582/57/1076 2583/60/1075
f 2705/16/289 2729/70/314 2561/13/1097
f 315/30/315 145/30/145 2570/32/1088
f 2730/71/316 2578/49/1080 2579/51/1079
f 2711/73/295 2731/6/317 2557/6/1101
f 2565/20/1434 2737/20/323 2736/18/322
f 2733/41/319 2574/41/1441 2575/43/1442
f 2734/60/320 2583/60/1075 2584/62/1074
f 2600/32/1119 1791/30/1120 1823/30/1152
f 2570/32/1088 145/30/145 1791/30/1120
f 2557/6/1101 2587/6/1133 2588/8/1132
f 2584/62/1074 2583/60/1075 2613/60/1106
f 2571/34/1438 2570/32/1088 2600/32/1119
f 2558/8/1100 2588/8/1132 2589/66/1131
f 2584/62/1074 2614/62/1105 1775/68/1104
f 2572/36/1439 2571/34/1438 2601/34/1118
f 2559/66/1099 2589/66/1131 2590/11/1130
f 2573/39/1440 2572/36/1439 2602/36/1117
f 2560/11/1098 2590/11/1130 2591/13/1129
f 2574/41/1441 2573/39/1440 2603/39/1116
f 2561/13/1097 2591/13/1129 2592/16/1128
f 2575/43/1442 2574/41/1441 2604/41/1115
f 2562/16/1096 2592/16/1128 2593/59/1127
f 2576/45/1443 2575/43/1442 2605/43/1114
f 2563/59/1432 2593/59/1127 2594/18/1126
f 2577/47/1081 2576/45/1443 2606/45/1113
f 2564/18/1433 2594/18/1126 2595/20/1125
f 2578/49/1080 2577/47/1081 2607/47/1112
f 2565/20/1434 2595/20/1125 2596/22/1124
f 2579/51/1079 2578/49/1080 2608/49/1111
f 2566/22/1435 2596/22/1124 2597/24/1123
f 2580/53/1078 2579/51/1079 2609/51/1110
f 2567/24/1436 2597/24/1123 2598/26/1122
f 129/67/129 1775/67/1104 2585/2/1135
f 2581/55/1077 2580/53/1078 2610/53/1109
f 2569/28/1089 2568/26/1437 2598/26/1122
f 2555/2/1103 2585/2/1135 2586/4/1134
f 2582/57/1076 2581/55/1077 2611/55/1108
f 145/30/145 2569/28/1089 2599/28/1121
f 2556/4/1102 2586/4/1134 2587/6/1133
f 2633/39/1148 2632/36/1149 2662/36/1181
f 2587/6/1133 2617/6/1165 2618/8/1164
f 2614/62/1105 2613/60/1106 2643/60/1138
f 2601/34/1118 2600/32/1119 2630/32/1151
f 2588/8/1132 2618/8/1164 2619/66/1163
f 1775/68/1104 2614/62/1105 2644/62/1137
f 2602/36/1117 2601/34/1118 2631/34/1150
f 2589/66/1131 2619/66/1163 2620/11/1162
f 2603/39/1116 2602/36/1117 2632/36/1149
f 2590/11/1130 2620/11/1162 2621/13/1161
f 2604/41/1115 2603/39/1116 2633/39/1148
f 2591/13/1129 2621/13/1161 2622/16/1160
f 2605/43/1114 2604/41/1115 2634/41/1147
f 2592/16/1128 2622/16/1160 2623/59/1159
f 2606/45/1113 2605/43/1114 2635/43/1146
f 2593/59/1127 2623/59/1159 2624/18/1158
f 2607/47/1112 2606/45/1113 2636/45/1145
f 2594/18/1126 2624/18/1158 2625/20/1157
f 2608/49/1111 2607/47/1112 2637/47/1144
f 2595/20/1125 2625/20/1157 2626/22/1156
f 2609/51/1110 2608/49/1111 2638/49/1143
f 2596/22/1124 2626/22/1156 2627/24/1155
f 2610/53/1109 2609/51/1110 2639/51/1142
f 2597/24/1123 2627/24/1155 2628/26/1154
f 1775/67/1104 1807/67/1136 2615/2/1167
f 2611/55/1108 2610/53/1109 2640/53/1141
f 2598/26/1122 2628/26/1154 2629/28/1153
f 2585/2/1135 2615/2/1167 2616/4/1166
f 2612/57/1107 2611/55/1108 2641/55/1140
f 2599/28/1121 2629/28/1153 1823/30/1152
f 2586/4/1134 2616/4/1166 2617/6/1165
f 2613/60/1106 2612/57/1107 2642/57/1139
f 2666/45/1177 2665/43/1178 2695/43/1210
f 2620/11/1162 2650/11/1194 2651/13/1193
f 2634/41/1147 2633/39/1148 2663/39/1180
f 2621/13/1161 2651/13/1193 2652/16/1192
f 2635/43/1146 2634/41/1147 2664/41/1179
f 2622/16/1160 2652/16/1192 2653/59/1191
f 2636/45/1145 2635/43/1146 2665/43/1178
f 2623/59/1159 2653/59/1191 2654/18/1190
f 2637/47/1144 2636/45/1145 2666/45/1177
f 2624/18/1158 2654/18/1190 2655/20/1444
f 2638/49/1143 2637/47/1144 2667/47/1176
f 2625/20/1157 2655/20/1444 2656/22/1188
f 2639/51/1142 2638/49/1143 2668/49/1175
f 2626/22/1156 2656/22/1188 2657/24/1187
f 2640/53/1141 2639/51/1142 2669/51/1174
f 2627/24/1155 2657/24/1187 2658/26/1186
f 1807/67/1136 1839/67/1168 2645/2/1199
f 2641/55/1140 2640/53/1141 2670/53/1173
f 2628/26/1154 2658/26/1186 2659/28/1185
f 2615/2/1167 2645/2/1199 2646/4/1198
f 2642/57/1139 2641/55/1140 2671/55/1172
f 2629/28/1153 2659/28/1185 1855/30/1184
f 2616/4/1166 2646/4/1198 2647/6/1197
f 2643/60/1138 2642/57/1139 2672/57/1171
f 2630/32/1151 1823/30/1152 1855/30/1184
f 2617/6/1165 2647/6/1197 2648/8/1196
f 2644/62/1137 2643/60/1138 2673/60/1170
f 2631/34/1150 2630/32/1151 2660/32/1183
f 2618/8/1164 2648/8/1196 2649/66/1195
f 1807/68/1136 2644/62/1137 2674/62/1169
f 2632/36/1149 2631/34/1150 2661/34/1182
f 2619/66/1163 2649/66/1195 2650/11/1194
f 2696/45/1209 2695/43/1210 3057/43/1242
f 2653/59/1191 2683/59/1223 2684/18/1222
f 2667/47/1176 2666/45/1177 2696/45/1209
f 2654/18/1190 2684/18/1222 2685/20/1221
f 2667/47/1176 2697/47/1208 2698/49/1207
f 2655/20/1444 2685/20/1221 2686/22/1220
f 2668/49/1175 2698/49/1207 2699/51/1206
f 2656/22/1188 2686/22/1220 2687/24/1219
f 2669/51/1174 2699/51/1206 2700/53/1205
f 2657/24/1187 2687/24/1219 2688/26/1218
f 2645/2/1199 1839/67/1168 1871/67/1200
f 2670/53/1173 2700/53/1205 2701/55/1204
f 2658/26/1186 2688/26/1218 2689/28/1217
f 2646/4/1198 2645/2/1199 2675/2/1231
f 2671/55/1172 2701/55/1204 2702/57/1203
f 2659/28/1185 2689/28/1217 1887/30/1216
f 2647/6/1197 2646/4/1198 2676/4/1230
f 2672/57/1171 2702/57/1203 2703/60/1202
f 2660/32/1183 1855/30/1184 1887/30/1216
f 2648/8/1196 2647/6/1197 2677/6/1229
f 2673/60/1170 2703/60/1202 2704/62/1201
f 2661/34/1182 2660/32/1183 2690/32/1215
f 2649/66/1195 2648/8/1196 2678/8/1228
f 2674/62/1169 2704/62/1201 1871/68/1200
f 2662/36/1181 2661/34/1182 2691/34/1214
f 2650/11/1194 2649/66/1195 2679/66/1227
f 2663/39/1180 2662/36/1181 2692/36/1213
f 2651/13/1193 2650/11/1194 2680/11/1226
f 2664/41/1179 2663/39/1180 2693/39/1212
f 2652/16/1192 2651/13/1193 2681/13/1225
f 2665/43/1178 2664/41/1179 2694/41/1211
f 2652/16/1192 2682/16/1224 2683/59/1223
f 2494/62/64 2492/60/62 2734/60/320
f 2474/41/44 2733/41/319 2715/43/299
f 2460/24/28 2458/22/26 2732/22/318
f 2442/8/10 2440/6/8 2731/6/317
f 2482/49/52 2730/71/316 2709/51/293
f 34/30/34 315/30/315 2707/64/291
f 2450/16/18 2448/13/16 2729/70/314
f 2490/57/60 2728/69/313 2734/60/320
f 2472/39/42 2727/39/312 2733/41/319
f 2458/22/26 2456/20/24 2726/20/311
f 2440/6/8 2438/4/6 2725/4/310
f 2480/47/50 2724/47/309 2730/71/316
f 34/30/34 2464/28/32 2723/28/308
f 2448/13/16 2446/11/14 2722/11/307
f 2488/55/58 2721/55/306 2728/69/313
f 2470/36/40 2720/36/305 2727/39/312
f 2456/20/24 2454/18/22 2719/18/304
f 2436/2/4 2717/2/302 2725/4/310
f 2478/45/48 2716/45/300 2724/47/309
f 2464/28/32 2462/26/30 2714/26/298
f 2446/11/14 2444/66/12 2712/66/296
f 2486/53/56 2710/53/294 2721/55/306
f 2468/34/38 2708/65/292 2720/36/305
f 2454/18/22 2452/59/20 2706/59/290
f 2/68/2 2494/62/64 2718/62/303
f 2/67/2 301/67/301 2717/2/302
f 2476/43/46 2715/43/299 2716/45/300
f 2462/26/30 2460/24/28 2713/72/297
f 2444/66/12 2442/8/10 2711/73/295
f 2484/51/54 2709/51/293 2710/53/294
f 2466/32/36 2707/64/291 2708/65/292
f 2452/59/20 2450/16/18 2705/16/289
f 2743/26/329 2742/72/328 2750/72/336
f 2744/18/330 2741/59/327 2735/59/321
f 2745/20/331 2744/18/330 2736/18/322
f 2746/22/332 2745/20/331 2737/20/323
f 2746/22/332 2738/22/324 2747/22/333
f 2719/18/304 2706/59/290 2741/59/327
f 2706/59/290 2563/59/1432 2735/59/321
f 2713/72/297 2742/72/328 2743/26/329
f 2566/22/1435 2567/24/1436 2739/24/325
f 2564/18/1433 2736/18/322 2735/59/321
f 2568/26/1437 2714/26/298 2743/26/329
f 2567/24/1436 2568/26/1437 2740/26/326
f 2747/22/333 2753/22/339 2758/22/344
f 2750/72/336 2756/72/342 2757/26/343
f 2740/26/326 2749/26/335 2748/24/334
f 2742/72/328 2746/22/332 2752/22/338
f 2743/26/329 2751/26/337 2749/26/335
f 2739/24/325 2748/24/334 2747/22/333
f 2755/26/341 2757/26/343 2763/26/349
f 2756/72/342 2758/22/344 2764/22/350
f 2748/24/334 2754/24/340 2753/22/339
f 2750/72/336 2752/22/338 2758/22/344
f 2749/26/335 2751/26/337 2757/26/343
f 2749/26/335 2755/26/341 2754/24/340
f 2759/22/345 2765/22/351 2770/22/356
f 2762/72/348 2768/72/354 2769/26/355
f 2755/26/341 2761/26/347 2760/24/346
f 2756/72/342 2762/72/348 2763/26/349
f 2753/22/339 2759/22/345 2764/22/350
f 2754/24/340 2760/24/346 2759/22/345
f 2769/26/355 2768/72/354 2766/24/352
f 2768/72/354 2770/22/356 2765/22/351
f 2760/24/346 2766/24/352 2765/22/351
f 2762/72/348 2764/22/350 2770/22/356
f 2761/26/347 2763/26/349 2769/26/355
f 2761/26/347 2767/26/353 2766/24/352
f 2784/27/371 2785/29/372 2815/29/404
f 2547/46/121 2793/46/381 2792/44/380
f 2534/19/107 2535/21/108 2781/21/368
f 2548/48/122 2794/48/382 2793/46/381
f 2535/21/108 2536/23/109 2782/23/369
f 2549/50/123 2795/50/383 2794/48/382
f 2536/23/109 2537/25/110 2783/25/370
f 2549/50/123 2550/52/124 2796/52/384
f 2537/25/110 2538/27/111 2784/27/371
f 2525/3/98 2771/3/358 357/1/357
f 2550/52/124 2551/54/125 2797/54/385
f 2538/27/111 2539/29/112 2785/29/372
f 2526/5/99 2772/5/359 2771/3/358
f 2551/54/125 2552/56/126 2798/56/386
f 2539/29/112 113/31/113 373/31/373
f 2527/7/100 2773/7/360 2772/5/359
f 2552/56/126 2553/58/127 2799/58/387
f 2540/33/114 2786/33/374 373/31/373
f 2528/9/101 2774/9/361 2773/7/360
f 2553/58/127 2554/61/128 2800/61/388
f 2541/35/115 2787/35/375 2786/33/374
f 2529/10/102 2775/10/362 2774/9/361
f 2554/61/128 97/63/97 357/63/357
f 2542/37/116 2788/37/376 2787/35/375
f 2530/12/103 2776/12/363 2775/10/362
f 2543/38/117 2789/38/377 2788/37/376
f 2530/12/103 2531/14/104 2777/14/364
f 2544/40/118 2790/40/378 2789/38/377
f 2531/14/104 2532/15/105 2778/15/365
f 2545/42/119 2791/42/379 2790/40/378
f 2532/15/105 2533/17/106 2779/17/366
f 2546/44/120 2792/44/380 2791/42/379
f 2830/61/420 389/63/389 421/63/421
f 2771/3/358 2772/5/359 2802/5/391
f 2798/56/386 2828/56/418 2827/54/417
f 2785/29/372 373/31/373 405/31/405
f 2772/5/359 2773/7/360 2803/7/392
f 2799/58/387 2829/58/419 2828/56/418
f 2786/33/374 2816/33/406 405/31/405
f 2773/7/360 2774/9/361 2804/9/393
f 2800/61/388 2830/61/420 2829/58/419
f 2787/35/375 2817/35/407 2816/33/406
f 2774/9/361 2775/10/362 2805/10/394
f 357/63/357 389/63/389 2830/61/420
f 2788/37/376 2818/37/408 2817/35/407
f 2775/10/362 2776/12/363 2806/12/395
f 2789/38/377 2819/38/409 2818/37/408
f 2776/12/363 2777/14/364 2807/14/396
f 2790/40/378 2820/40/410 2819/38/409
f 2777/14/364 2778/15/365 2808/15/397
f 2791/42/379 2821/42/411 2820/40/410
f 2778/15/365 2779/17/366 2809/17/398
f 2792/44/380 2822/44/412 2821/42/411
f 2779/17/366 2780/19/367 2810/19/399
f 2793/46/381 2823/46/413 2822/44/412
f 2780/19/367 2781/21/368 2811/21/400
f 2794/48/382 2824/48/414 2823/46/413
f 2781/21/368 2782/23/369 2812/23/401
f 2795/50/383 2825/50/415 2824/48/414
f 2782/23/369 2783/25/370 2813/25/402
f 2796/52/384 2826/52/416 2825/50/415
f 2783/25/370 2784/27/371 2814/27/403
f 357/1/357 2771/3/358 2801/3/390
f 2797/54/385 2827/54/417 2826/52/416
f 2850/40/442 2851/42/443 2881/42/475
f 2818/37/408 2848/37/440 2847/35/439
f 2806/12/395 2836/12/427 2835/10/426
f 2819/38/409 2849/38/441 2848/37/440
f 2806/12/395 2807/14/396 2837/14/428
f 2820/40/410 2850/40/442 2849/38/441
f 2807/14/396 2808/15/397 2838/15/429
f 2821/42/411 2851/42/443 2850/40/442
f 2808/15/397 2809/17/398 2839/17/430
f 2822/44/412 2852/44/444 2851/42/443
f 2809/17/398 2810/19/399 2840/19/431
f 2823/46/413 2853/46/445 2852/44/444
f 2810/19/399 2811/21/400 2841/21/432
f 2824/48/414 2854/48/446 2853/46/445
f 2811/21/400 2812/23/401 2842/23/433
f 2825/50/415 2855/50/447 2854/48/446
f 2812/23/401 2813/25/402 2843/25/434
f 2825/50/415 2826/52/416 2856/52/448
f 2813/25/402 2814/27/403 2844/27/435
f 2801/3/390 2831/3/422 421/1/421
f 2826/52/416 2827/54/417 2857/54/449
f 2814/27/403 2815/29/404 2845/29/436
f 2802/5/391 2832/5/423 2831/3/422
f 2827/54/417 2828/56/418 2858/56/450
f 2815/29/404 405/31/405 437/31/437
f 2803/7/392 2833/7/424 2832/5/423
f 2828/56/418 2829/58/419 2859/58/451
f 2816/33/406 2846/33/438 437/31/437
f 2804/9/393 2834/9/425 2833/7/424
f 2829/58/419 2830/61/420 2860/61/452
f 2817/35/407 2847/35/439 2846/33/438
f 2805/10/394 2835/10/426 2834/9/425
f 2883/46/477 2884/48/478 2914/48/510
f 2838/15/429 2839/17/430 2869/17/462
f 2851/42/443 2852/44/444 2882/44/476
f 2840/19/431 2870/19/463 2869/17/462
f 2853/46/445 2883/46/477 2882/44/476
f 2841/21/432 2871/21/464 2870/19/463
f 2853/46/445 2854/48/446 2884/48/478
f 2842/23/433 2872/23/465 2871/21/464
f 2854/48/446 2855/50/447 2885/50/479
f 2842/23/433 2843/25/434 2873/25/466
f 2856/52/448 2886/52/480 2885/50/479
f 2843/25/434 2844/27/435 2874/27/467
f 2831/3/422 2861/3/454 453/1/453
f 2857/54/449 2887/54/481 2886/52/480
f 2844/27/435 2845/29/436 2875/29/468
f 2831/3/422 2832/5/423 2862/5/455
f 2858/56/450 2888/56/482 2887/54/481
f 2845/29/436 437/31/437 469/31/469
f 2832/5/423 2833/7/424 2863/7/456
f 2858/56/450 2859/58/451 2889/58/483
f 2846/33/438 2876/33/470 469/31/469
f 2833/7/424 2834/9/425 2864/9/457
f 2859/58/451 2860/61/452 2890/61/484
f 2846/33/438 2847/35/439 2877/35/471
f 2835/10/426 2865/10/458 2864/9/457
f 2860/61/452 421/63/421 453/63/453
f 2848/37/440 2878/37/472 2877/35/471
f 2835/10/426 2836/12/427 2866/12/459
f 2849/38/441 2879/38/473 2878/37/472
f 2837/14/428 2867/14/460 2866/12/459
f 2850/40/442 2880/40/474 2879/38/473
f 2838/15/429 2868/15/461 2867/14/460
f 485/1/485 2891/3/486 2921/3/518
f 2872/23/465 2902/23/497 2901/21/496
f 2884/48/478 2885/50/479 2915/50/511
f 2873/25/466 2903/25/498 2902/23/497
f 2886/52/480 2916/52/512 2915/50/511
f 2874/27/467 2904/27/499 2903/25/498
f 453/1/453 2861/3/454 2891/3/486
f 2887/54/481 2917/54/513 2916/52/512
f 2875/29/468 2905/29/500 2904/27/499
f 2861/3/454 2862/5/455 2892/5/487
f 2888/56/482 2918/56/514 2917/54/513
f 469/31/469 501/31/501 2905/29/500
f 2862/5/455 2863/7/456 2893/7/488
f 2889/58/483 2919/58/515 2918/56/514
f 469/31/469 2876/33/470 2906/33/502
f 2863/7/456 2864/9/457 2894/9/489
f 2890/61/484 2920/61/516 2919/58/515
f 2876/33/470 2877/35/471 2907/35/503
f 2864/9/457 2865/10/458 2895/10/490
f 453/63/453 485/63/485 2920/61/516
f 2877/35/471 2878/37/472 2908/37/504
f 2865/10/458 2866/12/459 2896/12/491
f 2878/37/472 2879/38/473 2909/38/505
f 2867/14/460 2897/14/492 2896/12/491
f 2879/38/473 2880/40/474 2910/40/506
f 2868/15/461 2898/15/493 2897/14/492
f 2880/40/474 2881/42/475 2911/42/507
f 2869/17/462 2899/17/494 2898/15/493
f 2881/42/475 2882/44/476 2912/44/508
f 2870/19/463 2900/19/495 2899/17/494
f 2882/44/476 2883/46/477 2913/46/509
f 2871/21/464 2901/21/496 2900/19/495
f 2923/7/520 2924/9/521 2954/9/553
f 2917/54/513 2947/54/545 2946/52/544
f 2904/27/499 2905/29/500 2935/29/532
f 2891/3/486 2892/5/487 2922/5/519
f 2918/56/514 2948/56/546 2947/54/545
f 2905/29/500 501/31/501 533/31/533
f 2892/5/487 2893/7/488 2923/7/520
f 2919/58/515 2949/58/547 2948/56/546
f 2906/33/502 2936/33/534 533/31/533
f 2893/7/488 2894/9/489 2924/9/521
f 2920/61/516 2950/61/548 2949/58/547
f 2907/35/503 2937/35/535 2936/33/534
f 2894/9/489 2895/10/490 2925/10/522
f 485/63/485 517/63/517 2950/61/548
f 2908/37/504 2938/37/536 2937/35/535
f 2895/10/490 2896/12/491 2926/12/523
f 2909/38/505 2939/38/537 2938/37/536
f 2896/12/491 2897/14/492 2927/14/524
f 2910/40/506 2940/40/538 2939/38/537
f 2897/14/492 2898/15/493 2928/15/525
f 2911/42/507 2941/42/539 2940/40/538
f 2898/15/493 2899/17/494 2929/17/526
f 2912/44/508 2942/44/540 2941/42/539
f 2899/17/494 2900/19/495 2930/19/527
f 2913/46/509 2943/46/541 2942/44/540
f 2900/19/495 2901/21/496 2931/21/528
f 2914/48/510 2944/48/542 2943/46/541
f 2901/21/496 2902/23/497 2932/23/529
f 2915/50/511 2945/50/543 2944/48/542
f 2902/23/497 2903/25/498 2933/25/530
f 2916/52/512 2946/52/544 2945/50/543
f 2903/25/498 2904/27/499 2934/27/531
f 2980/86/580 549/87/549 565/88/565
f 549/87/549 2951/89/550 2965/90/564
f 2951/89/550 2952/81/551 2965/90/564
f 2952/81/551 2953/80/552 2964/91/563
f 2965/90/564 2952/81/551 2964/91/563
f 2953/80/552 2954/92/553 2962/93/561
f 2954/92/553 2955/94/554 2961/95/560
f 2955/94/554 2956/96/555 2961/95/560
f 2956/96/555 2957/97/556 2960/98/559
f 2961/95/560 2956/96/555 2960/98/559
f 2957/97/556 2958/99/557 2959/100/558
f 2959/100/558 2960/98/559 2957/97/556
f 2961/95/560 2962/93/561 2954/92/553
f 2962/93/561 2963/82/562 2953/80/552
f 2963/82/562 2964/91/563 2953/80/552
f 2965/90/564 565/88/565 549/87/549
f 565/88/565 2966/101/566 2980/86/580
f 2966/101/566 2967/102/567 2980/86/580
f 2967/102/567 2968/76/568 2979/75/579
f 2980/86/580 2967/102/567 2979/75/579
f 2968/76/568 2969/103/569 2977/104/577
f 2969/103/569 2970/105/570 2976/106/576
f 2970/105/570 2971/107/571 2976/106/576
f 2971/107/571 2972/108/572 2975/109/575
f 2976/106/576 2971/107/571 2975/109/575
f 2972/108/572 2973/110/573 2974/111/574
f 2974/111/574 2975/109/575 2972/108/572
f 2976/106/576 2977/104/577 2969/103/569
f 2977/104/577 2978/74/578 2968/76/568
f 2950/61/548 2980/61/580 2979/58/579
f 2937/35/535 2967/35/567 2966/33/566
f 2924/9/521 2925/10/522 2955/10/554
f 517/63/517 549/63/549 2980/61/580
f 2938/37/536 2968/37/568 2967/35/567
f 2925/10/522 2926/12/523 2956/12/555
f 2939/38/537 2969/38/569 2968/37/568
f 2926/12/523 2927/14/524 2957/14/556
f 2940/40/538 2970/40/570 2969/38/569
f 2927/14/524 2928/15/525 2958/15/557
f 2941/42/539 2971/42/571 2970/40/570
f 2928/15/525 2929/17/526 2959/17/558
f 2942/44/540 2972/44/572 2971/42/571
f 2929/17/526 2930/19/527 2960/19/559
f 2943/46/541 2973/46/573 2972/44/572
f 2930/19/527 2931/21/528 2961/21/560
f 2944/48/542 2974/48/574 2973/46/573
f 2931/21/528 2932/23/529 2962/23/561
f 2945/50/543 2975/50/575 2974/48/574
f 2932/23/529 2933/25/530 2963/25/562
f 2946/52/544 2976/52/576 2975/50/575
f 2933/25/530 2934/27/531 2964/27/563
f 517/1/517 2921/3/518 2951/3/550
f 2947/54/545 2977/54/577 2976/52/576
f 2934/27/531 2935/29/532 2965/29/564
f 2921/3/518 2922/5/519 2952/5/551
f 2948/56/546 2978/56/578 2977/54/577
f 533/31/533 565/31/565 2965/29/564
f 2922/5/519 2923/7/520 2953/7/552
f 2949/58/547 2979/58/579 2978/56/578
f 533/31/533 2936/33/534 2966/33/566
f 2987/21/587 2988/23/588 2998/23/598
f 2983/14/583 2984/15/584 2994/15/594
f 3000/27/600 2999/25/599 3005/25/605
f 2984/15/584 2985/17/585 2995/17/595
f 2990/27/590 3003/27/603 3002/25/602
f 2985/17/585 2986/19/586 2996/19/596
f 2982/12/582 2992/12/592 2991/10/591
f 2986/19/586 2987/21/587 2997/21/597
f 2982/12/582 2983/14/583 2993/14/593
f 2445/12/13 2982/12/582 2981/10/581
f 2504/19/75 2503/17/74 2995/17/595
f 2453/19/21 2455/21/23 2987/21/587
f 2504/19/75 2996/19/596 2997/21/597
f 2451/17/19 2985/17/585 2984/15/584
f 2459/25/27 2461/27/29 2990/27/590
f 2505/21/76 2997/21/597 2998/23/598
f 2447/14/15 2983/14/583 2982/12/582
f 2506/23/77 2998/23/598 2999/25/599
f 2455/21/23 2457/23/25 2988/23/588
f 2500/12/71 2499/10/70 2991/10/591
f 3003/27/603 3009/27/609 3008/25/608
f 3006/27/606 3005/25/605 3011/25/611
f 2988/23/588 3001/23/601 3004/23/604
f 2989/25/589 3002/25/602 3001/23/601
f 2999/25/599 2998/23/598 3004/23/604
f 2990/27/590 3000/27/600 3006/27/606
f 3009/27/609 3015/27/615 3014/25/614
f 3012/27/612 3011/25/611 3017/25/617
f 3006/27/606 3012/27/612 3009/27/609
f 3004/23/604 3001/23/601 3007/23/607
f 3005/25/605 3004/23/604 3010/23/610
f 3002/25/602 3008/25/608 3007/23/607
f 3013/23/613 3019/23/619 3022/23/622
f 3015/27/615 3018/27/618 3024/27/624
f 3009/27/609 3012/27/612 3018/27/618
f 3007/23/607 3013/23/613 3016/23/616
f 3011/25/611 3010/23/610 3016/23/616
f 3008/25/608 3014/25/614 3013/23/613
f 3021/27/621 3027/27/627 3026/25/626
f 3024/27/624 3023/25/623 3029/25/629
f 3017/25/617 3016/23/616 3022/23/622
f 3014/25/614 3020/25/620 3019/23/619
f 3018/27/618 3017/25/617 3023/25/623
f 3015/27/615 3021/27/621 3020/25/620
f 3025/23/625 3031/23/631 3034/23/634
f 3027/27/627 3030/27/630 3036/27/636
f 3021/27/621 3024/27/624 3030/27/630
f 3019/23/619 3025/23/625 3028/23/628
f 3023/25/623 3022/23/622 3028/23/628
f 3020/25/620 3026/25/626 3025/23/625
f 3032/25/632 3035/25/635 3034/23/634
f 3032/25/632 3033/27/633 3036/27/636
f 3029/25/629 3028/23/628 3034/23/634
f 3026/25/626 3032/25/632 3031/23/631
f 3030/27/630 3029/25/629 3035/25/635
f 3027/27/627 3033/27/633 3032/25/632
f 3049/24/1251 3048/22/1252 3078/22/1284
f 2683/59/1223 3045/59/1255 3046/18/1254
f 2697/47/1208 2696/45/1209 3058/45/1241
f 2685/20/1221 2684/18/1222 3046/18/1254
f 2697/47/1208 3059/47/1240 3060/49/1239
f 2685/20/1221 3047/20/1253 3048/22/1252
f 2699/51/1206 2698/49/1207 3060/49/1239
f 2687/24/1219 2686/22/1220 3048/22/1252
f 2699/51/1206 3061/51/1238 3062/53/1237
f 2688/26/1218 2687/24/1219 3049/24/1251
f 2675/2/1231 1871/67/1200 2235/67/1232
f 2701/55/1204 2700/53/1205 3062/53/1237
f 2688/26/1218 3050/26/1250 3051/28/1249
f 2676/4/1230 2675/2/1231 3037/2/1263
f 2701/55/1204 3063/55/1236 3064/57/1235
f 1887/30/1216 2689/28/1217 3051/28/1249
f 2677/6/1229 2676/4/1230 3038/4/1262
f 2702/57/1203 3064/57/1235 3065/60/1234
f 1887/30/1216 2251/30/1248 3052/32/1247
f 2677/6/1229 3039/6/1261 3040/8/1260
f 2704/62/1201 2703/60/1202 3065/60/1234
f 2690/32/1215 3052/32/1247 3053/34/1246
f 2678/8/1228 3040/8/1260 3041/66/1259
f 1871/68/1200 2704/62/1201 3066/62/1233
f 2691/34/1214 3053/34/1246 3054/36/1245
f 2680/11/1226 2679/66/1227 3041/66/1259
f 2692/36/1213 3054/36/1245 3055/39/1244
f 2680/11/1226 3042/11/1258 3043/13/1257
f 2694/41/1211 2693/39/1212 3055/39/1244
f 2682/16/1224 2681/13/1225 3043/13/1257
f 2694/41/1211 3056/41/1243 3057/43/1242
f 2682/16/1224 3044/16/1445 3045/59/1255
f 2283/30/1280 3081/28/1281 3201/28/1408
f 3062/53/1237 3061/51/1238 3091/51/1449
f 3050/26/1250 3049/24/1251 3079/24/1283
f 2235/67/1232 2267/67/1264 3067/2/1295
f 3063/55/1236 3062/53/1237 3092/53/1450
f 3051/28/1249 3050/26/1250 3080/26/1282
f 3037/2/1263 3067/2/1295 3068/4/1294
f 3064/57/1235 3063/55/1236 3093/55/1451
f 2251/30/1248 3051/28/1249 3081/28/1281
f 3038/4/1262 3068/4/1294 3069/6/1293
f 3065/60/1234 3064/57/1235 3094/57/1267
f 2251/30/1248 2283/30/1280 3082/32/1279
f 3039/6/1261 3069/6/1293 3070/8/1446
f 3066/62/1233 3065/60/1234 3095/60/1266
f 3052/32/1247 3082/32/1279 3083/34/1278
f 3040/8/1260 3070/8/1446 3071/66/1447
f 2235/68/1232 3066/62/1233 3096/62/1265
f 3053/34/1246 3083/34/1278 3084/36/1277
f 3041/66/1259 3071/66/1447 3072/11/1448
f 3054/36/1245 3084/36/1277 3085/39/1276
f 3042/11/1258 3072/11/1448 3073/13/1289
f 3055/39/1244 3085/39/1276 3086/41/1275
f 3043/13/1257 3073/13/1289 3074/16/1288
f 3056/41/1243 3086/41/1275 3087/43/1274
f 3045/59/1255 3044/16/1445 3074/16/1288
f 3057/43/1242 3087/43/1274 3088/45/1273
f 3046/18/1254 3045/59/1255 3075/59/1287
f 3058/45/1241 3088/45/1273 3089/47/1272
f 3047/20/1253 3046/18/1254 3076/18/1286
f 3060/49/1239 3059/47/1240 3089/47/1272
f 3048/22/1252 3047/20/1253 3077/20/1285
f 3061/51/1238 3060/49/1239 3090/49/1271
f 3114/36/1309 3113/34/1310 3143/34/1342
f 3069/6/1293 3068/4/1294 3098/4/1326
f 3094/57/1267 3124/57/1299 3125/60/1298
f 3112/32/1311 3113/34/1310 3209/34/1412
f 3070/8/1446 3069/6/1293 3099/6/1325
f 3095/60/1266 3125/60/1298 3126/62/1297
f 3081/28/1281 3080/26/1282 3200/26/1471
f 3102/11/1454 3072/11/1448 3189/11/1461
f 3096/62/1265 3126/62/1297 2299/68/1296
f 2315/30/1312 3112/32/1311 3208/32/1413
f 3101/66/1453 3102/11/1454 3192/11/1464
f 3085/39/1276 3084/36/1277 3114/36/1309
f 3072/11/1448 3102/11/1454 3103/13/1321
f 3086/41/1275 3085/39/1276 3115/39/1308
f 3073/13/1289 3103/13/1321 3104/16/1320
f 3087/43/1274 3086/41/1275 3116/41/1307
f 3074/16/1288 3104/16/1320 3105/59/1319
f 3088/45/1273 3087/43/1274 3117/43/1306
f 3075/59/1287 3105/59/1319 3106/18/1318
f 3089/47/1272 3088/45/1273 3118/45/1305
f 3076/18/1286 3106/18/1318 3107/20/1317
f 3090/49/1271 3089/47/1272 3119/47/1304
f 3077/20/1285 3107/20/1317 3108/22/1316
f 3091/51/1449 3090/49/1271 3120/49/1303
f 3078/22/1284 3108/22/1316 3109/24/1315
f 3091/51/1449 3121/51/1455 3122/53/1456
f 3080/26/1282 3079/24/1283 3199/24/1410
f 3067/2/1295 2267/67/1264 2299/67/1296
f 3092/53/1450 3122/53/1456 3123/55/1457
f 2315/30/1312 2417/30/1414 3207/28/1415
f 3068/4/1294 3067/2/1295 3097/2/1327
f 3093/55/1451 3123/55/1457 3124/57/1299
f 3147/43/1338 3146/41/1339 3176/41/1371
f 3102/11/1454 3101/66/1453 3131/66/1355
f 3115/39/1308 3114/36/1309 3144/36/1341
f 3103/13/1321 3102/11/1454 3132/11/1354
f 3115/39/1308 3145/39/1340 3146/41/1339
f 3104/16/1320 3103/13/1321 3133/13/1353
f 3116/41/1307 3146/41/1339 3147/43/1338
f 3105/59/1319 3104/16/1320 3134/16/1352
f 3117/43/1306 3147/43/1338 3148/45/1337
f 3106/18/1318 3105/59/1319 3135/59/1351
f 3118/45/1305 3148/45/1337 3149/47/1336
f 3107/20/1317 3106/18/1318 3136/18/1350
f 3119/47/1304 3149/47/1336 3150/49/1335
f 3108/22/1316 3107/20/1317 3137/20/1349
f 3120/49/1303 3150/49/1335 3151/51/1334
f 3108/22/1316 3138/22/1348 3139/24/1347
f 3121/51/1455 3151/51/1334 3152/53/1333
f 3109/24/1315 3139/24/1347 3140/26/1346
f 3097/2/1327 2299/67/1296 2331/67/1328
f 3122/53/1456 3152/53/1333 3153/55/1332
f 3110/26/1314 3140/26/1346 3141/28/1345
f 3098/4/1326 3097/2/1327 3127/2/1359
f 3123/55/1457 3153/55/1332 3154/57/1331
f 3111/28/1313 3141/28/1345 2347/30/1344
f 3099/6/1325 3098/4/1326 3128/4/1358
f 3124/57/1299 3154/57/1331 3155/60/1330
f 3112/32/1311 2315/30/1312 2347/30/1344
f 3100/8/1452 3099/6/1325 3129/6/1357
f 3125/60/1298 3155/60/1330 3156/62/1329
f 3113/34/1310 3112/32/1311 3142/32/1343
f 3101/66/1453 3100/8/1452 3130/8/1356
f 3126/62/1297 3156/62/1329 2331/68/1328
f 3158/112/1390 3157/85/1391 3185/83/1362
f 3157/85/1391 2363/113/1360 3186/84/1361
f 3185/83/1362 3157/85/1391 3186/84/1361
f 3185/83/1362 3184/114/1363 3158/112/1390
f 3184/114/1363 3183/79/1364 3159/78/1389
f 3158/112/1390 3184/114/1363 3159/78/1389
f 3183/79/1364 3182/115/1365 3160/77/1388
f 3182/115/1365 3181/116/1366 3161/117/1387
f 3160/77/1388 3182/115/1365 3161/117/1387
f 3181/116/1366 3180/118/1367 3163/119/1385
f 3180/118/1367 3179/120/1368 3164/121/1384
f 3179/120/1368 3178/122/1369 3165/123/1383
f 3178/122/1369 3177/124/1370 3166/125/1382
f 3177/124/1370 3176/126/1371 3166/125/1382
f 3176/126/1371 3175/127/1372 3167/128/1381
f 3166/125/1382 3176/126/1371 3167/128/1381
f 3175/127/1372 3174/129/1458 3168/130/1380
f 3174/129/1458 3173/131/1374 3169/132/1379
f 3168/130/1380 3174/129/1458 3169/132/1379
f 3173/131/1374 3172/133/1375 3171/136/1377
f 3172/133/1375 2379/135/1376 3171/136/1377
f 3171/136/1377 3170/134/1378 3173/131/1374
f 3170/134/1378 3169/132/1379 3173/131/1374
f 3168/130/1380 3167/128/1381 3175/127/1372
f 3166/125/1382 3165/123/1383 3178/122/1369
f 3165/123/1383 3164/121/1384 3179/120/1368
f 3164/121/1384 3163/119/1385 3180/118/1367
f 3163/119/1385 3162/137/1386 3181/116/1366
f 3162/137/1386 3161/117/1387 3181/116/1366
f 3134/16/1352 3164/16/1384 3165/59/1383
f 3148/45/1337 3147/43/1338 3177/43/1370
f 3135/59/1351 3165/59/1383 3166/18/1382
f 3149/47/1336 3148/45/1337 3178/45/1369
f 3136/18/1350 3166/18/1382 3167/20/1381
f 3149/47/1336 3179/47/1368 3180/49/1367
f 3137/20/1349 3167/20/1381 3168/22/1380
f 3150/49/1335 3180/49/1367 3181/51/1366
f 3138/22/1348 3168/22/1380 3169/24/1379
f 3151/51/1334 3181/51/1366 3182/53/1365
f 3139/24/1347 3169/24/1379 3170/26/1378
f 3127/2/1359 2331/67/1328 2363/67/1360
f 3152/53/1333 3182/53/1365 3183/55/1364
f 3140/26/1346 3170/26/1378 3171/28/1377
f 3128/4/1358 3127/2/1359 3157/2/1391
f 3153/55/1332 3183/55/1364 3184/57/1363
f 3141/28/1345 3171/28/1377 2379/30/1376
f 3129/6/1357 3128/4/1358 3158/4/1390
f 3154/57/1331 3184/57/1363 3185/60/1362
f 3142/32/1343 2347/30/1344 2379/30/1376
f 3130/8/1356 3129/6/1357 3159/6/1389
f 3155/60/1330 3185/60/1362 3186/62/1361
f 3143/34/1342 3142/32/1343 3172/32/1375
f 3131/66/1355 3130/8/1356 3160/8/1388
f 3156/62/1329 3186/62/1361 2363/68/1360
f 3144/36/1341 3143/34/1342 3173/34/1374
f 3132/11/1354 3131/66/1355 3161/66/1387
f 3145/39/1340 3144/36/1341 3174/36/1458
f 3133/13/1353 3132/11/1354 3162/11/1386
f 3146/41/1339 3145/39/1340 3175/39/1372
f 3134/16/1352 3133/13/1353 3163/13/1385
f 3188/66/1460 3194/66/1466 3195/11/1467
f 3191/66/1463 3192/11/1464 3198/11/1470
f 3100/8/1452 3190/8/1462 3187/8/1459
f 3070/8/1446 3187/8/1459 3188/66/1460
f 3100/8/1452 3101/66/1453 3191/66/1463
f 3071/66/1447 3188/66/1460 3189/11/1461
f 3194/66/1466 3193/8/1465 3196/8/1468
f 3195/11/1467 3194/66/1466 3197/66/1469
f 3192/11/1464 3189/11/1461 3195/11/1467
f 3190/8/1462 3196/8/1468 3193/8/1465
f 3191/66/1463 3197/66/1469 3196/8/1468
f 3188/66/1460 3187/8/1459 3193/8/1465
f 3204/36/1404 3216/36/1418 3222/36/1425
f 3201/28/1408 3200/26/1471 3212/26/1473
f 2417/30/1414 2431/30/1428 3219/28/1429
f 3200/26/1471 3199/24/1410 3211/24/1424
f 3207/28/1415 3219/28/1429 3218/26/1430
f 3206/26/1416 3218/26/1430 3217/24/1431
f 3113/34/1310 3114/36/1309 3210/36/1411
f 2283/30/1280 2410/30/1407 3202/32/1406
f 3082/32/1279 3202/32/1406 3203/34/1405
f 3110/26/1314 3206/26/1416 3205/24/1472
f 3083/34/1278 3203/34/1405 3204/36/1404
f 3111/28/1313 3207/28/1415 3206/26/1416
f 3084/36/1277 3204/36/1404 3210/36/1411
f 3079/24/1283 3109/24/1315 3205/24/1472
f 3213/28/1422 3219/28/1429 2431/30/1428
f 3214/32/1420 2424/30/1421 2431/30/1428
f 3215/34/1474 3214/32/1420 3220/32/1427
f 3216/36/1418 3215/34/1474 3221/34/1426
f 3211/24/1424 3217/24/1431 3218/26/1430
f 3212/26/1473 3218/26/1430 3219/28/1429
f 2417/30/1414 3208/32/1413 3220/32/1427
f 2410/30/1407 3201/28/1408 3213/28/1422
f 3199/24/1410 3205/24/1472 3217/24/1431
f 3208/32/1413 3209/34/1412 3221/34/1426
f 2410/30/1407 2424/30/1421 3214/32/1420
f 3209/34/1412 3210/36/1411 3222/36/1425
f 3202/32/1406 3214/32/1420 3215/34/1474
f 3203/34/1405 3215/34/1474 3216/36/1418
