# Blender 4.5.4 LTS
# www.blender.org
mtllib terrain.mtl
o Plane
v -71.346329 -71.346329 -0.000003
v 71.346329 -71.346329 -0.000003
v -71.346329 71.346329 0.000003
v 71.346329 71.346329 0.000003
v -71.346329 0.000000 0.000000
v 0.000000 -71.346329 -0.000003
v 71.346329 0.000000 0.000000
v 0.000000 69.043213 0.000003
v 0.000000 0.000000 0.000000
v -71.346329 -35.673164 -0.000002
v 35.673164 -69.452225 0.023426
v 71.346329 35.673164 0.000002
v -35.673164 71.346329 0.000003
v -70.603142 35.673164 0.000002
v -35.673164 -71.346329 -0.000003
v 71.346329 -35.673164 -0.000002
v 35.673164 71.346329 0.000003
v -0.027216 35.673164 0.060441
v 0.000000 -35.673164 -0.000002
v -35.672077 -0.000000 0.007139
v 35.673164 0.000000 0.000000
v 35.673164 -35.673164 -0.000002
v -35.640362 35.677303 0.552676
v -71.346329 -53.509747 -0.000002
v 53.509747 -71.346329 -0.000003
v 71.346329 53.509747 0.000002
v -53.509747 71.346329 0.000003
v -71.346329 17.836582 0.000001
v -17.836582 -71.346329 -0.000003
v 71.346329 -17.836582 -0.000001
v 17.836582 69.043213 0.000003
v 0.000000 53.509747 0.007739
v 0.000000 -17.836582 -0.000001
v -55.024776 -1.300584 3.774106
v 17.836582 0.000000 0.000000
v -71.346329 -17.836582 -0.000001
v 17.836582 -69.752853 0.029284
v 71.346329 17.836582 0.000001
v -17.836582 71.346329 0.000003
v -71.346329 53.509747 0.000002
v -53.509747 -71.346329 -0.000003
v 71.346329 -53.509747 -0.000002
v 53.509747 71.346329 0.000003
v 0.000000 17.836582 0.000001
v -17.836582 0.000000 0.000000
v 53.509747 0.000000 0.000000
v 35.673164 -17.836582 -0.000001
v 35.673164 -52.377541 2.837898
v 17.836582 -35.673164 -0.000002
v 53.509747 -35.673164 -0.000002
v -34.313114 -17.517380 3.430630
v -17.829615 -35.666195 0.597451
v -35.577946 53.509747 2.150672
v -35.669762 17.836582 0.009352
v -54.837772 34.286865 4.380077
v -17.836582 35.673164 0.000002
v 35.671421 54.783825 3.019328
v 35.644135 16.760118 2.743744
v 55.170895 34.244457 3.794794
v 53.510620 17.833752 0.126198
v 17.839602 17.702984 2.318423
v 17.865904 54.586941 2.805740
v -17.836582 17.836582 0.000001
v -53.641472 53.507347 2.474006
v -53.509747 -53.509747 -0.000002
v 53.341293 -53.541954 2.112091
v 17.836582 -52.377541 2.855471
v 17.836582 -17.836582 -0.000001
v 53.509747 -17.836582 -0.000001
v -17.836582 -17.836582 -0.000001
v -17.836582 53.509747 0.000002
v 53.512356 53.549301 0.486773
v -71.346329 -62.428040 -0.000003
v 62.428040 -71.346329 -0.000003
v 71.346329 62.428040 0.000003
v -62.428040 71.346329 0.000003
v -71.346329 8.918291 0.000000
v -8.918291 -71.346329 -0.000003
v 71.346329 -8.918291 -0.000000
v 8.918291 68.984718 0.000003
v 0.000000 62.389332 0.000003
v 0.000000 -8.918291 -0.000000
v -62.443714 -0.000000 0.320692
v 8.918291 0.000000 0.000000
v -71.346329 -26.754873 -0.000001
v 26.754873 -69.463837 0.029284
v 71.346329 26.754873 0.000001
v -26.754873 71.346329 0.000003
v -71.346329 44.591454 0.000002
v -44.591454 -71.346329 -0.000003
v 71.346329 -44.591454 -0.000002
v 44.591454 71.346329 0.000003
v -0.003048 26.754873 0.045452
v -0.001452 -44.370167 0.645957
v -26.754873 0.000000 0.000000
v 44.591454 0.000000 0.000000
v 35.673164 -8.918291 -0.000000
v 35.673164 -44.582745 0.021963
v 8.918291 -35.673164 -0.000002
v 44.591454 -35.673164 -0.000002
v -35.654850 -9.007759 2.006091
v -62.431908 -35.660778 2.242126
v -26.536997 -34.571514 4.133296
v -35.673164 62.428040 0.049355
v -35.673164 26.756615 0.050700
v -62.426491 35.671616 0.411277
v -26.754873 35.673164 0.002058
v 35.673164 62.455254 0.060442
v 7.655302 35.676067 2.845917
v -71.346329 -44.591454 -0.000002
v 44.591454 -69.741249 0.023426
v 71.346329 44.591454 0.000002
v -44.591454 71.346329 0.000003
v -71.346329 26.754873 0.000001
v -26.754873 -71.346329 -0.000003
v 71.346329 -26.754873 -0.000001
v 26.754873 71.346329 0.000003
v -0.023950 44.591454 0.058991
v 0.000000 -26.754873 -0.000001
v -44.324734 0.000871 0.686216
v 26.754873 0.000000 0.000000
v -71.346329 -8.918291 -0.000000
v 8.918291 -71.346329 -0.000003
v 71.346329 8.918291 0.000000
v -8.918291 71.346329 0.000003
v -71.346329 62.428040 0.000003
v -62.428040 -71.346329 -0.000003
v 71.346329 -62.428040 -0.000003
v 62.428040 71.346329 0.000003
v 0.000000 8.918291 0.000000
v -8.918291 0.000000 0.000000
v 62.428040 0.000000 0.000000
v 35.673164 -26.754873 -0.000001
v 35.673164 -62.537193 2.323035
v 26.754873 -35.673164 -0.000002
v 62.428040 -35.673164 -0.000002
v -35.684776 -62.585964 0.679453
v -8.918291 -35.673164 -0.000002
v -35.573940 44.639103 2.638845
v -35.672077 8.918291 0.002746
v -43.474983 34.525982 4.332932
v -8.918291 35.673164 0.000002
v 35.673164 8.894341 0.058989
v 62.428040 35.673164 0.000002
v 53.649311 26.735212 2.334755
v 53.509747 8.918291 0.000000
v 44.619038 17.613335 0.923966
v 62.428040 17.836582 0.000001
v 17.836582 8.915243 0.045451
v 8.915097 17.833389 0.163751
v 26.757778 16.574682 2.845314
v 17.836582 62.413280 0.058992
v 8.902034 53.526005 0.781105
v 26.753325 54.847824 3.501474
v -17.836582 26.754873 0.000001
v -17.836582 8.918291 0.000000
v -26.754873 17.836582 0.000001
v -8.918291 17.836582 0.000001
v -53.545544 26.675116 2.896692
v -62.576096 17.836582 0.408553
v -44.246613 17.838577 0.932706
v -53.509747 62.428040 0.049355
v -54.863800 44.850319 3.312793
v -62.428040 53.509747 0.016453
v -47.688595 47.267910 18.117540
v -16.734932 -44.373581 4.133296
v -18.022381 -63.609596 2.938938
v -55.003098 -45.919914 3.825536
v -53.509747 -62.428040 -0.000003
v -62.428040 -53.509747 -0.000002
v -55.024776 -7.617707 3.774106
v -62.593513 -17.836582 0.417338
v 53.509747 -44.591454 0.017570
v 53.500458 -62.434425 0.328889
v 44.591454 -52.386250 2.833505
v 62.428040 -53.509747 0.017570
v 17.836582 -44.582745 0.021963
v 17.848196 -63.551533 2.862792
v 9.180054 -52.130299 3.476841
v 26.754873 -52.377541 2.855471
v 17.836582 -8.918291 -0.000000
v 17.836582 -26.754873 -0.000001
v 8.918291 -17.836582 -0.000001
v 26.754873 -17.836582 -0.000001
v 53.509747 -8.918291 -0.000000
v 53.509747 -26.754873 -0.000001
v 44.591454 -17.836582 -0.000001
v 62.428040 -17.836582 -0.000001
v -17.836582 -8.918291 -0.000000
v -17.836582 -26.754873 -0.000001
v -26.709375 -17.832092 0.258905
v -8.918291 -17.836582 -0.000001
v -17.836582 62.428040 0.000003
v -17.836582 44.591454 0.000002
v -26.754873 53.509747 0.000002
v -8.918291 53.509747 0.000002
v 53.509747 62.428040 0.001937
v 54.891621 45.973328 3.588380
v 44.591454 53.683125 2.343807
v 62.428040 53.509747 0.000002
v 62.428040 44.591454 0.000002
v 44.591454 62.431087 0.045453
v -8.918291 44.591454 0.000002
v -26.754873 44.591454 0.000002
v -26.754873 62.428040 0.000003
v -8.918291 -26.754873 -0.000001
v -26.470280 -26.716328 1.026257
v -26.754873 -8.918291 -0.000000
v 62.428040 -26.754873 -0.000001
v 44.591454 -26.754873 -0.000001
v 44.591454 -8.918291 -0.000000
v 26.754873 -26.754873 -0.000001
v 8.918291 -26.754873 -0.000001
v 8.918291 -8.918291 -0.000000
v 26.754873 -63.539925 2.851077
v 10.234358 -63.929905 3.787770
v 8.919744 -44.563221 0.159063
v 62.428040 -62.428040 -0.000003
v 44.591454 -62.335144 1.813442
v 44.591454 -44.582745 0.021963
v -62.593513 -26.754873 0.434909
v -62.443714 -8.918291 0.320691
v -44.591454 -62.428040 -0.000003
v -62.428040 -62.428040 -0.000003
v -62.437325 -44.600742 0.599794
v -26.743261 -63.407539 2.751502
v -49.066170 40.486809 18.078394
v -62.453442 44.592911 0.102751
v -62.428040 62.428040 0.000003
v -44.324734 8.918291 0.672684
v -62.593513 8.918291 0.417339
v -62.430870 26.754873 0.152615
v -8.918291 8.918291 0.000000
v -26.754873 8.918291 0.000000
v -26.754873 26.754873 0.000001
v 7.842769 44.562428 2.743444
v 8.918291 62.389332 0.007739
v 26.754873 8.891074 0.060440
v 8.918291 8.918291 0.000000
v 8.784691 26.757893 2.318423
v 62.428040 8.918291 0.000000
v 44.591454 8.917202 0.008220
v 62.428040 26.754873 0.000001
v 26.754873 62.452572 0.063333
v -8.918291 26.754873 0.000001
v -44.612339 27.016331 2.107027
v -44.591454 62.558678 0.374259
v -8.909582 -44.425980 0.439302
v -44.311348 -8.635787 3.453374
v 62.428040 -44.591454 -0.000002
v 26.754873 -44.582745 0.021963
v 26.754873 -8.918291 -0.000000
v 62.428040 -8.918291 -0.000000
v -8.918291 -8.918291 -0.000000
v -8.918291 62.428040 0.000003
v 62.428040 62.428040 0.000003
v -71.346329 -66.887184 -0.000003
v 66.887184 -71.346329 -0.000003
v 71.346329 66.887184 0.000003
v -66.887184 71.346329 0.000003
v -71.346329 4.459146 0.000000
v -4.459146 -71.346329 -0.000003
v 71.346329 -4.459146 -0.000000
v 4.459146 68.988159 0.000003
v 0.000000 66.474945 0.000003
v 0.000000 -4.459146 -0.000000
v -66.887184 -0.000000 0.017572
v 4.459146 0.000000 0.000000
v -71.346329 -31.214020 -0.000001
v 31.214020 -69.463837 0.029284
v 71.346329 31.214020 0.000001
v -31.214020 71.346329 0.000003
v -71.346329 40.132309 0.000002
v -40.132309 -71.346329 -0.000003
v 71.346329 -40.132309 -0.000002
v 40.132309 71.346329 0.000003
v -0.023950 31.214020 0.058990
v 0.000000 -40.108360 0.066992
v -31.214020 0.000000 0.000000
v 40.132309 0.000000 0.000000
v 35.673164 -4.459146 -0.000000
v 35.673164 -40.132309 -0.000002
v 4.459146 -35.673164 -0.000002
v 40.132309 -35.673164 -0.000002
v -35.669022 -4.458671 0.254881
v -66.887184 -35.673164 0.312783
v -29.668221 -34.158756 6.643809
v -35.673164 66.887184 0.000003
v -35.670914 31.212858 0.146608
v -66.887184 35.673164 0.034548
v -31.212349 35.673454 0.049807
v 35.673164 66.888275 0.002420
v 4.195690 35.673164 0.590857
v -71.346329 -49.050602 -0.000002
v 49.050602 -71.346329 -0.000003
v 71.346329 49.050602 0.000002
v -49.050602 71.346329 0.000003
v -71.346329 22.295727 0.000001
v -22.295727 -71.346329 -0.000003
v 71.346329 -22.295727 -0.000001
v 22.295727 69.452873 0.000003
v -0.003048 49.050602 0.045453
v 0.000000 -22.295727 -0.000001
v -47.761631 0.001089 3.200218
v 22.295727 0.000000 0.000000
v -71.346329 -13.377437 -0.000001
v 13.377437 -71.346329 -0.000003
v 71.346329 13.377437 0.000001
v -13.377437 71.346329 0.000003
v -71.346329 57.968891 0.000003
v -57.968891 -71.346329 -0.000003
v 71.346329 -57.968891 -0.000003
v 57.968891 71.346329 0.000003
v 0.000000 13.377437 0.000001
v -13.377437 0.000000 0.000000
v 57.968891 0.000000 0.000000
v 35.673164 -22.295727 -0.000001
v 36.989235 -59.480049 3.764341
v 22.295727 -35.673164 -0.000002
v 57.968891 -35.673164 -0.000002
v -33.898342 -20.792912 4.483689
v -35.858963 -59.167870 3.071329
v -13.377437 -35.673164 0.052715
v -34.831268 49.052921 2.535684
v -35.673164 13.377437 0.000001
v -47.993958 44.552750 18.675026
v -13.377437 35.673164 0.000002
v 31.214020 31.485239 20.604324
v 35.671715 13.156149 0.568775
v 31.035324 48.750946 18.654240
v 58.121559 35.670456 2.297819
v 54.677494 30.981577 2.957600
v 53.509747 13.377437 0.007737
v 40.132309 17.663212 2.339698
v 57.968891 17.836582 0.011605
v 40.076412 39.927872 20.897293
v 17.836582 13.338317 0.447123
v 4.459146 17.836582 0.013539
v 22.324760 16.762148 2.740434
v 17.836582 66.476036 0.002420
v 47.221886 39.003880 17.164083
v 4.456315 53.510620 0.124266
v 22.297180 54.804585 3.035894
v -17.836582 31.214020 0.000001
v -17.836582 13.377437 0.000001
v -31.214020 17.836582 0.000001
v -13.377437 17.836582 0.000001
v -53.505566 31.094755 2.946156
v -66.887184 17.836582 0.000001
v -47.703915 17.826506 3.433999
v -53.509747 66.887184 0.000003
v -54.593033 49.049438 2.997474
v -66.887184 53.509747 0.000002
v -50.431080 54.888836 3.870172
v -17.703119 -40.115841 2.748607
v -53.509747 -57.968891 -0.000003
v -66.887184 -53.509747 -0.000002
v -50.363575 -54.822720 2.936498
v -54.766785 -4.459146 3.126377
v -66.887184 -17.836582 -0.000001
v 53.509747 -40.132309 -0.000002
v 53.341293 -57.936691 2.112091
v 40.132309 -52.368832 2.833505
v 57.959606 -53.512070 0.306924
v 17.836582 -40.132309 -0.000002
v 5.891336 -51.817249 4.268564
v 22.295727 -52.377541 2.855471
v 17.836582 -4.459146 -0.000000
v 17.836582 -22.295727 -0.000001
v 4.459146 -17.836582 -0.000001
v 22.295727 -17.836582 -0.000001
v 53.509747 -4.459146 -0.000000
v 53.509747 -22.295727 -0.000001
v 40.132309 -17.836582 -0.000001
v 57.968891 -17.836582 -0.000001
v -17.836582 -4.459146 -0.000000
v -17.836582 -22.295727 -0.000001
v -30.928249 -17.789057 1.211850
v -13.377437 -17.836582 -0.000001
v -17.836582 66.887184 0.000003
v -17.836582 49.050602 0.000002
v -31.198341 53.509747 0.300230
v -13.377437 53.509747 0.000002
v 53.509747 66.887184 0.000003
v 53.529411 49.190163 2.334756
v 40.103283 54.587952 2.760240
v 57.969765 53.512577 0.126200
v -71.346329 -57.968891 -0.000003
v 57.968891 -71.346329 -0.000003
v 71.346329 57.968891 0.000003
v -57.968891 71.346329 0.000003
v -71.346329 13.377437 0.000001
v -13.377437 -71.346329 -0.000003
v 71.346329 -13.377437 -0.000001
v 13.377437 68.988159 0.000003
v 0.000000 57.967442 0.000003
v 0.000000 -13.377437 -0.000001
v -58.087345 -0.000000 2.323037
v 13.377437 0.000000 0.000000
v -71.346329 -22.295727 -0.000001
v 22.295727 -69.484482 0.029284
v 71.346329 22.295727 0.000001
v -22.295727 71.346329 0.000003
v -71.346329 49.050602 0.000002
v -49.050602 -71.346329 -0.000003
v 71.346329 -49.050602 -0.000002
v 49.050602 71.346329 0.000003
v 0.000000 22.295727 0.007737
v -0.029031 -47.974136 3.113342
v -22.295727 0.000000 0.000000
v 49.050602 0.000000 0.000000
v 35.673164 -13.377437 -0.000001
v 35.673164 -48.885124 0.417336
v 13.377437 -35.673164 -0.000002
v 49.050602 -35.673164 -0.000002
v -34.704205 -13.332761 2.611692
v -59.461468 -34.357098 3.823584
v -22.279257 -35.539703 2.748607
v -35.666195 57.975857 0.559330
v -35.672077 22.295727 0.008916
v -57.931095 35.645939 2.471029
v -22.295727 35.673164 0.000002
v 35.673164 58.233002 0.601936
v 22.581650 47.848625 18.414660
v 22.564627 40.132309 21.354261
v 31.213947 40.129406 22.041140
v -71.346329 -40.132309 -0.000002
v 40.132309 -69.472870 -0.000003
v 71.346329 40.132309 0.000002
v -40.132309 71.346329 0.000003
v -71.346329 31.214020 0.000001
v -31.214020 -71.346329 -0.000003
v 71.346329 -31.214020 -0.000001
v 31.214020 71.346329 0.000003
v -0.027216 40.132309 0.060441
v 0.000000 -31.214020 -0.000001
v -40.078445 0.000421 0.214043
v 31.214020 0.000000 0.000000
v -71.346329 -4.459146 -0.000000
v 4.459146 -71.346329 -0.000003
v 71.346329 4.459146 0.000000
v -4.459146 69.452873 0.000003
v -71.346329 66.887184 0.000003
v -66.887184 -71.346329 -0.000003
v 71.346329 -66.887184 -0.000003
v 66.887184 71.346329 0.000003
v 0.000000 4.459146 0.000000
v 0.000000 -67.993263 2.807147
v -4.459146 0.000000 0.000000
v 66.887184 0.000000 0.000000
v 35.673164 -31.214020 -0.000001
v 35.673164 -66.662872 0.320689
v 31.214020 -35.673164 -0.000002
v 66.887184 -35.673164 -0.000002
v -35.673164 -66.887184 -0.000003
v -4.459146 -35.673164 -0.000002
v -35.466175 40.118374 1.043417
v -35.672077 4.459146 0.002746
v -40.047615 35.705059 2.681336
v -4.460234 35.673164 0.002419
v 39.897160 32.383381 18.540197
v 35.673164 4.458057 0.002418
v 22.584127 32.387859 18.517204
v 66.887184 35.673164 0.000002
v 53.527454 22.278021 0.782393
v 53.509747 4.459146 0.000000
v 49.053211 17.797028 0.486771
v 66.887184 17.836582 0.000001
v 16.443100 20.883278 3.608859
v 17.836582 4.459146 0.001934
v 13.354212 17.797100 0.798510
v 31.211117 16.573593 2.845916
v 17.838034 58.188728 0.571184
v 31.214020 28.229403 18.151613
v 13.380999 53.641182 2.325822
v 31.215567 54.844700 3.499749
v -17.836582 22.295727 0.000001
v -17.836582 4.459146 0.000000
v -22.295727 17.836582 0.000001
v -4.459146 17.836582 0.000001
v -54.921608 23.649471 4.042377
v -58.957104 17.824970 2.773471
v -40.081280 17.836800 0.141501
v -53.526005 57.984280 0.830083
v -55.175121 41.569664 4.053572
v -57.984566 53.509747 0.300230
v -38.834824 54.807236 3.436395
v -16.481203 -47.675190 6.686820
v -17.836582 -66.887184 -0.000003
v -54.551960 -49.236401 2.610925
v -53.509747 -66.887184 -0.000003
v -57.968891 -53.509747 -0.000002
v -59.092388 -17.836582 2.906619
v -40.229855 -40.141602 39.312038
v 53.500458 -49.044212 0.311318
v 53.509747 -66.887184 0.017569
v 49.029701 -52.522118 2.742130
v 66.887184 -53.509747 -0.000002
v 17.836582 -48.885124 0.417336
v 17.836582 -66.839767 0.434908
v 13.406467 -52.213154 3.264572
v 31.214020 -52.377541 2.855471
v 17.836582 -13.377437 -0.000001
v 17.836582 -31.214020 -0.000001
v 13.377437 -17.836582 -0.000001
v 31.214020 -17.836582 -0.000001
v 53.509747 -13.377437 -0.000001
v 53.509747 -31.214020 -0.000001
v 49.050602 -17.836582 -0.000001
v 66.887184 -17.836582 -0.000001
v -17.836582 -13.377437 -0.000001
v -17.836582 -31.214020 0.052715
v -22.292606 -17.836401 0.021049
v -4.459146 -17.836582 -0.000001
v -17.836582 57.968891 0.000003
v -17.836582 40.132309 0.000002
v -22.295727 53.509747 0.000002
v -4.459146 53.509747 0.000002
v 53.509747 57.971943 0.051255
v 26.778292 31.398928 19.249441
v 49.078182 53.732998 0.923967
v 66.887184 53.509747 0.000002
v 62.428040 49.050602 0.000002
v 62.428040 40.132309 0.000002
v 58.079620 44.590607 2.271233
v 66.887184 44.591454 0.000002
v 46.020168 50.715008 3.803159
v 43.127319 32.886189 17.477430
v 31.192270 44.545620 21.133986
v 22.576241 44.354927 20.854559
v 44.591454 66.887184 0.001937
v 44.591454 58.011131 0.448511
v 40.132309 62.451988 0.058992
v 49.050602 62.429127 0.008222
v -8.918291 49.050602 0.000002
v -8.918291 40.132309 0.000002
v -13.377437 44.591454 0.000002
v -4.460234 44.591454 0.002420
v -26.754873 49.050602 0.000002
v -26.754873 40.132309 0.000002
v -31.200666 44.593777 0.316194
v -22.295727 44.591454 0.000002
v -26.754873 66.887184 0.000003
v -26.754873 57.968891 0.000003
v -31.214020 62.428040 0.000003
v -22.295727 62.428040 0.000003
v -8.918291 -22.295727 -0.000001
v -8.918291 -31.214020 -0.000001
v -13.377437 -26.754873 -0.000001
v -4.459146 -26.754873 -0.000001
v -26.681299 -22.292082 0.700738
v -26.404325 -30.927849 1.952264
v -30.076269 -26.756277 3.564292
v -22.260338 -26.747171 0.187370
v -26.754873 -4.459146 -0.000000
v -26.749422 -13.377074 0.029126
v -31.211599 -8.917947 0.178691
v -22.295727 -8.918291 -0.000000
v 62.428040 -22.295727 -0.000001
v 62.428040 -31.214020 -0.000001
v 57.968891 -26.754873 -0.000001
v 66.887184 -26.754873 -0.000001
v 44.591454 -22.295727 -0.000001
v 44.591454 -31.214020 -0.000001
v 40.132309 -26.754873 -0.000001
v 49.050602 -26.754873 -0.000001
v 44.591454 -4.459146 -0.000000
v 44.591454 -13.377437 -0.000001
v 40.132309 -8.918291 -0.000000
v 49.050602 -8.918291 -0.000000
v 26.754873 -22.295727 -0.000001
v 26.754873 -31.214020 -0.000001
v 22.295727 -26.754873 -0.000001
v 31.214020 -26.754873 -0.000001
v 8.918291 -22.295727 -0.000001
v 8.918291 -31.214020 -0.000001
v 4.459146 -26.754873 -0.000001
v 13.377437 -26.754873 -0.000001
v 8.918291 -4.459146 -0.000000
v 8.918291 -13.377437 -0.000001
v 4.459146 -8.918291 -0.000000
v 13.377437 -8.918291 -0.000000
v -49.923466 -22.497013 36.309830
v 26.754873 -66.812668 0.417335
v 22.295727 -63.548634 2.855470
v 31.202408 -63.404640 2.773467
v -48.901966 -31.211699 42.681431
v 8.918291 -67.005638 2.294919
v -41.625664 -32.542473 34.813354
v 13.563234 -63.618309 3.001904
v 8.918291 -40.132309 -0.000002
v 8.947322 -48.781925 1.076072
v 4.459146 -44.549217 0.509371
v 13.377437 -44.582745 0.021963
v 62.428040 -57.968891 0.017570
v 62.428040 -66.887184 -0.000003
v 57.968891 -62.428040 0.035142
v 66.887184 -62.428040 -0.000003
v 44.603069 -59.213737 3.121982
v 44.591454 -66.667328 0.263579
v 40.143925 -62.567387 0.943036
v 49.050602 -62.560421 0.650167
v 44.591454 -40.132309 -0.000002
v 44.591454 -48.885124 0.417336
v 40.132309 -44.582745 0.021963
v 49.050602 -44.582745 0.021963
v -31.384335 -49.059124 38.091408
v -48.004333 -39.958126 37.507015
v -39.983673 -48.885708 38.945477
v -40.129990 -44.582169 42.959118
v -62.593513 -22.295727 0.417337
v -62.587708 -31.202408 0.697906
v -66.895889 -26.754873 0.021964
v -59.112709 -26.743261 2.932218
v -62.436749 -4.459146 0.092254
v -62.576096 -13.377437 0.408552
v -66.887184 -8.918291 -0.000000
v -58.087345 -8.918291 2.323037
v -44.591454 -58.953041 2.482062
v -44.591454 -66.887184 -0.000003
v -49.050602 -62.428040 -0.000003
v -40.132309 -62.428040 -0.000003
v -62.428040 -57.968891 -0.000003
v -62.428040 -66.887184 -0.000003
v -66.887184 -62.428040 -0.000003
v -57.968891 -62.428040 -0.000003
v -62.415653 -40.144699 2.233925
v -62.428040 -49.050602 -0.000002
v -66.887184 -44.591454 -0.000002
v -58.126823 -44.740097 2.394495
v -47.557255 -43.263004 34.794613
v -8.918291 -66.887184 -0.000003
v -14.705892 -63.933002 3.420707
v -43.278488 -47.737633 35.140419
v -44.455593 -40.111408 43.514519
v -26.754873 -66.887184 -0.000003
v -31.214020 -62.546490 2.294919
v -22.307341 -63.554440 2.858399
v -32.526989 -45.895142 35.066364
v -28.336220 -50.111717 34.146469
v -49.022736 -26.764168 38.401199
v -44.749386 -31.362661 38.978809
v -46.040398 47.521770 18.055126
v -50.030251 37.254177 17.348227
v -46.106758 45.660759 18.176817
v -38.816036 43.452923 4.411655
v -62.436749 49.050602 0.020566
v -62.429611 40.133858 0.299912
v -66.887184 44.591454 0.000002
v -58.216503 44.622036 0.995378
v -62.428040 66.887184 0.000003
v -62.428040 57.968891 0.000003
v -66.887184 62.428040 0.000003
v -57.968891 62.428040 0.000003
v -44.227707 13.377655 0.923607
v -44.324734 4.459146 0.672684
v -47.763805 8.918291 3.239864
v -40.105095 8.918291 0.068642
v -62.593513 13.377437 0.417339
v -62.576096 4.459146 0.408553
v -66.887184 8.918291 0.000000
v -59.092388 8.918291 2.851080
v -62.428040 31.213146 0.141469
v -62.443714 22.295727 0.320693
v -66.887184 26.754873 0.000001
v -57.986931 26.750132 0.999075
v -8.918291 13.377437 0.000001
v -8.918291 4.459146 0.000000
v -13.377437 8.918291 0.000000
v -4.459146 8.918291 0.000000
v -26.754873 13.377437 0.000001
v -26.754873 4.459146 0.000000
v -31.214020 8.918291 0.000000
v -22.295727 8.918291 0.000000
v -26.754873 31.214020 0.000001
v -26.754873 22.295727 0.000001
v -31.214020 26.754873 0.002058
v -22.295727 26.754873 0.000001
v 26.782089 40.132309 22.023888
v 26.732050 48.812458 18.821922
v 39.897160 43.423035 18.537216
v 44.326138 39.931828 18.700890
v 8.786859 49.047043 2.321329
v 7.655302 40.129410 2.845917
v 4.237858 44.590004 0.568777
v 30.086161 51.420551 16.600769
v 8.918291 66.468979 0.000003
v 8.917420 57.970268 0.124266
v 4.459146 62.389332 0.000003
v 13.377437 62.392380 0.045453
v 26.754873 13.113981 0.590856
v 26.754873 4.458057 0.002418
v 22.295727 8.894341 0.058989
v 31.214020 8.891074 0.060440
v 8.918291 13.377437 0.013539
v 8.918291 4.459146 0.000000
v 4.459146 8.918291 0.000000
v 13.377437 8.918291 0.007737
v 7.843857 31.243052 2.742842
v 8.878809 22.272505 0.798510
v 4.420027 26.754873 0.447124
v 11.964987 25.361391 3.611427
v 62.428040 13.377437 0.000001
v 62.428040 4.459146 0.000000
v 57.968891 8.918291 0.000000
v 66.887184 8.918291 0.000000
v 44.592911 13.352469 0.138608
v 44.591454 4.459146 0.000000
v 40.132309 8.915243 0.045451
v 49.050602 8.918291 0.001934
v 19.142973 40.132309 18.612284
v 44.823898 21.127985 2.950700
v 31.215107 35.702415 21.937757
v 50.434021 25.371456 3.593880
v 62.428040 31.214020 0.000001
v 62.428040 22.295727 0.000001
v 58.008446 26.752262 0.484838
v 66.887184 26.754873 0.000001
v 35.669392 40.095516 21.556290
v 47.220951 36.800438 17.131351
v 19.579771 47.308289 17.242575
v 19.578146 32.927715 17.341715
v 26.754873 66.855858 0.002420
v 26.754873 58.240799 0.658696
v 22.295727 62.421387 0.060442
v 31.214020 62.455471 0.063333
v -8.918291 31.214020 0.000001
v -8.918291 22.295727 0.000001
v -13.377437 26.754873 0.000001
v -4.459146 26.754873 0.001935
v -44.591175 30.992712 2.973205
v -44.362144 22.324280 1.001341
v -49.099777 26.394030 3.016670
v -40.131744 26.785240 0.464922
v -44.591454 66.895889 0.020566
v -44.591454 58.813114 2.519719
v -49.050602 62.443714 0.300230
v -40.132309 62.443714 0.300230
v -8.918291 -40.123600 0.039536
v -8.909582 -47.918396 2.924895
v -13.229379 -44.425980 0.920807
v -4.458057 -44.327999 0.673780
v -52.310772 -31.028223 37.114788
v -38.803856 -51.995499 34.771412
v -41.178589 -35.847351 37.507011
v -35.670841 -48.901966 42.644394
v -44.232174 -4.419431 1.387519
v -44.841991 -12.125499 8.712414
v -47.579277 -8.630348 5.356822
v -40.104576 -8.854885 3.230781
v 62.428040 -40.132309 -0.000002
v 62.428040 -49.050602 -0.000002
v 57.968891 -44.591454 -0.000002
v 66.887184 -44.591454 -0.000002
v 26.754873 -40.132309 -0.000002
v 26.754873 -48.885124 0.417336
v 22.295727 -44.582745 0.021963
v 31.214020 -44.582745 0.021963
v 26.754873 -4.459146 -0.000000
v 26.754873 -13.377437 -0.000001
v 22.295727 -8.918291 -0.000000
v 31.214020 -8.918291 -0.000000
v 62.428040 -4.459146 -0.000000
v 62.428040 -13.377437 -0.000001
v 57.968891 -8.918291 -0.000000
v 66.887184 -8.918291 -0.000000
v -8.918291 -4.459146 -0.000000
v -8.918291 -13.377437 -0.000001
v -13.377437 -8.918291 -0.000000
v -4.459146 -8.918291 -0.000000
v -8.918291 66.887184 0.000003
v -8.918291 57.968891 0.000003
v -13.377437 62.428040 0.000003
v -4.459146 62.394169 0.000003
v 62.428040 66.887184 0.000003
v 62.428040 57.968891 0.000003
v 57.968891 62.428040 0.000003
v 66.887184 62.428040 0.000003
v 66.887184 57.968891 0.000003
v 57.968891 57.968891 0.007739
v 57.968891 66.887184 0.000003
v -4.459146 57.967442 0.000003
v -13.377437 57.968891 0.000003
v -13.377437 66.887184 0.000003
v -4.459146 -13.377437 -0.000001
v -13.377437 -13.377437 -0.000001
v -13.377437 -4.459146 -0.000000
v 66.887184 -13.377437 -0.000001
v 57.968891 -13.377437 -0.000001
v 57.968891 -4.459146 -0.000000
v 31.214020 -13.377437 -0.000001
v 22.295727 -13.377437 -0.000001
v 22.295727 -4.459146 -0.000000
v 31.214020 -48.885124 0.417336
v 22.295727 -48.885124 0.417336
v 22.295727 -40.132309 -0.000002
v 66.887184 -49.050602 -0.000002
v 57.968891 -49.050602 0.035142
v 57.968891 -40.132309 -0.000002
v -41.632755 -11.631617 6.571980
v -47.441967 -12.046350 9.862152
v -47.739857 -4.434760 3.366375
v -50.289772 -19.433414 33.782150
v -52.468506 -22.508623 36.042568
v -31.412977 -52.343098 36.320023
v -4.460960 -47.787613 3.237923
v -13.133577 -47.737679 4.263674
v -13.361759 -40.123600 0.342655
v -40.132309 58.064117 2.150673
v -49.050602 58.064117 2.150673
v -49.050602 66.887184 0.000003
v -40.106045 22.299212 0.154153
v -47.977104 22.224798 3.197976
v -49.049923 30.290335 3.407326
v -4.459146 22.295727 0.000001
v -13.377437 22.295727 0.000001
v -13.377437 31.214020 0.000001
v 31.214020 58.240799 0.658696
v 22.295727 58.232635 0.602538
v 22.295727 66.548294 0.002420
v 22.576241 35.908604 20.865641
v 34.280197 47.605740 17.617342
v 40.076412 35.877602 20.897293
v 66.887184 22.295727 0.000001
v 57.971725 22.294855 0.126198
v 58.190178 31.186441 0.915746
v 49.070267 22.156166 2.334755
v 41.561020 20.632259 3.751396
v 35.652649 31.398928 19.249119
v 49.050602 4.459146 0.000000
v 40.132309 4.459146 0.001934
v 40.132309 13.335196 0.448509
v 66.887184 4.459146 0.000000
v 57.968891 4.459146 0.000000
v 57.968891 13.377437 0.000001
v 13.170815 22.089108 2.484193
v 4.455154 22.294567 0.124909
v 4.237858 31.215471 0.568776
v 13.377437 4.459146 0.000000
v 4.459146 4.459146 0.000000
v 4.459146 13.377437 0.000001
v 31.214020 4.458057 0.002418
v 22.295727 4.458057 0.002418
v 22.297180 13.156149 0.568775
v 13.377437 58.006561 0.447125
v 4.459146 57.967442 0.011607
v 4.459146 66.468979 0.000003
v 28.149904 28.461699 17.509653
v 4.195690 40.132309 0.590857
v 4.420027 49.050602 0.447125
v 26.779249 44.544952 21.454718
v 43.128483 42.918365 17.438236
v 27.850012 51.431343 16.624588
v -22.295727 22.295727 0.000001
v -31.214020 22.295727 0.000001
v -31.214020 31.214020 0.008227
v -22.295727 4.459146 0.000000
v -31.214020 4.459146 0.000000
v -31.214020 13.377437 0.000001
v -4.459146 4.459146 0.000000
v -13.377437 4.459146 0.000000
v -13.377437 13.377437 0.000001
v -58.071083 22.295727 2.300780
v -66.887184 22.295727 0.000001
v -66.887184 31.214020 0.006170
v -58.957104 4.470758 2.773470
v -66.887184 4.459146 0.000000
v -66.887184 13.377437 0.000001
v -40.105095 4.459146 0.070838
v -47.763805 4.459146 3.233274
v -47.764896 13.377437 3.239315
v -57.968891 57.968891 0.049355
v -66.887184 57.968891 0.000003
v -66.887184 66.887184 0.000003
v -57.976990 40.162685 2.367082
v -66.887184 40.132309 0.000002
v -66.887184 49.050602 0.000002
v -39.039803 39.968212 3.366978
v -51.731380 36.247074 15.663802
v -39.263706 43.805588 4.301003
v -48.936802 -35.663876 39.286125
v -36.983044 -41.432896 35.165104
v -44.426563 -44.442818 38.989910
v -22.295727 -67.035240 0.373405
v -31.214020 -66.901993 0.286862
v -32.530087 -59.480049 3.861823
v -4.459146 -67.862617 2.460097
v -13.377437 -66.887184 -0.000003
v -45.892040 -28.055460 35.091053
v -57.968891 -49.050602 -0.000002
v -66.887184 -49.050602 -0.000002
v -66.887184 -40.132309 0.312782
v -57.968891 -66.887184 -0.000003
v -66.887184 -66.887184 -0.000003
v -66.887184 -57.968891 -0.000003
v -40.132309 -66.887184 -0.000003
v -49.050602 -66.887184 -0.000003
v -49.050602 -57.968891 -0.000003
v -58.957104 -13.389050 2.773469
v -66.887184 -13.377437 -0.000001
v -66.887184 -4.459146 -0.000000
v -59.167870 -31.028221 3.071330
v -66.895889 -31.214020 0.057108
v -66.887184 -22.295727 -0.000001
v -52.380447 -26.754875 36.698238
v -28.351704 -52.231873 33.825577
v -44.727322 -35.694069 43.514519
v 49.050602 -48.902542 0.408550
v 40.132309 -48.885124 0.417336
v 40.132309 -40.132309 -0.000002
v 49.050602 -66.884285 0.057107
v 40.132309 -66.655899 0.092251
v 40.318108 -59.185291 3.023870
v 66.887184 -66.887184 -0.000003
v 57.968891 -66.887184 -0.000003
v 57.959606 -57.966572 0.306924
v 13.380340 -48.783371 0.717893
v 4.459146 -48.874332 2.658663
v 4.459146 -40.129261 0.051616
v 13.389050 -67.042206 0.701418
v 4.447533 -67.866684 2.751502
v -35.821800 -44.733124 38.960289
v 31.214020 -66.795250 0.408549
v 22.295727 -66.812668 0.417335
v -52.249680 -19.433414 33.758949
v 13.377437 -13.377437 -0.000001
v 4.459146 -13.377437 -0.000001
v 4.459146 -4.459146 -0.000000
v 13.377437 -31.214020 -0.000001
v 4.459146 -31.214020 -0.000001
v 4.459146 -22.295727 -0.000001
v 31.214020 -31.214020 -0.000001
v 22.295727 -31.214020 -0.000001
v 22.295727 -22.295727 -0.000001
v 49.050602 -13.377437 -0.000001
v 40.132309 -13.377437 -0.000001
v 40.132309 -4.459146 -0.000000
v 49.050602 -31.214020 -0.000001
v 40.132309 -31.214020 -0.000001
v 40.132309 -22.295727 -0.000001
v 66.887184 -31.214020 -0.000001
v 57.968891 -31.214020 -0.000001
v 57.968891 -22.295727 -0.000001
v -22.295727 -13.377437 -0.000001
v -31.090864 -13.370179 0.377704
v -31.214020 -4.459146 0.002196
v -22.268728 -31.174900 0.592500
v -29.806175 -30.897522 4.624503
v -30.995581 -22.292679 2.919823
v -4.459146 -31.214020 -0.000001
v -13.377437 -31.214020 -0.000001
v -13.377437 -22.295727 -0.000001
v -22.295727 57.968891 0.000003
v -31.214020 57.968891 0.049355
v -31.214020 66.887184 0.000003
v -22.295727 40.132309 0.000002
v -31.194351 40.131798 0.127127
v -31.083380 49.050602 0.374258
v -4.460234 40.132309 0.002419
v -13.377437 40.132309 0.000002
v -13.377437 49.050602 0.000002
v 49.052055 57.993858 0.138610
v 40.130859 58.190178 0.568777
v 40.132309 66.888275 0.002420
v 19.221550 44.276787 18.365606
v 26.782888 35.716423 21.589869
v 35.652962 44.447872 19.307457
v 66.887184 40.132309 0.000002
v 58.813839 40.132309 2.572452
v 57.985439 49.067146 0.774013
v 66.887184 49.050602 0.000002
v 49.283043 50.218349 2.957601
v 49.050602 66.887184 0.000003
v -4.459146 49.050602 0.001936
v -22.295727 49.050602 0.000002
v -22.295727 66.887184 0.000003
v -4.459146 -22.295727 -0.000001
v -22.289360 -22.295591 0.077742
v -22.295727 -4.459146 -0.000000
v 66.887184 -22.295727 -0.000001
v 49.050602 -22.295727 -0.000001
v 49.050602 -4.459146 -0.000000
v 31.214020 -22.295727 -0.000001
v 13.377437 -22.295727 -0.000001
v 13.377437 -4.459146 -0.000000
v -52.007881 -34.357098 34.800781
v -35.498978 -52.307869 37.091640
v 13.377437 -40.132309 -0.000002
v 66.887184 -57.968891 -0.000003
v 49.029701 -58.973946 2.786061
v 49.050602 -40.132309 -0.000002
v -47.061840 -12.867510 15.779263
v -59.109806 -22.295727 2.924896
v -58.136688 -4.459146 0.985504
v -40.143925 -59.086582 2.874401
v -57.968891 -57.968891 -0.000003
v -59.269478 -41.432896 3.655004
v -46.045937 -12.873950 15.403474
v -16.961300 -48.170963 8.041402
v -20.913084 -38.749668 4.089391
v -43.809944 34.884686 4.263774
v -58.189819 49.052055 0.649337
v -57.968891 66.887184 0.000003
v -40.078556 13.377437 0.136595
v -59.092388 13.377437 2.851080
v -57.968216 31.197084 0.960990
v -4.459146 13.377437 0.000001
v -22.295727 13.377437 0.000001
v -22.295727 31.214020 0.000001
v 44.326138 35.873657 18.700890
v 11.995102 50.432007 3.641658
v 13.377437 66.468979 0.001937
v 31.214020 13.113981 0.590856
v 13.376276 13.373445 0.124909
v 34.278133 28.461699 17.505527
v 66.887184 13.377437 0.000001
v 49.050602 13.374389 0.051253
v 19.221550 35.985806 18.375664
v 66.887184 31.214020 0.000001
v 35.669392 35.713078 21.547825
v 31.214020 66.886818 0.002420
v -4.460234 31.214020 0.002419
v -40.121857 31.190737 0.971130
v -40.132309 66.887184 0.016454
v -4.459146 -40.123600 0.021963
v -30.334383 -34.797882 8.041402
v -40.080158 -4.450859 0.720712
v 66.887184 -40.132309 -0.000002
v 31.214020 -40.132309 -0.000002
v 31.214020 -4.459146 -0.000000
v 66.887184 -4.459146 -0.000000
v -4.459146 -4.459146 -0.000000
v -4.459146 66.548653 0.000003
v 66.887184 66.887184 0.000003
v 35.668907 52.291088 8.125850
v 35.411404 19.212986 6.895616
v 16.812300 35.711411 13.225947
v 53.323689 35.691509 7.943466
v 19.299740 19.541086 6.124599
v 18.104885 52.154919 7.451373
v 35.674713 26.622356 12.688634
v 10.190207 35.700748 7.098082
v 45.946903 34.287090 14.239406
v 37.132839 46.237762 14.519001
v 51.835442 28.217257 6.152989
v 17.890287 26.788113 9.668036
v 26.782454 19.129402 7.081232
v 16.813953 44.530220 13.117741
v 26.725662 52.509857 10.461543
v 53.254219 44.342739 7.462280
v 43.157719 51.820694 6.217396
v 44.606476 44.696331 12.402168
v 10.274470 44.326988 6.910641
v 10.622792 28.218031 6.130375
v 44.540359 26.945316 9.565727
v 26.752165 26.621546 12.747687
v 37.101875 29.554033 14.548230
v 35.881023 49.086697 12.517453
v 56.263237 37.068195 6.172168
v 52.339298 31.448299 7.093429
v 38.698570 19.528311 6.154558
v 17.914829 31.288204 12.456530
v 22.560200 19.215624 6.847777
v 17.936152 48.759922 11.818788
v 22.296213 52.464874 8.268951
v 52.047363 47.376297 6.150927
v 39.874325 52.159939 7.071402
v 35.642975 22.525509 9.510436
v 13.425991 35.679264 9.973947
v 48.979656 35.648674 12.260911
v 18.049168 22.546225 7.443611
v 31.186441 19.111765 7.096276
v 16.625849 40.131439 13.357035
v 14.842839 51.806816 6.253379
v 31.240210 52.472115 10.436867
v 53.230518 40.108894 9.102081
v 56.251621 43.164299 6.101311
v 44.571255 48.898563 8.037834
v 45.948997 41.516300 14.235692
v 40.366005 45.732182 13.439951
v 48.996510 44.379948 9.925546
v 25.321186 50.425941 13.910533
v 10.620489 47.584660 6.182039
v 10.186942 40.104733 7.099887
v 13.434278 44.534496 9.633368
v 10.296533 31.478783 6.893310
v 13.629038 26.966822 7.479555
v 44.588768 31.095184 12.649305
v 44.356304 23.463350 7.013909
v 40.156116 26.575462 10.562698
v 48.798485 27.004736 7.498808
v 25.326555 29.555584 14.553865
v 26.758938 22.523838 9.824674
v 22.273664 26.563486 10.870496
v 31.214020 25.913996 13.108148
v 31.211117 22.387102 9.946910
v 22.346531 22.546408 9.109505
v 22.073668 30.070589 13.536166
v 47.588219 23.970037 6.147212
v 40.110249 22.460159 7.681867
v 40.363880 30.049105 13.519692
v 14.804596 23.722887 6.279559
v 13.384767 40.128246 10.000745
v 22.076338 49.934849 12.940536
v 48.990013 40.139557 12.451905
v 40.152924 49.016796 10.127565
v 56.493690 40.129601 6.680972
v 48.815453 47.882591 7.097769
v 32.611629 50.186989 13.757852
v 13.618402 48.794315 7.816638
v 13.635813 31.272951 9.473763
v 48.820614 31.249630 9.929877
v -37.181999 52.196777 6.966009
v -53.081188 35.909611 9.770166
v -51.804436 52.041096 6.645408
v -37.396324 46.003212 6.642112
v -44.854675 35.809273 8.522323
v -52.408417 44.592621 8.257333
v -44.614098 53.201241 9.641902
v -44.835152 44.755474 12.852562
v -44.982819 29.037195 5.115938
v -36.921494 49.050602 7.602534
v -49.191498 36.078663 11.942621
v -52.044743 32.892349 7.153465
v -52.134346 48.763855 7.863435
v -48.786278 53.232914 8.264014
v -56.112720 36.801891 6.801105
v -41.816856 37.124264 6.695864
v -53.306305 40.183163 8.520403
v -40.297207 53.344852 8.257535
v -44.806396 48.812126 12.876490
v -44.845249 40.194748 10.579585
v -48.727501 44.586998 13.140464
v -40.392414 44.677025 8.597092
v -45.700203 31.794027 6.781322
v -44.591454 56.720566 7.602535
v -41.445282 56.460064 6.966009
v -47.622433 56.250385 6.543074
v -49.005531 32.476307 7.758708
v -56.149761 39.038170 6.441904
v -41.319248 40.381260 7.623035
v -49.046280 40.201015 12.748337
v -48.641987 48.749645 12.428058
v -40.439545 49.009148 9.686720
v -35.530334 -35.652264 13.188704
v -53.530651 -0.000000 8.606836
v -0.029031 -53.777340 10.167349
v 35.673164 -54.624535 8.074396
v -36.647617 -17.792469 8.321746
v -35.661552 -54.342937 19.594082
v -53.615654 -35.673164 18.239235
v -53.497147 17.780167 9.493217
v -17.837162 -53.508659 10.940555
v -53.509747 -53.509747 11.246169
v -53.345165 -18.005039 17.548519
v 51.912922 -54.760529 7.130252
v 17.836582 -54.633244 8.368730
v -36.557598 -10.372888 7.638231
v -34.360195 -43.278488 22.897085
v -60.849792 -36.746666 7.324996
v -26.993364 -36.832081 8.181307
v 0.000000 -62.262562 10.811257
v 34.357098 -60.935467 7.434966
v -36.014511 -26.799852 10.554900
v -52.447231 24.919777 6.657617
v -53.509747 8.918291 10.393921
v -18.995497 -44.830814 8.156314
v -17.857483 -61.449116 8.496128
v -26.915899 -53.468719 17.890871
v -8.918291 -53.772114 10.563601
v -53.427067 -44.591454 9.821079
v -44.610035 -53.388977 12.526279
v -53.516712 -8.918291 8.658297
v -54.459057 -26.754873 19.770660
v -44.602123 -18.039961 12.482504
v 44.579845 -54.604794 8.009965
v 17.836582 -61.313251 8.373123
v 8.947322 -54.583164 8.081206
v 26.754873 -54.633244 8.368730
v 26.743261 -61.301643 8.361408
v 8.918291 -62.316559 8.919616
v 44.591454 -60.435360 6.150247
v -44.426563 -26.606237 18.914299
v -8.927581 -62.273594 10.575498
v -26.494274 -61.050331 7.923219
v -26.760036 -44.592361 13.860970
v -45.901333 -45.892040 22.853657
v -35.508270 -39.983673 18.886183
v -31.195267 -35.656445 9.901229
v -50.291016 -0.000000 7.508906
v 0.000000 -57.968891 11.167093
v 35.673164 -57.989799 8.606833
v -35.870781 -22.295563 8.516381
v -35.684776 -57.126999 9.750102
v -50.540855 -36.989235 23.180723
v -53.508732 13.373372 9.853213
v -50.316013 17.801844 7.824608
v -19.510603 -41.595570 6.996900
v -17.840357 -57.752106 10.580020
v -31.234921 -54.462543 19.578505
v -13.377509 -53.727768 10.580110
v -53.642708 -40.134632 12.792810
v -49.192272 -53.651417 9.748684
v -52.827522 -4.459146 8.146152
v -54.333645 -22.316629 19.500135
v -49.074913 -18.002718 17.705196
v 51.912922 -56.729725 7.136109
v 40.132309 -54.511311 7.990929
v 17.836582 -57.968891 10.411490
v 4.459146 -53.685154 8.580036
v 22.295727 -54.633244 8.368730
v -56.476318 1.316067 7.434969
v -0.261762 -50.430054 7.767128
v -36.654217 -13.499198 8.446812
v -57.859432 -35.653347 9.519781
v -23.758984 -37.347187 6.996900
v -0.011612 -65.752075 8.383373
v -35.853519 -31.212061 12.326800
v -39.086040 -35.498978 20.457380
v -53.487480 22.021713 7.828671
v -53.506847 4.470758 10.131805
v -56.787334 17.650785 8.222299
v -17.822649 -49.051178 9.513117
v -22.321590 -53.478416 12.552052
v -4.459146 -53.675224 10.811258
v -52.660885 -49.062214 8.962080
v -40.132309 -53.479553 18.170191
v -53.349499 -13.398340 11.247361
v -54.349903 -31.202408 19.607088
v -56.841915 -17.857483 9.371739
v -40.332825 -17.869795 10.694287
v 48.837708 -54.542278 7.852305
v 13.380340 -54.748783 7.949927
v 31.214020 -54.633244 8.333586
v -32.692814 -27.068237 7.590005
v 26.754873 -57.968891 10.393918
v 22.295727 -61.304543 8.368730
v 31.028221 -61.246483 8.222295
v 8.919744 -58.147720 10.091386
v 7.602224 -65.385323 7.458395
v 4.447533 -62.261402 10.527175
v 13.389050 -61.448536 8.450733
v 44.582169 -57.785419 8.091383
v -44.439915 -22.283535 13.414320
v -43.281586 -29.913437 22.872400
v -47.547962 -25.426422 23.150097
v -40.124763 -26.745583 13.095911
v -57.010872 -26.754873 9.714149
v -56.476318 -10.234358 7.434968
v -44.591454 -56.976036 8.891184
v -60.846699 -39.046429 7.257944
v -56.659023 -43.290874 7.608232
v -8.918291 -57.968891 11.167093
v -8.918291 -65.754982 8.373123
v -13.526074 -62.467518 9.316747
v -4.459146 -62.262562 10.811257
v -26.750616 -57.713303 11.642820
v -29.781830 -60.759922 7.193714
v -22.284117 -61.301643 8.387766
v -26.805679 -40.357662 10.785840
v -26.774693 -49.036354 18.277954
v -31.065382 -44.442818 18.874323
v -22.523401 -44.644588 10.640977
v -50.309090 8.918291 7.928331
v -56.842495 8.929904 8.361411
v -50.455521 24.867573 6.558599
v -8.915224 -50.406021 7.799512
v -44.733124 -49.192272 18.825121
v -49.142574 -44.600746 18.257133
v -44.634861 -14.261271 10.152750
v -50.017330 -8.909582 8.318477
v -38.779644 -10.523059 7.761528
v -40.231678 -13.478930 9.569559
v -48.986897 -13.369758 10.950133
v -50.136723 -4.456969 7.427907
v -41.432896 -50.351185 22.848970
v -48.945511 -49.069180 12.534186
v -50.096878 -40.306496 20.425751
v -4.488085 -50.362480 7.934821
v -13.352905 -50.116688 8.370332
v -50.382320 21.960562 7.260520
v -56.473225 20.967276 7.427160
v -56.787334 4.644943 8.222298
v -50.307640 4.460597 7.845596
v -50.309456 13.375985 7.927416
v -22.322083 -49.050346 12.328301
v -29.913435 -47.740726 22.783539
v -31.167570 -40.108582 13.737102
v -31.214020 -57.968891 9.970220
v -4.459146 -65.746269 8.368730
v -13.377437 -66.887184 11.246168
v -13.386726 -57.971214 10.926940
v -49.050602 -57.968891 11.246168
v -56.778625 -13.563234 8.337770
v -57.128738 -31.202408 9.738824
v -40.034767 -31.204731 18.519058
v -48.004910 -22.130835 20.361851
v 40.143925 -57.269829 8.103683
v 3.026955 -50.743107 6.977603
v 4.273348 -65.696915 8.244261
v 4.457694 -57.982899 10.577731
v 22.295727 -57.968891 10.411490
v -32.336437 -31.216265 8.553142
v -33.025883 -23.798134 6.683597
v 31.202408 -57.965992 10.131802
v 13.377437 -57.986309 10.420277
v 48.837708 -57.079193 7.887449
v -40.160820 -22.294823 11.443482
v -56.984745 -22.295727 9.681986
v -40.132309 -56.871525 9.435040
v -57.809265 -39.996056 8.729151
v -4.459146 -57.968891 11.202237
v -22.295147 -57.705219 10.821391
v -22.547853 -40.384438 8.412684
v -56.842495 13.365825 8.361412
v -38.638966 -38.803856 23.224152
vn -0.0000 -0.0000 1.0000
vn -0.0020 -0.0000 1.0000
vn -0.0130 -0.6207 0.7839
vn -0.0557 0.0143 0.9983
vn 0.0202 -0.0962 0.9952
vn 0.0009 0.0009 1.0000
vn -0.0046 0.0004 1.0000
vn -0.0161 -0.0161 0.9997
vn -0.0000 0.0005 1.0000
vn -0.0682 -0.0009 0.9977
vn -0.0008 0.0058 1.0000
vn 0.0343 0.0323 0.9989
vn -0.0000 -0.0003 1.0000
vn 0.2599 -0.1328 0.9565
vn 0.0032 -0.0052 1.0000
vn 0.0213 -0.0213 0.9995
vn -0.0001 0.0009 1.0000
vn -0.0198 0.0149 0.9997
vn -0.7050 -0.4435 0.5534
vn -0.0001 -0.0002 1.0000
vn 0.0347 -0.1468 0.9886
vn -0.0043 -0.0039 1.0000
vn 0.0010 0.7767 0.6298
vn 0.7473 0.1972 0.6346
vn 0.2773 0.2631 0.9241
vn 0.5317 0.3324 0.7790
vn 0.0162 -0.0010 0.9999
vn -0.6100 -0.5661 0.5545
vn 0.0869 0.7618 0.6419
vn 0.1008 -0.6916 0.7152
vn 0.6676 -0.4148 0.6182
vn 0.0887 -0.1087 0.9901
vn -0.3076 -0.5154 0.7998
vn -0.1337 0.7123 0.6890
vn -0.5327 0.3447 0.7729
vn -0.4326 -0.3634 0.8251
vn 0.4454 0.3527 0.8229
vn 0.0229 0.7726 0.6344
vn 0.0034 0.0022 1.0000
vn 0.1232 0.2310 0.9651
vn -0.1449 -0.1449 0.9788
vn -0.0001 0.0002 1.0000
vn -0.0003 0.0003 1.0000
vn -0.2352 -0.0786 0.9688
vn -0.0057 0.0032 1.0000
vn 0.0008 -0.1435 0.9896
vn 0.0001 0.0004 1.0000
vn -0.0450 -0.0160 0.9989
vn 0.0419 0.3430 0.9384
vn 0.0001 0.0001 1.0000
vn 0.0001 -0.0001 1.0000
vn -0.0000 0.0483 0.9988
vn 0.0014 0.0014 1.0000
vn 0.4231 0.4215 0.8020
vn -0.5989 0.2241 0.7689
vn 0.4373 0.6143 0.6568
vn 0.0747 0.0904 0.9931
vn 0.0568 -0.0307 0.9979
vn -0.2178 -0.0469 0.9749
vn 0.0066 -0.0033 1.0000
vn 0.0029 0.0708 0.9975
vn -0.7174 -0.0190 0.6964
vn -0.0175 -0.0175 0.9997
vn -0.0005 -0.0469 0.9989
vn -0.0009 0.0032 1.0000
vn -0.0003 -0.0003 1.0000
vn -0.0052 -0.0374 0.9993
vn -0.0001 0.0006 1.0000
vn -0.0626 0.0056 0.9980
vn 0.3570 0.0615 0.9321
vn 0.1309 -0.4348 0.8910
vn 0.2940 -0.5924 0.7501
vn -0.1610 -0.3884 0.9073
vn 0.0120 0.0125 0.9999
vn 0.5958 -0.2591 0.7602
vn 0.0097 -0.0017 1.0000
vn 0.6400 -0.5255 0.5606
vn -0.0003 -0.0000 1.0000
vn 0.0056 -0.0626 0.9980
vn 0.2246 -0.0534 0.9730
vn 0.4979 -0.3437 0.7962
vn 0.0015 -0.0019 1.0000
vn 0.1689 -0.3437 0.9238
vn 0.0042 -0.0035 1.0000
vn -0.0160 -0.0450 0.9989
vn -0.1130 -0.1130 0.9871
vn -0.0195 -0.7159 0.6979
vn -0.0060 0.0641 0.9979
vn -0.2384 0.2382 0.9415
vn -0.0425 0.8170 0.5751
vn -0.3458 0.3448 0.8727
vn -0.3103 0.0355 0.9500
vn 0.3807 0.0027 0.9247
vn -0.0744 0.1056 0.9916
vn -0.7430 0.1504 0.6522
vn -0.0370 0.0186 0.9991
vn -0.5051 0.5387 0.6743
vn 0.6710 0.4096 0.6180
vn -0.0698 -0.8240 0.5622
vn -0.7130 -0.5131 0.4778
vn -0.7053 0.4437 0.5529
vn -0.3454 0.0069 0.9384
vn 0.0120 0.0302 0.9995
vn 0.1162 -0.1982 0.9733
vn 0.0129 0.7745 0.6325
vn 0.0267 0.0086 0.9996
vn 0.0087 0.0572 0.9983
vn 0.0240 -0.7864 0.6173
vn 0.1423 0.7429 0.6541
vn 0.0004 0.7806 0.6250
vn 0.0295 0.0174 0.9994
vn 0.1558 0.1066 0.9820
vn 0.0290 0.0094 0.9995
vn -0.0001 0.0001 1.0000
vn 0.0041 0.0070 1.0000
vn 0.5490 0.5386 0.6391
vn 0.2736 0.5548 0.7857
vn 0.0289 0.0214 0.9994
vn 0.2167 0.0595 0.9744
vn 0.0156 0.0455 0.9988
vn 0.0321 -0.0072 0.9995
vn 0.3808 0.1432 0.9135
vn 0.0209 0.0124 0.9997
vn 0.0130 -0.7889 0.6144
vn 0.4604 -0.7042 0.5405
vn 0.0786 0.1537 0.9850
vn 0.0106 -0.0096 0.9999
vn 0.1448 -0.3643 0.9199
vn 0.0003 0.0480 0.9988
vn -0.3546 0.0208 0.9348
vn -0.2361 0.0786 0.9685
vn -0.0863 -0.2363 0.9678
vn -0.2400 -0.2427 0.9399
vn -0.1026 -0.7607 0.6409
vn -0.8801 0.1011 0.4639
vn -0.1396 0.0590 0.9884
vn -0.0014 0.0014 1.0000
vn 0.3796 -0.0172 0.9250
vn -0.3410 -0.0048 0.9400
vn -0.1437 0.0462 0.9885
vn 0.0003 -0.0002 1.0000
vn -0.6921 0.1037 0.7143
vn -0.0149 0.0201 0.9997
vn -0.0009 -0.0682 0.9977
vn -0.0039 -0.0043 1.0000
vn -0.5160 -0.3083 0.7992
vn 0.0137 -0.0218 0.9997
vn 0.0572 -0.0229 0.9981
vn -0.0020 0.0755 0.9971
vn -0.0002 -0.0001 1.0000
vn 0.3896 -0.1134 0.9140
vn -0.0005 0.2595 0.9657
vn 0.0437 0.3792 0.9243
vn 0.2694 0.6024 0.7513
vn 0.0010 0.0010 1.0000
vn 0.0002 0.0002 1.0000
vn -0.0010 0.0010 1.0000
vn -0.1655 -0.4573 0.8738
vn -0.0324 -0.0092 0.9994
vn -0.0252 0.0163 0.9996
vn 0.0068 -0.1329 0.9911
vn -0.0020 0.0017 1.0000
vn -0.0626 -0.0056 0.9980
vn 0.0037 0.0714 0.9974
vn 0.0076 0.0072 0.9999
vn 0.0001 -0.0002 1.0000
vn -0.0000 0.0025 1.0000
vn 0.0019 0.0048 1.0000
vn 0.1277 0.1865 0.9741
vn -0.1995 0.0543 0.9784
vn 0.6207 0.5385 0.5699
vn 0.0093 0.0112 0.9999
vn 0.1358 -0.0884 0.9868
vn -0.0356 -0.0041 0.9994
vn 0.0648 -0.0326 0.9974
vn 0.0001 0.0069 1.0000
vn -0.3387 -0.0074 0.9409
vn 0.0102 -0.0220 0.9997
vn -0.0012 0.0012 1.0000
vn -0.0000 -0.0425 0.9991
vn -0.0001 0.0008 1.0000
vn -0.0450 0.0160 0.9989
vn 0.7335 0.0234 0.6793
vn 0.1182 -0.2493 0.9612
vn -0.0004 -0.0004 1.0000
vn 0.4480 -0.7041 0.5510
vn 0.7026 0.3757 0.6043
vn -0.1538 -0.7992 0.5810
vn 0.1064 0.0926 0.9900
vn 0.7194 0.0098 0.6945
vn 0.0137 -0.0024 0.9999
vn -0.8171 -0.3363 0.4681
vn 0.0011 -0.4871 0.8733
vn 0.0388 -0.3080 0.9506
vn 0.2844 0.6512 0.7036
vn 0.5881 -0.2390 0.7727
vn 0.6662 -0.2495 0.7028
vn 0.0163 -0.0210 0.9996
vn 0.2712 -0.5485 0.7910
vn 0.0292 -0.0288 0.9992
vn 0.3068 0.2530 0.9175
vn -0.0939 -0.2266 0.9695
vn -0.0318 -0.0293 0.9991
vn -0.1036 -0.6890 0.7173
vn -0.0005 0.0070 1.0000
vn 0.7200 0.3209 0.6154
vn -0.1082 0.0859 0.9904
vn -0.0807 0.7714 0.6312
vn 0.0008 -0.0002 1.0000
vn -0.3995 -0.3800 0.8342
vn -0.0447 0.0031 0.9990
vn 0.7311 0.0232 0.6818
vn -0.0084 0.0112 0.9999
vn -0.7202 0.1500 0.6773
vn -0.0015 0.0006 1.0000
vn -0.5517 0.5810 0.5985
vn 0.5391 0.3990 0.7417
vn -0.1005 -0.1005 0.9898
vn -0.6681 -0.6681 0.3275
vn -0.7594 0.0001 0.6506
vn -0.0481 0.0003 0.9988
vn 0.0006 0.0016 1.0000
vn 0.4554 -0.3452 0.8207
vn 0.0007 0.7759 0.6309
vn 0.1731 0.0638 0.9828
vn 0.4028 0.6999 0.5899
vn -0.0000 0.7808 0.6248
vn 0.0102 0.0047 0.9999
vn 0.3970 0.2098 0.8935
vn 0.2072 0.0831 0.9748
vn 0.0002 0.0003 1.0000
vn 0.3463 0.4954 0.7966
vn 0.1224 0.7035 0.7001
vn 0.0929 0.1047 0.9902
vn 0.0010 -0.0010 1.0000
vn -0.0041 0.0039 1.0000
vn -0.5855 -0.2903 0.7569
vn -0.0001 -0.0001 1.0000
vn 0.0035 -0.1425 0.9898
vn -0.0199 -0.0148 0.9997
vn 0.1041 0.7282 0.6775
vn 0.0004 0.3423 0.9396
vn 0.7569 0.1525 0.6355
vn -0.7353 0.4450 0.5111
vn 0.4257 0.5021 0.7528
vn 0.2256 0.2256 0.9477
vn 0.0256 -0.0113 0.9996
vn -0.5785 -0.2232 0.7846
vn 0.0001 -0.0000 1.0000
vn 0.0272 0.3631 0.9313
vn -0.3194 0.7127 0.6246
vn -0.3914 0.0049 0.9202
vn 0.0842 0.1070 0.9907
vn -0.0525 -0.0175 0.9985
vn 0.0017 -0.0627 0.9980
vn 0.0012 0.0030 1.0000
vn -0.0027 -0.0017 1.0000
vn -0.0000 -0.0322 0.9995
vn -0.0682 0.0009 0.9977
vn 0.0917 0.0634 0.9938
vn -0.0010 -0.0010 1.0000
vn 0.0545 -0.5866 0.8080
vn -0.0070 -0.8064 0.5913
vn 0.0809 -0.2602 0.9622
vn -0.0777 -0.1010 0.9919
vn -0.0008 0.0042 1.0000
vn 0.3806 -0.1743 0.9082
vn 0.0120 0.0043 0.9999
vn 0.5357 -0.3475 0.7696
vn -0.0068 -0.0000 1.0000
vn 0.2906 -0.7025 0.6496
vn 0.0005 -0.0063 1.0000
vn -0.3408 -0.6773 0.6520
vn 0.2379 -0.2378 0.9417
vn 0.1228 -0.2310 0.9652
vn -0.5136 -0.5691 0.6421
vn -0.0016 -0.0044 1.0000
vn -0.2244 -0.2594 0.9393
vn 0.0178 -0.7168 0.6970
vn -0.0458 0.3154 0.9478
vn 0.0009 -0.7677 0.6408
vn -0.3261 0.5161 0.7920
vn 0.0532 0.8133 0.5794
vn -0.0002 -0.0002 1.0000
vn -0.5725 0.5693 0.5901
vn -0.7572 0.0956 0.6462
vn 0.1100 -0.0025 0.9939
vn -0.2398 0.2551 0.9367
vn -0.7156 0.3883 0.5807
vn -0.2422 0.1082 0.9642
vn 0.5823 0.5823 0.5674
vn 0.5646 0.6165 0.5488
vn -0.0005 -0.3729 0.9279
vn -0.7978 -0.2510 0.5483
vn -0.0780 -0.0780 0.9939
vn -0.7964 0.0321 0.6039
vn 0.7092 0.3953 0.5838
vn 0.1021 0.1983 0.9748
vn 0.0207 -0.0379 0.9991
vn 0.1053 0.7542 0.6482
vn 0.0015 0.0005 1.0000
vn 0.0300 0.3548 0.9344
vn 0.0316 -0.3781 0.9252
vn 0.0482 0.7625 0.6452
vn 0.0037 0.7790 0.6270
vn 0.0006 0.0006 1.0000
vn 0.1107 0.1023 0.9886
vn 0.0352 0.0232 0.9991
vn -0.0017 0.0014 1.0000
vn 0.0307 0.0572 0.9979
vn -0.2999 -0.6038 0.7386
vn 0.1702 0.3454 0.9229
vn 0.1073 0.0587 0.9925
vn 0.2707 0.0012 0.9627
vn 0.5461 0.2854 0.7876
vn 0.4188 0.6674 0.6158
vn 0.4973 -0.6601 0.5630
vn 0.1744 0.3874 0.9052
vn -0.3628 0.2990 0.8826
vn 0.0016 0.0044 1.0000
vn 0.0885 0.2340 0.9682
vn 0.0059 0.0630 0.9980
vn 0.0137 0.0218 0.9997
vn -0.0002 0.0001 1.0000
vn -0.0063 0.0005 1.0000
vn 0.0388 0.0004 0.9992
vn 0.0174 -0.0073 0.9998
vn 0.2455 -0.0645 0.9672
vn 0.0112 0.0084 0.9999
vn 0.0184 0.0184 0.9997
vn 0.0015 0.0015 1.0000
vn 0.2848 0.1241 0.9505
vn 0.4416 0.3086 0.8425
vn 0.6851 0.2044 0.6992
vn 0.1342 0.0664 0.9887
vn 0.0051 0.0050 1.0000
vn 0.0610 0.0450 0.9971
vn 0.1903 0.0991 0.9767
vn 0.0008 0.0008 1.0000
vn 0.5003 0.4825 0.7190
vn 0.0053 -0.3783 0.9257
vn 0.0022 -0.7907 0.6122
vn 0.0937 -0.7676 0.6341
vn -0.2844 0.2557 0.9240
vn 0.2935 -0.6078 0.7379
vn 0.7837 0.5872 0.2027
vn 0.1400 -0.7681 0.6248
vn 0.0166 0.0239 0.9996
vn 0.1425 0.4233 0.8947
vn 0.0974 0.2620 0.9601
vn 0.0264 0.0855 0.9960
vn 0.0267 -0.0086 0.9996
vn 0.0740 -0.0727 0.9946
vn 0.0005 -0.0005 1.0000
vn 0.3846 -0.7039 0.5972
vn 0.0073 -0.1550 0.9879
vn 0.0545 -0.3908 0.9189
vn 0.1219 -0.3035 0.9450
vn 0.0055 0.3369 0.9415
vn 0.0036 0.0443 0.9990
vn 0.7707 0.0811 0.6320
vn -0.8838 -0.3247 0.3369
vn -0.4964 -0.6591 0.5650
vn 0.0369 -0.0518 0.9980
vn -0.3515 0.0025 0.9362
vn -0.3854 0.1269 0.9140
vn -0.0573 0.0110 0.9983
vn -0.8091 0.0190 0.5874
vn -0.1818 -0.0005 0.9833
vn -0.3123 0.0361 0.9493
vn -0.0324 0.0092 0.9994
vn -0.5858 0.2911 0.7564
vn -0.0925 -0.8234 0.5598
vn -0.0727 -0.0727 0.9947
vn -0.0563 -0.3420 0.9380
vn -0.5604 -0.2736 0.7817
vn -0.0663 -0.0982 0.9930
vn -0.0928 -0.0773 0.9927
vn -0.5151 -0.4719 0.7156
vn -0.7839 -0.5874 0.2012
vn -0.0795 -0.6867 0.7226
vn -0.5827 -0.7041 0.4058
vn -0.6904 -0.6924 0.2095
vn -0.1799 -0.1497 0.9722
vn -0.0358 -0.3094 0.9502
vn -0.2785 -0.6028 0.7477
vn -0.0334 -0.7938 0.6072
vn 0.6994 0.6811 0.2165
vn 0.8600 0.3505 0.3709
vn 0.1768 0.6449 0.7435
vn 0.6288 0.5529 0.5468
vn 0.5223 0.5622 0.6412
vn 0.9515 0.3046 0.0430
vn 0.5919 -0.4097 0.6941
vn 0.6868 -0.4405 0.5781
vn -0.0749 0.0250 0.9969
vn -0.2184 0.0544 0.9744
vn -0.0148 0.0078 0.9999
vn -0.4083 0.1273 0.9039
vn -0.0112 0.0093 0.9999
vn -0.0260 0.0260 0.9993
vn 0.3813 -0.0229 0.9242
vn 0.3765 0.0041 0.9264
vn 0.7505 -0.0088 0.6608
vn 0.0861 -0.0111 0.9962
vn -0.3410 0.0048 0.9400
vn -0.3106 -0.0342 0.9499
vn -0.0481 -0.0003 0.9988
vn -0.7783 -0.0123 0.6277
vn -0.1449 -0.0535 0.9880
vn -0.2338 0.0762 0.9693
vn -0.0215 0.0047 0.9998
vn -0.3380 0.1285 0.9324
vn 0.0002 0.0001 1.0000
vn 0.0019 -0.0015 1.0000
vn 0.0072 -0.0043 1.0000
vn -0.0810 0.0306 0.9962
vn -0.1590 0.6874 0.7086
vn 0.2988 0.7036 0.6447
vn 0.5403 0.3397 0.7699
vn -0.5144 0.3166 0.7969
vn -0.7180 0.0179 0.6958
vn -0.3070 0.0398 0.9509
vn 0.3053 0.8312 0.4646
vn -0.0014 0.0019 1.0000
vn -0.0860 0.1085 0.9904
vn -0.0039 0.0042 1.0000
vn -0.0161 0.0458 0.9988
vn -0.0075 -0.3386 0.9409
vn -0.0000 -0.0068 1.0000
vn -0.0056 -0.0626 0.9980
vn 0.0009 -0.0682 0.9977
vn -0.0293 -0.0318 0.9991
vn -0.0148 -0.0199 0.9997
vn -0.6904 -0.1044 0.7159
vn -0.2595 -0.2244 0.9393
vn -0.2266 -0.0939 0.9694
vn -0.5697 -0.5144 0.6409
vn 0.0003 -0.0003 1.0000
vn 0.0002 -0.0002 1.0000
vn 0.0733 -0.1290 0.9889
vn 0.0013 -0.0018 1.0000
vn 0.0156 -0.0455 0.9988
vn 0.0041 -0.0070 1.0000
vn -0.7764 0.0021 0.6303
vn 0.2464 -0.6625 0.7074
vn 0.0155 -0.2165 0.9762
vn 0.5433 -0.5436 0.6398
vn 0.1290 -0.0486 0.9905
vn 0.0210 -0.0133 0.9997
vn 0.2382 -0.1188 0.9639
vn 0.1787 0.2099 0.9612
vn 0.7224 -0.3287 0.6084
vn -0.6114 0.5982 0.5180
vn -0.6158 -0.5613 0.5529
vn -0.0003 0.0071 1.0000
vn -0.0147 0.3965 0.9179
vn -0.0032 0.0718 0.9974
vn 0.0017 0.0753 0.9972
vn -0.0044 -0.0016 1.0000
vn 0.6084 -0.3459 0.7143
vn 0.3469 -0.0388 0.9371
vn 0.3104 0.1828 0.9328
vn 0.2105 -0.1000 0.9725
vn -0.0009 0.0383 0.9993
vn -0.0135 0.7175 0.6965
vn -0.0758 0.2136 0.9740
vn 0.0833 0.2054 0.9751
vn 0.0263 0.0702 0.9972
vn 0.0553 0.7562 0.6520
vn 0.3414 0.4065 0.8475
vn -0.0163 0.3690 0.9293
vn -0.9116 -0.0665 0.4056
vn -0.5580 -0.8031 0.2087
vn 0.8834 0.3256 0.3371
vn 0.2394 -0.2740 0.9315
vn 0.3149 0.2754 0.9083
vn 0.2407 0.6359 0.7333
vn 0.5383 0.5206 0.6627
vn 0.0632 0.7112 0.7002
vn 0.0106 0.0096 0.9999
vn 0.0097 0.0107 0.9999
vn -0.0000 0.3434 0.9392
vn 0.0040 0.0035 1.0000
vn 0.0015 0.0019 1.0000
vn 0.0166 0.0207 0.9996
vn -0.0002 0.0002 1.0000
vn 0.0004 0.3430 0.9393
vn 0.0005 0.0005 1.0000
vn 0.0731 0.0727 0.9947
vn -0.1080 0.7872 0.6072
vn 0.3973 0.3781 0.8362
vn 0.6772 0.1890 0.7111
vn 0.5003 0.7678 0.4002
vn -0.6893 0.3458 0.6366
vn 0.3818 -0.7902 0.4793
vn -0.0089 0.7538 0.6570
vn 0.3126 0.7337 0.6033
vn 0.2569 0.1701 0.9514
vn 0.3320 0.5318 0.7791
vn -0.3007 0.5430 0.7840
vn -0.0105 0.0290 0.9995
vn 0.1386 -0.0462 0.9893
vn 0.6774 0.0703 0.7322
vn -0.0092 -0.5691 0.8222
vn -0.0017 -0.0014 1.0000
vn 0.0155 0.3956 0.9183
vn -0.0263 0.3661 0.9302
vn -0.0003 0.0075 1.0000
vn -0.3770 -0.2788 0.8832
vn 0.5237 0.6598 0.5388
vn 0.3039 -0.2545 0.9181
vn 0.1106 -0.0872 0.9900
vn 0.3665 -0.1550 0.9174
vn 0.3427 -0.4974 0.7970
vn 0.4124 -0.6576 0.6305
vn 0.2957 -0.6057 0.7388
vn 0.0002 -0.0003 1.0000
vn 0.0016 -0.0044 1.0000
vn 0.0880 -0.2334 0.9684
vn 0.0040 -0.0042 1.0000
vn -0.4413 -0.4418 0.7810
vn -0.1105 -0.0845 0.9903
vn -0.3069 -0.0398 0.9509
vn -0.0014 -0.0017 1.0000
vn -0.0054 -0.0054 1.0000
vn -0.0005 -0.0063 1.0000
vn -0.0398 -0.3067 0.9510
vn -0.0966 0.2281 0.9688
vn -0.0288 0.0289 0.9992
vn -0.3916 -0.7267 0.5644
vn -0.3388 0.0074 0.9408
vn -0.2261 0.0947 0.9695
vn -0.0606 0.3429 0.9374
vn 0.4981 0.6670 0.5541
vn -0.2541 0.8474 0.4663
vn 0.0022 -0.0013 1.0000
vn 0.0251 -0.0168 0.9995
vn 0.0004 0.0001 1.0000
vn -0.5595 0.3142 0.7670
vn -0.0340 0.0075 0.9994
vn -0.0238 -0.0091 0.9997
vn -0.7576 -0.0937 0.6460
vn -0.0447 -0.0021 0.9990
vn 0.0786 0.0087 0.9969
vn 0.7515 -0.0065 0.6597
vn 0.7404 -0.0157 0.6720
vn -0.1131 0.0832 0.9901
vn -0.0005 0.0005 1.0000
vn -0.5948 0.1897 0.7811
vn -0.0313 0.0104 0.9995
vn -0.0045 0.0024 1.0000
vn 0.6908 -0.2489 0.6789
vn -0.1199 0.9847 -0.1264
vn -0.7661 -0.3028 0.5670
vn 0.7104 0.6724 0.2080
vn -0.6384 -0.5449 0.5437
vn -0.0079 -0.3438 0.9390
vn -0.0683 -0.2257 0.9718
vn -0.4248 -0.7495 0.5077
vn -0.1417 -0.7885 0.5985
vn -0.1216 -0.5298 0.8394
vn 0.7031 0.6780 0.2143
vn -0.2586 -0.2582 0.9308
vn -0.0168 -0.0168 0.9997
vn -0.1954 -0.0619 0.9788
vn -0.0193 -0.0193 0.9996
vn -0.3518 -0.4336 0.8296
vn -0.7618 0.1059 0.6390
vn -0.0232 -0.0010 0.9997
vn -0.7961 0.1186 0.5934
vn -0.1129 0.0631 0.9916
vn -0.0489 0.0017 0.9988
vn -0.8372 0.1692 0.5201
vn 0.7282 -0.6052 0.3218
vn 0.1679 0.1617 0.9725
vn 0.0423 0.2993 0.9532
vn 0.0002 0.3417 0.9398
vn 0.0492 -0.0959 0.9942
vn 0.0168 -0.1825 0.9831
vn 0.0665 -0.7568 0.6503
vn 0.0102 -0.0112 0.9999
vn 0.1735 -0.0633 0.9828
vn 0.0593 0.3808 0.9228
vn 0.2765 0.5911 0.7577
vn 0.0181 0.0519 0.9985
vn 0.1355 -0.3969 0.9078
vn 0.0878 -0.7856 0.6124
vn 0.6127 0.5465 0.5710
vn 0.0355 -0.3452 0.9379
vn 0.0031 -0.3817 0.9243
vn -0.5471 0.7410 0.3892
vn 0.0089 0.0085 0.9999
vn 0.3014 0.1207 0.9458
vn 0.0681 0.0636 0.9956
vn 0.2425 0.2330 0.9418
vn 0.6943 0.3000 0.6542
vn 0.5733 0.2880 0.7671
vn 0.0197 0.0197 0.9996
vn 0.0908 0.0742 0.9931
vn 0.1449 -0.0692 0.9870
vn 0.2731 0.0121 0.9619
vn 0.0734 0.1291 0.9889
vn 0.0438 0.3131 0.9487
vn 0.0005 0.0063 1.0000
vn -0.7434 0.2265 0.6294
vn -0.1510 -0.2699 0.9510
vn 0.3587 0.5747 0.7355
vn 0.7140 0.0046 0.7001
vn 0.2584 0.2203 0.9406
vn 0.2535 0.6652 0.7023
vn 0.0013 0.0018 1.0000
vn -0.0044 0.0016 1.0000
vn 0.0767 0.0320 0.9965
vn -0.8194 -0.5339 0.2086
vn -0.0610 -0.9084 0.4137
vn 0.0039 0.0063 1.0000
vn 0.0015 -0.0005 1.0000
vn 0.1806 -0.7347 0.6539
vn 0.0001 0.0023 1.0000
vn -0.0775 -0.9887 -0.1281
vn -0.8080 0.0101 0.5891
vn -0.4145 -0.0000 0.9101
vn -0.0599 -0.8204 0.5686
vn -0.6132 -0.5757 0.5409
vn 0.5723 0.5723 0.5874
vn -0.3370 0.0817 0.9380
vn 0.1011 -0.0119 0.9948
vn -0.7783 0.0123 0.6277
vn -0.3455 -0.1400 0.9279
vn 0.5420 -0.3366 0.7700
vn -0.5530 0.5488 0.6269
vn -0.0016 0.0050 1.0000
vn 0.0073 -0.3388 0.9408
vn -0.0845 -0.1105 0.9903
vn 0.3922 -0.7277 0.5626
vn 0.0307 -0.0572 0.9979
vn -0.7432 -0.2098 0.6353
vn 0.1589 -0.2335 0.9593
vn 0.0001 0.0071 1.0000
vn -0.0063 -0.0005 1.0000
vn 0.3182 -0.2049 0.9256
vn 0.0105 0.0290 0.9995
vn -0.0075 0.0710 0.9974
vn 0.1264 0.2804 0.9515
vn 0.2130 0.8474 0.4863
vn 0.1495 -0.7424 0.6531
vn -0.7940 -0.1436 0.5907
vn 0.6767 -0.2952 0.6745
vn -0.4200 -0.6537 0.6295
vn -0.2709 0.8112 0.5183
vn 0.3118 -0.6875 0.6558
vn -0.7655 -0.0353 0.6425
vn 0.6218 -0.5892 0.5159
vn 0.4795 0.7188 0.5034
vn 0.6488 -0.4710 0.5977
vn -0.3804 -0.4547 0.8053
vn -0.0428 -0.7496 0.6605
vn -0.8086 0.2021 0.5526
vn -0.1452 0.9316 0.3333
vn 0.5328 0.4740 0.7011
vn 0.4090 0.7118 0.5710
vn 0.4437 0.6607 0.6055
vn -0.7532 0.1527 0.6399
vn -0.6622 -0.4285 0.6147
vn 0.3261 -0.5518 0.7676
vn -0.2849 -0.6667 0.6887
vn 0.4503 -0.7154 0.5342
vn 0.4102 0.7385 0.5351
vn 0.7045 -0.3596 0.6119
vn 0.7197 -0.3205 0.6159
vn 0.3970 -0.6864 0.6093
vn -0.5519 -0.4736 0.6864
vn -0.1582 -0.7197 0.6760
vn -0.5398 0.6356 0.5519
vn -0.1790 0.8818 0.4363
vn 0.4728 0.6468 0.5984
vn 0.2212 0.7900 0.5718
vn 0.2067 -0.6065 0.7677
vn -0.6595 -0.0822 0.7472
vn 0.7084 -0.3156 0.6314
vn -0.4235 -0.5294 0.7351
vn 0.0239 -0.7596 0.6499
vn -0.8204 0.0108 0.5717
vn -0.4801 0.6962 0.5337
vn 0.1978 0.9145 0.3529
vn 0.5958 0.0939 0.7976
vn 0.6679 0.4080 0.6224
vn 0.3741 0.6876 0.6222
vn 0.6073 0.6047 0.5153
vn 0.3203 0.7745 0.5454
vn 0.4511 0.5190 0.7261
vn -0.4040 0.8342 0.3753
vn -0.6796 0.4295 0.5947
vn -0.7711 0.0244 0.6362
vn -0.6650 0.1986 0.7200
vn -0.7360 -0.1639 0.6568
vn -0.5441 -0.4566 0.7039
vn 0.4570 -0.6069 0.6503
vn 0.2838 -0.6984 0.6571
vn 0.2905 -0.5879 0.7549
vn 0.5060 -0.5214 0.6871
vn -0.4489 -0.7069 0.5466
vn -0.1183 -0.5882 0.8000
vn -0.2869 -0.5104 0.8107
vn 0.0097 -0.7907 0.6121
vn 0.0216 -0.6365 0.7710
vn -0.2280 -0.5078 0.8308
vn -0.3170 -0.7231 0.6137
vn 0.4610 -0.6438 0.6107
vn 0.3401 -0.6340 0.6945
vn 0.2931 -0.7477 0.5958
vn -0.5544 -0.5572 0.6182
vn -0.6897 0.0225 0.7237
vn -0.2725 0.8655 0.4204
vn 0.6967 0.2819 0.6596
vn 0.3114 0.6886 0.6549
vn 0.7345 0.0238 0.6782
vn 0.3315 0.7198 0.6099
vn 0.5105 0.7660 0.3906
vn -0.5875 0.5075 0.6304
vn -0.5731 -0.2609 0.7768
vn 0.5459 -0.4222 0.7237
vn 0.6775 0.4587 0.5750
vn -0.6454 -0.2035 0.7362
vn -0.7012 0.4846 0.5229
vn 0.7023 -0.4210 0.5741
vn 0.5675 -0.4761 0.6717
vn -0.8307 0.1258 0.5424
vn 0.0570 0.5345 0.8432
vn 0.6521 -0.3765 0.6580
vn 0.9791 0.0253 0.2020
vn 0.7442 -0.0056 0.6680
vn 0.1785 -0.0425 0.9830
vn -0.4420 -0.7321 0.5183
vn -0.8066 0.2325 0.5435
vn -0.4795 0.5746 0.6633
vn -0.7760 -0.2641 0.5727
vn 0.6796 -0.4726 0.5610
vn -0.7307 0.1945 0.6544
vn 0.4874 0.4888 0.7235
vn 0.4509 0.4985 0.7404
vn 0.5270 -0.3069 0.7925
vn -0.7611 -0.1970 0.6180
vn 0.6720 -0.3074 0.6738
vn 0.5755 -0.6537 0.4914
vn -0.0282 0.7384 0.6738
vn 0.4577 0.6768 0.5766
vn -0.4437 0.6900 0.5718
vn 0.0005 -0.8017 0.5977
vn -0.7642 0.3280 0.5554
vn 0.7464 -0.2946 0.5967
vn -0.1036 -0.1423 0.9844
vn -0.6120 0.5282 0.5886
vn 0.5397 0.0918 0.8368
vn 0.7017 0.4302 0.5679
vn -0.2280 -0.3405 0.9122
vn 0.1620 0.4243 0.8909
vn 0.0686 0.6425 0.7632
vn 0.7247 0.1384 0.6750
vn -0.1259 -0.9707 0.2046
vn -0.8868 -0.3254 0.3282
vn 0.0370 0.1722 0.9844
vn 0.2247 0.0870 0.9705
vn -0.6545 -0.4953 0.5712
vn -0.6205 0.6801 0.3904
vn 0.6065 0.4503 0.6552
vn -0.0113 0.7590 0.6510
vn 0.5574 0.6067 0.5667
vn 0.6951 0.6919 0.1950
vn -0.7594 0.3187 0.5673
vn 0.4205 0.6687 0.6132
vn 0.0372 -0.3277 0.9441
vn 0.4585 -0.6895 0.5607
vn 0.6197 0.3397 0.7075
vn -0.2615 0.6500 0.7135
vn 0.0520 0.0083 0.9986
vn 0.6621 0.3777 0.6472
vn -0.1171 -0.7459 0.6557
vn 0.6411 -0.6015 0.4767
vn -0.0067 0.3771 0.9262
vn -0.7596 -0.4505 0.4690
vn -0.4126 -0.6657 0.6218
vn -0.3805 0.4471 0.8095
vn -0.9826 0.0053 0.1855
vn 0.4927 0.4237 0.7601
vn 0.0213 0.5579 0.8297
vn 0.0133 -0.7595 0.6504
vn 0.1034 0.7116 0.6949
vn 0.0085 0.7561 0.6544
vn 0.0201 -0.7600 0.6496
vn 0.3073 -0.5349 0.7871
vn 1.0000 -0.0021 0.0030
vn 0.7157 0.5784 0.3916
vn -0.0135 -0.2487 0.9685
vn -0.1128 -0.8192 0.5623
vn 0.6040 0.5147 0.6085
vn -0.7153 -0.6752 0.1802
vn 0.7014 0.5982 0.3875
vn 0.5870 0.5094 0.6292
vn 0.6587 -0.0546 0.7504
vn 0.1012 0.0892 0.9909
vn 0.3332 -0.3094 0.8906
vn 0.6532 0.2939 0.6978
vn -0.1310 -0.9444 0.3017
vn -0.8035 -0.5663 0.1836
vn 0.0581 0.0585 0.9966
vn 0.6653 0.0966 0.7403
vn 0.6430 0.5002 0.5799
vn 0.0052 -0.2996 0.9541
vn 0.0609 -0.9707 0.2325
vn 0.0672 0.2807 0.9574
vn -0.7819 -0.3890 0.4872
vn -0.5398 -0.5468 0.6401
vn -0.4373 0.0401 0.8984
vn -0.9753 0.1177 0.1869
vn 0.4878 0.7432 0.4579
vn 0.6133 -0.4395 0.6562
vn 0.0170 0.5882 0.8085
vn -0.0084 0.0181 0.9998
vn 0.2908 0.5765 0.7636
vn 0.0004 0.7614 0.6483
vn -0.6887 -0.4592 0.5611
vn 0.1480 0.7492 0.6456
vn 0.6761 0.1937 0.7109
vn -0.8552 0.0009 0.5183
vn 0.5036 0.6452 0.5745
vn 0.0106 -0.7833 0.6215
vn 0.7004 0.3447 0.6250
vn 0.8935 0.3408 0.2924
vn -0.1847 0.4722 0.8619
vn 0.0202 -0.1476 0.9888
vn -0.6866 0.1575 0.7098
vn 0.4647 0.4259 0.7763
vn 0.5109 -0.2102 0.8335
vn 0.0221 0.3986 0.9168
vn -0.8562 -0.1973 0.4774
vn -0.4157 -0.8537 0.3138
vn -0.3778 0.5803 0.7215
vn -0.9764 -0.0725 0.2033
vn -0.9067 0.1892 0.3770
vn 0.3958 0.2130 0.8933
vn 0.1463 0.5599 0.8156
vn -0.0037 0.7530 0.6581
vn 0.0625 0.7161 0.6951
vn 0.7411 0.2452 0.6250
vn 0.0219 -0.0047 0.9997
vn 0.0018 -0.7620 0.6476
vn 0.1374 -0.7461 0.6515
vn 0.1140 0.1247 0.9856
vn 0.4601 -0.7035 0.5416
vn 0.1602 -0.3239 0.9324
vn 0.0822 -0.7291 0.6795
vn 0.1649 -0.5960 0.7858
vn 0.6425 0.3916 0.6586
vn 0.7144 0.6741 0.1876
vn 0.7822 0.5922 0.1933
vn 0.6040 0.4864 0.6313
vn -0.9611 0.0127 0.2761
vn -0.7087 0.4796 0.5174
vn -0.0932 -0.8776 0.4703
vn -0.7241 -0.3995 0.5622
vn -0.6738 -0.5847 0.4518
vn -0.0608 -0.0309 0.9977
vn 0.0494 -0.8128 0.5804
vn -0.3807 -0.4373 0.8148
vn -0.0124 -0.3411 0.9400
vn 0.1264 -0.7624 0.6347
vn -0.4164 -0.7731 0.4784
vn -0.0212 -0.7861 0.6177
vn 0.4805 0.5340 0.6957
vn 0.8353 0.3310 0.4391
vn 0.6637 0.6278 0.4067
vn 0.5460 0.4136 0.7286
vn 0.7480 0.0037 0.6637
vn -0.7494 -0.0048 0.6620
vn 0.4494 0.5569 0.6985
vn 0.0379 0.7661 0.6416
vn -0.6533 -0.6633 0.3650
vn -0.7949 -0.4952 0.3505
vn 0.2822 0.5758 0.7674
vn 0.3672 0.4317 0.8239
vn -0.1100 0.7446 0.6583
vn 0.1546 0.4729 0.8675
vn 0.2466 0.6547 0.7145
vn 0.5868 0.0977 0.8038
vn -0.6696 -0.7210 0.1783
vn -0.6252 -0.4608 0.6299
vn -0.9016 -0.3401 0.2674
vn 0.0109 0.7716 0.6360
vn 0.2069 0.6824 0.7011
vn 0.5863 0.2185 0.7801
vn -0.6241 0.4732 0.6217
vn -0.7456 -0.1375 0.6521
vn 0.7223 -0.0625 0.6888
vn 0.7237 0.0221 0.6897
vn 0.6196 0.2484 0.7445
vn 0.7137 0.6739 0.1911
vn 0.5566 0.5967 0.5780
vn -0.1816 -0.8838 0.4312
vn -0.0572 -0.8042 0.5916
vn -0.3861 -0.6428 0.6616
vn -0.0914 -0.1370 0.9863
vn -0.4845 -0.6640 0.5695
vn -0.8255 0.2560 0.5031
vn -0.9530 0.0232 0.3021
vn 0.7797 0.4854 0.3956
vn 0.8851 0.3611 0.2936
vn 0.0564 -0.5190 0.8529
vn 0.4021 0.7005 0.5896
vn 0.1361 -0.7658 0.6285
vn 0.1789 0.1542 0.9717
vn 0.0015 -0.0000 1.0000
vn 0.7315 0.2805 0.6214
vn 0.7008 0.3805 0.6034
vn 0.1433 -0.0440 0.9887
vn 0.0025 0.0696 0.9976
vn 0.1850 -0.5413 0.8202
vn 0.5159 0.2949 0.8043
vn -0.9525 0.0670 0.2971
vn -0.1533 -0.9226 0.3541
vn -0.6831 -0.4314 0.5893
vn 0.0046 0.0196 0.9998
vn 0.1654 -0.5271 0.8335
vn 0.5282 0.5222 0.6695
vn -0.7251 0.0374 0.6876
vn 0.7841 0.5907 0.1904
vt 0.936849 0.946084
vt 0.966148 0.945220
vt 0.967001 0.974507
vt 0.937714 0.975359
vt 0.473658 0.933561
vt 0.502919 0.934609
vt 0.502002 0.951420
vt 0.472693 0.952594
vt 0.489252 0.480280
vt 0.516381 0.480602
vt 0.516099 0.507892
vt 0.488760 0.507464
vt 0.937623 0.476290
vt 0.966964 0.476151
vt 0.967001 0.505555
vt 0.937697 0.505527
vt 0.709254 0.478860
vt 0.737212 0.478406
vt 0.737580 0.506410
vt 0.709656 0.506739
vt 0.700186 0.256788
vt 0.727704 0.254746
vt 0.729704 0.282474
vt 0.702029 0.284273
vt 0.931381 0.240114
vt 0.961340 0.239028
vt 0.962409 0.268917
vt 0.932574 0.270013
vt 0.271752 0.469801
vt 0.299239 0.470447
vt 0.297890 0.498276
vt 0.271050 0.496947
vt 0.175814 0.271467
vt 0.171252 0.252933
vt 0.217618 0.262036
vt 0.220953 0.267680
vt 0.485099 0.270017
vt 0.511365 0.267932
vt 0.513036 0.294262
vt 0.486932 0.295813
vt 0.237782 0.925416
vt 0.267584 0.926230
vt 0.266639 0.955837
vt 0.237208 0.955047
vt 0.255130 0.691990
vt 0.284417 0.693252
vt 0.283146 0.721597
vt 0.252614 0.722536
vt 0.483243 0.703259
vt 0.511614 0.704258
vt 0.510598 0.732786
vt 0.482195 0.731806
vt 0.705528 0.949815
vt 0.734018 0.950341
vt 0.733696 0.979088
vt 0.704765 0.978566
vt 0.934262 0.709889
vt 0.963523 0.710558
vt 0.962917 0.739777
vt 0.933557 0.739268
vt 0.821750 0.590922
vt 0.850191 0.591536
vt 0.849503 0.620163
vt 0.820953 0.619118
vt 0.936927 0.593069
vt 0.966150 0.593555
vt 0.965592 0.622831
vt 0.936378 0.622232
vt 0.598891 0.591739
vt 0.627309 0.591600
vt 0.628803 0.621804
vt 0.598837 0.619976
vt 0.710300 0.588366
vt 0.737775 0.588778
vt 0.736826 0.614624
vt 0.710231 0.613200
vt 0.590492 0.940235
vt 0.619563 0.942499
vt 0.618358 0.959218
vt 0.589279 0.956682
vt 0.369512 0.698100
vt 0.397889 0.699591
vt 0.396443 0.728049
vt 0.367944 0.726500
vt 0.375568 0.585803
vt 0.403332 0.587202
vt 0.402010 0.615058
vt 0.374065 0.613638
vt 0.486818 0.590277
vt 0.514750 0.590921
vt 0.514172 0.618984
vt 0.486046 0.618273
vt 0.119831 0.691797
vt 0.155636 0.691748
vt 0.148192 0.716722
vt 0.123120 0.724720
vt 0.215980 0.333744
vt 0.194009 0.328455
vt 0.219563 0.285841
vt 0.222154 0.286356
vt 0.265202 0.578232
vt 0.292425 0.580459
vt 0.290295 0.608244
vt 0.262687 0.605952
vt 0.118881 0.926208
vt 0.148413 0.925555
vt 0.148870 0.955040
vt 0.119514 0.955590
vt 0.113347 0.810210
vt 0.139191 0.807801
vt 0.146722 0.834728
vt 0.115854 0.838340
vt 0.275755 0.777699
vt 0.277434 0.805766
vt 0.247830 0.801326
vt 0.251583 0.786181
vt 0.387753 0.280015
vt 0.406917 0.272262
vt 0.411158 0.299734
vt 0.384124 0.299872
vt 0.271691 0.190840
vt 0.297754 0.194780
vt 0.259804 0.230969
vt 0.254790 0.232698
vt 0.274587 0.271563
vt 0.277300 0.283761
vt 0.243864 0.262274
vt 0.244172 0.253986
vt 0.186239 0.304177
vt 0.220490 0.280634
vt 0.095079 0.096721
vt 0.126677 0.097540
vt 0.122933 0.127613
vt 0.093980 0.127703
vt 0.232391 0.183713
vt 0.252983 0.187799
vt 0.249462 0.233297
vt 0.244476 0.230687
vt 0.107116 0.454920
vt 0.131984 0.454880
vt 0.133163 0.474352
vt 0.112287 0.484962
vt 0.208887 0.198353
vt 0.227055 0.206019
vt 0.243313 0.239364
vt 0.235197 0.236666
vt 0.812337 0.247538
vt 0.841682 0.245043
vt 0.843704 0.274483
vt 0.814601 0.276454
vt 0.256419 0.295515
vt 0.255007 0.312246
vt 0.234756 0.276579
vt 0.235112 0.267202
vt 0.929267 0.118734
vt 0.959400 0.119404
vt 0.959124 0.149177
vt 0.928918 0.149186
vt 0.591854 0.263300
vt 0.618765 0.261896
vt 0.620193 0.288893
vt 0.593202 0.290213
vt 0.243546 0.246243
vt 0.250549 0.245358
vt 0.254432 0.252927
vt 0.235773 0.246444
vt 0.235612 0.254992
vt 0.598461 0.480496
vt 0.626026 0.480185
vt 0.626341 0.507846
vt 0.598665 0.508083
vt 0.596432 0.371272
vt 0.623631 0.370409
vt 0.624447 0.397731
vt 0.597167 0.398430
vt 0.706245 0.367384
vt 0.734153 0.366262
vt 0.735187 0.394286
vt 0.707246 0.395215
vt 0.822020 0.477247
vt 0.850646 0.476945
vt 0.850836 0.505642
vt 0.822253 0.505755
vt 0.819185 0.362799
vt 0.847992 0.361702
vt 0.848951 0.390591
vt 0.820197 0.391472
vt 0.935641 0.358880
vt 0.965194 0.358102
vt 0.965870 0.387690
vt 0.936383 0.388318
vt 0.381606 0.476371
vt 0.408467 0.477815
vt 0.407187 0.504803
vt 0.380034 0.503403
vt 0.387893 0.373195
vt 0.412691 0.373869
vt 0.412000 0.399151
vt 0.386648 0.398014
vt 0.489654 0.373804
vt 0.515985 0.373343
vt 0.516384 0.399895
vt 0.489879 0.400094
vt 0.356292 0.930078
vt 0.385675 0.931484
vt 0.384291 0.960828
vt 0.354934 0.959477
vt 0.362710 0.812701
vt 0.391774 0.814401
vt 0.390174 0.843539
vt 0.360926 0.841891
vt 0.479127 0.818534
vt 0.508467 0.819599
vt 0.507350 0.849103
vt 0.477905 0.847821
vt 0.820224 0.949561
vt 0.849244 0.948781
vt 0.850027 0.977897
vt 0.820854 0.978601
vt 0.815400 0.840206
vt 0.841629 0.831323
vt 0.845606 0.861957
vt 0.817370 0.865063
vt 0.933428 0.828299
vt 0.962986 0.827756
vt 0.963653 0.857182
vt 0.934173 0.857942
vt 0.873112 0.830080
vt 0.903523 0.828989
vt 0.904554 0.858863
vt 0.874929 0.860099
vt 0.873548 0.767848
vt 0.903317 0.768488
vt 0.902900 0.798738
vt 0.869384 0.798182
vt 0.933105 0.768839
vt 0.962569 0.769041
vt 0.962579 0.798351
vt 0.933013 0.798529
vt 0.762612 0.950446
vt 0.791343 0.950128
vt 0.791722 0.979105
vt 0.762645 0.979240
vt 0.761922 0.895099
vt 0.790029 0.893128
vt 0.790828 0.921473
vt 0.762415 0.922124
vt 0.818526 0.892288
vt 0.847205 0.890831
vt 0.848328 0.919755
vt 0.819461 0.920719
vt 0.420840 0.815926
vt 0.449943 0.817302
vt 0.448609 0.846485
vt 0.419382 0.845063
vt 0.423652 0.758107
vt 0.452407 0.759389
vt 0.451200 0.788256
vt 0.422267 0.786933
vt 0.481175 0.760492
vt 0.509758 0.761381
vt 0.509100 0.790290
vt 0.480181 0.789396
vt 0.305194 0.808517
vt 0.333627 0.810752
vt 0.331556 0.840089
vt 0.301913 0.837976
vt 0.309607 0.751243
vt 0.337748 0.753220
vt 0.335747 0.781855
vt 0.307087 0.779609
vt 0.366287 0.755034
vt 0.394939 0.756658
vt 0.393376 0.785439
vt 0.364528 0.783759
vt 0.297275 0.927393
vt 0.326831 0.928700
vt 0.325532 0.958162
vt 0.296095 0.956923
vt 0.300101 0.867941
vt 0.329760 0.869600
vt 0.328223 0.899170
vt 0.298580 0.897728
vt 0.359258 0.871234
vt 0.388614 0.872801
vt 0.387114 0.902132
vt 0.357723 0.900653
vt 0.437955 0.374133
vt 0.463630 0.374087
vt 0.463628 0.400082
vt 0.437658 0.399797
vt 0.437255 0.323662
vt 0.462535 0.322759
vt 0.463285 0.348329
vt 0.437849 0.348777
vt 0.488236 0.321712
vt 0.514353 0.320585
vt 0.515321 0.346923
vt 0.489124 0.347692
vt 0.337667 0.368143
vt 0.363620 0.371734
vt 0.361884 0.396373
vt 0.338209 0.394142
vt 0.345384 0.323906
vt 0.366288 0.326579
vt 0.366375 0.348343
vt 0.344018 0.345075
vt 0.388510 0.325433
vt 0.412466 0.324466
vt 0.412911 0.348987
vt 0.388796 0.348959
vt 0.327260 0.472458
vt 0.354618 0.474562
vt 0.352800 0.501762
vt 0.325408 0.499976
vt 0.334704 0.418707
vt 0.359408 0.421478
vt 0.356773 0.447669
vt 0.329776 0.444819
vt 0.385064 0.423503
vt 0.410973 0.424938
vt 0.409747 0.451169
vt 0.383289 0.449718
vt 0.877018 0.360677
vt 0.906243 0.359736
vt 0.907058 0.389009
vt 0.877909 0.389767
vt 0.874639 0.302208
vt 0.904099 0.300901
vt 0.905254 0.330376
vt 0.875931 0.331501
vt 0.933714 0.299752
vt 0.963440 0.298724
vt 0.964378 0.328450
vt 0.934747 0.329365
vt 0.762270 0.365107
vt 0.790611 0.363944
vt 0.791653 0.392394
vt 0.763318 0.393339
vt 0.759468 0.308689
vt 0.787791 0.306995
vt 0.789335 0.335475
vt 0.760996 0.336885
vt 0.816433 0.305302
vt 0.845398 0.303684
vt 0.846816 0.332742
vt 0.817942 0.334079
vt 0.765314 0.477980
vt 0.793578 0.477592
vt 0.793857 0.505919
vt 0.765640 0.506137
vt 0.764164 0.421569
vt 0.792484 0.420823
vt 0.793122 0.449224
vt 0.764825 0.449786
vt 0.820998 0.420103
vt 0.849707 0.419423
vt 0.850270 0.448206
vt 0.821602 0.448695
vt 0.650996 0.369469
vt 0.678531 0.368457
vt 0.679483 0.396110
vt 0.651886 0.396954
vt 0.648706 0.314718
vt 0.676083 0.313353
vt 0.677401 0.340867
vt 0.649938 0.342054
vt 0.703649 0.311890
vt 0.731433 0.310331
vt 0.732908 0.338270
vt 0.705051 0.339603
vt 0.542583 0.372750
vt 0.569410 0.372055
vt 0.570052 0.399035
vt 0.543117 0.399531
vt 0.540820 0.319445
vt 0.567539 0.318318
vt 0.568573 0.345160
vt 0.541824 0.346070
vt 0.594440 0.317179
vt 0.621496 0.315988
vt 0.622647 0.343161
vt 0.595523 0.344194
vt 0.543628 0.480729
vt 0.570991 0.480686
vt 0.571056 0.508182
vt 0.543531 0.508125
vt 0.543449 0.426442
vt 0.570514 0.426124
vt 0.570819 0.453337
vt 0.543610 0.453504
vt 0.597737 0.425680
vt 0.625106 0.425133
vt 0.625625 0.452616
vt 0.598160 0.453032
vt 0.235540 0.258994
vt 0.635539 0.036882
vt 0.664498 0.037086
vt 0.663734 0.063333
vt 0.635626 0.062800
vt 0.693838 0.038231
vt 0.723422 0.040370
vt 0.721666 0.070738
vt 0.692160 0.065382
vt 0.221022 0.274251
vt 0.227478 0.274093
vt 0.224437 0.281162
vt 0.578875 0.038748
vt 0.607009 0.037525
vt 0.607901 0.063118
vt 0.581771 0.064065
vt 0.538056 0.266007
vt 0.564979 0.264628
vt 0.566324 0.291482
vt 0.539569 0.292798
vt 0.533728 0.208952
vt 0.562556 0.212042
vt 0.563676 0.237872
vt 0.536350 0.238942
vt 0.589170 0.211003
vt 0.615782 0.209312
vt 0.617256 0.235096
vt 0.590489 0.236506
vt 0.866287 0.116763
vt 0.898385 0.117900
vt 0.897931 0.149198
vt 0.865563 0.149392
vt 0.871810 0.053860
vt 0.902104 0.056316
vt 0.899954 0.086833
vt 0.868941 0.084673
vt 0.932145 0.058310
vt 0.961911 0.060007
vt 0.960401 0.089680
vt 0.930476 0.088374
vt 0.227556 0.259933
vt 0.228297 0.266987
vt 0.752832 0.041727
vt 0.782115 0.044645
vt 0.778515 0.074160
vt 0.750914 0.067806
vt 0.811663 0.046681
vt 0.841586 0.050642
vt 0.837593 0.081343
vt 0.807748 0.075163
vt 0.755500 0.252511
vt 0.783660 0.250080
vt 0.785926 0.278517
vt 0.757651 0.280547
vt 0.750223 0.198062
vt 0.777627 0.194834
vt 0.780876 0.221838
vt 0.752985 0.224722
vt 0.805802 0.190385
vt 0.835689 0.184492
vt 0.839133 0.215216
vt 0.809549 0.218576
vt 0.244171 0.269813
vt 0.040754 0.339812
vt 0.068360 0.337283
vt 0.071664 0.365916
vt 0.043410 0.368725
vt 0.037486 0.282346
vt 0.065105 0.282293
vt 0.065661 0.309692
vt 0.038588 0.311173
vt 0.260546 0.233838
vt 0.254966 0.237825
vt 0.049445 0.456975
vt 0.078791 0.455780
vt 0.080093 0.485382
vt 0.050586 0.486323
vt 0.046031 0.398019
vt 0.075016 0.395576
vt 0.078047 0.425800
vt 0.048108 0.427487
vt 0.249548 0.239317
vt 0.258533 0.242544
vt 0.160759 0.034483
vt 0.192239 0.035184
vt 0.192214 0.065823
vt 0.160070 0.066384
vt 0.222519 0.036100
vt 0.252375 0.038053
vt 0.249996 0.066524
vt 0.221289 0.065495
vt 0.032181 0.096255
vt 0.063677 0.096242
vt 0.063464 0.127444
vt 0.032506 0.127766
vt 0.032245 0.032367
vt 0.064351 0.032561
vt 0.064000 0.064551
vt 0.032140 0.064419
vt 0.096488 0.032998
vt 0.128671 0.033685
vt 0.127903 0.065706
vt 0.095853 0.064991
vt 0.037059 0.221109
vt 0.071839 0.220764
vt 0.071492 0.252417
vt 0.037710 0.252176
vt 0.033338 0.158864
vt 0.063701 0.157780
vt 0.065701 0.188014
vt 0.034949 0.189829
vt 0.091929 0.157368
vt 0.117715 0.160329
vt 0.116357 0.179740
vt 0.096261 0.186744
vt 0.225956 0.244538
vt 0.227157 0.252124
vt 0.282831 0.040787
vt 0.313314 0.041641
vt 0.312478 0.072205
vt 0.280762 0.074077
vt 0.343656 0.042356
vt 0.373871 0.042981
vt 0.371237 0.071839
vt 0.343057 0.071798
vt 0.361406 0.306324
vt 0.342087 0.305922
vt 0.327734 0.294831
vt 0.348846 0.287347
vt 0.229434 0.716778
vt 0.231463 0.737967
vt 0.212247 0.734686
vt 0.188919 0.686182
vt 0.189758 0.718293
vt 0.172887 0.718333
vt 0.257674 0.748258
vt 0.282734 0.749212
vt 0.255859 0.768042
vt 0.057776 0.810865
vt 0.086468 0.810653
vt 0.087137 0.839312
vt 0.058143 0.839904
vt 0.058212 0.752582
vt 0.087816 0.753227
vt 0.086427 0.782282
vt 0.057820 0.781898
vt 0.120185 0.754983
vt 0.137979 0.766183
vt 0.136638 0.784362
vt 0.113311 0.783085
vt 0.060161 0.927625
vt 0.089498 0.926914
vt 0.090186 0.956253
vt 0.060862 0.956952
vt 0.058763 0.869043
vt 0.087960 0.868335
vt 0.088757 0.897572
vt 0.059453 0.898309
vt 0.117171 0.867348
vt 0.146931 0.865855
vt 0.147749 0.895904
vt 0.118142 0.896758
vt 0.213880 0.573227
vt 0.239315 0.575812
vt 0.236273 0.603301
vt 0.209969 0.599856
vt 0.217875 0.520243
vt 0.243632 0.522128
vt 0.241702 0.548771
vt 0.216252 0.546868
vt 0.269328 0.523925
vt 0.296322 0.525644
vt 0.294479 0.552988
vt 0.267382 0.550959
vt 0.053287 0.573940
vt 0.081298 0.572641
vt 0.083309 0.601623
vt 0.054711 0.603284
vt 0.051413 0.515623
vt 0.079832 0.514923
vt 0.080197 0.543966
vt 0.052226 0.544820
vt 0.151903 0.174956
vt 0.144640 0.199647
vt 0.058234 0.692922
vt 0.088465 0.692411
vt 0.088866 0.723121
vt 0.058524 0.722892
vt 0.056246 0.632988
vt 0.086329 0.631398
vt 0.087688 0.661881
vt 0.057463 0.662914
vt 0.118965 0.628336
vt 0.143864 0.634519
vt 0.154583 0.657708
vt 0.119007 0.660629
vt 0.431120 0.588415
vt 0.458944 0.589441
vt 0.457985 0.617377
vt 0.429978 0.616304
vt 0.433294 0.533215
vt 0.460710 0.534149
vt 0.459853 0.561694
vt 0.432225 0.560714
vt 0.488181 0.534865
vt 0.515723 0.535377
vt 0.515269 0.563054
vt 0.487530 0.562472
vt 0.320098 0.582456
vt 0.347819 0.584221
vt 0.346133 0.612043
vt 0.318208 0.610251
vt 0.323691 0.527395
vt 0.351127 0.529105
vt 0.349482 0.556580
vt 0.321930 0.554845
vt 0.378533 0.530678
vt 0.405912 0.532057
vt 0.404631 0.559530
vt 0.377054 0.558148
vt 0.312831 0.694853
vt 0.341170 0.696502
vt 0.339529 0.724819
vt 0.311251 0.723082
vt 0.316314 0.638316
vt 0.344446 0.640062
vt 0.342791 0.668236
vt 0.314496 0.666571
vt 0.372553 0.641650
vt 0.400663 0.643086
vt 0.399291 0.671269
vt 0.371038 0.669814
vt 0.709333 0.713001
vt 0.721330 0.712125
vt 0.726558 0.725573
vt 0.709292 0.727948
vt 0.697349 0.712072
vt 0.692133 0.725409
vt 0.709149 0.743729
vt 0.693449 0.743373
vt 0.538122 0.820357
vt 0.570193 0.819818
vt 0.567281 0.851804
vt 0.537036 0.850416
vt 0.537048 0.761955
vt 0.563015 0.762013
vt 0.564573 0.789920
vt 0.537184 0.790737
vt 0.708074 0.775139
vt 0.725598 0.778230
vt 0.719781 0.791845
vt 0.706545 0.792375
vt 0.532140 0.936236
vt 0.561333 0.938128
vt 0.560210 0.954554
vt 0.531141 0.952709
vt 0.535465 0.880188
vt 0.565203 0.881973
vt 0.563186 0.911301
vt 0.533765 0.909432
vt 0.595109 0.884315
vt 0.624236 0.888639
vt 0.621611 0.916143
vt 0.592535 0.913513
vt 0.655410 0.589728
vt 0.682981 0.588666
vt 0.683709 0.613664
vt 0.656964 0.615797
vt 0.654420 0.535256
vt 0.682195 0.534881
vt 0.682553 0.562424
vt 0.654810 0.562921
vt 0.709958 0.534562
vt 0.737813 0.534353
vt 0.737902 0.562074
vt 0.710177 0.562123
vt 0.542738 0.591371
vt 0.570774 0.591621
vt 0.570540 0.619757
vt 0.542346 0.619459
vt 0.543341 0.535696
vt 0.571037 0.535837
vt 0.570946 0.563659
vt 0.543074 0.563445
vt 0.598801 0.535810
vt 0.626605 0.535600
vt 0.626880 0.563498
vt 0.598889 0.563690
vt 0.539074 0.705292
vt 0.565734 0.707119
vt 0.563317 0.734564
vt 0.537682 0.733647
vt 0.541920 0.647803
vt 0.570395 0.648143
vt 0.572021 0.678429
vt 0.541342 0.676626
vt 0.692827 0.773832
vt 0.690963 0.791042
vt 0.878922 0.592078
vt 0.907837 0.592582
vt 0.907275 0.621616
vt 0.878285 0.620929
vt 0.879572 0.534420
vt 0.908498 0.534565
vt 0.908255 0.563576
vt 0.879346 0.563249
vt 0.937603 0.534731
vt 0.966872 0.534923
vt 0.966584 0.564255
vt 0.937342 0.563908
vt 0.765609 0.590141
vt 0.793646 0.590249
vt 0.793266 0.616975
vt 0.764562 0.619578
vt 0.765808 0.534241
vt 0.793959 0.534189
vt 0.793881 0.562373
vt 0.765811 0.562265
vt 0.822298 0.534214
vt 0.850835 0.534299
vt 0.850631 0.562922
vt 0.822144 0.562612
vt 0.702035 0.803931
vt 0.694339 0.802968
vt 0.741088 0.744987
vt 0.758481 0.744824
vt 0.758056 0.760173
vt 0.740813 0.759232
vt 0.818100 0.649012
vt 0.848388 0.649114
vt 0.846009 0.679555
vt 0.824341 0.671191
vt 0.876908 0.707906
vt 0.904998 0.709083
vt 0.903925 0.738643
vt 0.871483 0.737864
vt 0.877513 0.649894
vt 0.906566 0.650707
vt 0.905804 0.679860
vt 0.876758 0.679039
vt 0.935723 0.651409
vt 0.964939 0.652086
vt 0.964231 0.681327
vt 0.935007 0.680617
vt 0.725142 0.743853
vt 0.724848 0.759874
vt 0.742359 0.774707
vt 0.770639 0.748760
vt 0.769951 0.756797
vt 0.648421 0.945004
vt 0.676996 0.948566
vt 0.675767 0.977603
vt 0.647276 0.963845
vt 0.652414 0.891951
vt 0.679914 0.894191
vt 0.678370 0.920594
vt 0.650212 0.918556
vt 0.707096 0.895518
vt 0.734352 0.895865
vt 0.734271 0.922256
vt 0.706323 0.921783
vt 0.426306 0.700946
vt 0.454760 0.702161
vt 0.453592 0.730701
vt 0.424999 0.729451
vt 0.428797 0.644367
vt 0.456972 0.645491
vt 0.455897 0.673760
vt 0.427573 0.672586
vt 0.485209 0.646456
vt 0.513529 0.647240
vt 0.512737 0.675703
vt 0.484273 0.674783
vt 0.207910 0.866728
vt 0.177902 0.863285
vt 0.191800 0.837416
vt 0.207826 0.835660
vt 0.204464 0.627402
vt 0.232091 0.631596
vt 0.224738 0.663634
vt 0.190059 0.655918
vt 0.259895 0.634123
vt 0.288105 0.636363
vt 0.286050 0.664826
vt 0.257023 0.663236
vt 0.178068 0.925135
vt 0.207880 0.925118
vt 0.207725 0.954747
vt 0.178258 0.954727
vt 0.207972 0.895722
vt 0.177783 0.895217
vt 0.238145 0.862826
vt 0.270068 0.866274
vt 0.268706 0.896398
vt 0.238344 0.895259
vt 0.434855 0.273661
vt 0.459716 0.272217
vt 0.461352 0.297338
vt 0.436164 0.298619
vt 0.428291 0.225543
vt 0.453649 0.225013
vt 0.457440 0.248407
vt 0.434619 0.250506
vt 0.479014 0.219812
vt 0.505742 0.215477
vt 0.509175 0.242094
vt 0.482697 0.245191
vt 0.095166 0.334018
vt 0.091526 0.307446
vt 0.131020 0.300683
vt 0.137134 0.325222
vt 0.133712 0.434804
vt 0.111451 0.423947
vt 0.145251 0.405883
vt 0.168962 0.418392
vt 0.498069 0.184735
vt 0.518013 0.183605
vt 0.222572 0.465766
vt 0.246603 0.469225
vt 0.245645 0.495659
vt 0.219914 0.493177
vt 0.217855 0.398479
vt 0.236337 0.403660
vt 0.244225 0.441781
vt 0.221443 0.436650
vt 0.099852 0.362079
vt 0.143882 0.352119
vt 0.871404 0.243004
vt 0.901374 0.241393
vt 0.902793 0.271265
vt 0.873133 0.272743
vt 0.867370 0.181808
vt 0.898642 0.180468
vt 0.899925 0.211177
vt 0.869450 0.212813
vt 0.929329 0.179689
vt 0.959511 0.179094
vt 0.960323 0.209072
vt 0.930239 0.210015
vt 0.645755 0.260353
vt 0.672884 0.258653
vt 0.674576 0.285939
vt 0.647308 0.287475
vt 0.642299 0.207516
vt 0.669058 0.205502
vt 0.671021 0.231587
vt 0.644068 0.233441
vt 0.695953 0.203272
vt 0.722992 0.200810
vt 0.725432 0.227257
vt 0.698131 0.229531
vt 0.653679 0.479783
vt 0.681418 0.479329
vt 0.681834 0.507114
vt 0.654068 0.507499
vt 0.652617 0.424504
vt 0.680269 0.423813
vt 0.680906 0.451556
vt 0.653206 0.452115
vt 0.708069 0.423081
vt 0.736030 0.422327
vt 0.736700 0.450372
vt 0.708732 0.450967
vt 0.879458 0.476686
vt 0.908452 0.476468
vt 0.908564 0.505532
vt 0.879608 0.505570
vt 0.878610 0.418792
vt 0.907698 0.418214
vt 0.908163 0.447364
vt 0.879125 0.447762
vt 0.936963 0.417692
vt 0.966395 0.417223
vt 0.966761 0.446708
vt 0.937378 0.447013
vt 0.435321 0.478922
vt 0.462237 0.479731
vt 0.461509 0.506821
vt 0.434329 0.505940
vt 0.437056 0.425824
vt 0.463350 0.426351
vt 0.462866 0.452902
vt 0.436248 0.452204
vt 0.489853 0.426594
vt 0.516557 0.426610
vt 0.516544 0.453510
vt 0.489629 0.453321
vt 0.415002 0.932900
vt 0.444288 0.934326
vt 0.442867 0.963591
vt 0.413600 0.962199
vt 0.417908 0.874300
vt 0.447192 0.875746
vt 0.445740 0.905041
vt 0.416442 0.903592
vt 0.476521 0.877163
vt 0.505942 0.878611
vt 0.504391 0.907776
vt 0.475056 0.906283
vt 0.878364 0.947887
vt 0.907577 0.946974
vt 0.908452 0.976217
vt 0.879223 0.977076
vt 0.876287 0.889489
vt 0.905630 0.888360
vt 0.906649 0.917702
vt 0.877413 0.918714
vt 0.935053 0.887412
vt 0.964449 0.886567
vt 0.965294 0.915911
vt 0.935960 0.916778
vt 0.666990 0.179985
vt 0.693668 0.177596
vt 0.720458 0.175051
vt 0.613794 0.184098
vt 0.640363 0.182094
vt 0.827876 0.149666
vt 0.257013 0.415458
vt 0.269483 0.439062
vt 0.561449 0.066742
vt 0.579270 0.100821
vt 0.548623 0.099023
vt 0.541621 0.188043
vt 0.525642 0.162482
vt 0.403881 0.222244
vt 0.409412 0.246303
vt 0.384181 0.237256
vt 0.386668 0.207544
vt 0.108185 0.571059
vt 0.107078 0.543412
vt 0.142371 0.544033
vt 0.142852 0.568450
vt 0.191230 0.458630
vt 0.196943 0.423495
vt 0.637587 0.146642
vt 0.663993 0.144803
vt 0.549287 0.046922
vt 0.536627 0.079114
vt 0.111371 0.598787
vt 0.144042 0.591042
vt 0.108135 0.515162
vt 0.142985 0.500380
vt 0.142979 0.520225
vt 0.187177 0.490385
vt 0.561830 0.187461
vt 0.554908 0.155624
vt 0.344955 0.113046
vt 0.315476 0.111547
vt 0.208295 0.385147
vt 0.239152 0.387497
vt 0.316661 0.390842
vt 0.311371 0.413426
vt 0.283769 0.399513
vt 0.290604 0.379170
vt 0.686394 0.100110
vt 0.661939 0.099589
vt 0.635432 0.099678
vt 0.607898 0.100274
vt 0.773742 0.169274
vt 0.747397 0.172465
vt 0.744255 0.139366
vt 0.768966 0.138134
vt 0.801155 0.100998
vt 0.829200 0.116075
vt 0.801298 0.127992
vt 0.788958 0.125938
vt 0.164115 0.779697
vt 0.166962 0.799331
vt 0.247630 0.841067
vt 0.270214 0.834411
vt 0.169205 0.840442
vt 0.170580 0.738395
vt 0.730906 0.091119
vt 0.715479 0.118752
vt 0.705832 0.099848
vt 0.160628 0.615121
vt 0.165491 0.631760
vt 0.167990 0.817037
vt 0.186398 0.819586
vt 0.220293 0.691838
vt 0.681876 0.867800
vt 0.707759 0.869003
vt 0.734011 0.870639
vt 0.628306 0.861671
vt 0.655239 0.866440
vt 0.678754 0.772627
vt 0.676313 0.787101
vt 0.664447 0.774027
vt 0.664481 0.785859
vt 0.678669 0.744408
vt 0.693485 0.758758
vt 0.679122 0.758684
vt 0.663851 0.743441
vt 0.663762 0.758860
vt 0.708772 0.759304
vt 0.743189 0.729599
vt 0.851361 0.706786
vt 0.851498 0.727309
vt 0.663490 0.731169
vt 0.675918 0.729320
vt 0.792220 0.641379
vt 0.756403 0.731800
vt 0.772722 0.639188
vt 0.755607 0.773078
vt 0.599307 0.648787
vt 0.593579 0.670259
vt 0.620686 0.643088
vt 0.599376 0.852620
vt 0.782259 0.666305
vt 0.758580 0.660426
vt 0.593445 0.785010
vt 0.594031 0.804367
vt 0.826690 0.740044
vt 0.824152 0.714496
vt 0.803775 0.814881
vt 0.822878 0.811207
vt 0.846084 0.749005
vt 0.751262 0.641961
vt 0.844470 0.766644
vt 0.795626 0.843135
vt 0.779762 0.821402
vt 0.613228 0.687258
vt 0.594379 0.693538
vt 0.732725 0.642134
vt 0.709563 0.641804
vt 0.844949 0.784294
vt 0.264821 0.395835
vt 0.026501 0.634265
vt 0.027658 0.663900
vt 0.025174 0.604625
vt 0.028473 0.693503
vt 0.033802 0.722947
vt 0.391776 0.072914
vt 0.408013 0.107019
vt 0.376404 0.111473
vt 0.022195 0.516478
vt 0.023009 0.545738
vt 0.021370 0.487323
vt 0.023968 0.575096
vt 0.177921 0.617089
vt 0.180590 0.594345
vt 0.774962 0.095800
vt 0.769077 0.121948
vt 0.175898 0.633046
vt 0.273268 0.412857
vt 0.029478 0.869660
vt 0.030135 0.898991
vt 0.028935 0.840341
vt 0.030831 0.928325
vt 0.031532 0.957653
vt 0.234896 0.777828
vt 0.028773 0.752401
vt 0.028619 0.781758
vt 0.028629 0.811028
vt 0.149754 0.737882
vt 0.146025 0.749051
vt 0.220319 0.691848
vt 0.207409 0.712959
vt 0.229414 0.820130
vt 0.246357 0.816452
vt 0.232890 0.755401
vt 0.967221 0.171452
vt 0.983893 0.188610
vt 0.974962 0.210658
vt 0.967221 0.192871
vt 0.690219 0.142390
vt 0.717064 0.140244
vt 0.169798 0.455986
vt 0.145050 0.608576
vt 0.587152 0.185323
vt 0.583249 0.152276
vt 0.610800 0.148490
vt 0.089589 0.283126
vt 0.090886 0.264195
vt 0.122261 0.252233
vt 0.127261 0.276839
vt 0.101865 0.232537
vt 0.102539 0.244219
vt 0.365593 0.282693
vt 0.314608 0.011747
vt 0.344523 0.012871
vt 0.374557 0.013444
vt 0.254581 0.007905
vt 0.284700 0.010218
vt 0.319265 0.373069
vt 0.300669 0.357304
vt 0.268787 0.094619
vt 0.248435 0.092636
vt 0.403888 0.043430
vt 0.429626 0.041906
vt 0.438497 0.087686
vt 0.417915 0.088220
vt 0.432423 0.015919
vt 0.460530 0.016940
vt 0.460014 0.044995
vt 0.489144 0.016656
vt 0.489606 0.044921
vt 0.404736 0.014653
vt 0.799987 0.163362
vt 0.789301 0.137211
vt 0.802192 0.135620
vt 0.002121 0.160148
vt 0.003841 0.191550
vt 0.001005 0.128496
vt 0.005837 0.222579
vt 0.007102 0.252976
vt 0.064692 0.000340
vt 0.097111 0.000769
vt 0.129558 0.001566
vt 0.000110 0.032327
vt 0.000141 0.064506
vt 0.000169 0.000110
vt 0.032386 0.000169
vt 0.000393 0.096591
vt 0.193367 0.004142
vt 0.224168 0.005757
vt 0.161776 0.002737
vt 0.157737 0.096696
vt 0.150654 0.124729
vt 0.194307 0.095225
vt 0.104735 0.392086
vt 0.967221 0.083059
vt 0.980942 0.097468
vt 0.976911 0.127596
vt 0.967221 0.110892
vt 0.016750 0.400291
vt 0.018800 0.429261
vt 0.014257 0.371238
vt 0.020263 0.458258
vt 0.299670 0.438535
vt 0.282827 0.413474
vt 0.007963 0.283285
vt 0.009605 0.312907
vt 0.011738 0.342112
vt 0.750267 0.091405
vt 0.774938 0.095796
vt 0.744058 0.122670
vt 0.319198 0.353718
vt 0.490949 0.083082
vt 0.464021 0.084855
vt 0.366847 0.264300
vt 0.384700 0.256987
vt 0.321518 0.337008
vt 0.784291 0.024227
vt 0.815282 0.017078
vt 0.844965 0.020678
vt 0.724348 0.021623
vt 0.754267 0.023133
vt 0.904432 0.026389
vt 0.934098 0.028537
vt 0.963711 0.030387
vt 0.874690 0.023769
vt 0.547020 0.014676
vt 0.575815 0.011071
vt 0.605850 0.018583
vt 0.518109 0.015895
vt 0.518856 0.044944
vt 0.163480 0.490214
vt 0.324333 0.316714
vt 0.664816 0.019420
vt 0.694525 0.020297
vt 0.635276 0.019232
vt 0.281376 0.132802
vt 0.253392 0.133643
vt 0.144869 0.381997
vt 0.293199 0.107812
vt 0.788159 0.863357
vt 0.760448 0.869121
vt 0.637985 0.831672
vt 0.661274 0.834349
vt 0.773869 0.841002
vt 0.800824 0.669291
vt 0.847094 0.808137
vt 0.826104 0.791256
vt 0.593876 0.712427
vt 0.592666 0.736174
vt 0.643635 0.643756
vt 0.637595 0.662278
vt 0.732051 0.838923
vt 0.755208 0.841125
vt 0.823669 0.695047
vt 0.685931 0.828022
vt 0.708503 0.829413
vt 0.804716 0.688682
vt 0.592398 0.761033
vt 0.592978 0.828940
vt 0.614281 0.809790
vt 0.662054 0.643064
vt 0.200713 0.135301
vt 0.181898 0.136505
vt 0.156783 0.157421
vt 0.174828 0.153493
vt 0.417490 0.197862
vt 0.446423 0.192930
vt 0.093594 0.209137
vt 0.120225 0.226203
vt 0.222426 0.093253
vt 0.122454 0.205726
vt 0.183438 0.569881
vt 0.185401 0.544852
vt 0.473184 0.188148
vt 0.516491 0.081639
vt 0.186155 0.518886
vt 0.223258 0.836442
vt 0.617819 0.667239
vt 0.617904 0.830459
vt 0.685303 0.642064
vt 0.227012 0.134947
vt 0.751594 0.796162
vt 0.736696 0.796421
vt 0.799048 0.715018
vt 0.792504 0.740782
vt 0.617196 0.713152
vt 0.644798 0.715822
vt 0.640201 0.738652
vt 0.616284 0.736970
vt 0.645473 0.802971
vt 0.715303 0.810950
vt 0.731645 0.812112
vt 0.754381 0.818196
vt 0.709393 0.689089
vt 0.731587 0.691222
vt 0.791632 0.764661
vt 0.821514 0.765661
vt 0.798620 0.790481
vt 0.666545 0.808598
vt 0.681321 0.808857
vt 0.753013 0.708581
vt 0.772965 0.715199
vt 0.615947 0.760495
vt 0.639139 0.759624
vt 0.641197 0.780444
vt 0.616619 0.784071
vt 0.639519 0.688344
vt 0.778970 0.689435
vt 0.755794 0.686788
vt 0.774243 0.772437
vt 0.772207 0.790885
vt 0.662464 0.664784
vt 0.686105 0.665597
vt 0.687200 0.691310
vt 0.663313 0.687498
vt 0.709533 0.665065
vt 0.732938 0.664818
vt 0.737844 0.707331
vt 0.665579 0.708789
vt 0.680812 0.707330
vt 0.775148 0.733132
vt 0.229068 0.798083
vt 0.191073 0.792864
vt 0.206070 0.792246
vt 0.207533 0.816326
vt 0.191982 0.760659
vt 0.211489 0.757041
vt 0.209733 0.777955
vt 0.200413 0.775740
vt 0.188031 0.745250
vt 0.162731 0.758151
vt 0.191959 0.760668
vt 0.188285 0.778449
vt 0.188015 0.745264
vt 0.967221 0.006092
vt 0.969277 0.031964
vt 0.999890 0.025074
vt 0.999492 0.000110
vt 0.197705 0.779157
vt 0.199240 0.780197
vt 0.199206 0.782055
vt 0.197583 0.781479
vt 0.968148 0.056646
vt 0.967221 0.082839
vt 0.994451 0.059908
vt 0.999038 0.045346
vt 0.291368 0.269934
vt 0.304464 0.292765
vt 0.162752 0.568006
vt 0.162088 0.591237
vt 0.344375 0.144678
vt 0.377888 0.142638
vt 0.380047 0.174315
vt 0.344029 0.179636
vt 0.467478 0.136349
vt 0.494381 0.134343
vt 0.496275 0.160222
vt 0.469700 0.162230
vt 0.151562 0.227077
vt 0.275620 0.349372
vt 0.268495 0.371304
vt 0.581186 0.126516
vt 0.609068 0.124645
vt 0.687165 0.121300
vt 0.636133 0.123227
vt 0.662237 0.122150
vt 0.522182 0.132360
vt 0.551549 0.128418
vt 0.519320 0.106137
vt 0.234011 0.316115
vt 0.254843 0.340908
vt 0.244397 0.361000
vt 0.274162 0.299917
vt 0.301660 0.311241
vt 0.300612 0.332931
vt 0.279439 0.327383
vt 0.179961 0.287447
vt 0.177773 0.378055
vt 0.202984 0.162484
vt 0.409921 0.139833
vt 0.439887 0.138340
vt 0.442011 0.165491
vt 0.412380 0.169362
vt 0.438864 0.111151
vt 0.492607 0.108584
vt 0.465807 0.110320
vt 0.310923 0.146428
vt 0.317444 0.270258
vt 0.341817 0.266617
vt 0.286588 0.236259
vt 0.305436 0.218726
vt 0.329698 0.242619
vt 0.299970 0.248483
vt 0.350660 0.209725
vt 0.358813 0.238408
vt 0.164098 0.520222
vt 0.163225 0.543926
vt 0.283044 0.255822
vt 0.177295 0.182242
vt 0.209344 0.217926
vt 0.188017 0.214747
vt 0.967221 0.137067
vt 0.981146 0.127815
vt 0.981146 0.168023
vt 0.975647 0.171232
vt 0.187465 0.234026
vt 0.192779 0.247275
vt 0.240052 0.303678
s 1
usemtl Material
f 1034/1/1 259/2/1 4/3/1 446/4/1
f 1033/5/1 265/6/1 8/7/1 442/8/1
f 1032/9/1 266/10/1 9/11/1 449/12/1
f 1031/13/1 263/14/1 7/15/1 450/16/1
f 1030/17/1 281/18/1 21/19/13 438/20/13
f 1029/21/167 282/22/167 22/23/1 453/24/1
f 1028/25/1 275/26/1 16/27/1 454/28/1
f 1027/29/645 285/30/169 20/31/12 437/32/260
f 1229/33/840 1151/34/762 986/35/615 743/36/473
f 1025/37/644 278/38/164 19/39/11 456/40/266
f 1024/41/643 288/42/172 13/43/6 430/44/256
f 1023/45/642 289/46/173 23/47/14 459/48/269
f 1022/49/641 277/50/163 18/51/10 460/52/270
f 1021/53/640 292/54/176 17/55/9 434/56/9
f 1019/57/1 271/58/1 12/59/1 464/60/1
f 1017/61/637 333/62/198 60/63/32 467/64/275
f 1016/65/1 308/66/1 38/67/1 468/68/1
f 1014/69/635 337/70/202 61/71/33 471/72/278
f 1013/73/634 329/74/194 58/75/30 472/76/279
f 1012/77/633 340/78/205 31/79/17 395/80/68
f 1009/81/51 344/82/1 56/83/1 422/84/249
f 1008/85/1 345/86/1 63/87/1 479/88/1
f 1007/89/1 314/90/185 44/91/22 480/92/284
f 1006/93/630 348/94/210 55/95/28 421/96/248
f 1206/97/817 1155/98/766 925/99/592 803/100/494
f 1004/101/628 325/102/191 54/103/27 483/104/287
f 1003/105/137 351/106/213 27/107/1 391/108/1
f 1002/109/627 352/110/214 64/111/35 486/112/290
f 139/113/75 324/114/190 1122/115/733 1116/116/727
f 1000/117/626 355/118/217 52/119/25 418/120/245
f 1200/121/811 1169/122/780 906/123/575 805/124/496
f 1316/125/927 1219/126/830 745/127/475 494/128/297
f 1155/98/766 1205/129/816 804/130/495 925/99/592
f 996/131/1 356/132/218 65/133/36 492/134/295
f 1227/135/838 1150/136/761 987/137/616 744/138/474
f 994/139/623 359/140/220 34/141/19 398/142/237
f 1268/143/879 1276/144/887 609/145/363 634/146/383
f 1276/144/887 1227/135/838 744/138/474 609/145/363
f 991/147/620 361/148/222 50/149/1 415/150/1
f 1245/151/856 1183/152/794 889/153/563 642/154/391
f 989/155/618 312/156/1 42/157/1 498/158/301
f 988/159/617 365/160/167 49/161/1 414/162/1
f 610/163/364 922/164/589 882/165/556 494/128/297
f 883/166/557 610/163/364 494/128/297 635/167/384
f 985/168/1 368/169/1 35/170/20 399/171/238
f 984/172/1 369/173/1 68/174/1 505/175/1
f 983/176/1 317/177/1 47/178/1 506/179/1
f 982/180/1 372/181/1 46/182/1 411/183/1
f 981/184/1 373/185/1 69/186/1 509/187/1
f 980/188/1 300/189/1 30/190/1 510/191/1
f 979/192/1 376/193/1 45/194/1 410/195/1
f 978/196/614 377/197/228 70/198/39 513/199/308
f 977/200/1 303/201/1 33/202/1 514/203/1
f 976/204/1 380/205/1 39/206/1 403/207/1
f 975/208/1 381/209/1 71/210/1 517/211/1
f 974/212/613 302/213/182 32/214/18 518/215/309
f 973/216/612 384/217/231 43/218/1 407/219/50
f 972/220/611 385/221/232 72/222/40 521/223/312
f 971/224/1 296/225/1 26/226/1 522/227/1
f 970/228/610 523/229/313 200/230/118 387/231/234
f 969/232/609 524/233/314 201/234/119 525/235/315
f 968/236/1 429/237/1 112/238/1 526/239/1
f 964/240/605 531/241/320 92/242/47 276/243/9
f 963/244/604 532/245/321 202/246/120 533/247/322
f 962/248/603 519/249/310 197/250/115 534/251/323
f 961/252/1 535/253/324 196/254/114 383/255/1
f 960/256/1 536/257/78 203/258/78 537/259/1
f 959/260/270 435/261/259 118/262/69 538/263/325
f 958/264/602 539/265/326 195/266/113 382/267/230
f 957/268/601 540/269/327 204/270/121 541/271/328
f 956/272/50 516/273/1 194/274/1 542/275/1
f 955/276/53 543/277/1 88/278/1 272/279/1
f 954/280/600 544/281/329 205/282/53 545/283/330
f 953/284/1 515/285/1 193/286/1 546/287/1
f 952/288/1 547/289/1 192/290/1 379/291/1
f 951/292/599 548/293/331 206/294/1 549/295/331
f 950/296/1 436/297/1 119/298/1 550/299/1
f 949/300/598 551/301/332 191/302/112 378/303/229
f 948/304/597 552/305/333 207/306/122 553/307/334
f 947/308/596 512/309/307 190/310/111 554/311/335
f 946/312/595 555/313/336 95/314/50 279/315/165
f 945/316/594 556/317/337 208/318/123 557/319/338
f 944/320/593 511/321/306 189/322/1 558/323/339
f 943/324/1 559/325/1 188/326/1 375/327/1
f 942/328/1 560/329/1 209/330/1 561/331/1
f 941/332/1 433/333/1 116/334/1 562/335/1
f 940/336/1 563/337/1 187/338/1 374/339/1
f 939/340/1 564/341/1 210/342/1 565/343/1
f 938/344/1 508/345/1 186/346/1 566/347/1
f 937/348/1 567/349/1 96/350/51 280/351/166
f 936/352/1 568/353/1 211/354/1 569/355/1
f 935/356/1 507/357/1 185/358/1 570/359/1
f 934/360/1 571/361/1 184/362/1 371/363/1
f 933/364/1 572/365/1 212/366/1 573/367/1
f 932/368/1 451/369/1 133/370/1 574/371/1
f 931/372/1 575/373/1 183/374/1 370/375/1
f 930/376/1 576/377/1 213/378/1 577/379/1
f 929/380/1 504/381/1 182/382/1 578/383/1
f 928/384/1 579/385/1 84/386/1 268/387/1
f 927/388/1 580/389/1 214/390/1 581/391/1
f 926/392/1 503/393/1 181/394/1 582/395/1
f 635/167/384 494/128/297 745/127/475 907/396/576
f 924/397/591 584/398/341 215/399/124 585/400/342
f 923/401/590 452/402/264 134/403/72 586/404/343
f 905/405/574 641/406/390 583/407/340 804/130/495
f 804/130/495 583/407/340 803/100/494 925/99/592
f 920/408/587 500/409/303 178/410/108 590/411/347
f 919/412/586 591/413/348 99/414/53 283/415/168
f 918/416/585 592/417/349 217/418/126 593/419/350
f 917/420/584 499/421/302 177/422/107 594/423/351
f 916/424/583 595/425/352 176/426/106 364/427/225
f 915/428/582 596/429/235 218/430/127 597/431/353
f 914/432/1 445/433/1 128/434/1 598/435/354
f 881/436/555 907/396/576 642/154/391 587/437/344
f 912/438/580 600/439/356 219/440/128 601/441/357
f 911/442/579 496/443/299 174/444/104 602/445/358
f 910/446/167 603/447/167 100/448/1 284/449/1
f 909/450/578 604/451/359 220/452/129 605/453/52
f 908/454/577 495/455/298 173/456/103 606/457/360
f 986/35/615 881/436/555 587/437/344 743/36/473
f 743/36/473 587/437/344 641/406/390 905/405/574
f 907/396/576 745/127/475 589/458/346 642/154/391
f 904/459/573 611/460/365 172/461/102 360/462/221
f 903/463/572 612/464/366 221/465/130 613/466/367
f 805/124/496 906/123/575 640/467/389 607/468/361
f 901/469/570 615/470/369 83/471/44 267/472/159
f 900/473/211 616/474/370 222/475/131 617/476/371
f 987/137/616 805/124/496 607/468/361 746/477/476
f 746/477/476 607/468/361 639/478/388 922/164/589
f 897/479/1 620/480/1 223/481/132 621/482/374
f 896/483/567 455/484/265 137/485/73 622/486/375
f 895/487/1 623/488/1 170/489/1 357/490/1
f 894/491/1 624/492/1 224/493/1 625/494/1
f 893/495/1 491/496/1 169/497/1 626/498/1
f 892/499/566 627/500/376 102/501/55 286/502/170
f 891/503/565 628/504/377 225/505/133 629/506/378
f 890/507/564 490/508/294 168/509/100 630/510/379
f 631/511/380 883/166/557 635/167/384 608/512/362
f 744/138/474 987/137/616 746/477/476 609/145/363
f 634/146/383 609/145/363 610/163/364 883/166/557
f 609/145/363 746/477/476 922/164/589 610/163/364
f 885/513/559 636/514/385 226/515/134 637/516/386
f 884/517/558 489/518/293 167/519/99 638/520/387
f 608/512/362 635/167/384 907/396/576 881/436/555
f 587/437/344 642/154/391 889/153/563 641/406/390
f 103/521/56 287/522/171 1189/523/800 1161/524/772
f 141/525/77 459/48/269 1128/526/739 1117/527/728
f 348/94/210 814/528/505 1139/529/750 1124/530/735
f 878/531/553 457/532/267 139/113/75 646/533/395
f 877/534/552 647/535/396 164/536/96 353/537/215
f 876/538/551 648/539/397 228/540/136 649/541/398
f 875/542/550 485/543/289 163/544/95 650/545/399
f 874/546/1 651/547/1 76/548/1 260/549/1
f 873/550/549 652/551/400 229/552/137 653/553/1
f 872/554/548 484/555/288 162/556/94 654/557/401
f 871/558/547 655/559/402 161/560/93 350/561/212
f 870/562/546 656/563/403 230/564/138 657/565/404
f 869/566/545 458/567/268 140/568/76 658/569/405
f 868/570/221 659/571/406 160/572/92 349/573/211
f 867/574/544 660/575/407 231/576/139 661/577/408
f 168/509/100 490/508/294 1226/578/837 1171/579/782
f 865/580/542 663/581/410 106/582/59 290/583/174
f 864/584/541 664/585/411 232/586/140 665/587/412
f 863/588/540 481/589/285 159/590/91 666/591/413
f 862/592/1 667/593/1 158/594/1 347/595/1
f 861/596/1 668/597/1 233/598/1 669/599/1
f 860/600/1 447/601/1 130/602/1 670/603/1
f 859/604/141 671/605/1 157/606/1 346/607/209
f 858/608/539 672/609/1 234/610/1 673/611/414
f 857/612/1 478/613/1 156/614/1 674/615/1
f 856/616/538 675/617/415 107/618/60 291/619/175
f 855/620/537 676/621/51 235/622/141 677/623/416
f 854/624/1 477/625/1 155/626/1 678/627/1
f 474/628/281 1015/629/636 829/630/517 328/631/193
f 848/632/531 474/628/281 328/631/193 520/633/311
f 520/633/311 328/631/193 713/634/447 966/635/607
f 850/636/533 683/637/421 153/638/89 342/639/207
f 849/640/532 684/641/422 236/642/142 685/643/423
f 529/644/318 967/645/608 822/646/511 330/647/195
f 847/648/487 687/649/425 80/650/42 264/651/1
f 846/652/530 688/653/426 237/654/143 689/655/427
f 845/656/529 473/657/280 152/658/88 690/659/428
f 844/660/528 691/661/429 151/662/87 339/663/204
f 843/664/527 692/665/430 238/666/144 693/667/431
f 842/668/430 462/669/272 143/670/79 694/671/432
f 841/672/526 695/673/433 150/674/86 338/675/203
f 840/676/1 696/677/284 239/678/145 697/679/185
f 839/680/525 470/681/277 149/682/85 698/683/434
f 838/684/524 699/685/435 109/686/62 293/687/177
f 837/688/523 700/689/436 240/690/146 701/691/437
f 851/692/534 529/644/318 330/647/195 680/693/418
f 835/694/521 703/695/439 148/696/84 335/697/200
f 834/698/1 704/699/1 241/700/1 705/701/440
f 833/702/1 441/703/1 124/704/1 706/705/1
f 832/706/520 707/707/441 147/708/83 334/709/199
f 831/710/519 708/711/442 242/712/147 709/713/443
f 830/714/518 466/715/51 146/716/82 710/717/444
f 680/693/418 330/647/195 686/718/424 853/719/536
f 823/720/512 1010/721/631 682/722/420 336/723/201
f 827/724/515 465/725/274 145/726/81 714/727/448
f 826/728/514 715/729/449 144/730/80 331/731/196
f 825/732/513 716/733/450 243/734/148 717/735/451
f 824/736/1 402/737/1 87/738/1 718/739/1
f 1020/740/639 823/720/512 336/723/201 719/741/452
f 719/741/452 336/723/201 681/742/419 967/645/608
f 1010/721/631 720/743/453 341/744/206 682/722/420
f 820/745/509 723/746/456 117/747/68 301/748/181
f 819/749/508 724/750/457 244/751/149 725/752/458
f 818/753/507 423/754/250 108/755/61 726/756/459
f 817/757/1 727/758/78 142/759/78 327/760/1
f 816/761/1 728/762/238 245/763/150 729/764/1
f 815/765/506 408/766/240 93/767/48 730/768/460
f 736/769/466 810/770/501 1138/771/749 1136/772/747
f 813/773/504 732/774/462 246/775/151 733/776/463
f 812/777/503 420/778/247 105/779/58 734/780/464
f 811/781/502 735/782/465 113/783/65 297/784/179
f 810/770/501 736/769/466 247/785/152 737/786/467
f 809/787/500 419/788/246 104/789/57 738/790/468
f 808/791/499 739/792/469 138/793/74 323/794/189
f 807/795/498 740/796/470 248/797/153 741/798/471
f 806/799/497 409/800/241 94/801/49 742/802/472
f 993/803/622 614/804/368 1248/805/859 1309/806/920
f 171/807/101 618/808/372 1249/809/860 1173/810/784
f 918/416/585 409/800/241 1213/811/824 1299/812/910
f 802/813/493 747/814/477 120/815/70 304/816/183
f 801/817/492 748/818/478 249/819/154 749/820/479
f 493/821/296 993/803/622 1309/806/920 1230/822/841
f 799/823/489 751/824/1 136/825/1 320/826/1
f 798/827/490 752/828/481 250/829/155 753/830/482
f 797/831/489 406/832/1 91/833/1 754/834/1
f 796/835/167 755/836/167 135/837/1 319/838/1
f 795/839/483 756/840/483 251/841/52 757/842/52
f 794/843/488 413/844/242 98/845/52 758/846/52
f 793/847/1 759/848/1 121/849/13 305/850/13
f 792/851/1 760/852/1 252/853/1 761/854/1
f 791/855/1 412/856/1 97/857/1 762/858/1
f 790/859/1 763/860/1 132/861/1 316/862/1
f 789/863/1 764/864/1 253/865/1 765/866/1
f 788/867/1 394/868/1 79/869/1 766/870/1
f 787/871/1 767/872/1 131/873/1 315/874/1
f 786/875/1 768/876/1 254/877/1 769/878/1
f 785/879/1 397/880/1 82/881/1 770/882/1
f 784/883/1 771/884/1 125/885/1 309/886/1
f 783/887/1 772/888/1 255/889/1 773/890/1
f 782/891/487 396/892/236 81/893/43 774/894/1
f 781/895/50 775/896/1 129/897/1 313/898/1
f 780/899/486 776/900/484 256/901/156 777/902/485
f 779/903/1 390/904/1 75/905/1 778/906/1
f 776/900/484 779/903/1 778/906/1 256/901/156
f 200/230/118 522/227/1 779/903/1 776/900/484
f 522/227/1 26/226/1 390/904/1 779/903/1
f 519/249/310 780/899/486 777/902/485 197/250/115
f 72/222/40 387/231/234 780/899/486 519/249/310
f 387/231/234 200/230/118 776/900/484 780/899/486
f 384/217/231 781/895/50 313/898/1 43/218/1
f 197/250/115 777/902/485 781/895/50 384/217/231
f 777/902/485 256/901/156 775/896/1 781/895/50
f 772/888/1 782/891/487 774/894/1 255/889/1
f 196/254/114 518/215/309 782/891/487 772/888/1
f 518/215/309 32/214/18 396/892/236 782/891/487
f 515/285/1 783/887/1 773/890/1 193/286/1
f 71/210/1 383/255/1 783/887/1 515/285/1
f 383/255/1 196/254/114 772/888/1 783/887/1
f 380/205/1 784/883/1 309/886/1 39/206/1
f 193/286/1 773/890/1 784/883/1 380/205/1
f 773/890/1 255/889/1 771/884/1 784/883/1
f 768/876/1 785/879/1 770/882/1 254/877/1
f 192/290/1 514/203/1 785/879/1 768/876/1
f 514/203/1 33/202/1 397/880/1 785/879/1
f 511/321/306 786/875/1 769/878/1 189/322/1
f 70/198/39 379/291/1 786/875/1 511/321/306
f 379/291/1 192/290/1 768/876/1 786/875/1
f 376/193/1 787/871/1 315/874/1 45/194/1
f 189/322/1 769/878/1 787/871/1 376/193/1
f 769/878/1 254/877/1 767/872/1 787/871/1
f 764/864/1 788/867/1 766/870/1 253/865/1
f 188/326/1 510/191/1 788/867/1 764/864/1
f 510/191/1 30/190/1 394/868/1 788/867/1
f 507/357/1 789/863/1 765/866/1 185/358/1
f 69/186/1 375/327/1 789/863/1 507/357/1
f 375/327/1 188/326/1 764/864/1 789/863/1
f 372/181/1 790/859/1 316/862/1 46/182/1
f 185/358/1 765/866/1 790/859/1 372/181/1
f 765/866/1 253/865/1 763/860/1 790/859/1
f 760/852/1 791/855/1 762/858/1 252/853/1
f 184/362/1 506/179/1 791/855/1 760/852/1
f 506/179/1 47/178/1 412/856/1 791/855/1
f 503/393/1 792/851/1 761/854/1 181/394/1
f 68/174/1 371/363/1 792/851/1 503/393/1
f 371/363/1 184/362/1 760/852/1 792/851/1
f 368/169/1 793/847/1 305/850/13 35/170/20
f 181/394/1 761/854/1 793/847/1 368/169/1
f 761/854/1 252/853/1 759/848/1 793/847/1
f 756/840/483 794/843/488 758/846/52 251/841/52
f 180/907/110 502/908/305 794/843/488 756/840/483
f 502/908/305 48/909/23 413/844/242 794/843/488
f 499/421/302 795/839/483 757/842/52 177/422/107
f 67/910/38 367/911/227 795/839/483 499/421/302
f 367/911/227 180/907/110 756/840/483 795/839/483
f 365/160/167 796/835/167 319/838/1 49/161/1
f 177/422/107 757/842/52 796/835/167 365/160/167
f 757/842/52 251/841/52 755/836/167 796/835/167
f 752/828/481 797/831/489 754/834/1 250/829/155
f 176/426/106 498/158/301 797/831/489 752/828/481
f 498/158/301 42/157/1 406/832/1 797/831/489
f 495/455/298 798/827/490 753/830/482 173/456/103
f 66/912/37 364/427/225 798/827/490 495/455/298
f 364/427/225 176/426/106 752/828/481 798/827/490
f 361/148/222 799/823/489 320/826/1 50/149/1
f 173/456/103 753/830/482 799/823/489 361/148/222
f 753/830/482 250/829/155 751/824/1 799/823/489
f 748/818/478 800/913/491 750/914/480 249/819/154
f 216/915/125 590/411/347 1242/916/853 1181/917/792
f 366/918/226 918/416/585 1299/812/910 1210/919/821
f 488/920/292 166/921/98 1167/922/778 1223/923/834
f 1005/924/629 662/925/409 1265/926/876 1315/927/926
f 749/820/479 802/813/493 1275/928/886 1271/929/882
f 180/907/110 367/911/227 1211/930/822 1179/931/790
f 588/932/345 216/915/125 1181/917/792 1240/933/851
f 749/820/479 249/819/154 747/814/477 802/813/493
f 482/934/286 1005/924/629 1315/927/926 1222/935/833
f 866/936/543 398/142/237 1212/937/823 1283/938/894
f 802/813/493 304/816/183 1190/939/801 1275/928/886
f 179/940/109 366/918/226 1210/919/821 1178/941/789
f 226/515/134 638/520/387 1259/942/870 1185/943/796
f 662/925/409 866/936/543 1283/938/894 1265/926/876
f 748/818/478 801/817/492 1274/944/885 1270/945/881
f 51/946/24 416/947/243 1214/948/825 1149/949/760
f 215/399/124 586/404/343 1238/950/849 1180/951/791
f 740/796/470 806/799/497 742/802/472 248/797/153
f 178/410/108 585/400/342 1237/952/848 1177/953/788
f 801/817/492 749/820/479 1271/929/882 1274/944/885
f 488/920/292 807/795/498 741/798/471 166/921/98
f 175/954/105 363/955/224 1208/956/819 1176/957/787
f 990/958/619 362/959/223 1207/960/818 1307/961/918
f 355/118/217 808/791/499 323/794/189 52/119/25
f 166/921/98 741/798/471 808/791/499 355/118/217
f 741/798/471 248/797/153 739/792/469 808/791/499
f 736/769/466 809/787/500 738/790/468 247/785/152
f 352/110/214 163/544/95 1118/962/729 1125/963/736
f 487/964/291 53/965/26 419/788/246 809/787/500
f 484/555/288 810/770/501 737/786/467 162/556/94
f 64/111/35 354/966/216 810/770/501 484/555/288
f 55/95/28 348/94/210 1124/530/735 1114/967/725
f 351/106/213 811/781/502 297/784/179 27/107/1
f 162/556/94 737/786/467 811/781/502 351/106/213
f 737/786/467 247/785/152 735/782/465 811/781/502
f 732/774/462 812/777/503 734/780/464 246/775/151
f 161/560/93 483/104/287 812/777/503 732/774/462
f 483/104/287 54/103/27 420/778/247 812/777/503
f 134/403/72 318/968/186 1192/969/803 1163/970/774
f 159/590/91 481/589/285 1220/971/831 1165/972/776
f 350/561/212 161/560/93 732/774/462 813/773/504
f 354/966/216 64/111/35 1115/973/726 1126/974/737
f 159/590/91 733/776/463 814/528/505 348/94/210
f 733/776/463 246/775/151 731/975/461 814/528/505
f 728/762/238 815/765/506 730/768/460 245/763/150
f 158/594/1 480/92/284 815/765/506 728/762/238
f 480/92/284 44/91/22 408/766/240 815/765/506
f 477/625/1 816/761/1 729/764/1 155/626/1
f 63/87/1 347/595/1 816/761/1 477/625/1
f 347/595/1 158/594/1 728/762/238 816/761/1
f 344/82/1 817/757/1 327/760/1 56/83/1
f 155/626/1 729/764/1 817/757/1 344/82/1
f 729/764/1 245/763/150 727/758/78 817/757/1
f 724/750/457 818/753/507 726/756/459 244/751/149
f 154/976/90 476/977/283 818/753/507 724/750/457
f 476/977/283 57/978/29 423/754/250 818/753/507
f 473/657/280 819/749/508 725/752/458 152/658/88
f 62/979/34 343/980/208 819/749/508 473/657/280
f 343/980/208 154/976/90 724/750/457 819/749/508
f 340/78/205 820/745/509 301/748/181 31/79/17
f 152/658/88 725/752/458 820/745/509 340/78/205
f 725/752/458 244/751/149 723/746/456 820/745/509
f 530/981/319 851/692/534 680/693/418 424/982/251
f 965/983/606 530/981/319 424/982/251 721/984/454
f 821/985/510 966/635/607 679/986/417 425/987/252
f 1018/988/638 821/985/510 425/987/252 711/989/445
f 711/989/445 425/987/252 530/981/319 965/983/606
f 713/634/447 1020/740/639 719/741/452 426/990/253
f 966/635/607 713/634/447 426/990/253 679/986/417
f 679/986/417 426/990/253 529/644/318 851/692/534
f 829/630/517 461/991/271 823/720/512 1020/740/639
f 716/733/450 824/736/1 718/739/1 243/734/148
f 148/696/84 468/68/1 824/736/1 716/733/450
f 468/68/1 38/67/1 402/737/1 824/736/1
f 465/725/274 825/732/513 717/735/451 145/726/81
f 60/63/32 335/697/200 825/732/513 465/725/274
f 335/697/200 148/696/84 716/733/450 825/732/513
f 332/992/197 826/728/514 331/731/196 59/993/31
f 145/726/81 717/735/451 826/728/514 332/992/197
f 717/735/451 243/734/148 715/729/449 826/728/514
f 722/994/455 463/995/273 821/985/510 1018/988/638
f 147/708/83 467/64/275 827/724/515 712/996/446
f 467/64/275 60/63/32 465/725/274 827/724/515
f 463/995/273 520/633/311 966/635/607 821/985/510
f 461/991/271 528/997/317 1010/721/631 823/720/512
f 334/709/199 147/708/83 712/996/446 828/998/516
f 426/990/253 719/741/452 967/645/608 529/644/318
f 425/987/252 679/986/417 851/692/534 530/981/319
f 336/723/201 682/722/420 852/999/535 681/742/419
f 708/711/442 830/714/518 710/717/444 242/712/147
f 96/350/51 411/183/1 830/714/518 708/711/442
f 411/183/1 46/182/1 466/715/51 830/714/518
f 462/669/272 831/710/519 709/713/443 143/670/79
f 21/19/13 280/351/166 831/710/519 462/669/272
f 280/351/166 96/350/51 708/711/442 831/710/519
f 329/74/194 832/706/520 334/709/199 58/75/30
f 143/670/79 709/713/443 832/706/520 329/74/194
f 709/713/443 242/712/147 707/707/441 832/706/520
f 704/699/1 833/702/1 706/705/1 241/700/1
f 132/861/1 450/16/1 833/702/1 704/699/1
f 450/16/1 7/15/1 441/703/1 833/702/1
f 466/715/51 834/698/1 705/701/440 146/716/82
f 46/182/1 316/862/1 834/698/1 466/715/51
f 316/862/1 132/861/1 704/699/1 834/698/1
f 333/62/198 835/694/521 335/697/200 60/63/32
f 146/716/82 705/701/440 835/694/521 333/62/198
f 705/701/440 241/700/1 703/695/439 835/694/521
f 700/689/436 836/1000/522 702/1001/438 240/690/146
f 150/674/86 471/72/278 836/1000/522 700/689/436
f 471/72/278 61/71/33 469/1002/276 836/1000/522
f 408/766/240 837/688/523 701/691/437 93/767/48
f 44/91/22 338/675/203 837/688/523 408/766/240
f 338/675/203 150/674/86 700/689/436 837/688/523
f 277/50/163 838/684/524 293/687/177 18/51/10
f 93/767/48 701/691/437 838/684/524 277/50/163
f 701/691/437 240/690/146 699/685/435 838/684/524
f 696/677/284 839/680/525 698/683/434 239/678/145
f 84/386/1 399/171/238 839/680/525 696/677/284
f 399/171/238 35/170/20 470/681/277 839/680/525
f 447/601/1 840/676/1 697/679/185 130/602/1
f 9/11/1 268/387/1 840/676/1 447/601/1
f 268/387/1 84/386/1 696/677/284 840/676/1
f 314/90/185 841/672/526 338/675/203 44/91/22
f 130/602/1 697/679/185 841/672/526 314/90/185
f 697/679/185 239/678/145 695/673/433 841/672/526
f 692/665/430 842/668/430 694/671/432 238/666/144
f 121/849/13 438/20/13 842/668/430 692/665/430
f 438/20/13 21/19/13 462/669/272 842/668/430
f 470/681/277 843/664/527 693/667/431 149/682/85
f 35/170/20 305/850/13 843/664/527 470/681/277
f 305/850/13 121/849/13 692/665/430 843/664/527
f 337/70/202 844/660/528 339/663/204 61/71/33
f 149/682/85 693/667/431 844/660/528 337/70/202
f 693/667/431 238/666/144 691/661/429 844/660/528
f 688/653/426 845/656/529 690/659/428 237/654/143
f 153/638/89 475/1003/282 845/656/529 688/653/426
f 475/1003/282 62/979/34 473/657/280 845/656/529
f 396/892/236 846/652/530 689/655/427 81/893/43
f 32/214/18 342/639/207 846/652/530 396/892/236
f 342/639/207 153/638/89 688/653/426 846/652/530
f 265/6/1 847/648/487 264/651/1 8/7/1
f 81/893/43 689/655/427 847/648/487 265/6/1
f 689/655/427 237/654/143 687/649/425 847/648/487
f 328/631/193 829/630/517 1020/740/639 713/634/447
f 828/998/516 712/996/446 1089/1004/700 1100/1005/711
f 683/637/421 236/642/142 1053/1006/664 1083/1007/694
f 435/261/259 849/640/532 685/643/423 118/262/69
f 18/51/10 293/687/177 849/640/532 435/261/259
f 293/687/177 109/686/62 684/641/422 849/640/532
f 302/213/182 850/636/533 342/639/207 32/214/18
f 118/262/69 685/643/423 850/636/533 302/213/182
f 685/643/423 236/642/142 683/637/421 850/636/533
f 332/992/197 59/993/31 1038/1008/649 1060/1009/671
f 385/221/232 972/220/611 1108/1010/719 1066/1011/677
f 59/993/31 331/731/196 1059/1012/670 1038/1008/649
f 334/709/199 828/998/516 1100/1005/711 1061/1013/672
f 331/731/196 969/232/609 1107/1014/718 1059/1012/670
f 972/220/611 527/1015/316 1078/1016/689 1108/1010/719
f 240/690/146 702/1001/438 1087/1017/698 1054/1018/665
f 472/76/279 58/75/30 1036/1019/647 1072/1020/683
f 969/232/609 525/235/315 1077/1021/688 1107/1014/718
f 676/621/51 854/624/1 678/627/1 235/622/141
f 157/606/1 479/88/1 854/624/1 676/621/51
f 479/88/1 63/87/1 477/625/1 854/624/1
f 420/778/247 855/620/537 677/623/416 105/779/58
f 54/103/27 346/607/209 855/620/537 420/778/247
f 346/607/209 157/606/1 676/621/51 855/620/537
f 289/46/173 856/616/538 291/619/175 23/47/14
f 105/779/58 677/623/416 856/616/538 289/46/173
f 677/623/416 235/622/141 675/617/415 856/616/538
f 672/609/1 857/612/1 674/615/1 234/610/1
f 95/314/50 410/195/1 857/612/1 672/609/1
f 410/195/1 45/194/1 478/613/1 857/612/1
f 458/567/268 858/608/539 673/611/414 140/568/76
f 20/31/12 279/315/165 858/608/539 458/567/268
f 279/315/165 95/314/50 672/609/1 858/608/539
f 325/102/191 859/604/141 346/607/209 54/103/27
f 140/568/76 673/611/414 859/604/141 325/102/191
f 673/611/414 234/610/1 671/605/1 859/604/141
f 668/597/1 860/600/1 670/603/1 233/598/1
f 131/873/1 449/12/1 860/600/1 668/597/1
f 449/12/1 9/11/1 447/601/1 860/600/1
f 478/613/1 861/596/1 669/599/1 156/614/1
f 45/194/1 315/874/1 861/596/1 478/613/1
f 315/874/1 131/873/1 668/597/1 861/596/1
f 345/86/1 862/592/1 347/595/1 63/87/1
f 156/614/1 669/599/1 862/592/1 345/86/1
f 669/599/1 233/598/1 667/593/1 862/592/1
f 664/585/411 863/588/540 666/591/413 232/586/140
f 160/572/92 482/934/286 863/588/540 664/585/411
f 800/913/491 748/818/478 1270/945/881 1273/1022/884
f 298/1023/1 864/584/541 665/587/412 114/1024/66
f 28/1025/1 349/573/211 864/584/541 298/1023/1
f 349/573/211 160/572/92 664/585/411 864/584/541
f 431/1026/257 865/580/542 290/583/174 14/1027/7
f 114/1024/66 665/587/412 865/580/542 431/1026/257
f 665/587/412 232/586/140 663/581/410 865/580/542
f 660/575/407 866/936/543 662/925/409 231/576/139
f 83/471/44 398/142/237 866/936/543 660/575/407
f 167/519/99 633/1028/382 1255/1029/866 1168/1030/779
f 261/1031/157 867/574/544 661/577/408 77/1032/1
f 5/1033/2 267/472/159 867/574/544 261/1031/157
f 267/472/159 83/471/44 660/575/407 867/574/544
f 392/1034/1 868/570/221 349/573/211 28/1025/1
f 77/1032/1 661/577/408 868/570/221 392/1034/1
f 661/577/408 231/576/139 659/571/406 868/570/221
f 656/563/403 869/566/545 658/569/405 230/564/138
f 120/815/70 437/32/260 869/566/545 656/563/403
f 437/32/260 20/31/12 458/567/268 869/566/545
f 350/561/212 813/773/504 1281/1035/892 1197/1036/808
f 599/1037/355 990/958/619 1307/961/918 1243/1038/854
f 304/816/183 120/815/70 656/563/403 870/562/546
f 813/773/504 733/776/463 1266/1039/877 1281/1035/892
f 750/914/480 800/913/491 1273/1022/884 1272/1040/883
f 657/565/404 230/564/138 655/559/402 871/558/547
f 652/551/400 872/554/548 654/557/401 229/552/137
f 164/536/96 486/112/290 872/554/548 652/551/400
f 486/112/290 64/111/35 484/555/288 872/554/548
f 310/1041/1 873/550/549 653/553/1 126/1042/1
f 40/1043/1 353/537/215 873/550/549 310/1041/1
f 353/537/215 164/536/96 652/551/400 873/550/549
f 443/1044/1 874/546/1 260/549/1 3/1045/1
f 126/1042/1 653/553/1 874/546/1 443/1044/1
f 653/553/1 229/552/137 651/547/1 874/546/1
f 648/539/397 875/542/550 650/545/399 228/540/136
f 106/582/59 421/96/248 875/542/550 648/539/397
f 646/533/395 139/113/75 1116/116/727 1134/1046/745
f 273/1047/162 876/538/551 649/541/398 89/1048/1
f 14/1027/7 290/583/174 876/538/551 273/1047/162
f 290/583/174 106/582/59 648/539/397 876/538/551
f 404/1049/1 877/534/552 353/537/215 40/1043/1
f 89/1048/1 649/541/398 877/534/552 404/1049/1
f 649/541/398 228/540/136 647/535/396 877/534/552
f 875/542/550 421/96/248 1127/1050/738 1140/1051/751
f 731/1052/461 141/525/77 1117/527/728 1135/1053/746
f 459/48/269 23/47/14 457/532/267 878/531/553
f 810/770/501 354/966/216 1126/974/737 1138/771/749
f 53/965/26 487/964/291 1130/1054/741 1113/1055/724
f 64/111/35 352/110/214 1125/963/736 1115/973/726
f 459/48/269 878/531/553 1141/1056/752 1128/526/739
f 421/96/248 55/95/28 1114/967/725 1127/1050/738
f 246/1057/151 731/1058/461 1135/1059/746 1121/1060/732
f 48/909/23 502/908/305 1234/1061/845 1148/1062/759
f 359/140/220 171/807/101 1173/810/784 1204/1063/815
f 481/589/285 863/588/540 1282/1064/893 1220/971/831
f 67/910/38 501/1065/304 1233/1066/844 1157/1067/768
f 902/1068/571 417/1069/244 1215/1070/826 1295/1071/906
f 614/804/368 902/1068/571 1295/1071/906 1248/805/859
f 102/501/55 627/500/376 1251/1072/862 1160/1073/771
f 863/588/540 482/934/286 1222/935/833 1282/1064/893
f 418/120/245 103/521/56 1161/524/772 1216/1074/827
f 636/514/385 884/517/558 638/520/387 226/515/134
f 115/1075/67 299/1076/180 884/517/558 636/514/385
f 299/1076/180 29/1077/16 489/518/293 884/517/558
f 455/484/265 885/513/559 637/516/386 137/485/73
f 15/1078/8 432/1079/258 885/513/559 455/484/265
f 432/1079/258 115/1075/67 636/514/385 885/513/559
f 321/1080/187 51/946/24 1149/949/760 1193/1081/804
f 137/485/73 637/516/386 886/1082/560 322/1083/188
f 888/1084/562 632/1085/381 1254/1086/865 1291/1087/902
f 367/911/227 67/910/38 1157/1067/768 1211/930/822
f 78/1088/41 262/1089/158 887/1090/561 632/1085/381
f 262/1089/158 6/1091/3 448/1092/263 887/1090/561
f 489/518/293 888/1084/562 633/1028/382 167/519/99
f 29/1077/16 393/1093/1 888/1084/562 489/518/293
f 393/1093/1 78/1088/41 632/1085/381 888/1084/562
f 417/1069/244 102/501/55 1160/1073/771 1215/1070/826
f 733/776/463 159/590/91 1165/972/776 1266/1039/877
f 66/912/37 497/1094/300 1232/1095/843 1156/1096/767
f 628/504/377 890/507/564 630/510/379 225/505/133
f 170/489/1 492/134/295 890/507/564 628/504/377
f 492/134/295 65/133/36 490/508/294 890/507/564
f 294/1097/1 891/503/565 629/506/378 110/1098/63
f 24/1099/1 357/490/1 891/503/565 294/1097/1
f 357/490/1 170/489/1 628/504/377 891/503/565
f 427/1100/254 892/499/566 286/502/170 10/1101/4
f 110/1098/63 629/506/378 892/499/566 427/1100/254
f 629/506/378 225/505/133 627/500/376 892/499/566
f 624/492/1 893/495/1 626/498/1 224/493/1
f 127/1102/1 311/1103/1 893/495/1 624/492/1
f 311/1103/1 41/1104/1 491/496/1 893/495/1
f 257/1105/1 894/491/1 625/494/1 73/1106/1
f 1/1107/1 444/1108/1 894/491/1 257/1105/1
f 444/1108/1 127/1102/1 624/492/1 894/491/1
f 388/1109/1 895/487/1 357/490/1 24/1099/1
f 73/1106/1 625/494/1 895/487/1 388/1109/1
f 625/494/1 224/493/1 623/488/1 895/487/1
f 620/480/1 896/483/567 622/486/375 223/481/132
f 90/1110/1 274/1111/1 896/483/567 620/480/1
f 274/1111/1 15/1078/8 455/484/265 896/483/567
f 491/496/1 897/479/1 621/482/374 169/497/1
f 41/1104/1 405/1112/1 897/479/1 491/496/1
f 405/1112/1 90/1110/1 620/480/1 897/479/1
f 356/132/218 898/1113/568 358/1114/219 65/133/36
f 169/497/1 621/482/374 898/1113/568 356/132/218
f 621/482/374 223/481/132 619/1115/373 898/1113/568
f 616/474/370 899/1116/569 618/808/372 222/475/131
f 172/461/102 493/821/296 899/1116/569 616/474/370
f 219/1117/128 599/1118/355 1243/1119/854 1182/1120/793
f 306/1121/1 900/473/211 617/476/371 122/1122/1
f 36/1123/1 360/462/221 900/473/211 306/1121/1
f 360/462/221 172/461/102 616/474/370 900/473/211
f 439/1124/261 901/469/570 267/472/159 5/1033/2
f 122/1122/1 617/476/371 901/469/570 439/1124/261
f 617/476/371 222/475/131 615/470/369 901/469/570
f 612/464/366 902/1068/571 614/804/368 221/465/130
f 102/501/55 417/1069/244 902/1068/571 612/464/366
f 416/947/243 101/1125/54 1158/1126/769 1214/948/825
f 269/1127/160 903/463/572 613/466/367 85/1128/45
f 10/1101/4 286/502/170 903/463/572 269/1127/160
f 286/502/170 102/501/55 612/464/366 903/463/572
f 400/1129/179 904/459/573 360/462/221 36/1123/1
f 85/1128/45 613/466/367 904/459/573 400/1129/179
f 613/466/367 221/465/130 611/460/365 904/459/573
f 913/1130/581 599/1131/355 1243/1038/854 1298/1132/909
f 633/1028/382 888/1084/562 1291/1087/902 1255/1029/866
f 949/300/598 321/1080/187 1193/1081/804 1304/1133/915
f 318/968/186 913/1130/581 1298/1132/909 1192/969/803
f 887/1090/561 448/1092/263 1217/1134/828 1290/1135/901
f 355/118/217 1000/117/626 1314/1136/925 1198/1137/809
f 553/307/334 949/300/598 1304/1133/915 1235/1138/846
f 632/1085/381 887/1090/561 1290/1135/901 1254/1086/865
f 166/921/98 355/118/217 1198/1137/809 1167/922/778
f 604/451/359 908/454/577 606/457/360 220/452/129
f 175/954/105 497/1094/300 908/454/577 604/451/359
f 497/1094/300 66/912/37 495/455/298 908/454/577
f 413/844/242 909/450/578 605/453/52 98/845/52
f 48/909/23 363/955/224 909/450/578 413/844/242
f 363/955/224 175/954/105 604/451/359 909/450/578
f 282/22/167 910/446/167 284/449/1 22/23/1
f 98/845/52 605/453/52 910/446/167 282/22/167
f 605/453/52 220/452/129 603/447/167 910/446/167
f 600/439/356 911/442/579 602/445/358 219/440/128
f 111/1139/64 295/1140/178 911/442/579 600/439/356
f 295/1140/178 25/1141/15 496/443/299 911/442/579
f 452/402/264 912/438/580 601/441/357 134/403/72
f 11/1142/5 428/1143/255 912/438/580 452/402/264
f 428/1143/255 111/1139/64 600/439/356 912/438/580
f 363/955/224 48/909/23 1148/1062/759 1208/956/819
f 134/403/72 601/441/357 913/1130/581 318/968/186
f 601/441/357 219/440/128 599/1131/355 913/1130/581
f 596/429/235 914/432/1 598/435/354 218/430/127
f 74/1144/1 258/1145/1 914/432/1 596/429/235
f 258/1145/1 2/1146/1 445/433/1 914/432/1
f 496/443/299 915/428/582 597/431/353 174/444/104
f 25/1141/15 389/1147/235 915/428/582 496/443/299
f 389/1147/235 74/1144/1 596/429/235 915/428/582
f 362/959/223 916/424/583 364/427/225 66/912/37
f 174/444/104 597/431/353 916/424/583 362/959/223
f 597/431/353 218/430/127 595/425/352 916/424/583
f 592/417/349 917/420/584 594/423/351 217/418/126
f 179/940/109 501/1065/304 917/420/584 592/417/349
f 501/1065/304 67/910/38 499/421/302 917/420/584
f 409/800/241 918/416/585 593/419/350 94/801/49
f 101/1125/54 750/914/480 1272/1040/883 1158/1126/769
f 366/918/226 179/940/109 592/417/349 918/416/585
f 278/38/164 919/412/586 283/415/168 19/39/11
f 94/801/49 593/419/350 919/412/586 278/38/164
f 593/419/350 217/418/126 591/413/348 919/412/586
f 588/932/345 920/408/587 590/411/347 216/915/125
f 123/1148/71 307/1149/184 920/408/587 588/932/345
f 307/1149/184 37/1150/21 500/409/303 920/408/587
f 362/959/223 66/912/37 1156/1096/767 1207/960/818
f 6/1091/3 440/1151/262 921/1152/588 448/1092/263
f 440/1151/262 123/1148/71 588/932/345 921/1152/588
f 398/142/237 34/141/19 1146/1153/757 1212/937/823
f 1000/117/626 418/120/245 1216/1074/827 1314/1136/925
f 287/522/171 948/304/597 1303/1154/914 1189/523/800
f 584/398/341 923/401/590 586/404/343 215/399/124
f 86/1155/46 270/1156/161 923/401/590 584/398/341
f 270/1156/161 11/1142/5 452/402/264 923/401/590
f 500/409/303 924/397/591 585/400/342 178/410/108
f 37/1150/21 401/1157/239 924/397/591 500/409/303
f 401/1157/239 86/1155/46 584/398/341 924/397/591
f 322/1083/188 886/1082/560 1289/1158/900 1194/1159/805
f 899/1116/569 493/821/296 1230/822/841 1294/1160/905
f 948/304/597 553/307/334 1235/1138/846 1303/1154/914
f 580/389/1 926/392/1 582/395/1 214/390/1
f 183/374/1 505/175/1 926/392/1 580/389/1
f 505/175/1 68/174/1 503/393/1 926/392/1
f 397/880/1 927/388/1 581/391/1 82/881/1
f 33/202/1 370/375/1 927/388/1 397/880/1
f 370/375/1 183/374/1 580/389/1 927/388/1
f 266/10/1 928/384/1 268/387/1 9/11/1
f 82/881/1 581/391/1 928/384/1 266/10/1
f 581/391/1 214/390/1 579/385/1 928/384/1
f 576/377/1 929/380/1 578/383/1 213/378/1
f 99/414/53 414/162/1 929/380/1 576/377/1
f 414/162/1 49/161/1 504/381/1 929/380/1
f 436/297/1 930/376/1 577/379/1 119/298/1
f 19/39/11 283/415/168 930/376/1 436/297/1
f 283/415/168 99/414/53 576/377/1 930/376/1
f 303/201/1 931/372/1 370/375/1 33/202/1
f 119/298/1 577/379/1 931/372/1 303/201/1
f 577/379/1 213/378/1 575/373/1 931/372/1
f 572/365/1 932/368/1 574/371/1 212/366/1
f 135/837/1 453/24/1 932/368/1 572/365/1
f 453/24/1 22/23/1 451/369/1 932/368/1
f 504/381/1 933/364/1 573/367/1 182/382/1
f 49/161/1 319/838/1 933/364/1 504/381/1
f 319/838/1 135/837/1 572/365/1 933/364/1
f 369/173/1 934/360/1 371/363/1 68/174/1
f 182/382/1 573/367/1 934/360/1 369/173/1
f 573/367/1 212/366/1 571/361/1 934/360/1
f 568/353/1 935/356/1 570/359/1 211/354/1
f 187/338/1 509/187/1 935/356/1 568/353/1
f 509/187/1 69/186/1 507/357/1 935/356/1
f 412/856/1 936/352/1 569/355/1 97/857/1
f 47/178/1 374/339/1 936/352/1 412/856/1
f 374/339/1 187/338/1 568/353/1 936/352/1
f 281/18/1 937/348/1 280/351/166 21/19/13
f 97/857/1 569/355/1 937/348/1 281/18/1
f 569/355/1 211/354/1 567/349/1 937/348/1
f 564/341/1 938/344/1 566/347/1 210/342/1
f 100/448/1 415/150/1 938/344/1 564/341/1
f 415/150/1 50/149/1 508/345/1 938/344/1
f 451/369/1 939/340/1 565/343/1 133/370/1
f 22/23/1 284/449/1 939/340/1 451/369/1
f 284/449/1 100/448/1 564/341/1 939/340/1
f 317/177/1 940/336/1 374/339/1 47/178/1
f 133/370/1 565/343/1 940/336/1 317/177/1
f 565/343/1 210/342/1 563/337/1 940/336/1
f 560/329/1 941/332/1 562/335/1 209/330/1
f 136/825/1 454/28/1 941/332/1 560/329/1
f 454/28/1 16/27/1 433/333/1 941/332/1
f 508/345/1 942/328/1 561/331/1 186/346/1
f 50/149/1 320/826/1 942/328/1 508/345/1
f 320/826/1 136/825/1 560/329/1 942/328/1
f 373/185/1 943/324/1 375/327/1 69/186/1
f 186/346/1 561/331/1 943/324/1 373/185/1
f 561/331/1 209/330/1 559/325/1 943/324/1
f 556/317/337 944/320/593 558/323/339 208/318/123
f 191/302/112 513/199/308 944/320/593 556/317/337
f 513/199/308 70/198/39 511/321/306 944/320/593
f 416/947/243 945/316/594 557/319/338 101/1125/54
f 51/946/24 378/303/229 945/316/594 416/947/243
f 378/303/229 191/302/112 556/317/337 945/316/594
f 285/30/169 946/312/595 279/315/165 20/31/12
f 101/1125/54 557/319/338 946/312/595 285/30/169
f 557/319/338 208/318/123 555/313/336 946/312/595
f 552/305/333 947/308/596 554/311/335 207/306/122
f 103/521/56 418/120/245 947/308/596 552/305/333
f 418/120/245 52/119/25 512/309/307 947/308/596
f 886/1082/560 637/516/386 1258/1161/869 1289/1158/900
f 618/808/372 899/1116/569 1294/1160/905 1249/809/860
f 287/522/171 103/521/56 552/305/333 948/304/597
f 321/1080/187 949/300/598 378/303/229 51/946/24
f 34/141/19 359/140/220 1204/1063/815 1146/1153/757
f 553/307/334 207/306/122 551/301/332 949/300/598
f 548/293/331 950/296/1 550/299/1 206/294/1
f 138/793/74 456/40/266 950/296/1 548/293/331
f 456/40/266 19/39/11 436/297/1 950/296/1
f 512/309/307 951/292/599 549/295/331 190/310/111
f 52/119/25 323/794/189 951/292/599 512/309/307
f 323/794/189 138/793/74 548/293/331 951/292/599
f 377/197/228 952/288/1 379/291/1 70/198/39
f 190/310/111 549/295/331 952/288/1 377/197/228
f 549/295/331 206/294/1 547/289/1 952/288/1
f 544/281/329 953/284/1 546/287/1 205/282/53
f 195/266/113 517/211/1 953/284/1 544/281/329
f 517/211/1 71/210/1 515/285/1 953/284/1
f 419/788/246 954/280/600 545/283/330 104/789/57
f 53/965/26 382/267/230 954/280/600 419/788/246
f 382/267/230 195/266/113 544/281/329 954/280/600
f 288/42/172 955/276/53 272/279/1 13/43/6
f 104/789/57 545/283/330 955/276/53 288/42/172
f 545/283/330 205/282/53 543/277/1 955/276/53
f 540/269/327 956/272/50 542/275/1 204/270/121
f 107/618/60 422/84/249 956/272/50 540/269/327
f 422/84/249 56/83/1 516/273/1 956/272/50
f 457/532/267 957/268/601 541/271/328 139/113/75
f 23/47/14 291/619/175 957/268/601 457/532/267
f 291/619/175 107/618/60 540/269/327 957/268/601
f 324/114/190 958/264/602 382/267/230 53/965/26
f 139/113/75 541/271/328 958/264/602 324/114/190
f 541/271/328 204/270/121 539/265/326 958/264/602
f 536/257/78 959/260/270 538/263/325 203/258/78
f 142/759/78 460/52/270 959/260/270 536/257/78
f 460/52/270 18/51/10 435/261/259 959/260/270
f 516/273/1 960/256/1 537/259/1 194/274/1
f 56/83/1 327/760/1 960/256/1 516/273/1
f 327/760/1 142/759/78 536/257/78 960/256/1
f 381/209/1 961/252/1 383/255/1 71/210/1
f 194/274/1 537/259/1 961/252/1 381/209/1
f 537/259/1 203/258/78 535/253/324 961/252/1
f 532/245/321 962/248/603 534/251/323 202/246/120
f 199/1162/117 521/223/312 962/248/603 532/245/321
f 521/223/312 72/222/40 519/249/310 962/248/603
f 423/754/250 963/244/604 533/247/322 108/755/61
f 57/978/29 386/1163/233 963/244/604 423/754/250
f 386/1163/233 199/1162/117 532/245/321 963/244/604
f 292/54/176 964/240/605 276/243/9 17/55/9
f 108/755/61 533/247/322 964/240/605 292/54/176
f 533/247/322 202/246/120 531/241/320 964/240/605
f 343/980/208 62/979/34 1040/1164/651 1065/1165/676
f 527/1015/316 199/1162/117 1051/1166/662 1078/1016/689
f 712/996/446 827/724/515 1099/1167/710 1089/1004/700
f 525/235/315 198/1168/116 1050/1169/661 1077/1021/688
f 109/686/62 699/685/435 1086/1170/697 1042/1171/653
f 469/1002/276 61/71/33 1039/1172/650 1071/1173/682
f 386/1163/233 57/978/29 1035/1174/646 1067/1175/678
f 145/726/81 332/992/197 1060/1009/671 1045/1176/656
f 476/977/283 154/976/90 1049/1177/660 1075/1178/686
f 524/233/314 968/236/1 526/239/1 201/234/119
f 144/730/80 464/60/1 968/236/1 524/233/314
f 464/60/1 12/59/1 429/237/1 968/236/1
f 827/724/515 714/727/448 1091/1179/702 1099/1167/710
f 236/642/142 684/641/422 1084/1180/695 1053/1006/664
f 331/731/196 144/730/80 524/233/314 969/232/609
f 385/221/232 970/228/610 387/231/234 72/222/40
f 198/1168/116 525/235/315 970/228/610 385/221/232
f 525/235/315 201/234/119 523/229/313 970/228/610
f 523/229/313 971/224/1 522/227/1 200/230/118
f 201/234/119 526/239/1 971/224/1 523/229/313
f 526/239/1 112/238/1 296/225/1 971/224/1
f 527/1015/316 972/220/611 521/223/312 199/1162/117
f 1011/1181/632 683/637/421 1083/1007/694 1110/1182/721
f 61/71/33 339/663/204 1063/1183/674 1039/1172/650
f 531/241/320 973/216/612 407/219/50 92/242/47
f 202/246/120 534/251/323 973/216/612 531/241/320
f 534/251/323 197/250/115 384/217/231 973/216/612
f 535/253/324 974/212/613 518/215/309 196/254/114
f 203/258/78 538/263/325 974/212/613 535/253/324
f 538/263/325 118/262/69 302/213/182 974/212/613
f 539/265/326 975/208/1 517/211/1 195/266/113
f 204/270/121 542/275/1 975/208/1 539/265/326
f 542/275/1 194/274/1 381/209/1 975/208/1
f 543/277/1 976/204/1 403/207/1 88/278/1
f 205/282/53 546/287/1 976/204/1 543/277/1
f 546/287/1 193/286/1 380/205/1 976/204/1
f 547/289/1 977/200/1 514/203/1 192/290/1
f 206/294/1 550/299/1 977/200/1 547/289/1
f 550/299/1 119/298/1 303/201/1 977/200/1
f 551/301/332 978/196/614 513/199/308 191/302/112
f 207/306/122 554/311/335 978/196/614 551/301/332
f 554/311/335 190/310/111 377/197/228 978/196/614
f 555/313/336 979/192/1 410/195/1 95/314/50
f 208/318/123 558/323/339 979/192/1 555/313/336
f 558/323/339 189/322/1 376/193/1 979/192/1
f 559/325/1 980/188/1 510/191/1 188/326/1
f 209/330/1 562/335/1 980/188/1 559/325/1
f 562/335/1 116/334/1 300/189/1 980/188/1
f 563/337/1 981/184/1 509/187/1 187/338/1
f 210/342/1 566/347/1 981/184/1 563/337/1
f 566/347/1 186/346/1 373/185/1 981/184/1
f 567/349/1 982/180/1 411/183/1 96/350/51
f 211/354/1 570/359/1 982/180/1 567/349/1
f 570/359/1 185/358/1 372/181/1 982/180/1
f 571/361/1 983/176/1 506/179/1 184/362/1
f 212/366/1 574/371/1 983/176/1 571/361/1
f 574/371/1 133/370/1 317/177/1 983/176/1
f 575/373/1 984/172/1 505/175/1 183/374/1
f 213/378/1 578/383/1 984/172/1 575/373/1
f 578/383/1 182/382/1 369/173/1 984/172/1
f 579/385/1 985/168/1 399/171/238 84/386/1
f 214/390/1 582/395/1 985/168/1 579/385/1
f 582/395/1 181/394/1 368/169/1 985/168/1
f 590/411/347 178/410/108 1177/953/788 1242/916/853
f 898/1113/568 619/1115/373 1250/1184/861 1293/1185/904
f 490/508/294 65/133/36 1154/1186/765 1226/578/837
f 65/133/36 358/1114/219 1203/1187/814 1154/1186/765
f 358/1114/219 898/1113/568 1293/1185/904 1203/1187/814
f 638/520/387 167/519/99 1168/1030/779 1259/942/870
f 591/413/348 988/159/617 414/162/1 99/414/53
f 217/418/126 594/423/351 988/159/617 591/413/348
f 594/423/351 177/422/107 365/160/167 988/159/617
f 595/425/352 989/155/618 498/158/301 176/426/106
f 218/430/127 598/435/354 989/155/618 595/425/352
f 598/435/354 128/434/1 312/156/1 989/155/618
f 586/404/343 134/403/72 1163/970/774 1238/950/849
f 219/440/128 602/445/358 990/958/619 599/1037/355
f 602/445/358 174/444/104 362/959/223 990/958/619
f 603/447/167 991/147/620 415/150/1 100/448/1
f 220/452/129 606/457/360 991/147/620 603/447/167
f 606/457/360 173/456/103 361/148/222 991/147/620
f 740/796/470 807/795/498 1280/1188/891 1267/1189/878
f 637/516/386 226/515/134 1185/943/796 1258/1161/869
f 585/400/342 215/399/124 1180/951/791 1237/952/848
f 611/460/365 993/803/622 493/821/296 172/461/102
f 221/465/130 614/804/368 993/803/622 611/460/365
f 807/795/498 488/920/292 1223/923/834 1280/1188/891
f 615/470/369 994/139/623 398/142/237 83/471/44
f 222/475/131 618/808/372 994/139/623 615/470/369
f 618/808/372 171/807/101 359/140/220 994/139/623
f 627/500/376 997/1190/625 1311/1191/922 1251/1072/862
f 223/481/132 622/486/375 995/1192/624 619/1115/373
f 622/486/375 137/485/73 322/1083/188 995/1192/624
f 623/488/1 996/131/1 492/134/295 170/489/1
f 224/493/1 626/498/1 996/131/1 623/488/1
f 626/498/1 169/497/1 356/132/218 996/131/1
f 502/908/305 180/907/110 1179/931/790 1234/1061/845
f 225/505/133 630/510/379 997/1190/625 627/500/376
f 997/1190/625 630/510/379 1252/1193/863 1311/1191/922
f 501/1065/304 179/940/109 1178/941/789 1233/1066/844
f 657/565/404 871/558/547 1285/1194/896 1264/1195/875
f 871/558/547 350/561/212 1197/1036/808 1285/1194/896
f 409/800/241 806/799/497 1279/1196/890 1213/811/824
f 806/799/497 740/796/470 1267/1189/878 1279/1196/890
f 921/1152/588 588/932/345 1240/933/851 1300/1197/911
f 497/1094/300 175/954/105 1176/957/787 1232/1095/843
f 630/510/379 168/509/100 1171/579/782 1252/1193/863
f 304/816/183 870/562/546 1284/1198/895 1190/939/801
f 878/531/553 646/533/395 1134/1046/745 1141/1056/752
f 809/787/500 736/769/466 1136/772/747 1137/1199/748
f 324/114/190 53/965/26 1113/1055/724 1122/115/733
f 647/535/396 1002/109/627 486/112/290 164/536/96
f 228/540/136 650/545/399 1002/109/627 647/535/396
f 650/545/399 163/544/95 352/110/214 1002/109/627
f 651/547/1 1003/105/137 391/108/1 76/548/1
f 229/552/137 654/557/401 1003/105/137 651/547/1
f 654/557/401 162/556/94 351/106/213 1003/105/137
f 655/559/402 1004/101/628 483/104/287 161/560/93
f 230/564/138 658/569/405 1004/101/628 655/559/402
f 658/569/405 140/568/76 325/102/191 1004/101/628
f 659/571/406 1005/924/629 482/934/286 160/572/92
f 231/576/139 662/925/409 1005/924/629 659/571/406
f 448/1092/263 921/1152/588 1300/1197/911 1217/1134/828
f 663/581/410 1006/93/630 421/96/248 106/582/59
f 232/586/140 666/591/413 1006/93/630 663/581/410
f 666/591/413 159/590/91 348/94/210 1006/93/630
f 667/593/1 1007/89/1 480/92/284 158/594/1
f 233/598/1 670/603/1 1007/89/1 667/593/1
f 670/603/1 130/602/1 314/90/185 1007/89/1
f 671/605/1 1008/85/1 479/88/1 157/606/1
f 234/610/1 674/615/1 1008/85/1 671/605/1
f 674/615/1 156/614/1 345/86/1 1008/85/1
f 675/617/415 1009/81/51 422/84/249 107/618/60
f 235/622/141 678/627/1 1009/81/51 675/617/415
f 678/627/1 155/626/1 344/82/1 1009/81/51
f 836/1000/522 469/1002/276 1071/1173/682 1102/1200/713
f 154/976/90 343/980/208 1065/1165/676 1049/1177/660
f 475/1003/282 1011/1181/632 1110/1182/721 1074/1201/685
f 683/637/421 1011/1181/632 475/1003/282 153/638/89
f 714/727/448 145/726/81 1045/1176/656 1091/1179/702
f 151/662/87 472/76/279 1072/1020/683 1047/1202/658
f 687/649/425 1012/77/633 395/80/68 80/650/42
f 237/654/143 690/659/428 1012/77/633 687/649/425
f 690/659/428 152/658/88 340/78/205 1012/77/633
f 691/661/429 1013/73/634 472/76/279 151/662/87
f 238/666/144 694/671/432 1013/73/634 691/661/429
f 694/671/432 143/670/79 329/74/194 1013/73/634
f 695/673/433 1014/69/635 471/72/278 150/674/86
f 239/678/145 698/683/434 1014/69/635 695/673/433
f 698/683/434 149/682/85 337/70/202 1014/69/635
f 699/685/435 240/690/146 1054/1018/665 1086/1170/697
f 702/1001/438 836/1000/522 1102/1200/713 1087/1017/698
f 199/1162/117 386/1163/233 1067/1175/678 1051/1166/662
f 703/695/439 1016/65/1 468/68/1 148/696/84
f 241/700/1 706/705/1 1016/65/1 703/695/439
f 706/705/1 124/704/1 308/66/1 1016/65/1
f 707/707/441 1017/61/637 467/64/275 147/708/83
f 242/712/147 710/717/444 1017/61/637 707/707/441
f 710/717/444 146/716/82 333/62/198 1017/61/637
f 57/978/29 476/977/283 1075/1178/686 1035/1174/646
f 58/75/30 334/709/199 1061/1013/672 1036/1019/647
f 198/1168/116 385/221/232 1066/1011/677 1050/1169/661
f 715/729/449 1019/57/1 464/60/1 144/730/80
f 243/734/148 718/739/1 1019/57/1 715/729/449
f 718/739/1 87/738/1 271/58/1 1019/57/1
f 684/641/422 109/686/62 1042/1171/653 1084/1180/695
f 339/663/204 151/662/87 1047/1202/658 1063/1183/674
f 62/979/34 475/1003/282 1074/1201/685 1040/1164/651
f 723/746/456 1021/53/640 434/56/9 117/747/68
f 244/751/149 726/756/459 1021/53/640 723/746/456
f 726/756/459 108/755/61 292/54/176 1021/53/640
f 727/758/78 1022/49/641 460/52/270 142/759/78
f 245/763/150 730/768/460 1022/49/641 727/758/78
f 730/768/460 93/767/48 277/50/163 1022/49/641
f 731/1052/461 1023/45/642 459/48/269 141/525/77
f 246/775/151 734/780/464 1023/45/642 731/1052/461
f 734/780/464 105/779/58 289/46/173 1023/45/642
f 735/782/465 1024/41/643 430/44/256 113/783/65
f 247/785/152 738/790/468 1024/41/643 735/782/465
f 738/790/468 104/789/57 288/42/172 1024/41/643
f 739/792/469 1025/37/644 456/40/266 138/793/74
f 248/797/153 742/802/472 1025/37/644 739/792/469
f 742/802/472 94/801/49 278/38/164 1025/37/644
f 870/562/546 657/565/404 1264/1195/875 1284/1198/895
f 995/1192/624 322/1083/188 1194/1159/805 1310/1203/921
f 619/1115/373 995/1192/624 1310/1203/921 1250/1184/861
f 747/814/477 1027/29/645 437/32/260 120/815/70
f 249/819/154 750/914/480 1027/29/645 747/814/477
f 750/914/480 101/1125/54 285/30/169 1027/29/645
f 751/824/1 1028/25/1 454/28/1 136/825/1
f 250/829/155 754/834/1 1028/25/1 751/824/1
f 754/834/1 91/833/1 275/26/1 1028/25/1
f 755/836/167 1029/21/167 453/24/1 135/837/1
f 251/841/52 758/846/52 1029/21/167 755/836/167
f 758/846/52 98/845/52 282/22/167 1029/21/167
f 759/848/1 1030/17/1 438/20/13 121/849/13
f 252/853/1 762/858/1 1030/17/1 759/848/1
f 762/858/1 97/857/1 281/18/1 1030/17/1
f 763/860/1 1031/13/1 450/16/1 132/861/1
f 253/865/1 766/870/1 1031/13/1 763/860/1
f 766/870/1 79/869/1 263/14/1 1031/13/1
f 767/872/1 1032/9/1 449/12/1 131/873/1
f 254/877/1 770/882/1 1032/9/1 767/872/1
f 770/882/1 82/881/1 266/10/1 1032/9/1
f 771/884/1 1033/5/1 442/8/1 125/885/1
f 255/889/1 774/894/1 1033/5/1 771/884/1
f 774/894/1 81/893/43 265/6/1 1033/5/1
f 775/896/1 1034/1/1 446/4/1 129/897/1
f 256/901/156 778/906/1 1034/1/1 775/896/1
f 778/906/1 75/905/1 259/2/1 1034/1/1
f 1080/1204/691 1044/1205/655 967/645/608 681/742/419
f 1112/1206/723 1060/1009/671 1038/1008/649 1070/1207/681
f 1111/1208/722 1062/1209/673 1037/1210/648 1069/1211/680
f 1110/1182/721 1064/1212/675 1040/1164/651 1074/1201/685
f 1109/1213/720 1058/1214/669 1035/1174/646 1075/1178/686
f 1106/1215/717 1078/1016/689 1051/1166/662 1067/1175/678
f 1095/1216/706 1041/1217/652 1015/629/636 474/628/281
f 1105/1218/716 1076/1219/687 1050/1169/661 1081/1220/692
f 1104/1221/715 1082/1222/693 1049/1177/660 1065/1165/676
f 1101/1223/712 1088/1224/699 528/997/317 461/991/271
f 1109/1213/720 1075/1178/686 686/718/424 330/647/195
f 1103/1225/714 1073/1226/684 1048/1227/659 1085/1228/696
f 1102/1200/713 1071/1173/682 1046/1229/657 1087/1017/698
f 1073/1226/684 1037/1210/648 1018/988/638 711/989/445
f 1100/1005/711 1089/1004/700 1055/1230/666 1090/1231/701
f 1079/1232/690 1052/1233/663 852/999/535 682/722/420
f 1097/1234/708 1093/1235/704 1056/1236/667 1094/1237/705
f 1096/1238/707 1068/1239/679 1041/1217/652 1095/1216/706
f 1093/1235/704 1096/1238/707 1095/1216/706 1056/1236/667
f 1047/1202/658 1072/1020/683 1096/1238/707 1093/1235/704
f 1072/1020/683 1036/1019/647 1068/1239/679 1096/1238/707
f 1071/1173/682 1097/1234/708 1094/1237/705 1046/1229/657
f 1039/1172/650 1063/1183/674 1097/1234/708 1071/1173/682
f 1063/1183/674 1047/1202/658 1093/1235/704 1097/1234/708
f 1057/1240/668 1101/1223/712 461/991/271 829/630/517
f 1046/1229/657 1094/1237/705 1098/1241/709 1062/1209/673
f 1094/1237/705 1056/1236/667 1092/1242/703 1098/1241/709
f 1089/1004/700 1099/1167/710 1091/1179/702 1055/1230/666
f 1068/1239/679 1100/1005/711 1090/1231/701 1041/1217/652
f 1036/1019/647 1061/1013/672 1100/1005/711 1068/1239/679
f 1105/1218/716 1079/1232/690 682/722/420 341/744/206
f 1041/1217/652 1090/1231/701 1101/1223/712 1057/1240/668
f 1090/1231/701 1055/1230/666 1088/1224/699 1101/1223/712
f 1084/1180/695 1103/1225/714 1085/1228/696 1053/1006/664
f 1042/1171/653 1069/1211/680 1103/1225/714 1084/1180/695
f 1069/1211/680 1037/1210/648 1073/1226/684 1103/1225/714
f 1044/1205/655 1058/1214/669 822/646/511 967/645/608
f 1052/1233/663 1080/1204/691 681/742/419 852/999/535
f 1070/1207/681 1105/1218/716 341/744/206 720/743/453
f 1098/1241/709 1092/1242/703 520/633/311 463/995/273
f 1037/1210/648 1062/1209/673 722/994/455 1018/988/638
f 1092/1242/703 1056/1236/667 848/632/531 520/633/311
f 1064/1212/675 1104/1221/715 1065/1165/676 1040/1164/651
f 1043/1243/654 1070/1207/681 720/743/453 1010/721/631
f 1062/1209/673 1098/1241/709 463/995/273 722/994/455
f 1079/1232/690 1105/1218/716 1081/1220/692 1052/1233/663
f 1041/1217/652 1057/1240/668 829/630/517 1015/629/636
f 1070/1207/681 1038/1008/649 1076/1219/687 1105/1218/716
f 1064/1212/675 1048/1227/659 965/983/606 721/984/454
f 1082/1222/693 1104/1221/715 424/982/251 680/693/418
f 1088/1224/699 1043/1243/654 1010/721/631 528/997/317
f 1058/1214/669 1106/1215/717 1067/1175/678 1035/1174/646
f 1044/1205/655 1080/1204/691 1106/1215/717 1058/1214/669
f 1080/1204/691 1052/1233/663 1078/1016/689 1106/1215/717
f 1076/1219/687 1107/1014/718 1077/1021/688 1050/1169/661
f 1038/1008/649 1059/1012/670 1107/1014/718 1076/1219/687
f 1052/1233/663 1081/1220/692 1108/1010/719 1078/1016/689
f 1081/1220/692 1050/1169/661 1066/1011/677 1108/1010/719
f 1058/1214/669 1109/1213/720 330/647/195 822/646/511
f 1075/1178/686 1049/1177/660 853/719/536 686/718/424
f 1056/1236/667 1095/1216/706 474/628/281 848/632/531
f 1053/1006/664 1085/1228/696 1110/1182/721 1083/1007/694
f 1085/1228/696 1048/1227/659 1064/1212/675 1110/1182/721
f 1086/1170/697 1111/1208/722 1069/1211/680 1042/1171/653
f 1054/1018/665 1087/1017/698 1111/1208/722 1086/1170/697
f 1087/1017/698 1046/1229/657 1062/1209/673 1111/1208/722
f 1088/1224/699 1112/1206/723 1070/1207/681 1043/1243/654
f 1055/1230/666 1091/1179/702 1112/1206/723 1088/1224/699
f 1091/1179/702 1045/1176/656 1060/1009/671 1112/1206/723
f 1049/1177/660 1082/1222/693 680/693/418 853/719/536
f 1104/1221/715 1064/1212/675 721/984/454 424/982/251
f 1048/1227/659 1073/1226/684 711/989/445 965/983/606
f 1144/1244/755 1122/115/733 1113/1055/724 1130/1054/741
f 1143/1245/754 1131/1246/742 1119/1247/730 1126/974/737
f 1142/1248/753 1132/1249/743 1120/1250/731 1133/1251/744
f 1139/529/750 1135/1053/746 1117/527/728 1123/1252/734
f 1119/1247/730 1130/1054/741 1137/1199/748 1136/772/747
f 1126/974/737 1119/1247/730 1136/772/747 1138/771/749
f 1124/530/735 1139/529/750 1123/1252/734 1114/967/725
f 1127/1050/738 1114/967/725 1129/1253/740 1140/1051/751
f 1132/1249/743 1141/1056/752 1134/1046/745 1120/1250/731
f 1117/527/728 1128/526/739 1141/1056/752 1132/1249/743
f 1129/1253/740 1142/1254/753 1133/1255/744 1118/962/729
f 1114/967/725 1123/1256/734 1142/1254/753 1129/1253/740
f 1123/1252/734 1117/527/728 1132/1249/743 1142/1248/753
f 1125/963/736 1143/1245/754 1126/974/737 1115/973/726
f 1118/962/729 1133/1255/744 1143/1245/754 1125/963/736
f 1133/1257/744 1142/1258/753 227/1259/135 326/1260/192
f 1131/1246/742 1144/1244/755 1130/1054/741 1119/1247/730
f 1120/1250/731 1134/1046/745 1144/1244/755 1131/1246/742
f 1134/1046/745 1116/116/727 1122/115/733 1144/1244/755
f 485/543/289 875/542/550 1140/1051/751 1129/1253/740
f 163/544/95 485/543/289 1129/1253/740 1118/962/729
f 814/528/505 731/975/461 1135/1053/746 1139/529/750
f 487/964/291 809/787/500 1137/1199/748 1130/1054/741
f 326/1261/192 645/1262/394 643/1263/392 165/1264/97
f 1131/1246/742 1143/1245/754 165/1264/97 643/1263/392
f 1123/1265/734 1114/1266/725 879/1267/554 644/1268/393
f 1143/1245/754 1133/1255/744 326/1261/192 165/1264/97
f 1123/1265/734 1142/1258/753 227/1259/135 644/1268/393
f 1133/1251/744 1120/1250/731 645/1262/394 326/1261/192
f 1120/1250/731 1131/1246/742 643/1263/392 645/1262/394
f 1316/125/927 1188/1269/799 1145/1270/756 1219/126/830
f 1315/927/926 1196/1271/807 1152/1272/763 1222/935/833
f 1313/1273/924 1199/1274/810 1153/1275/764 1224/1276/835
f 1312/1277/923 1191/1278/802 1147/1279/758 1225/1280/836
f 1311/1191/922 1202/1281/813 1151/34/762 1215/1070/826
f 1310/1203/921 1194/1159/805 1150/136/761 1227/135/838
f 1309/806/920 1205/129/816 1155/98/766 1230/822/841
f 1308/1282/919 1193/1081/804 1149/949/760 1231/1283/842
f 1307/961/918 1207/960/818 1156/1096/767 1232/1095/843
f 1306/1284/917 1209/1285/820 1157/1067/768 1233/1066/844
f 1305/1286/916 1192/969/803 1148/1062/759 1234/1061/845
f 1302/1287/913 1236/1288/847 1179/931/790 1211/930/822
f 1301/1289/912 1239/1290/850 1178/941/789 1210/919/821
f 1300/1197/911 1240/933/851 1181/917/792 1241/1291/852
f 1298/1132/909 1243/1038/854 1176/957/787 1208/956/819
f 1297/1292/908 1244/1293/855 1175/1294/786 1206/97/817
f 1296/1295/907 1245/151/856 642/154/391 589/458/346
f 1296/1295/907 1218/1296/829 1164/1297/775 1247/1298/858
f 1295/1071/906 1229/33/840 1174/1299/785 1248/805/859
f 1294/1160/905 1228/1300/839 1173/810/784 1249/809/860
f 1293/1185/904 1250/1184/861 1172/1301/783 1203/1187/814
f 1292/1302/903 1253/1303/864 1170/1304/781 1201/1305/812
f 1291/1087/902 1254/1086/865 1184/1306/795 1255/1029/866
f 1290/1135/901 1217/1134/828 1162/1307/773 1256/1308/867
f 1289/1158/900 1257/1309/868 1169/122/780 1200/121/811
f 1288/1310/899 1260/1311/871 1161/524/772 1189/523/800
f 1287/1312/898 1261/1313/872 1186/1314/797 1262/1315/873
f 1286/1316/897 1223/923/834 1167/922/778 1263/1317/874
f 1283/938/894 1221/1318/832 1166/1319/777 1265/926/876
f 1262/1315/873 1159/1320/770 922/164/589 639/478/388
f 1277/1321/888 1268/143/879 1187/1322/798 1269/1323/880
f 801/1324/492 748/1325/478 998/1326/621 992/1327/621
f 1273/1022/884 1214/948/825 1158/1126/769 1272/1040/883
f 1175/1294/786 1231/1283/842 1273/1022/884 1270/945/881
f 1231/1283/842 1149/949/760 1214/948/825 1273/1022/884
f 1228/1300/839 1274/944/885 1271/929/882 1173/810/784
f 1155/98/766 1206/97/817 1274/944/885 1228/1300/839
f 1206/97/817 1175/1294/786 1270/945/881 1274/944/885
f 1204/1063/815 1275/928/886 1190/939/801 1146/1153/757
f 1173/810/784 1271/929/882 1275/928/886 1204/1063/815
f 1219/126/830 1296/1295/907 589/458/346 745/127/475
f 1172/1301/783 1227/135/838 1276/144/887 1268/143/879
f 1261/1313/872 1287/1312/898 607/468/361 640/467/389
f 1226/578/837 1277/1321/888 1269/1323/880 1171/579/782
f 1154/1186/765 1203/1187/814 1277/1321/888 1226/578/837
f 1203/1187/814 1172/1301/783 1268/143/879 1277/1321/888
f 1202/1281/813 1278/1328/889 1195/1329/806 1151/34/762
f 1171/579/782 1269/1323/880 1278/1328/889 1202/1281/813
f 1174/1299/785 1229/33/840 743/36/473 905/405/574
f 1170/1304/781 1225/1280/836 1279/1196/890 1267/1189/878
f 1225/1280/836 1147/1279/758 1213/811/824 1279/1196/890
f 1153/1275/764 1201/1305/812 1280/1188/891 1223/923/834
f 1201/1305/812 1170/1304/781 1267/1189/878 1280/1188/891
f 1220/971/831 1281/1035/892 1266/1039/877 1165/972/776
f 1152/1272/763 1197/1036/808 1281/1035/892 1220/971/831
f 1222/935/833 1152/1272/763 1220/971/831 1282/1064/893
f 1212/937/823 1146/1153/757 1221/1318/832 1283/938/894
f 1221/1318/832 1284/1198/895 1264/1195/875 1166/1319/777
f 1146/1153/757 1190/939/801 1284/1198/895 1221/1318/832
f 1196/1271/807 1285/1194/896 1197/1036/808 1152/1272/763
f 1166/1319/777 1264/1195/875 1285/1194/896 1196/1271/807
f 1261/1313/872 1286/1316/897 1263/1317/874 1186/1314/797
f 1169/122/780 1224/1276/835 1286/1316/897 1261/1313/872
f 1224/1276/835 1153/1275/764 1223/923/834 1286/1316/897
f 1150/136/761 1200/121/811 805/124/496 987/137/616
f 1269/1323/880 1187/1322/798 883/166/557 631/511/380
f 1205/129/816 1174/1299/785 905/405/574 804/130/495
f 1188/1269/799 1288/1310/899 1189/523/800 1145/1270/756
f 1159/1320/770 1262/1315/873 1288/1310/899 1188/1269/799
f 1262/1315/873 1186/1314/797 1260/1311/871 1288/1310/899
f 1194/1159/805 1289/1158/900 1200/121/811 1150/136/761
f 1258/1161/869 1185/943/796 1257/1309/868 1289/1158/900
f 1254/1086/865 1290/1135/901 1256/1308/867 1184/1306/795
f 1199/1274/810 1292/1302/903 1201/1305/812 1153/1275/764
f 1168/1030/779 1255/1029/866 1292/1302/903 1199/1274/810
f 1255/1029/866 1184/1306/795 1253/1303/864 1292/1302/903
f 1230/822/841 1155/98/766 1228/1300/839 1294/1160/905
f 1215/1070/826 1151/34/762 1229/33/840 1295/1071/906
f 1245/151/856 1296/1295/907 1247/1298/858 1183/152/794
f 1287/1312/898 1262/1315/873 639/478/388 607/468/361
f 1219/126/830 1145/1270/756 1218/1296/829 1296/1295/907
f 1278/1328/889 1269/1323/880 631/511/380 608/512/362
f 1159/1320/770 1188/1269/799 882/165/556 922/164/589
f 1195/1329/806 1278/1328/889 608/512/362 881/436/555
f 1151/34/762 1195/1329/806 881/436/555 986/35/615
f 1246/1330/857 1297/1292/908 583/407/340 641/406/390
f 1246/1330/857 1183/152/794 1244/1293/855 1297/1292/908
f 1192/969/803 1298/1132/909 1208/956/819 1148/1062/759
f 1147/1279/758 1210/919/821 1299/812/910 1213/811/824
f 1217/1134/828 1300/1197/911 1241/1291/852 1162/1307/773
f 1191/1278/802 1301/1289/912 1210/919/821 1147/1279/758
f 1162/1307/773 1241/1291/852 1301/1289/912 1191/1278/802
f 1241/1291/852 1181/917/792 1239/1290/850 1301/1289/912
f 1209/1285/820 1302/1287/913 1211/930/822 1157/1067/768
f 1177/953/788 1237/952/848 1302/1287/913 1209/1285/820
f 1237/952/848 1180/951/791 1236/1288/847 1302/1287/913
f 1218/1296/829 1303/1154/914 1235/1138/846 1164/1297/775
f 1145/1270/756 1189/523/800 1303/1154/914 1218/1296/829
f 1164/1297/775 1235/1138/846 1304/1133/915 1193/1081/804
f 1236/1288/847 1305/1286/916 1234/1061/845 1179/931/790
f 1180/951/791 1238/950/849 1305/1286/916 1236/1288/847
f 1238/950/849 1163/970/774 1192/969/803 1305/1286/916
f 1239/1290/850 1306/1284/917 1233/1066/844 1178/941/789
f 1181/917/792 1242/916/853 1306/1284/917 1239/1290/850
f 1242/916/853 1177/953/788 1209/1285/820 1306/1284/917
f 1243/1038/854 1307/961/918 1232/1095/843 1176/957/787
f 1244/1293/855 1308/1282/919 1231/1283/842 1175/1294/786
f 1183/152/794 1247/1298/858 1308/1282/919 1244/1293/855
f 1247/1298/858 1164/1297/775 1193/1081/804 1308/1282/919
f 1248/805/859 1174/1299/785 1205/129/816 1309/806/920
f 1250/1184/861 1310/1203/921 1227/135/838 1172/1301/783
f 1251/1072/862 1311/1191/922 1215/1070/826 1160/1073/771
f 1252/1193/863 1171/579/782 1202/1281/813 1311/1191/922
f 1253/1303/864 1312/1277/923 1225/1280/836 1170/1304/781
f 1184/1306/795 1256/1308/867 1312/1277/923 1253/1303/864
f 1256/1308/867 1162/1307/773 1191/1278/802 1312/1277/923
f 1257/1309/868 1313/1273/924 1224/1276/835 1169/122/780
f 1185/943/796 1259/942/870 1313/1273/924 1257/1309/868
f 1259/942/870 1168/1030/779 1199/1274/810 1313/1273/924
f 1260/1311/871 1314/1136/925 1216/1074/827 1161/524/772
f 1186/1314/797 1263/1317/874 1314/1136/925 1260/1311/871
f 1263/1317/874 1167/922/778 1198/1137/809 1314/1136/925
f 1265/926/876 1166/1319/777 1196/1271/807 1315/927/926
f 1188/1269/799 1316/125/927 494/128/297 882/165/556
f 1183/152/794 1246/1330/857 641/406/390 889/153/563
f 1297/1292/908 1206/97/817 803/100/494 583/407/340
f 1169/122/780 1261/1313/872 640/467/389 906/123/575
f 1187/1322/798 1268/143/879 634/146/383 883/166/557
l 287 1026
l 488 999
l 646 880
l 141 1001
o Plane.001
v -3.926536 0.000000 3.926536
v 3.926536 0.000000 3.926536
v -3.926536 -0.000000 -3.926536
v 3.926536 -0.000000 -3.926536
v -3.926536 0.000000 0.000000
v 0.000000 0.000000 3.926536
v 3.926536 0.000000 0.000000
v 0.000000 -0.000000 -3.799785
v 0.000000 0.000000 0.000000
v -3.926536 0.000000 1.963268
v 1.963268 0.001289 3.822294
v 3.926536 -0.000000 -1.963268
v -1.963268 -0.000000 -3.926536
v -3.885635 -0.000000 -1.963268
v -1.963268 0.000000 3.926536
v 3.926536 0.000000 1.963268
v 1.963268 -0.000000 -3.926536
v -0.001498 0.003326 -1.963268
v 0.000000 0.000000 1.963268
v -1.963208 0.000393 -0.000000
v 1.963268 0.000000 0.000000
v 1.963268 0.000000 1.963268
v -1.961463 0.030416 -1.963496
v -3.926536 0.000000 2.944902
v 2.944902 0.000000 3.926536
v 3.926536 -0.000000 -2.944902
v -2.944902 -0.000000 -3.926536
v -3.926536 -0.000000 -0.981634
v -0.981634 0.000000 3.926536
v 3.926536 0.000000 0.981634
v 0.981634 -0.000000 -3.799785
v 0.000000 0.000426 -2.944902
v 0.000000 0.000000 0.981634
v -3.028282 0.207707 0.071577
v 0.981634 0.000000 0.000000
v -3.926536 0.000000 0.981634
v 0.981634 0.001612 3.838840
v 3.926536 -0.000000 -0.981634
v -0.981634 -0.000000 -3.926536
v -3.926536 -0.000000 -2.944902
v -2.944902 0.000000 3.926536
v 3.926536 0.000000 2.944902
v 2.944902 -0.000000 -3.926536
v 0.000000 -0.000000 -0.981634
v -0.981634 0.000000 0.000000
v 2.944902 0.000000 0.000000
v 1.963268 0.000000 0.981634
v 1.963268 0.156184 2.882591
v 0.981634 0.000000 1.963268
v 2.944902 0.000000 1.963268
v -1.888418 0.188804 0.964067
v -0.981251 0.032881 1.962885
v -1.958028 0.118362 -2.944902
v -1.963081 0.000515 -0.981634
v -3.017990 0.241057 -1.886973
v -0.981634 -0.000000 -1.963268
v 1.963172 0.166168 -3.015021
v 1.961671 0.151002 -0.922391
v 3.036323 0.208846 -1.884640
v 2.944950 0.006945 -0.981478
v 0.981800 0.127594 -0.974281
v 0.983248 0.154413 -3.004185
v -0.981634 -0.000000 -0.981634
v -2.952152 0.136156 -2.944770
v -2.944902 0.000000 2.944902
v 2.935632 0.116239 2.946675
v 0.981634 0.157151 2.882591
v 0.981634 0.000000 0.981634
v 2.944902 0.000000 0.981634
v -0.981634 0.000000 0.981634
v -0.981634 -0.000000 -2.944902
v 2.945046 0.026789 -2.947079
v -3.926536 0.000000 3.435719
v 3.435719 0.000000 3.926536
v 3.926536 -0.000000 -3.435719
v -3.435719 -0.000000 -3.926536
v -3.926536 -0.000000 -0.490817
v -0.490817 0.000000 3.926536
v 3.926536 0.000000 0.490817
v 0.490817 -0.000000 -3.796565
v 0.000000 -0.000000 -3.433589
v 0.000000 0.000000 0.490817
v -3.436582 0.017649 -0.000000
v 0.490817 0.000000 0.000000
v -3.926536 0.000000 1.472451
v 1.472451 0.001612 3.822934
v 3.926536 -0.000000 -1.472451
v -1.472451 -0.000000 -3.926536
v -3.926536 -0.000000 -2.454085
v -2.454085 0.000000 3.926536
v 3.926536 0.000000 2.454085
v 2.454085 -0.000000 -3.926536
v -0.000168 0.002501 -1.472451
v -0.000080 0.035550 2.441907
v -1.472451 0.000000 0.000000
v 2.454085 0.000000 0.000000
v 1.963268 0.000000 0.490817
v 1.963268 0.001209 2.453606
v 0.490817 0.000000 1.963268
v 2.454085 0.000000 1.963268
v -1.962260 0.110405 0.495741
v -3.435932 0.123395 1.962586
v -1.460460 0.227476 1.902639
v -1.963268 0.002716 -3.435719
v -1.963268 0.002790 -1.472547
v -3.435634 0.022634 -1.963183
v -1.472451 0.000113 -1.963268
v 1.963268 0.003326 -3.437217
v 0.421309 0.156625 -1.963428
v -3.926536 0.000000 2.454085
v 2.454085 0.001289 3.838201
v 3.926536 -0.000000 -2.454085
v -2.454085 -0.000000 -3.926536
v -3.926536 -0.000000 -1.472451
v -1.472451 0.000000 3.926536
v 3.926536 0.000000 1.472451
v 1.472451 -0.000000 -3.926536
v -0.001318 0.003246 -2.454085
v 0.000000 0.000000 1.472451
v -2.439406 0.037766 -0.000048
v 1.472451 0.000000 0.000000
v -3.926536 0.000000 0.490817
v 0.490817 0.000000 3.926536
v 3.926536 -0.000000 -0.490817
v -0.490817 -0.000000 -3.926536
v -3.926536 -0.000000 -3.435719
v -3.435719 0.000000 3.926536
v 3.926536 0.000000 3.435719
v 3.435719 -0.000000 -3.926536
v 0.000000 -0.000000 -0.490817
v -0.490817 0.000000 0.000000
v 3.435719 0.000000 0.000000
v 1.963268 0.000000 1.472451
v 1.963268 0.127848 3.441727
v 1.472451 0.000000 1.963268
v 3.435719 0.000000 1.963268
v -1.963907 0.037394 3.444411
v -0.490817 0.000000 1.963268
v -1.957807 0.145228 -2.456707
v -1.963208 0.000151 -0.490817
v -2.392640 0.238462 -1.900133
v -0.490817 -0.000000 -1.963268
v 1.963268 0.003246 -0.489499
v 3.435719 -0.000000 -1.963268
v 2.952583 0.128493 -1.471369
v 2.944902 -0.000000 -0.490817
v 2.455603 0.050850 -0.969348
v 3.435719 -0.000000 -0.981634
v 0.981634 0.002501 -0.490649
v 0.490641 0.009012 -0.981458
v 1.472611 0.156591 -0.912186
v 0.981634 0.003246 -3.434907
v 0.489922 0.042988 -2.945797
v 1.472366 0.192703 -3.018543
v -0.981634 -0.000000 -1.472451
v -0.981634 -0.000000 -0.490817
v -1.472451 -0.000000 -0.981634
v -0.490817 -0.000000 -0.981634
v -2.946872 0.159419 -1.468062
v -3.443868 0.022485 -0.981634
v -2.435107 0.051331 -0.981744
v -2.944902 0.002716 -3.435719
v -3.019422 0.182319 -2.468332
v -3.435719 0.000905 -2.944902
v -2.624536 0.997096 -2.601383
v -0.921005 0.227476 2.442094
v -0.991859 0.161744 3.500746
v -3.027089 0.210538 2.527197
v -2.944902 0.000000 3.435719
v -3.435719 0.000000 2.944902
v -3.028282 0.207707 0.419240
v -3.444826 0.022968 0.981634
v 2.944902 0.000967 2.454085
v 2.944391 0.018101 3.436071
v 2.454085 0.155942 2.883071
v 3.435719 0.000967 2.944902
v 0.981634 0.001209 2.453606
v 0.982273 0.157554 3.497551
v 0.505223 0.191348 2.868984
v 1.472451 0.157151 2.882591
v 0.981634 0.000000 0.490817
v 0.981634 0.000000 1.472451
v 0.490817 0.000000 0.981634
v 1.472451 0.000000 0.981634
v 2.944902 0.000000 0.490817
v 2.944902 0.000000 1.472451
v 2.454085 0.000000 0.981634
v 3.435719 0.000000 0.981634
v -0.981634 0.000000 0.490817
v -0.981634 0.000000 1.472451
v -1.469947 0.014249 0.981387
v -0.490817 0.000000 0.981634
v -0.981634 -0.000000 -3.435719
v -0.981634 -0.000000 -2.454085
v -1.472451 -0.000000 -2.944902
v -0.490817 -0.000000 -2.944902
v 2.944902 0.000106 -3.435719
v 3.020953 0.197486 -2.530136
v 2.454085 0.128991 -2.954444
v 3.435719 -0.000000 -2.944902
v 3.435719 -0.000000 -2.454085
v 2.454085 0.002501 -3.435887
v -0.490817 -0.000000 -2.454085
v -1.472451 -0.000000 -2.454085
v -1.472451 -0.000000 -3.435719
v -0.490817 0.000000 1.472451
v -1.456789 0.056480 1.470330
v -1.472451 0.000000 0.490817
v 3.435719 0.000000 1.472451
v 2.454085 0.000000 1.472451
v 2.454085 0.000000 0.490817
v 1.472451 0.000000 1.472451
v 0.490817 0.000000 1.472451
v 0.490817 0.000000 0.490817
v 1.472451 0.156909 3.496912
v 0.563247 0.208460 3.518374
v 0.490897 0.008754 2.452531
v 3.435719 0.000000 3.435719
v 2.454085 0.099803 3.430607
v 2.454085 0.001209 2.453606
v -3.444826 0.023935 1.472451
v -3.436582 0.017649 0.490817
v -2.454085 0.000000 3.435719
v -3.435719 0.000000 3.435719
v -3.436230 0.033010 2.454596
v -1.471812 0.151429 3.489626
v -2.700351 0.994942 -2.228186
v -3.437117 0.005655 -2.454165
v -3.435719 -0.000000 -3.435719
v -2.439406 0.037021 -0.490817
v -3.444826 0.022968 -0.490817
v -3.435875 0.008399 -1.472451
v -0.490817 -0.000000 -0.490817
v -1.472451 -0.000000 -0.490817
v -1.472451 -0.000000 -1.472451
v 0.431626 0.150985 -2.452488
v 0.490817 0.000426 -3.433589
v 1.472451 0.003326 -0.489319
v 0.490817 -0.000000 -0.490817
v 0.483464 0.127594 -1.472617
v 3.435719 -0.000000 -0.490817
v 2.454085 0.000452 -0.490757
v 3.435719 -0.000000 -1.472451
v 1.472451 0.003485 -3.437069
v -0.490817 -0.000000 -1.472451
v -2.455235 0.115960 -1.486840
v -2.454085 0.020597 -3.442909
v -0.490338 0.024177 2.444978
v -2.438669 0.190056 0.475269
v 3.435719 0.000000 2.454085
v 1.472451 0.001209 2.453606
v 1.472451 0.000000 0.490817
v 3.435719 0.000000 0.490817
v -0.490817 0.000000 0.490817
v -0.490817 -0.000000 -3.435719
v 3.435719 -0.000000 -3.435719
v -3.926536 0.000000 3.681128
v 3.681128 0.000000 3.926536
v 3.926536 -0.000000 -3.681128
v -3.681128 -0.000000 -3.926536
v -3.926536 -0.000000 -0.245409
v -0.245409 0.000000 3.926536
v 3.926536 0.000000 0.245409
v 0.245409 -0.000000 -3.796755
v 0.000000 -0.000000 -3.658440
v 0.000000 0.000000 0.245409
v -3.681128 0.000967 -0.000000
v 0.245409 0.000000 0.000000
v -3.926536 0.000000 1.717860
v 1.717860 0.001612 3.822934
v 3.926536 -0.000000 -1.717860
v -1.717860 -0.000000 -3.926536
v -3.926536 -0.000000 -2.208677
v -2.208677 0.000000 3.926536
v 3.926536 0.000000 2.208677
v 2.208677 -0.000000 -3.926536
v -0.001318 0.003246 -1.717860
v 0.000000 0.003687 2.207359
v -1.717860 0.000000 0.000000
v 2.208677 0.000000 0.000000
v 1.963268 0.000000 0.245409
v 1.963268 0.000000 2.208677
v 0.245409 0.000000 1.963268
v 2.208677 0.000000 1.963268
v -1.963040 0.014027 0.245382
v -3.681128 0.017214 1.963268
v -1.632787 0.365641 1.879923
v -1.963268 -0.000000 -3.681128
v -1.963144 0.008069 -1.717796
v -3.681128 0.001901 -1.963268
v -1.717768 0.002741 -1.963284
v 1.963268 0.000133 -3.681188
v 0.230909 0.032518 -1.963268
v -3.926536 0.000000 2.699494
v 2.699494 0.000000 3.926536
v 3.926536 -0.000000 -2.699494
v -2.699494 -0.000000 -3.926536
v -3.926536 -0.000000 -1.227043
v -1.227043 0.000000 3.926536
v 3.926536 0.000000 1.227043
v 1.227043 -0.000000 -3.822330
v -0.000168 0.002501 -2.699494
v 0.000000 0.000000 1.227043
v -2.628555 0.176124 -0.000060
v 1.227043 0.000000 0.000000
v -3.926536 0.000000 0.736226
v 0.736226 0.000000 3.926536
v 3.926536 -0.000000 -0.736226
v -0.736226 -0.000000 -3.926536
v -3.926536 -0.000000 -3.190311
v -3.190311 0.000000 3.926536
v 3.926536 0.000000 3.190311
v 3.190311 -0.000000 -3.926536
v 0.000000 -0.000000 -0.736226
v -0.736226 0.000000 0.000000
v 3.190311 0.000000 0.000000
v 1.963268 0.000000 1.227043
v 2.035698 0.207170 3.273477
v 1.227043 0.000000 1.963268
v 3.190311 0.000000 1.963268
v -1.865591 0.246759 1.144335
v -1.973494 0.169030 3.256296
v -0.736226 0.002901 1.963268
v -1.916935 0.139551 -2.699621
v -1.963268 -0.000000 -0.736226
v -2.641341 1.027778 -2.451955
v -0.736226 -0.000000 -1.963268
v 1.717860 1.133956 -1.732786
v 1.963188 0.031302 -0.724047
v 1.708025 1.026634 -2.683002
v 3.198713 0.126460 -1.963119
v 3.009169 0.162771 -1.705067
v 2.944902 0.000426 -0.736226
v 2.208677 0.128765 -0.972093
v 3.190311 0.000639 -0.981634
v 2.205601 1.150080 -2.197425
v 0.981634 0.024607 -0.734073
v 0.245409 0.000745 -0.981634
v 1.228640 0.150819 -0.922503
v 0.981634 0.000133 -3.658500
v 2.598850 0.944623 -2.146574
v 0.245253 0.006839 -2.944950
v 1.227123 0.167080 -3.016163
v -0.981634 -0.000000 -1.717860
v -0.981634 -0.000000 -0.736226
v -1.717860 -0.000000 -0.981634
v -0.736226 -0.000000 -0.981634
v -2.944672 0.162141 -1.711296
v -3.681128 -0.000000 -0.981634
v -2.625379 0.188990 -0.981080
v -2.944902 -0.000000 -3.681128
v -3.004521 0.164965 -2.699430
v -3.681128 -0.000000 -2.944902
v -2.775468 0.212994 -3.020800
v -0.974289 0.151269 2.207770
v -2.944902 0.000000 3.190311
v -3.681128 0.000000 2.944902
v -2.771753 0.161610 3.017162
v -3.014083 0.172060 0.245409
v -3.681128 0.000000 0.981634
v 2.944902 0.000000 2.208677
v 2.935632 0.116239 3.188539
v 2.208677 0.155942 2.882112
v 3.189800 0.016892 2.945030
v 0.981634 0.000000 2.208677
v 0.324229 0.234920 2.851756
v 1.227043 0.157151 2.882591
v 0.981634 0.000000 0.245409
v 0.981634 0.000000 1.227043
v 0.245409 0.000000 0.981634
v 1.227043 0.000000 0.981634
v 2.944902 0.000000 0.245409
v 2.944902 0.000000 1.227043
v 2.208677 0.000000 0.981634
v 3.190311 0.000000 0.981634
v -0.981634 0.000000 0.245409
v -0.981634 0.000000 1.227043
v -1.702132 0.066694 0.979019
v -0.736226 0.000000 0.981634
v -0.981634 -0.000000 -3.681128
v -0.981634 -0.000000 -2.699494
v -1.716997 0.016523 -2.944902
v -0.736226 -0.000000 -2.944902
v 2.944902 -0.000000 -3.681128
v 2.945984 0.128493 -2.707175
v 2.207079 0.151909 -3.004241
v 3.190359 0.006945 -2.945058
v -3.926536 0.000000 3.190311
v 3.190311 0.000000 3.926536
v 3.926536 -0.000000 -3.190311
v -3.190311 -0.000000 -3.926536
v -3.926536 -0.000000 -0.736226
v -0.736226 0.000000 3.926536
v 3.926536 0.000000 0.736226
v 0.736226 -0.000000 -3.796755
v 0.000000 -0.000000 -3.190231
v 0.000000 0.000000 0.736226
v -3.196830 0.127848 -0.000000
v 0.736226 0.000000 0.000000
v -3.926536 0.000000 1.227043
v 1.227043 0.001612 3.824070
v 3.926536 -0.000000 -1.227043
v -1.227043 -0.000000 -3.926536
v -3.926536 -0.000000 -2.699494
v -2.699494 0.000000 3.926536
v 3.926536 0.000000 2.699494
v 2.699494 -0.000000 -3.926536
v 0.000000 0.000426 -1.227043
v -0.001598 0.171343 2.640250
v -1.227043 0.000000 0.000000
v 2.699494 0.000000 0.000000
v 1.963268 0.000000 0.736226
v 1.963268 0.022968 2.690387
v 0.736226 0.000000 1.963268
v 2.699494 0.000000 1.963268
v -1.909941 0.143734 0.733767
v -3.272455 0.210431 1.890839
v -1.226136 0.151269 1.955923
v -1.962885 0.030783 -3.190694
v -1.963208 0.000491 -1.227043
v -3.188231 0.135993 -1.961770
v -1.227043 -0.000000 -1.963268
v 1.963268 0.033127 -3.204846
v 1.242778 1.013448 -2.633343
v 1.241841 1.175229 -2.208677
v 1.717856 1.213031 -2.208517
v -3.926536 0.000000 2.208677
v 2.208677 0.000000 3.823431
v 3.926536 -0.000000 -2.208677
v -2.208677 -0.000000 -3.926536
v -3.926536 -0.000000 -1.717860
v -1.717860 0.000000 3.926536
v 3.926536 0.000000 1.717860
v 1.717860 -0.000000 -3.926536
v -0.001498 0.003326 -2.208677
v 0.000000 0.000000 1.717860
v -2.205712 0.011780 -0.000023
v 1.717860 0.000000 0.000000
v -3.926536 0.000000 0.245409
v 0.245409 0.000000 3.926536
v 3.926536 -0.000000 -0.245409
v -0.245409 -0.000000 -3.822330
v -3.926536 -0.000000 -3.681128
v -3.681128 0.000000 3.926536
v 3.926536 0.000000 3.681128
v 3.681128 -0.000000 -3.926536
v 0.000000 -0.000000 -0.245409
v 0.000000 0.154491 3.742001
v -0.245409 0.000000 0.000000
v 3.681128 0.000000 0.000000
v 1.963268 0.000000 1.717860
v 1.963268 0.017649 3.668783
v 1.717860 0.000000 1.963268
v 3.681128 0.000000 1.963268
v -1.963268 0.000000 3.681128
v -0.245409 0.000000 1.963268
v -1.951877 0.057424 -2.207910
v -1.963208 0.000151 -0.245409
v -2.204015 0.147567 -1.965024
v -0.245468 0.000133 -1.963268
v 2.195735 1.020357 -1.782215
v 1.963268 0.000133 -0.245349
v 1.242915 1.019092 -1.782462
v 3.681128 -0.000000 -1.963268
v 2.945877 0.043059 -1.226068
v 2.944902 -0.000000 -0.245409
v 2.699637 0.026789 -0.979457
v 3.681128 -0.000000 -0.981634
v 0.904944 0.198613 -1.149309
v 0.981634 0.000106 -0.245409
v 0.734947 0.043946 -0.979461
v 1.717700 0.156625 -0.912126
v 0.981714 0.031435 -3.202410
v 1.717860 0.998972 -1.553602
v 0.736422 0.128001 -2.952136
v 1.717945 0.192608 -3.018371
v -0.981634 -0.000000 -1.227043
v -0.981634 -0.000000 -0.245409
v -1.227043 -0.000000 -0.981634
v -0.245409 -0.000000 -0.981634
v -3.022604 0.222472 -1.301546
v -3.244697 0.152638 -0.980995
v -2.205868 0.007787 -0.981646
v -2.945797 0.045683 -3.191158
v -3.036556 0.223088 -2.287781
v -3.191173 0.016523 -2.944902
v -2.137270 0.189121 -3.016309
v -0.907041 0.368008 2.623798
v -0.981634 0.000000 3.681128
v -3.002260 0.143692 2.709719
v -2.944902 0.000000 3.681128
v -3.190311 0.000000 2.944902
v -3.252142 0.159965 0.981634
v -2.214045 2.163533 2.209188
v 2.944391 0.017133 2.699142
v 2.944902 0.000967 3.681128
v 2.698344 0.150913 2.890548
v 3.681128 0.000000 2.944902
v 0.981634 0.022968 2.690387
v 0.981634 0.023935 3.678518
v 0.737823 0.179665 2.873544
v 1.717860 0.157151 2.882591
v 0.981634 0.000000 0.736226
v 0.981634 0.000000 1.717860
v 0.736226 0.000000 0.981634
v 1.717860 0.000000 0.981634
v 2.944902 0.000000 0.736226
v 2.944902 0.000000 1.717860
v 2.699494 0.000000 0.981634
v 3.681128 0.000000 0.981634
v -0.981634 0.000000 0.736226
v -0.981634 0.002901 1.717860
v -1.226871 0.001158 0.981624
v -0.245409 0.000000 0.981634
v -0.981634 -0.000000 -3.190311
v -0.981634 -0.000000 -2.208677
v -1.227043 -0.000000 -2.944902
v -0.245409 -0.000000 -2.944902
v 2.944902 0.002821 -3.190479
v 1.473740 1.059391 -1.728036
v 2.701012 0.050850 -2.957189
v 3.681128 -0.000000 -2.944902
v 3.435719 -0.000000 -2.699494
v 3.435719 -0.000000 -2.208677
v 3.196405 0.124997 -2.454038
v 3.681128 -0.000000 -2.454085
v 2.532714 0.209306 -2.791094
v 2.373507 0.961868 -1.809887
v 1.716663 1.163106 -2.451563
v 1.242481 1.147728 -2.441068
v 2.454085 0.000106 -3.681128
v 2.454085 0.024684 -3.192636
v 2.208677 0.003246 -3.437037
v 2.699494 0.000452 -3.435779
v -0.490817 -0.000000 -2.699494
v -0.490817 -0.000000 -2.208677
v -0.736226 -0.000000 -2.454085
v -0.245468 0.000133 -2.454085
v -1.472451 -0.000000 -2.699494
v -1.472451 -0.000000 -2.208677
v -1.717125 0.017402 -2.454213
v -1.227043 -0.000000 -2.454085
v -1.472451 -0.000000 -3.681128
v -1.472451 -0.000000 -3.190311
v -1.717860 -0.000000 -3.435719
v -1.227043 -0.000000 -3.435719
v -0.490817 0.000000 1.227043
v -0.490817 0.000000 1.717860
v -0.736226 0.000000 1.472451
v -0.245409 0.000000 1.472451
v -1.468402 0.038565 1.226842
v -1.453159 0.107443 1.702110
v -1.655244 0.196160 1.472528
v -1.225095 0.010312 1.472027
v -1.472451 0.000000 0.245409
v -1.472151 0.001603 0.736206
v -1.717726 0.009834 0.490798
v -1.227043 0.000000 0.490817
v 3.435719 0.000000 1.227043
v 3.435719 0.000000 1.717860
v 3.190311 0.000000 1.472451
v 3.681128 0.000000 1.472451
v 2.454085 0.000000 1.227043
v 2.454085 0.000000 1.717860
v 2.208677 0.000000 1.472451
v 2.699494 0.000000 1.472451
v 2.454085 0.000000 0.245409
v 2.454085 0.000000 0.736226
v 2.208677 0.000000 0.490817
v 2.699494 0.000000 0.490817
v 1.472451 0.000000 1.227043
v 1.472451 0.000000 1.717860
v 1.227043 0.000000 1.472451
v 1.717860 0.000000 1.472451
v 0.490817 0.000000 1.227043
v 0.490817 0.000000 1.717860
v 0.245409 0.000000 1.472451
v 0.736226 0.000000 1.472451
v 0.490817 0.000000 0.245409
v 0.490817 0.000000 0.736226
v 0.245409 0.000000 0.490817
v 0.736226 0.000000 0.490817
v -2.747532 1.998307 1.238120
v 1.472451 0.022968 3.677027
v 1.227043 0.157151 3.497391
v 1.717221 0.152638 3.489466
v -2.691314 2.348967 1.717732
v 0.490817 0.126301 3.687647
v -2.290863 1.915949 1.790971
v 0.746451 0.165210 3.501226
v 0.490817 0.000000 2.208677
v 0.492415 0.059222 2.684707
v 0.245409 0.028033 2.451761
v 0.736226 0.001209 2.453606
v 3.435719 0.000967 3.190311
v 3.435719 0.000000 3.681128
v 3.190311 0.001934 3.435719
v 3.681128 0.000000 3.435719
v 2.454724 0.171818 3.258821
v 2.454085 0.014506 3.669028
v 2.209316 0.051900 3.443388
v 2.699494 0.035782 3.443005
v 2.454085 0.000000 2.208677
v 2.454085 0.022968 2.690387
v 2.208677 0.001209 2.453606
v 2.699494 0.001209 2.453606
v -1.727233 2.096356 2.699963
v -2.641912 2.064194 2.199090
v -2.200496 2.143360 2.690419
v -2.208549 2.364250 2.453574
v -3.444826 0.022968 1.227043
v -3.444507 0.038409 1.717221
v -3.681607 0.001209 1.472451
v -3.253261 0.161374 1.471812
v -3.436199 0.005077 0.245409
v -3.443868 0.022485 0.736226
v -3.681128 0.000000 0.490817
v -3.196830 0.127848 0.490817
v -2.454085 0.136600 3.244473
v -2.454085 0.000000 3.681128
v -2.699494 0.000000 3.435719
v -2.208677 0.000000 3.435719
v -3.435719 0.000000 3.190311
v -3.435719 0.000000 3.681128
v -3.681128 0.000000 3.435719
v -3.190311 0.000000 3.435719
v -3.435038 0.122944 2.209358
v -3.435719 0.000000 2.699494
v -3.681128 0.000000 2.454085
v -3.199003 0.131781 2.462265
v -2.617308 1.914917 2.380974
v -0.490817 0.000000 3.681128
v -0.809337 0.188258 3.518545
v -2.381826 1.933949 2.627235
v -2.446608 2.394816 2.207526
v -1.472451 0.000000 3.681128
v -1.717860 0.126301 3.442238
v -1.227682 0.157312 3.497710
v -1.790119 1.929873 2.525833
v -1.559480 1.879247 2.757892
v -2.697960 2.113405 1.472962
v -2.462777 2.145194 1.726040
v -2.533828 0.993662 -2.615355
v -2.753408 0.954757 -2.050279
v -2.537480 1.000359 -2.512934
v -2.136236 0.242795 -2.391426
v -3.436199 0.001132 -2.699494
v -3.435806 0.016506 -2.208762
v -3.681128 -0.000000 -2.454085
v -3.203938 0.054780 -2.455768
v -3.435719 -0.000000 -3.681128
v -3.435719 -0.000000 -3.190311
v -3.681128 -0.000000 -3.435719
v -3.190311 -0.000000 -3.435719
v -2.434066 0.050831 -0.736238
v -2.439406 0.037021 -0.245409
v -2.628675 0.178306 -0.490817
v -2.207179 0.003778 -0.490817
v -3.444826 0.022968 -0.736226
v -3.443868 0.022485 -0.245409
v -3.681128 -0.000000 -0.490817
v -3.252142 0.156909 -0.490817
v -3.435719 0.007786 -1.717812
v -3.436582 0.017649 -1.227043
v -3.681128 -0.000000 -1.472451
v -3.191303 0.054984 -1.472190
v -0.490817 -0.000000 -0.736226
v -0.490817 -0.000000 -0.245409
v -0.736226 -0.000000 -0.490817
v -0.245409 -0.000000 -0.490817
v -1.472451 -0.000000 -0.736226
v -1.472451 -0.000000 -0.245409
v -1.717860 -0.000000 -0.490817
v -1.227043 -0.000000 -0.490817
v -1.472451 -0.000000 -1.717860
v -1.472451 -0.000000 -1.227043
v -1.717860 0.000113 -1.472451
v -1.227043 -0.000000 -1.472451
v 1.473949 1.212082 -2.208677
v 1.471195 1.035862 -2.686388
v 2.195735 1.020193 -2.389781
v 2.439483 1.029201 -2.197643
v 0.483584 0.127754 -2.699298
v 0.421309 0.156625 -2.208517
v 0.233230 0.031302 -2.454005
v 1.655788 0.913621 -2.829924
v 0.490817 -0.000000 -3.658112
v 0.490769 0.006839 -3.190387
v 0.245409 -0.000000 -3.433589
v 0.736226 0.002501 -3.433757
v 1.472451 0.032518 -0.721726
v 1.472451 0.000133 -0.245349
v 1.227043 0.003246 -0.489499
v 1.717860 0.003326 -0.489319
v 0.490817 0.000745 -0.736226
v 0.490817 -0.000000 -0.245409
v 0.245409 -0.000000 -0.490817
v 0.736226 0.000426 -0.490817
v 0.431686 0.150952 -1.719457
v 0.488644 0.043946 -1.225765
v 0.243256 0.024607 -1.472451
v 0.658492 0.198754 -1.395761
v 3.435719 -0.000000 -0.736226
v 3.435719 -0.000000 -0.245409
v 3.190311 -0.000000 -0.490817
v 3.681128 -0.000000 -0.490817
v 2.454165 0.007628 -0.734852
v 2.454085 -0.000000 -0.245409
v 2.208677 0.002501 -0.490649
v 2.699494 0.000106 -0.490817
v 1.053531 1.024325 -2.208677
v 2.466878 0.162391 -1.162776
v 1.717920 1.207342 -1.964878
v 2.775630 0.197789 -1.396315
v 3.435719 -0.000000 -1.717860
v 3.435719 -0.000000 -1.227043
v 3.192487 0.026683 -1.472307
v 3.681128 -0.000000 -1.472451
v 1.963060 1.186348 -2.206652
v 2.598799 0.942822 -2.025307
v 1.077570 0.948943 -2.603606
v 1.077481 0.954399 -1.812173
v 1.472451 0.000133 -3.679404
v 1.472451 0.036251 -3.205275
v 1.227043 0.003326 -3.435353
v 1.717860 0.003485 -3.437229
v -0.490817 -0.000000 -1.717860
v -0.490817 -0.000000 -1.227043
v -0.736226 -0.000000 -1.472451
v -0.245409 0.000106 -1.472451
v -2.454070 0.163630 -1.705680
v -2.441465 0.055109 -1.228614
v -2.702200 0.166022 -1.452592
v -2.208646 0.025587 -1.474122
v -2.454085 0.001132 -3.681607
v -2.454085 0.138672 -3.236772
v -2.699494 0.016523 -3.436582
v -2.208677 0.016523 -3.436582
v -0.490817 0.002176 2.208197
v -0.490338 0.160971 2.637183
v -0.728077 0.050677 2.444978
v -0.245349 0.037081 2.439586
v -2.878917 2.042608 1.707634
v -2.135566 1.913640 2.861566
v -2.266258 2.064194 1.972854
v -1.963140 2.346929 2.691314
v -2.434312 0.076362 0.243223
v -2.467873 0.479487 0.667325
v -2.618520 0.294812 0.474970
v -2.207150 0.177806 0.487328
v 3.435719 0.000000 2.208677
v 3.435719 0.000000 2.699494
v 3.190311 0.000000 2.454085
v 3.681128 0.000000 2.454085
v 1.472451 0.000000 2.208677
v 1.472451 0.022968 2.690387
v 1.227043 0.001209 2.453606
v 1.717860 0.001209 2.453606
v 1.472451 0.000000 0.245409
v 1.472451 0.000000 0.736226
v 1.227043 0.000000 0.490817
v 1.717860 0.000000 0.490817
v 3.435719 0.000000 0.245409
v 3.435719 0.000000 0.736226
v 3.190311 0.000000 0.490817
v 3.681128 0.000000 0.490817
v -0.490817 0.000000 0.245409
v -0.490817 0.000000 0.736226
v -0.736226 0.000000 0.490817
v -0.245409 0.000000 0.490817
v -0.490817 -0.000000 -3.681128
v -0.490817 -0.000000 -3.190311
v -0.736226 -0.000000 -3.435719
v -0.245409 -0.000000 -3.433855
v 3.435719 -0.000000 -3.681128
v 3.435719 -0.000000 -3.190311
v 3.190311 -0.000000 -3.435719
v 3.681128 -0.000000 -3.435719
v 3.681128 -0.000000 -3.190311
v 3.190311 0.000426 -3.190311
v 3.190311 -0.000000 -3.681128
v -0.245409 -0.000000 -3.190231
v -0.736226 -0.000000 -3.190311
v -0.736226 -0.000000 -3.681128
v -0.245409 0.000000 0.736226
v -0.736226 0.000000 0.736226
v -0.736226 0.000000 0.245409
v 3.681128 0.000000 0.736226
v 3.190311 0.000000 0.736226
v 3.190311 0.000000 0.245409
v 1.717860 0.000000 0.736226
v 1.227043 0.000000 0.736226
v 1.227043 0.000000 0.245409
v 1.717860 0.022968 2.690387
v 1.227043 0.022968 2.690387
v 1.227043 0.000000 2.208677
v 3.681128 0.000000 2.699494
v 3.190311 0.001934 2.699494
v 3.190311 0.000000 2.208677
v -2.291253 0.361688 0.640145
v -2.610963 0.542762 0.662969
v -2.627357 0.185268 0.244066
v -2.767691 1.859196 1.069515
v -2.887598 1.983598 1.238759
v -1.728809 1.998868 2.880696
v -0.245508 0.178199 2.629985
v -0.722805 0.234651 2.627237
v -0.735363 0.018858 2.208197
v -2.208677 0.118362 -3.195551
v -2.699494 0.118362 -3.195551
v -2.699494 -0.000000 -3.681128
v -2.207231 0.008484 -1.227234
v -2.640414 0.176000 -1.223139
v -2.699456 0.187522 -1.667025
v -0.245409 -0.000000 -1.227043
v -0.736226 -0.000000 -1.227043
v -0.736226 -0.000000 -1.717860
v 1.717860 0.036251 -3.205275
v 1.227043 0.033160 -3.204826
v 1.227043 0.000133 -3.662477
v 1.242481 1.148338 -1.976225
v 1.886606 0.969568 -2.619976
v 2.205601 1.150080 -1.974519
v 3.681128 -0.000000 -1.227043
v 3.190467 0.006945 -1.226995
v 3.202489 0.050398 -1.716342
v 2.700576 0.128493 -1.219362
v 2.287306 0.206458 -1.135494
v 1.962139 1.059373 -1.728036
v 2.699494 -0.000000 -0.245409
v 2.208677 0.000106 -0.245409
v 2.208677 0.024684 -0.733901
v 3.681128 -0.000000 -0.245409
v 3.190311 -0.000000 -0.245409
v 3.190311 -0.000000 -0.736226
v 0.724854 0.136717 -1.215671
v 0.245189 0.006874 -1.226979
v 0.233230 0.031302 -1.717940
v 0.736226 -0.000000 -0.245409
v 0.245409 -0.000000 -0.245409
v 0.245409 -0.000000 -0.736226
v 1.717860 0.000133 -0.245349
v 1.227043 0.000133 -0.245349
v 1.227123 0.031302 -0.724047
v 0.736226 0.024607 -3.192384
v 0.245409 0.000639 -3.190231
v 0.245409 -0.000000 -3.658112
v 1.549227 0.963641 -1.566386
v 0.230909 0.032518 -2.208677
v 0.243256 0.024607 -2.699494
v 1.473793 1.180758 -2.451526
v 2.373571 0.959711 -2.362007
v 1.532722 0.914932 -2.830518
v -1.227043 -0.000000 -1.227043
v -1.717860 -0.000000 -1.227043
v -1.717860 0.000453 -1.717860
v -1.227043 -0.000000 -0.245409
v -1.717860 -0.000000 -0.245409
v -1.717860 -0.000000 -0.736226
v -0.245409 -0.000000 -0.245409
v -0.736226 -0.000000 -0.245409
v -0.736226 -0.000000 -0.736226
v -3.195935 0.126623 -1.227043
v -3.681128 -0.000000 -1.227043
v -3.681128 0.000340 -1.717860
v -3.244697 0.152638 -0.246048
v -3.681128 -0.000000 -0.245409
v -3.681128 -0.000000 -0.736226
v -2.207179 0.003899 -0.245409
v -2.628675 0.177943 -0.245409
v -2.628735 0.178275 -0.736226
v -3.190311 0.002716 -3.190311
v -3.681128 -0.000000 -3.190311
v -3.681128 -0.000000 -3.681128
v -3.190756 0.130272 -2.210348
v -3.681128 -0.000000 -2.208677
v -3.681128 -0.000000 -2.699494
v -2.148551 0.185301 -2.199646
v -2.847030 0.862055 -1.994853
v -2.160873 0.236705 -2.410835
v -2.693231 2.162107 1.962757
v -2.035357 1.935307 2.280254
v -2.445010 2.145805 2.445905
v -1.227043 0.020550 3.689276
v -1.717860 0.015788 3.681943
v -1.790289 0.212535 3.273477
v -0.245409 0.135391 3.734811
v -0.736226 0.000000 3.681128
v -2.525663 1.931232 1.544029
v -3.190311 0.000000 2.699494
v -3.681128 0.000000 2.699494
v -3.681128 0.017214 2.208677
v -3.190311 0.000000 3.681128
v -3.681128 0.000000 3.681128
v -3.681128 0.000000 3.190311
v -2.208677 0.000000 3.681128
v -2.699494 0.000000 3.681128
v -2.699494 0.000000 3.190311
v -3.244697 0.152638 0.736865
v -3.681128 0.000000 0.736226
v -3.681128 0.000000 0.245409
v -3.256296 0.169030 1.707634
v -3.681607 0.003143 1.717860
v -3.681128 0.000000 1.227043
v -2.882751 2.019683 1.472451
v -1.560333 1.861587 2.874575
v -2.461563 2.394816 1.964419
v 2.699494 0.022485 2.691345
v 2.208677 0.022968 2.690387
v 2.208677 0.000000 2.208677
v 2.699494 0.003143 3.680968
v 2.208677 0.005077 3.668399
v 2.218902 0.166418 3.257255
v 3.681128 0.000000 3.681128
v 3.190311 0.000000 3.681128
v 3.189800 0.016892 3.190183
v 0.736385 0.039509 2.684787
v 0.245409 0.146319 2.689793
v 0.245409 0.002841 2.208509
v 0.736865 0.038603 3.689660
v 0.244769 0.151429 3.735035
v -1.971448 2.144175 2.461882
v 1.717860 0.022485 3.676068
v 1.227043 0.022968 3.677027
v -2.875555 1.857920 1.069515
v 0.736226 0.000000 0.736226
v 0.245409 0.000000 0.736226
v 0.245409 0.000000 0.245409
v 0.736226 0.000000 1.717860
v 0.245409 0.000000 1.717860
v 0.245409 0.000000 1.227043
v 1.717860 0.000000 1.717860
v 1.227043 0.000000 1.717860
v 1.227043 0.000000 1.227043
v 2.699494 0.000000 0.736226
v 2.208677 0.000000 0.736226
v 2.208677 0.000000 0.245409
v 2.699494 0.000000 1.717860
v 2.208677 0.000000 1.717860
v 2.208677 0.000000 1.227043
v 3.681128 0.000000 1.717860
v 3.190311 0.000000 1.717860
v 3.190311 0.000000 1.227043
v -1.227043 0.000000 0.736226
v -1.711082 0.020787 0.735826
v -1.717860 0.000121 0.245409
v -1.225557 0.032608 1.715707
v -1.640379 0.254509 1.700441
v -1.705838 0.160692 1.226875
v -0.245409 0.000000 1.717860
v -0.736226 0.000000 1.717860
v -0.736226 0.000000 1.227043
v -1.227043 -0.000000 -3.190311
v -1.717860 0.002716 -3.190311
v -1.717860 -0.000000 -3.681128
v -1.227043 -0.000000 -2.208677
v -1.716777 0.006996 -2.208649
v -1.710670 0.020597 -2.699494
v -0.245468 0.000133 -2.208677
v -0.736226 -0.000000 -2.208677
v -0.736226 -0.000000 -2.699494
v 2.699574 0.007628 -3.191685
v 2.208597 0.031302 -3.202489
v 2.208677 0.000133 -3.681188
v 1.057856 1.010749 -2.436767
v 1.473993 1.188196 -1.965649
v 1.962156 1.062583 -2.446183
v 3.681128 -0.000000 -2.208677
v 3.236812 0.141574 -2.208677
v 3.191221 0.042598 -2.700404
v 3.681128 -0.000000 -2.699494
v 2.712286 0.162771 -2.763761
v 2.699494 -0.000000 -3.681128
v -0.245409 0.000106 -2.699494
v -1.227043 -0.000000 -2.699494
v -1.227043 -0.000000 -3.681128
v -0.245409 0.000000 1.227043
v -1.226692 0.004279 1.227035
v -1.227043 0.000000 0.245409
v 3.681128 0.000000 1.227043
v 2.699494 0.000000 1.227043
v 2.699494 0.000000 0.245409
v 1.717860 0.000000 1.227043
v 0.736226 0.000000 1.227043
v 0.736226 0.000000 0.245409
v -2.862247 1.915257 1.890839
v -1.953682 2.041334 2.878757
v 0.736226 0.000000 2.208677
v 3.681128 0.000000 3.190311
v 2.698344 0.153331 3.245624
v 2.699494 0.000000 2.208677
v -2.590042 0.868410 0.708162
v -3.253101 0.160971 1.227043
v -3.199546 0.054237 0.245409
v -2.209316 0.158192 3.251823
v -3.190311 0.000000 3.190311
v -3.261888 0.201153 2.280254
v -2.534132 0.847728 0.708516
v -0.933463 0.442558 2.651083
v -1.150949 0.225059 2.132583
v -2.411075 0.234656 -1.919874
v -3.202469 0.035736 -2.699574
v -3.190311 -0.000000 -3.681128
v -2.205719 0.007517 -0.736226
v -3.252142 0.156909 -0.736226
v -3.190274 0.052888 -1.716928
v -0.245409 -0.000000 -0.736226
v -1.227043 -0.000000 -0.736226
v -1.227043 -0.000000 -1.717860
v 2.439483 1.029201 -1.974302
v 0.660149 0.200418 -2.775519
v 0.736226 0.000106 -3.658112
v 1.717860 0.032518 -0.721726
v 0.736162 0.006874 -0.736006
v 1.886493 0.963414 -1.566386
v 3.681128 -0.000000 -0.736226
v 2.699494 0.002821 -0.736058
v 1.057856 1.011302 -1.980474
v 3.681128 -0.000000 -1.717860
v 1.963060 1.185882 -1.965465
v 1.717860 0.000133 -3.681108
v -0.245468 0.000133 -1.717860
v -2.208102 0.053446 -1.716578
v -2.208677 0.000905 -3.681128
v -0.245409 0.001209 2.208197
v -1.669449 0.442558 1.915097
v -2.205806 0.039664 0.244952
v 3.681128 0.000000 2.208677
v 1.717860 0.000000 2.208677
v 1.717860 0.000000 0.245409
v 3.681128 0.000000 0.245409
v -0.245409 0.000000 0.245409
v -0.245409 -0.000000 -3.662497
v 3.681128 -0.000000 -3.681128
v 1.963034 0.447205 -2.877833
v 1.948862 0.379499 -1.057384
v 0.925263 0.727888 -1.965373
v 2.934663 0.437168 -1.964278
v 1.062159 0.337066 -1.075441
v 0.996400 0.410085 -2.870339
v 1.963353 0.698317 -1.465158
v 0.560817 0.390642 -1.964786
v 2.528682 0.783664 -1.886986
v 2.043601 0.799051 -2.544689
v 2.852757 0.338629 -1.552933
v 0.984590 0.532079 -1.474280
v 1.473969 0.389715 -1.052784
v 0.925354 0.721933 -2.450715
v 1.470844 0.575750 -2.889874
v 2.930839 0.410686 -2.440397
v 2.375180 0.342174 -2.851945
v 2.454912 0.682552 -2.459857
v 0.565454 0.380326 -2.439530
v 0.584624 0.337384 -1.552976
v 2.451273 0.526449 -1.482932
v 1.472302 0.701567 -1.465114
v 2.041897 0.800660 -1.626503
v 1.974708 0.688896 -2.701480
v 3.096440 0.339684 -2.040044
v 2.880487 0.390386 -1.730753
v 2.129771 0.338715 -1.074738
v 0.985940 0.685543 -1.721942
v 1.241598 0.376867 -1.057529
v 0.987114 0.650445 -2.683496
v 1.227069 0.455081 -2.887398
v 2.864420 0.338515 -2.607348
v 2.194479 0.389174 -2.870616
v 1.961607 0.523406 -1.239689
v 0.738898 0.548915 -1.963604
v 2.695589 0.674778 -1.961920
v 0.993334 0.409658 -1.240829
v 1.716342 0.390543 -1.051814
v 0.915002 0.735103 -2.208629
v 0.816874 0.344154 -2.851182
v 1.719301 0.574392 -2.887796
v 2.929535 0.500932 -2.207388
v 3.095801 0.335785 -2.375542
v 2.452974 0.442361 -2.691126
v 2.528797 0.783459 -2.284844
v 2.221538 0.739666 -2.516865
v 2.696517 0.546251 -2.442445
v 1.393548 0.765564 -2.775186
v 0.584497 0.340228 -2.618816
v 0.560637 0.390741 -2.207159
v 0.739354 0.530171 -2.450950
v 0.566668 0.379372 -1.732431
v 0.750072 0.411636 -1.484116
v 2.453937 0.696153 -1.711320
v 2.441144 0.386010 -1.291303
v 2.209987 0.581317 -1.462577
v 2.685618 0.412696 -1.486202
v 1.393844 0.800970 -1.626588
v 1.472675 0.540700 -1.239597
v 1.225828 0.598256 -1.461918
v 1.717860 0.721405 -1.426173
v 1.717700 0.547427 -1.232071
v 1.229839 0.501340 -1.240839
v 1.214821 0.744961 -1.654931
v 2.619012 0.338311 -1.319188
v 2.207463 0.422771 -1.236092
v 2.221421 0.744055 -1.653749
v 0.814769 0.345595 -1.305586
v 0.736629 0.550390 -2.208453
v 1.214968 0.712181 -2.748158
v 2.696159 0.685289 -2.209075
v 2.209811 0.557369 -2.697633
v 3.109123 0.367686 -2.208528
v 2.686552 0.390625 -2.635212
v 1.794777 0.757162 -2.762035
v 0.749487 0.430188 -2.685389
v 0.750445 0.521387 -1.721103
v 2.686836 0.546489 -1.719820
v -2.046307 0.383373 -2.872643
v -2.921317 0.537700 -1.976281
v -2.851051 0.365729 -2.864075
v -2.058102 0.365548 -2.531781
v -2.468572 0.469025 -1.970759
v -2.884291 0.454441 -2.454149
v -2.455331 0.530641 -2.927924
v -2.467497 0.707339 -2.463112
v -2.475624 0.281555 -1.598058
v -2.031970 0.418404 -2.699494
v -2.707248 0.657261 -1.985585
v -2.864276 0.393690 -1.810226
v -2.869207 0.432763 -2.683713
v -2.684947 0.454809 -2.929667
v -3.088157 0.374298 -2.025388
v -2.301385 0.368506 -2.043129
v -2.933706 0.468919 -2.211475
v -2.217752 0.454452 -2.935827
v -2.465914 0.708656 -2.686369
v -2.468053 0.582246 -2.212113
v -2.681712 0.723184 -2.453840
v -2.222991 0.473140 -2.458795
v -2.515105 0.373209 -1.749780
v -2.454085 0.418404 -3.121609
v -2.280936 0.383373 -3.107272
v -2.620895 0.360097 -3.095733
v -2.697013 0.426999 -1.787329
v -3.090195 0.354529 -2.148461
v -2.274000 0.419533 -2.222378
v -2.699256 0.701603 -2.212458
v -2.677006 0.683977 -2.682931
v -2.225585 0.533107 -2.697212
v -1.955408 0.725839 1.962118
v -2.946053 0.473676 -0.000000
v -0.001598 0.559559 2.959629
v 1.963268 0.444374 3.006254
v -2.016897 0.457986 0.979206
v -1.962629 1.078358 2.990757
v -2.950731 1.003794 1.963268
v -2.944209 0.522458 -0.978529
v -0.981666 0.602112 2.944842
v -2.944902 0.618932 2.944902
v -2.935844 0.965780 0.990905
v 2.857021 0.392413 3.013739
v 0.981634 0.460572 3.006734
v -2.011943 0.420369 0.570871
v -1.891009 1.260138 2.381826
v -3.348861 0.403130 2.022348
v -1.485576 0.450257 2.027049
v 0.000000 0.594996 3.426612
v 1.890839 0.409183 3.353576
v -1.982054 0.580888 1.474927
v -2.886427 0.366401 -1.371457
v -2.944902 0.572028 -0.490817
v -1.045415 0.448882 2.467258
v -0.982784 0.467584 3.381845
v -1.481313 0.984622 2.942644
v -0.490817 0.581367 2.959342
v -2.940352 0.540502 2.454085
v -2.455108 0.689382 2.938256
v -2.945286 0.476508 0.490817
v -2.997147 1.088076 1.472451
v -2.454672 0.686973 0.992827
v 2.453446 0.440828 3.005168
v 0.981634 0.460814 3.374367
v 0.492415 0.444748 3.003978
v 1.472451 0.460572 3.006734
v 1.471812 0.460169 3.373728
v 0.490817 0.490890 3.429584
v 2.454085 0.338478 3.326052
v -2.445010 1.040946 1.464271
v -0.491328 0.582021 3.427219
v -1.458109 0.436054 3.359897
v -1.472735 0.762837 2.454135
v -2.526174 1.257748 2.525663
v -1.954193 1.039399 2.200496
v -1.716828 0.544913 1.962348
v -2.767760 0.413252 -0.000000
v 0.000000 0.614580 3.190311
v 1.963268 0.473676 3.191461
v -1.974144 0.468698 1.227033
v -1.963907 0.536596 3.143977
v -2.781510 1.275748 2.035698
v -2.944846 0.542270 -0.736002
v -2.769135 0.430626 -0.979722
v -1.073764 0.385074 2.289207
v -0.981842 0.582270 3.178380
v -1.719010 1.077501 2.997339
v -0.736230 0.582275 2.956901
v -2.952220 0.704051 2.208804
v -2.707290 0.536518 2.952699
v -2.907356 0.448323 0.245409
v -2.990245 1.073188 1.228193
v -2.700832 0.974403 0.990777
v 2.857021 0.392735 3.122113
v 2.208677 0.439780 3.000023
v 0.981634 0.572995 3.190311
v 0.245409 0.472201 2.954556
v 1.227043 0.460572 3.006734
v -3.108167 0.409183 -0.072430
v -0.014406 0.427463 2.775412
v -2.017260 0.464869 0.742927
v -3.184287 0.523920 1.962178
v -1.307573 0.385074 2.055398
v -0.000639 0.461378 3.618657
v -1.973194 0.678404 1.717752
v -2.151095 1.125870 1.953682
v -2.943677 0.430850 -1.211962
v -2.944743 0.557603 -0.246048
v -3.125284 0.452513 -0.971409
v -0.980867 0.523553 2.699526
v -1.228466 0.690801 2.943178
v -0.245409 0.594996 2.954009
v -2.898185 0.493227 2.700133
v -2.208677 0.999994 2.943241
v -2.936083 0.618997 0.737376
v -2.991140 1.079074 1.717221
v -3.128288 0.515773 0.982784
v -2.219712 0.588559 0.983462
v 2.687777 0.432151 3.001728
v 0.736385 0.437523 3.013093
v 1.717860 0.458638 3.006734
v -1.799245 0.417715 1.489697
v 1.472451 0.572028 3.190311
v 1.227043 0.460572 3.373888
v 1.707634 0.452513 3.370692
v 0.490897 0.555378 3.200153
v 0.418387 0.410472 3.598473
v 0.244769 0.579362 3.426548
v 0.736865 0.465085 3.381812
v 2.453574 0.445308 3.180213
v -2.445745 0.738256 1.226372
v -2.381997 1.258780 1.646282
v -2.616796 1.274063 1.399340
v -2.208261 0.720732 1.471940
v -3.137586 0.534617 1.472451
v -3.108167 0.409183 0.563247
v -2.454085 0.489325 3.135669
v -3.348691 0.399440 2.148915
v -3.118222 0.418718 2.382508
v -0.490817 0.614580 3.190311
v -0.490817 0.460814 3.618817
v -0.744406 0.512746 3.437892
v -0.245409 0.594996 3.426612
v -1.472217 0.640761 3.176244
v -1.639039 0.395905 3.343915
v -1.226404 0.461620 3.373728
v -1.475247 0.593597 2.221079
v -1.473542 1.005925 2.698710
v -1.709679 1.038746 2.445905
v -1.239573 0.585625 2.457009
v -2.768754 0.436335 -0.490817
v -3.128320 0.460169 -0.491456
v -2.776813 0.360952 -1.368584
v -0.490648 0.429245 2.774089
v -2.461882 1.036038 2.707290
v -2.704556 1.004779 2.454597
v -2.456474 0.558755 0.784867
v -2.752697 0.457806 0.490338
v -2.134233 0.427155 0.579135
v -2.214145 0.526660 0.741811
v -2.695988 0.602639 0.735803
v -2.759268 0.408794 0.245289
v -2.280254 1.257490 2.771071
v -2.693710 0.689817 2.700516
v -2.757076 1.124129 2.218263
v -0.247001 0.436692 2.771693
v -0.734876 0.460660 2.758166
v -2.772785 0.399582 -1.208597
v -3.107997 0.408753 -1.153931
v -3.125284 0.452513 -0.255634
v -2.768675 0.431781 -0.245488
v -2.768775 0.436284 -0.736146
v -1.228493 0.678487 2.699480
v -1.646282 1.253889 2.627405
v -1.715303 0.756020 2.207371
v -1.717860 0.548710 3.190311
v -0.245409 0.460572 3.618338
v -0.736226 0.618932 3.681128
v -0.736737 0.601363 3.190439
v -2.699494 0.618932 3.190311
v -3.124805 0.458868 0.746451
v -3.144073 0.535975 1.717221
v -2.203309 1.019194 1.717348
v -2.641944 1.120612 1.217968
v 2.209316 0.445985 3.151838
v 0.166588 0.384012 2.792641
v 0.235183 0.453722 3.615622
v 0.245329 0.582144 3.191082
v 1.227043 0.572995 3.190311
v -1.779632 0.470721 1.717983
v -1.817575 0.367831 1.309727
v 1.717221 0.557603 3.190151
v 0.736226 0.573479 3.191269
v 2.687777 0.434085 3.141346
v -2.210246 0.629791 1.226993
v -3.136148 0.532847 1.227043
v -2.208677 0.519256 3.129917
v -3.181526 0.480408 2.201178
v -0.245409 0.616514 3.190311
v -1.227011 0.595554 3.175800
v -1.240918 0.462991 2.222553
v -3.128320 0.460169 -0.735587
v -2.126491 1.278138 2.135566
vn -0.0000 1.0000 -0.0000
vn -0.0000 1.0000 0.0003
vn -0.0000 1.0000 -0.0025
vn 0.1264 0.9515 -0.2804
vn 0.1277 0.9741 -0.1865
vn 0.0343 0.9989 -0.0323
vn 0.0917 0.9938 -0.0634
vn -0.9764 0.2033 0.0725
vn -0.8868 0.3282 0.3254
vn -0.8194 0.2086 0.5339
vn -0.9116 0.4056 0.0665
vn -0.0075 0.9974 -0.0710
vn 0.0037 0.9974 -0.0714
vn -0.0008 1.0000 -0.0058
vn -0.0008 1.0000 -0.0042
vn 0.0105 0.9995 -0.0290
vn 0.0093 0.9999 -0.0112
vn 0.0009 1.0000 -0.0009
vn 0.0012 1.0000 -0.0030
vn 0.3182 0.9256 0.2049
vn 0.1358 0.9868 0.0884
vn 0.2599 0.9565 0.1328
vn 0.5357 0.7696 0.3474
vn -0.0063 1.0000 0.0005
vn -0.0626 0.9980 0.0056
vn -0.0682 0.9977 0.0009
vn -0.0068 1.0000 -0.0000
vn 0.0001 1.0000 -0.0071
vn 0.0001 1.0000 -0.0069
vn -0.0000 1.0000 -0.0005
vn 0.0307 0.9979 0.0572
vn 0.0163 0.9996 0.0210
vn 0.0887 0.9901 0.1087
vn 0.1228 0.9652 0.2310
vn -0.0845 0.9903 0.1105
vn -0.0938 0.9695 0.2266
vn -0.3076 0.7998 0.5154
vn -0.2244 0.9393 0.2594
vn 0.0073 0.9408 0.3388
vn 0.0388 0.9506 0.3080
vn 0.1008 0.7152 0.6916
vn 0.0178 0.6970 0.7168
vn -0.0016 1.0000 -0.0050
vn -0.0005 1.0000 -0.0070
vn -0.0001 1.0000 -0.0009
vn -0.0001 1.0000 -0.0006
vn 0.0001 1.0000 0.0001
vn 0.0001 1.0000 -0.0000
vn -0.0004 1.0000 0.0004
vn -0.0043 1.0000 0.0039
vn -0.0002 1.0000 0.0002
vn -0.3455 0.9279 0.1400
vn -0.3995 0.8342 0.3800
vn -0.6100 0.5545 0.5661
vn -0.5785 0.7846 0.2232
vn 0.4878 0.4579 -0.7432
vn -0.6205 0.3904 -0.6801
vn -0.5471 0.3892 -0.7410
vn 0.5003 0.4002 -0.7678
vn 0.1011 0.9948 0.0119
vn 0.0137 0.9999 0.0024
vn 0.0162 0.9999 0.0010
vn 0.1100 0.9939 0.0025
vn -0.0014 1.0000 -0.0014
vn -0.0084 0.9999 -0.0112
vn -0.3370 0.9380 -0.0817
vn -0.7202 0.6773 -0.1500
vn -0.5327 0.7729 -0.3447
vn -0.2422 0.9642 -0.1082
vn 0.5958 0.7602 0.2591
vn 0.7194 0.6945 -0.0098
vn 0.7442 0.6680 0.0056
vn 0.7023 0.5741 0.4210
vn 0.5723 0.5874 -0.5723
vn 0.5391 0.7417 -0.3990
vn 0.2773 0.9241 -0.2631
vn 0.4257 0.7528 -0.5021
vn 0.0609 0.2325 0.9707
vn 0.6411 0.4767 0.6015
vn 0.7282 0.3218 0.6052
vn 0.3818 0.4793 0.7902
vn 0.7841 0.1904 -0.5907
vn 0.8935 0.2924 -0.3408
vn 0.8834 0.3371 -0.3256
vn 0.7092 0.5838 -0.3953
vn -0.9753 0.1869 -0.1177
vn -0.6893 0.6366 -0.3458
vn -0.1005 0.9898 0.1005
vn -0.4326 0.8251 0.3634
vn -0.0780 0.9939 0.0780
vn -0.4157 0.3138 0.8537
vn -0.1259 0.2046 0.9707
vn -0.0610 0.4137 0.9084
vn -0.5580 0.2087 0.8031
vn -0.4145 0.9101 -0.0000
vn -0.7594 0.6506 -0.0001
vn -0.7050 0.5534 0.4435
vn -0.5855 0.7569 0.2903
vn -0.6533 0.3650 0.6633
vn -0.6696 0.1783 0.7210
vn -0.4964 0.5650 0.6591
vn -0.6904 0.2095 0.6924
vn 0.0001 1.0000 -0.0023
vn 0.0006 1.0000 -0.0016
vn 0.7144 0.1876 -0.6741
vn 0.7157 0.3916 -0.5784
vn 0.7031 0.2143 -0.6780
vn 0.6288 0.5468 -0.5529
vn 0.0015 1.0000 0.0005
vn 0.0015 1.0000 -0.0005
vn 0.0039 1.0000 -0.0063
vn 0.0369 0.9980 0.0518
vn 0.6127 0.5710 -0.5465
vn 0.7104 0.2080 -0.6724
vn -0.6384 0.5437 0.5449
vn -0.1799 0.9722 0.1497
vn -0.0001 1.0000 0.0002
vn -0.0001 1.0000 0.0001
vn 0.0767 0.9965 -0.0320
vn 0.0102 0.9999 -0.0047
vn 0.0034 1.0000 -0.0022
vn 0.0352 0.9991 -0.0232
vn -0.0044 1.0000 -0.0016
vn -0.0450 0.9989 -0.0160
vn -0.0198 0.9997 -0.0149
vn -0.0017 1.0000 -0.0014
vn 0.0013 1.0000 -0.0018
vn 0.0002 1.0000 -0.0003
vn 0.0001 1.0000 -0.0001
vn 0.2535 0.7023 -0.6652
vn 0.3463 0.7966 -0.4954
vn 0.1232 0.9651 -0.2310
vn 0.1702 0.9229 -0.3454
vn 0.2584 0.9406 -0.2203
vn 0.1073 0.9925 -0.0587
vn 0.0289 0.9994 -0.0214
vn 0.0929 0.9902 -0.1047
vn 0.7140 0.7001 -0.0046
vn 0.2707 0.9627 -0.0012
vn 0.2167 0.9744 -0.0595
vn 0.5461 0.7876 -0.2854
vn 0.0005 1.0000 -0.0063
vn 0.0016 1.0000 -0.0044
vn 0.0001 1.0000 -0.0004
vn 0.0438 0.9487 -0.3131
vn 0.0885 0.9682 -0.2340
vn 0.0156 0.9988 -0.0455
vn 0.0059 0.9980 -0.0630
vn 0.0734 0.9889 -0.1291
vn 0.0307 0.9979 -0.0572
vn 0.0041 1.0000 -0.0070
vn 0.0137 0.9997 -0.0218
vn -0.0002 1.0000 -0.0001
vn -0.0001 1.0000 -0.0001
vn -0.0003 1.0000 -0.0000
vn -0.0682 0.9977 -0.0009
vn -0.0626 0.9980 -0.0056
vn -0.0063 1.0000 -0.0005
vn 0.2731 0.9619 -0.0121
vn 0.0388 0.9992 -0.0004
vn 0.0290 0.9995 -0.0094
vn 0.2072 0.9748 -0.0831
vn 0.1449 0.9870 0.0692
vn 0.0174 0.9998 0.0073
vn 0.0321 0.9995 0.0072
vn 0.2455 0.9672 0.0645
vn 0.0014 1.0000 -0.0014
vn 0.0908 0.9931 -0.0742
vn 0.0112 0.9999 -0.0084
vn 0.0184 0.9997 -0.0184
vn 0.0197 0.9996 -0.0197
vn 0.0015 1.0000 -0.0015
vn 0.5733 0.7671 -0.2880
vn 0.2848 0.9505 -0.1241
vn 0.1558 0.9820 -0.1066
vn 0.3970 0.8935 -0.2098
vn 0.6943 0.6542 -0.3000
vn 0.4416 0.8425 -0.3086
vn 0.3808 0.9135 -0.1432
vn 0.6851 0.6992 -0.2044
vn 0.2425 0.9418 -0.2330
vn 0.1107 0.9886 -0.1023
vn 0.0295 0.9994 -0.0174
vn 0.1342 0.9887 -0.0664
vn 0.0681 0.9956 -0.0636
vn 0.0051 1.0000 -0.0050
vn 0.0076 0.9999 -0.0072
vn 0.3014 0.9458 -0.1207
vn 0.0610 0.9971 -0.0450
vn 0.0209 0.9997 -0.0124
vn 0.1903 0.9767 -0.0991
vn 0.0089 0.9999 -0.0085
vn 0.0006 1.0000 -0.0006
vn 0.0008 1.0000 -0.0008
vn 0.0001 1.0000 0.0002
vn 0.1679 0.9725 -0.1617
vn 0.0031 0.9243 0.3817
vn 0.0053 0.9257 0.3783
vn 0.0130 0.6144 0.7889
vn 0.0022 0.6122 0.7907
vn 0.0355 0.9379 0.3452
vn 0.0809 0.9622 0.2602
vn 0.2940 0.7501 0.5924
vn 0.0937 0.6341 0.7676
vn -0.8372 0.5201 -0.1692
vn 0.1768 0.7435 -0.6449
vn 0.5003 0.7190 -0.4825
vn 0.1355 0.9078 0.3969
vn 0.0316 0.9252 0.3781
vn 0.0240 0.6173 0.7864
vn 0.1400 0.6248 0.7681
vn 0.0181 0.9985 -0.0519
vn 0.0166 0.9996 -0.0239
vn 0.0019 1.0000 -0.0048
vn 0.2765 0.7577 -0.5911
vn 0.1425 0.8947 -0.4233
vn 0.0786 0.9850 -0.1537
vn 0.0974 0.9601 -0.2620
vn 0.0593 0.9228 -0.3808
vn 0.0300 0.9344 -0.3548
vn 0.0087 0.9983 -0.0572
vn 0.0264 0.9960 -0.0855
vn 0.1735 0.9828 0.0633
vn 0.0267 0.9996 0.0086
vn 0.0267 0.9996 -0.0086
vn 0.1731 0.9828 -0.0638
vn 0.0102 0.9999 0.0112
vn 0.0010 1.0000 0.0010
vn 0.0106 0.9999 0.0096
vn 0.0740 0.9946 0.0727
vn 0.0005 1.0000 0.0005
vn -0.7661 0.5670 0.3028
vn -0.2844 0.9240 -0.2557
vn 0.0168 0.9831 0.1825
vn 0.0073 0.9879 0.1550
vn 0.1448 0.9199 0.3643
vn 0.0545 0.9189 0.3908
vn 0.0492 0.9942 0.0959
vn 0.0207 0.9991 0.0379
vn 0.1162 0.9733 0.1982
vn 0.1219 0.9450 0.3035
vn 0.0002 0.9398 -0.3417
vn 0.0055 0.9415 -0.3369
vn 0.0003 0.9988 -0.0480
vn -0.0000 0.9988 -0.0483
vn 0.0423 0.9532 -0.2993
vn 0.1021 0.9748 -0.1983
vn 0.0120 0.9995 -0.0302
vn 0.0036 0.9990 -0.0443
vn 0.7837 0.2027 -0.5872
vn -0.0489 0.9988 -0.0017
vn -0.3515 0.9362 -0.0025
vn -0.3454 0.9384 -0.0069
vn -0.0481 0.9988 -0.0003
vn -0.1129 0.9916 -0.0631
vn -0.3854 0.9140 -0.1269
vn -0.3546 0.9348 -0.0208
vn -0.0573 0.9983 -0.0110
vn 0.8600 0.3709 -0.3505
vn 0.7707 0.6320 -0.0811
vn -0.0232 0.9997 0.0010
vn -0.1818 0.9833 0.0005
vn -0.2352 0.9688 0.0786
vn -0.0324 0.9994 0.0092
vn -0.0447 0.9990 -0.0031
vn -0.3123 0.9493 -0.0361
vn -0.2361 0.9685 -0.0786
vn -0.0324 0.9994 -0.0092
vn 0.2394 0.9315 0.2740
vn 0.6994 0.2165 -0.6811
vn -0.0863 0.9678 0.2363
vn -0.0727 0.9947 0.0727
vn -0.0193 0.9996 0.0193
vn -0.0777 0.9919 0.1010
vn -0.1610 0.9073 0.3884
vn -0.0563 0.9380 0.3420
vn -0.1954 0.9788 0.0619
vn -0.5604 0.7817 0.2736
vn -0.5989 0.7689 -0.2241
vn -0.1995 0.9784 -0.0543
vn -0.0168 0.9997 0.0168
vn -0.0663 0.9930 0.0982
vn -0.2400 0.9399 0.2427
vn -0.0928 0.9927 0.0773
vn -0.2586 0.9308 0.2582
vn -0.7978 0.5483 0.2510
vn -0.7130 0.4778 0.5131
vn -0.5151 0.7156 0.4719
vn -0.7839 0.2012 0.5874
vn -0.8838 0.3369 0.3247
vn -0.0683 0.9718 0.2257
vn -0.0358 0.9502 0.3094
vn -0.1026 0.6409 0.7607
vn -0.2785 0.7477 0.6028
vn -0.0079 0.9390 0.3438
vn -0.0005 0.9279 0.3729
vn -0.0698 0.5622 0.8240
vn -0.0334 0.6072 0.7938
vn 0.4373 0.6568 -0.6143
vn 0.6207 0.5699 -0.5385
vn 0.5870 0.6292 -0.5094
vn 0.4205 0.6132 -0.6687
vn 0.6400 0.5606 0.5255
vn 0.6796 0.5610 0.4726
vn 0.5675 0.6717 0.4761
vn -0.0092 0.8222 0.5691
vn 0.0005 0.5977 0.8017
vn -0.4420 0.5183 0.7321
vn 0.6908 0.6789 0.2489
vn 0.3806 0.9082 0.1743
vn 0.6868 0.5781 0.4405
vn -0.0045 1.0000 -0.0024
vn -0.0749 0.9969 -0.0250
vn -0.0370 0.9991 -0.0186
vn -0.0015 1.0000 -0.0006
vn -0.0313 0.9995 -0.0104
vn -0.2184 0.9744 -0.0544
vn -0.1396 0.9884 -0.0590
vn -0.0148 0.9999 -0.0078
vn -0.5948 0.7811 -0.1897
vn -0.7156 0.5807 -0.3883
vn -0.7430 0.6522 -0.1504
vn -0.4083 0.9039 -0.1273
vn -0.0005 1.0000 -0.0005
vn -0.0112 0.9999 -0.0093
vn -0.1131 0.9901 -0.0832
vn -0.2398 0.9367 -0.2551
vn -0.0744 0.9916 -0.1056
vn -0.0260 0.9993 -0.0260
vn 0.7404 0.6720 0.0157
vn 0.3813 0.9242 0.0229
vn 0.3807 0.9247 -0.0027
vn 0.7311 0.6818 -0.0232
vn 0.7515 0.6597 0.0065
vn 0.3765 0.9264 -0.0041
vn 0.3796 0.9250 0.0172
vn 0.7505 0.6608 0.0088
vn 0.0786 0.9969 -0.0087
vn 0.0120 0.9999 -0.0043
vn 0.0097 1.0000 0.0017
vn 0.0861 0.9962 0.0111
vn -0.3410 0.9400 -0.0048
vn -0.3103 0.9500 -0.0355
vn -0.0447 0.9990 0.0021
vn -0.3106 0.9499 0.0342
vn -0.3410 0.9400 0.0048
vn -0.0481 0.9988 0.0003
vn -0.8562 0.4774 0.1973
vn -0.7596 0.4690 0.4505
vn -0.0238 0.9997 0.0091
vn -0.1449 0.9880 0.0535
vn -0.2178 0.9749 0.0469
vn -0.0356 0.9994 0.0041
vn -0.0340 0.9994 -0.0075
vn -0.2338 0.9693 -0.0763
vn -0.1437 0.9885 -0.0462
vn -0.0215 0.9998 -0.0047
vn -0.5595 0.7670 -0.3142
vn -0.5725 0.5901 -0.5693
vn -0.3458 0.8727 -0.3448
vn -0.3380 0.9323 -0.1285
vn 0.0003 1.0000 0.0002
vn 0.0008 1.0000 0.0002
vn 0.0004 1.0000 -0.0001
vn 0.0002 1.0000 -0.0001
vn 0.0251 0.9995 0.0168
vn 0.0019 1.0000 0.0015
vn 0.0066 1.0000 0.0033
vn 0.0648 0.9974 0.0326
vn 0.0022 1.0000 0.0013
vn 0.0072 1.0000 0.0043
vn 0.0009 0.6408 0.7677
vn 0.3922 0.5626 0.7277
vn 0.2957 0.7388 0.6057
vn 0.0011 0.8733 0.4871
vn -0.3916 0.5644 0.7267
vn -0.2999 0.7386 0.6038
vn 0.0155 0.9762 0.2165
vn -0.1510 0.9510 0.2699
vn -0.2261 0.9695 -0.0947
vn -0.5144 0.7969 -0.3166
vn -0.2384 0.9415 -0.2382
vn -0.1082 0.9904 -0.0859
vn -0.3388 0.9408 -0.0074
vn -0.7180 0.6958 -0.0179
vn -0.6921 0.7143 -0.1037
vn -0.3070 0.9509 -0.0398
vn 0.1744 0.9052 -0.3874
vn 0.3587 0.7355 -0.5747
vn 0.5237 0.5388 -0.6598
vn 0.2844 0.7036 -0.6512
vn -0.0002 1.0000 -0.0002
vn -0.0014 1.0000 -0.0019
vn -0.0001 1.0000 -0.0002
vn -0.0288 0.9992 -0.0289
vn -0.0860 0.9904 -0.1085
vn -0.0149 0.9997 -0.0201
vn -0.0039 1.0000 -0.0042
vn -0.0966 0.9688 -0.2281
vn -0.0458 0.9478 -0.3154
vn -0.0060 0.9979 -0.0641
vn -0.0161 0.9988 -0.0458
vn -0.0398 0.9510 0.3067
vn -0.0075 0.9409 0.3386
vn -0.0195 0.6979 0.7159
vn -0.1036 0.7173 0.6890
vn -0.0005 1.0000 0.0063
vn -0.0000 1.0000 0.0068
vn -0.0009 0.9977 0.0682
vn -0.0056 0.9980 0.0626
vn 0.0005 1.0000 0.0063
vn 0.0056 0.9980 0.0626
vn 0.0009 0.9977 0.0682
vn -0.0054 1.0000 0.0054
vn -0.0293 0.9991 0.0318
vn -0.1130 0.9871 0.1130
vn -0.0318 0.9991 0.0293
vn -0.0039 1.0000 0.0043
vn -0.0014 1.0000 0.0017
vn -0.0016 1.0000 0.0044
vn -0.0160 0.9989 0.0450
vn -0.0148 0.9997 0.0199
vn -0.3069 0.9509 0.0398
vn -0.6904 0.7159 0.1044
vn -0.7174 0.6964 0.0190
vn -0.3387 0.9409 0.0074
vn -0.1105 0.9903 0.0845
vn -0.2595 0.9393 0.2244
vn -0.5160 0.7992 0.3083
vn -0.2266 0.9694 0.0939
vn -0.0606 0.9374 -0.3429
vn -0.1590 0.7086 -0.6874
vn 0.0040 1.0000 0.0042
vn 0.0003 1.0000 0.0003
vn 0.0042 1.0000 0.0035
vn 0.0292 0.9992 0.0288
vn 0.0002 1.0000 0.0002
vn 0.0880 0.9684 0.2334
vn 0.0733 0.9889 0.1290
vn 0.1689 0.9238 0.3437
vn 0.2712 0.7910 0.5485
vn 0.0016 1.0000 0.0044
vn 0.0013 1.0000 0.0018
vn 0.0137 0.9997 0.0218
vn 0.0156 0.9988 0.0455
vn 0.0002 1.0000 0.0003
vn 0.0015 1.0000 0.0019
vn 0.0041 1.0000 0.0070
vn 0.3053 0.4646 -0.8312
vn -0.2541 0.4663 -0.8474
vn 0.3039 0.9181 0.2545
vn 0.5420 0.7700 0.3366
vn 0.5403 0.7699 -0.3397
vn 0.3068 0.9175 -0.2530
vn 0.3427 0.7970 0.4974
vn 0.2379 0.9417 0.2378
vn 0.4979 0.7962 0.3437
vn 0.5433 0.6398 0.5436
vn 0.3665 0.9174 0.1550
vn 0.1290 0.9905 0.0486
vn 0.2246 0.9730 0.0534
vn 0.5881 0.7727 0.2390
vn 0.1106 0.9900 0.0872
vn 0.0210 0.9997 0.0133
vn 0.0572 0.9981 0.0229
vn 0.2382 0.9639 0.1188
vn 0.1589 0.9593 0.2335
vn 0.1787 0.9612 -0.2099
vn 0.2988 0.6447 -0.7036
vn 0.7224 0.6084 0.3287
vn 0.7200 0.6154 -0.3209
vn -0.0003 1.0000 -0.0075
vn -0.0003 1.0000 -0.0071
vn -0.0001 1.0000 -0.0008
vn -0.0263 0.9302 -0.3661
vn -0.0147 0.9179 -0.3965
vn -0.0020 0.9971 -0.0755
vn -0.0032 0.9974 -0.0718
vn 0.0155 0.9183 -0.3956
vn 0.0272 0.9313 -0.3631
vn 0.0029 0.9975 -0.0708
vn 0.0017 0.9972 -0.0753
vn -0.0002 1.0000 0.0001
vn -0.0017 1.0000 0.0014
vn -0.0199 0.9997 0.0148
vn -0.0450 0.9989 0.0160
vn -0.0044 1.0000 0.0016
vn -0.0135 0.6965 -0.7175
vn -0.3007 0.7840 -0.5430
vn -0.4437 0.5718 -0.6900
vn -0.0282 0.6738 -0.7384
vn 0.6774 0.7322 -0.0703
vn 0.3469 0.9371 0.0388
vn 0.3896 0.9140 0.1134
vn 0.3104 0.9328 -0.1828
vn 0.1386 0.9893 0.0462
vn 0.0256 0.9996 0.0113
vn 0.0568 0.9979 0.0307
vn 0.2105 0.9725 0.1000
vn -0.0105 0.9995 -0.0290
vn -0.0009 0.9993 -0.0383
vn -0.0009 1.0000 -0.0032
vn -0.0012 1.0000 -0.0012
vn -0.0005 0.9657 -0.2595
vn -0.0758 0.9740 -0.2136
vn 0.3320 0.7791 -0.5318
vn 0.2256 0.9477 -0.2256
vn 0.0747 0.9931 -0.0904
vn 0.0833 0.9751 -0.2054
vn 0.2569 0.9514 -0.1701
vn 0.0263 0.9972 -0.0702
vn 0.0119 0.9999 -0.0125
vn 0.1064 0.9900 -0.0926
vn 0.3126 0.6033 -0.7337
vn 0.0553 0.6520 -0.7562
vn 0.0437 0.9243 -0.3792
vn 0.3414 0.8475 -0.4065
vn -0.0089 0.6570 -0.7538
vn 0.1041 0.6775 -0.7282
vn 0.0419 0.9384 -0.3430
vn -0.0163 0.9293 -0.3690
vn -0.8080 0.5891 -0.0101
vn -0.8091 0.5874 -0.0190
vn -0.9611 0.2761 -0.0127
vn -0.9525 0.2971 -0.0670
vn -0.7053 0.5529 -0.4437
vn -0.5858 0.7564 -0.2911
vn -0.7087 0.5174 -0.4796
vn -0.3805 0.8095 -0.4471
vn 0.1480 0.6456 -0.7492
vn 0.4021 0.5896 -0.7005
vn 0.6772 0.7111 -0.1890
vn 0.3149 0.9083 -0.2754
vn 0.3570 0.9321 -0.0615
vn 0.7335 0.6793 -0.0234
vn 0.3973 0.8362 -0.3781
vn 0.2407 0.7333 -0.6359
vn 0.2694 0.7513 -0.6024
vn 0.5383 0.6627 -0.5206
vn -0.7964 0.6039 -0.0321
vn -0.9067 0.3770 -0.1892
vn 0.0005 1.0000 -0.0005
vn 0.0731 0.9947 -0.0727
vn 0.0106 0.9999 -0.0096
vn 0.0010 1.0000 -0.0010
vn 0.0097 0.9999 -0.0107
vn -0.0000 0.9392 -0.3434
vn 0.0004 0.9393 -0.3430
vn 0.0004 0.9396 -0.3423
vn -0.0041 1.0000 -0.0039
vn -0.0003 1.0000 -0.0003
vn 0.0166 0.9996 -0.0207
vn 0.0040 1.0000 -0.0035
vn 0.0002 1.0000 -0.0002
vn 0.0015 1.0000 -0.0019
vn 0.0004 0.6250 -0.7806
vn 0.0037 0.6270 -0.7790
vn 0.0010 0.6298 -0.7767
vn 0.0229 0.6344 -0.7726
vn -0.0000 0.6248 -0.7808
vn 0.4454 0.8229 -0.3527
vn -0.1080 0.6072 -0.7872
vn 0.0632 0.7002 -0.7112
vn 0.4604 0.5405 0.7042
vn 0.0822 0.6795 0.7291
vn 0.3073 0.7871 0.5349
vn 0.4028 0.5899 -0.6999
vn 0.2908 0.7636 -0.5765
vn 0.5646 0.5488 -0.6165
vn 0.6710 0.6180 -0.4096
vn 0.6621 0.6472 -0.3777
vn 0.4647 0.7763 -0.4259
vn -0.7783 0.6277 -0.0123
vn -0.7783 0.6277 0.0123
vn -0.7494 0.6620 0.0048
vn -0.7251 0.6876 -0.0374
vn 0.5868 0.8038 -0.0977
vn 0.3672 0.8239 -0.4317
vn 0.0004 0.6483 -0.7614
vn 0.0085 0.6544 -0.7561
vn 0.2935 0.7379 0.6078
vn 0.4601 0.5416 0.7035
vn -0.7572 0.6462 -0.0956
vn -0.6866 0.7098 -0.1575
vn -0.7576 0.6460 0.0937
vn -0.6887 0.5611 0.4592
vn -0.7456 0.6521 0.1375
vn 0.6587 0.7504 0.0546
vn 0.1423 0.6541 -0.7429
vn 0.1034 0.6949 -0.7116
vn -0.0212 0.6177 0.7861
vn -0.1128 0.5623 0.8192
vn 0.2466 0.7145 -0.6547
vn 0.2822 0.7674 -0.5758
vn 0.7473 0.6346 -0.1972
vn 0.7569 0.6355 -0.1525
vn 0.6761 0.7109 -0.1937
vn 0.7247 0.6750 -0.1384
vn 0.1374 0.6515 0.7461
vn 0.0201 0.6496 0.7600
vn 0.0018 0.6476 0.7620
vn 0.0133 0.6504 0.7595
vn 0.0129 0.6325 -0.7745
vn 0.0007 0.6309 -0.7759
vn 0.0170 0.8085 -0.5882
vn 0.0213 0.8297 -0.5579
vn 0.1806 0.6539 0.7347
vn 0.4554 0.8207 0.3452
vn 0.6133 0.6562 0.4395
vn 0.1850 0.8202 0.5413
vn -0.8307 0.5424 -0.1258
vn -0.8066 0.5435 -0.2325
vn 0.5823 0.5674 -0.5823
vn 0.5317 0.7790 -0.3324
vn -0.5517 0.5985 -0.5810
vn -0.6454 0.7362 0.2035
vn 0.4480 0.5510 0.7041
vn 0.3332 0.8906 0.3094
vn 0.4585 0.5607 0.6895
vn -0.1847 0.8619 -0.4722
vn -0.2615 0.7135 -0.6500
vn -0.7012 0.5229 -0.4846
vn -0.4795 0.6633 -0.5746
vn 0.6084 0.7143 0.3459
vn -0.0425 0.5751 -0.8170
vn 0.0532 0.5794 -0.8133
vn 0.0869 0.6419 -0.7618
vn -0.1337 0.6890 -0.7123
vn -0.0807 0.6312 -0.7714
vn -0.3628 0.8826 -0.2990
vn -0.3194 0.6246 -0.7127
vn -0.7434 0.6294 -0.2265
vn -0.6114 0.5180 -0.5982
vn -0.3770 0.8832 0.2788
vn -0.0810 0.9962 -0.0306
vn -0.3914 0.9202 -0.0049
vn -0.7432 0.6353 0.2098
vn -0.7764 0.6303 -0.0021
vn 0.0842 0.9907 -0.1070
vn 0.2906 0.6496 0.7025
vn 0.6662 0.7028 0.2495
vn 0.6676 0.6182 0.4148
vn -0.6158 0.5529 0.5613
vn -0.3408 0.6520 0.6773
vn 0.2464 0.7074 0.6625
vn 0.4973 0.5630 0.6601
vn 0.4124 0.6305 0.6576
vn 0.4981 0.5541 -0.6670
vn -0.4413 0.7810 0.4418
vn -0.5697 0.6409 0.5144
vn -0.5136 0.6421 0.5691
vn -0.3261 0.7920 -0.5161
vn 0.2838 0.6571 0.6984
vn 0.3401 0.6945 0.6340
vn -0.7532 0.6399 -0.1527
vn -0.6796 0.5947 -0.4295
vn 0.6767 0.6745 0.2952
vn 0.7197 0.6159 0.3205
vn 0.3315 0.6099 -0.7198
vn 0.4728 0.5984 -0.6468
vn 0.7045 0.6119 0.3596
vn 0.3970 0.6093 0.6864
vn 0.7345 0.6782 -0.0238
vn 0.4188 0.6158 -0.6674
vn 0.3741 0.6222 -0.6876
vn -0.5441 0.7039 0.4566
vn -0.6622 0.6147 0.4285
vn 0.1495 0.6531 0.7424
vn 0.0239 0.6499 0.7596
vn 0.6679 0.6224 -0.4080
vn 0.1546 0.8675 -0.4729
vn -0.0003 1.0000 0.0003
vn -0.0027 1.0000 0.0017
vn -0.0046 1.0000 -0.0004
vn -0.5827 0.4058 0.7041
vn -0.3807 0.8148 0.4373
vn -0.1171 0.6557 0.7459
vn -0.0010 1.0000 -0.0010
vn -0.0020 1.0000 -0.0000
vn 0.5863 0.7801 -0.2185
vn 0.6653 0.7403 -0.0966
vn 0.3846 0.5972 0.7039
vn 0.1649 0.7859 0.5960
vn 0.4494 0.6985 -0.5569
vn -0.1100 0.6583 -0.7446
vn 0.6720 0.6738 0.3074
vn -0.0020 1.0000 -0.0017
vn -0.7760 0.5727 0.2641
vn -0.7642 0.5554 -0.3280
vn 0.5755 0.4914 0.6537
vn 0.4874 0.7235 -0.4888
vn 0.6775 0.5750 -0.4587
vn 0.7464 0.5967 0.2946
vn 0.9791 0.2020 -0.0253
vn 0.0625 0.6951 -0.7161
vn 0.0686 0.7632 -0.6425
vn -0.4373 0.8984 -0.0402
vn -0.6241 0.6217 -0.4732
vn 0.0482 0.6452 -0.7625
vn -0.0037 0.6581 -0.7530
vn -0.0113 0.6510 -0.7590
vn -0.7961 0.5934 -0.1186
vn -0.7353 0.5111 -0.4450
vn -0.8552 0.5183 -0.0009
vn -0.9530 0.3021 -0.0232
vn -0.7241 0.5622 0.3995
vn -0.7594 0.5673 -0.3187
vn 0.5036 0.5745 -0.6452
vn -0.0052 0.9993 0.0374
vn -0.0000 0.9991 0.0425
vn 0.0213 0.9995 0.0213
vn -0.0161 0.9997 0.0161
vn -0.0000 0.9995 0.0322
vn 0.7026 0.6043 -0.3757
vn 0.6532 0.6978 -0.2939
vn -0.4248 0.5077 0.7495
vn -0.1538 0.5810 0.7992
vn -0.1216 0.8394 0.5298
vn -0.0795 0.7226 0.6867
vn 0.0494 0.5804 0.8128
vn -0.3861 0.6616 0.6428
vn -0.1449 0.9788 0.1449
vn -0.1655 0.8738 0.4573
vn -0.1417 0.5985 0.7885
vn -0.0130 0.7839 0.6207
vn -0.0070 0.5913 0.8064
vn 0.1053 0.6482 -0.7542
vn 0.1463 0.8156 -0.5599
vn 0.6065 0.6552 -0.4503
vn -0.0175 0.9997 0.0175
vn -0.0525 0.9985 0.0175
vn -0.0557 0.9983 -0.0143
vn -0.3518 0.8296 0.4336
vn -0.6681 0.3275 0.6681
vn -0.0925 0.5598 0.8234
vn -0.7618 0.6390 -0.1059
vn 0.1448 0.9199 0.3644
vn 0.3847 0.5972 0.7038
vn 1.0000 0.0030 0.0021
vn -0.0010 1.0000 0.0010
vn 0.4231 0.8020 -0.4215
vn 0.5574 0.5667 -0.6067
vn -0.0252 0.9996 -0.0163
vn -0.0057 1.0000 -0.0032
vn 0.0665 0.6503 0.7568
vn 0.0564 0.8529 0.5190
vn 0.7008 0.6034 -0.3805
vn 0.0106 0.6215 0.7833
vn -0.0572 0.5916 0.8042
vn 0.5282 0.6695 -0.5222
vn 0.6430 0.5799 -0.5002
vn 0.7411 0.6250 -0.2452
vn -0.0005 0.9989 0.0469
vn 0.0102 0.9997 0.0220
vn 0.0032 1.0000 0.0052
vn 0.0203 0.9952 0.0962
vn 0.0017 0.9980 0.0627
vn 0.1309 0.8910 0.4348
vn 0.1182 0.9612 0.2493
vn 0.0347 0.9886 0.1468
vn 0.0545 0.8080 0.5866
vn 0.0878 0.6124 0.7856
vn -0.2280 0.9122 0.3405
vn 0.7315 0.6214 -0.2805
vn 0.0008 0.9896 0.1435
vn 0.0068 0.9911 0.1329
vn 0.0035 0.9898 0.1424
vn -0.1816 0.4312 0.8838
vn -0.1310 0.3017 0.9444
vn -0.8255 0.5031 -0.2560
vn -0.4164 0.4784 0.7731
vn 0.2736 0.7857 -0.5548
vn 0.1224 0.7001 -0.7035
vn -0.2709 0.5183 -0.8112
vn -0.1790 0.4363 -0.8818
vn 0.4090 0.5710 -0.7118
vn 0.4610 0.6107 0.6438
vn 0.5490 0.6391 -0.5386
vn 0.5328 0.7011 -0.4740
vn -0.7360 0.6568 0.1639
vn -0.7655 0.6425 0.0353
vn -0.4200 0.6295 0.6537
vn -0.4235 0.7351 0.5294
vn 0.2130 0.4863 -0.8474
vn 0.2212 0.5718 -0.7900
vn 0.6488 0.5977 0.4710
vn -0.1452 0.3333 -0.9316
vn 0.1978 0.3529 -0.9145
vn 0.5060 0.6871 0.5214
vn -0.7711 0.6362 -0.0244
vn -0.5530 0.6269 -0.5488
vn -0.5875 0.6304 -0.5075
vn -0.1582 0.6760 0.7197
vn -0.0932 0.4703 0.8776
vn -0.4845 0.5695 0.6640
vn -0.6545 0.5712 0.4953
vn -0.5398 0.6401 0.5468
vn 0.2069 0.7011 -0.6824
vn 0.0379 0.6416 -0.7661
vn -0.6132 0.5409 0.5757
vn -0.6831 0.5893 0.4314
vn -0.0599 0.5686 0.8204
vn -0.6738 0.4518 0.5847
vn 0.7237 0.6897 -0.0221
vn 0.7480 0.6637 -0.0037
vn 0.0109 0.6360 -0.7716
vn 0.1361 0.6285 0.7658
vn 0.7223 0.6888 0.0625
vn 0.4577 0.5766 -0.6768
vn -0.5544 0.6182 0.5572
vn -0.4801 0.5337 -0.6962
vn -0.0428 0.6605 0.7496
vn -0.1533 0.3541 0.9226
vn 0.3203 0.5454 -0.7745
vn 0.4795 0.5034 -0.7188
vn 0.5459 0.7237 0.4222
vn 0.7084 0.6314 0.3156
vn -0.5731 0.7768 0.2609
vn -0.5519 0.6864 0.4736
vn -0.7940 0.5907 0.1436
vn -0.6595 0.7472 0.0822
vn -0.5398 0.5519 -0.6356
vn 0.5105 0.3906 -0.7660
vn 0.4102 0.5351 -0.7385
vn 0.3114 0.6549 -0.6886
vn 0.0097 0.6121 0.7907
vn 0.3118 0.6558 0.6875
vn 0.6967 0.6596 -0.2819
vn 0.5958 0.7976 -0.0939
vn 0.4511 0.7261 -0.5190
vn -0.2725 0.4204 -0.8655
vn -0.4040 0.3753 -0.8342
vn 0.2931 0.5958 0.7477
vn 0.4570 0.6503 0.6069
vn -0.6897 0.7237 -0.0225
vn -0.8204 0.5717 -0.0108
vn -0.8086 0.5526 -0.2021
vn -0.6650 0.7200 -0.1986
vn -0.3804 0.8053 0.4547
vn 0.3261 0.7676 0.5518
vn 0.2905 0.7549 0.5879
vn 0.6073 0.5153 -0.6047
vn 0.4437 0.6055 -0.6607
vn -0.2280 0.8308 0.5078
vn -0.1183 0.8000 0.5882
vn -0.2849 0.6887 0.6667
vn -0.2869 0.8107 0.5104
vn 0.0216 0.7710 0.6365
vn 0.2067 0.7677 0.6065
vn 0.4503 0.5342 0.7154
vn -0.3170 0.6137 0.7231
vn -0.4489 0.5466 0.7069
vn 0.6218 0.5159 0.5892
vn 0.5397 0.8368 -0.0918
vn -0.6120 0.5886 -0.5282
vn 0.4509 0.7404 -0.4985
vn 0.0570 0.8432 -0.5345
vn -0.1036 0.9844 0.1423
vn 0.5270 0.7925 0.3069
vn 0.6521 0.6580 0.3765
vn -0.7611 0.6180 0.1970
vn 0.1785 0.9830 0.0425
vn -0.7307 0.6544 -0.1945
vn 0.1785 0.9830 0.0426
vn -0.1036 0.9844 0.1422
vn -0.8801 0.4639 -0.1011
vn -0.8171 0.4681 0.3364
vn 0.5919 0.6941 0.4097
vn 0.5223 0.6412 -0.5622
vn -0.5051 0.6743 -0.5387
vn -0.6454 0.7363 0.2035
vn -0.1199 -0.1264 -0.9847
vn 0.9515 0.0431 -0.3046
vn -0.1035 0.9844 0.1423
vn -0.8801 0.4639 -0.1010
vn 0.9515 0.0430 -0.3046
vn 0.7014 0.3875 -0.5982
vn 0.7017 0.5679 -0.4302
vn 0.0581 0.9966 -0.0585
vn 0.0370 0.9844 -0.1722
vn 0.1654 0.8335 0.5271
vn 0.0052 0.9541 0.2996
vn 0.2247 0.9705 -0.0870
vn 0.5109 0.8335 0.2102
vn 0.0046 0.9998 -0.0196
vn 0.1012 0.9909 -0.0892
vn 0.1620 0.8909 -0.4243
vn 0.0221 0.9168 -0.3986
vn -0.7819 0.4872 0.3890
vn 0.5159 0.8043 -0.2949
vn 0.3958 0.8933 -0.2130
vn 0.0025 0.9976 -0.0696
vn -0.0084 0.9998 -0.0181
vn 0.1433 0.9887 0.0440
vn 0.0015 1.0000 -0.0000
vn 0.0219 0.9997 0.0047
vn 0.1789 0.9717 -0.1542
vn 0.1140 0.9856 -0.1247
vn 0.1602 0.9324 0.3239
vn 0.8851 0.2936 -0.3611
vn 0.6425 0.6586 -0.3916
vn 0.4927 0.7601 -0.4237
vn 0.7797 0.3956 -0.4854
vn 0.7004 0.6250 -0.3447
vn 0.6197 0.7075 -0.3397
vn 0.6040 0.6313 -0.4864
vn -0.9826 0.1855 -0.0053
vn -0.3778 0.7215 -0.5803
vn -0.4126 0.6218 0.6657
vn -0.0914 0.9863 0.1370
vn -0.0608 0.9977 0.0309
vn -0.0067 0.9262 -0.3771
vn 0.0672 0.9574 -0.2807
vn -0.0135 0.9685 0.2487
vn 0.0372 0.9441 0.3277
vn -0.0124 0.9400 0.3411
vn 0.1264 0.6347 0.7624
vn 0.5566 0.5780 -0.5967
vn 0.4805 0.6957 -0.5340
vn 0.7137 0.1911 -0.6739
vn 0.8353 0.4391 -0.3310
vn 0.6040 0.6085 -0.5147
vn 0.6637 0.4067 -0.6278
vn 0.6196 0.7446 -0.2484
vn 0.5460 0.7286 -0.4136
vn 0.0202 0.9888 0.1476
vn 0.0520 0.9986 -0.0083
vn 0.6951 0.1950 -0.6919
vn -0.6252 0.6299 0.4608
vn -0.7153 0.1802 0.6752
vn -0.7949 0.3505 0.4952
vn -0.0775 -0.1282 0.9887
vn -0.9016 0.2674 0.3401
vn -0.8035 0.1836 0.5663
vn 0.7822 0.1933 -0.5922
vt 0.936849 0.946084
vt 0.966148 0.945220
vt 0.967001 0.974507
vt 0.937714 0.975359
vt 0.473658 0.933561
vt 0.502919 0.934609
vt 0.502002 0.951420
vt 0.472693 0.952594
vt 0.489252 0.480280
vt 0.516381 0.480602
vt 0.516099 0.507892
vt 0.488760 0.507464
vt 0.937623 0.476290
vt 0.966964 0.476151
vt 0.967001 0.505555
vt 0.937697 0.505527
vt 0.709254 0.478860
vt 0.737212 0.478406
vt 0.737580 0.506410
vt 0.709656 0.506739
vt 0.700186 0.256788
vt 0.727704 0.254746
vt 0.729704 0.282474
vt 0.702029 0.284273
vt 0.931381 0.240114
vt 0.961340 0.239028
vt 0.962409 0.268917
vt 0.932574 0.270013
vt 0.271752 0.469801
vt 0.299239 0.470447
vt 0.297890 0.498276
vt 0.271050 0.496947
vt 0.175814 0.271467
vt 0.171252 0.252933
vt 0.217618 0.262036
vt 0.220953 0.267680
vt 0.485099 0.270017
vt 0.511365 0.267932
vt 0.513036 0.294262
vt 0.486932 0.295813
vt 0.237782 0.925416
vt 0.267584 0.926230
vt 0.266639 0.955837
vt 0.237208 0.955047
vt 0.255130 0.691990
vt 0.284417 0.693252
vt 0.283146 0.721597
vt 0.252614 0.722536
vt 0.483243 0.703259
vt 0.511614 0.704258
vt 0.510598 0.732786
vt 0.482195 0.731806
vt 0.705528 0.949815
vt 0.734018 0.950341
vt 0.733696 0.979088
vt 0.704765 0.978566
vt 0.934262 0.709889
vt 0.963523 0.710558
vt 0.962917 0.739777
vt 0.933557 0.739268
vt 0.821750 0.590922
vt 0.850191 0.591536
vt 0.849503 0.620163
vt 0.820953 0.619118
vt 0.936927 0.593069
vt 0.966150 0.593555
vt 0.965592 0.622831
vt 0.936378 0.622232
vt 0.598891 0.591739
vt 0.627309 0.591600
vt 0.628803 0.621804
vt 0.598837 0.619976
vt 0.710300 0.588366
vt 0.737775 0.588778
vt 0.736826 0.614624
vt 0.710231 0.613200
vt 0.590492 0.940235
vt 0.619563 0.942499
vt 0.618358 0.959218
vt 0.589279 0.956682
vt 0.369512 0.698100
vt 0.397889 0.699591
vt 0.396443 0.728049
vt 0.367944 0.726500
vt 0.375568 0.585803
vt 0.403332 0.587202
vt 0.402010 0.615058
vt 0.374065 0.613638
vt 0.486818 0.590277
vt 0.514750 0.590921
vt 0.514172 0.618984
vt 0.486046 0.618273
vt 0.119831 0.691797
vt 0.155636 0.691748
vt 0.148192 0.716722
vt 0.123120 0.724720
vt 0.215980 0.333744
vt 0.194009 0.328455
vt 0.219563 0.285841
vt 0.222154 0.286356
vt 0.265202 0.578232
vt 0.292425 0.580459
vt 0.290295 0.608244
vt 0.262687 0.605952
vt 0.118881 0.926208
vt 0.148413 0.925555
vt 0.148870 0.955040
vt 0.119514 0.955590
vt 0.113347 0.810210
vt 0.139191 0.807801
vt 0.146722 0.834728
vt 0.115854 0.838340
vt 0.275755 0.777699
vt 0.277434 0.805766
vt 0.247830 0.801326
vt 0.251583 0.786181
vt 0.387753 0.280015
vt 0.406917 0.272262
vt 0.411158 0.299734
vt 0.384124 0.299872
vt 0.271691 0.190840
vt 0.297754 0.194780
vt 0.259804 0.230969
vt 0.254790 0.232698
vt 0.274587 0.271563
vt 0.277300 0.283761
vt 0.243864 0.262274
vt 0.244172 0.253986
vt 0.186239 0.304177
vt 0.220490 0.280634
vt 0.095079 0.096721
vt 0.126677 0.097540
vt 0.122933 0.127613
vt 0.093980 0.127703
vt 0.232391 0.183713
vt 0.252983 0.187799
vt 0.249462 0.233297
vt 0.244476 0.230687
vt 0.107116 0.454920
vt 0.131984 0.454880
vt 0.133163 0.474352
vt 0.112287 0.484962
vt 0.208887 0.198353
vt 0.227055 0.206019
vt 0.243313 0.239364
vt 0.235197 0.236666
vt 0.812337 0.247538
vt 0.841682 0.245043
vt 0.843704 0.274483
vt 0.814601 0.276454
vt 0.256419 0.295515
vt 0.255007 0.312246
vt 0.234756 0.276579
vt 0.235112 0.267202
vt 0.929267 0.118734
vt 0.959400 0.119404
vt 0.959124 0.149177
vt 0.928918 0.149186
vt 0.591854 0.263300
vt 0.618765 0.261896
vt 0.620193 0.288893
vt 0.593202 0.290213
vt 0.243546 0.246243
vt 0.250549 0.245358
vt 0.254432 0.252927
vt 0.235773 0.246444
vt 0.235612 0.254992
vt 0.598461 0.480496
vt 0.626026 0.480185
vt 0.626341 0.507846
vt 0.598665 0.508083
vt 0.596432 0.371272
vt 0.623631 0.370409
vt 0.624447 0.397731
vt 0.597167 0.398430
vt 0.706245 0.367384
vt 0.734153 0.366262
vt 0.735187 0.394286
vt 0.707246 0.395215
vt 0.822020 0.477247
vt 0.850646 0.476945
vt 0.850836 0.505642
vt 0.822253 0.505755
vt 0.819185 0.362799
vt 0.847992 0.361702
vt 0.848951 0.390591
vt 0.820197 0.391472
vt 0.935641 0.358880
vt 0.965194 0.358102
vt 0.965870 0.387690
vt 0.936383 0.388318
vt 0.381606 0.476371
vt 0.408467 0.477815
vt 0.407187 0.504803
vt 0.380034 0.503403
vt 0.387893 0.373195
vt 0.412691 0.373869
vt 0.412000 0.399151
vt 0.386648 0.398014
vt 0.489654 0.373804
vt 0.515985 0.373343
vt 0.516384 0.399895
vt 0.489879 0.400094
vt 0.356292 0.930078
vt 0.385675 0.931484
vt 0.384291 0.960828
vt 0.354934 0.959477
vt 0.362710 0.812701
vt 0.391774 0.814401
vt 0.390174 0.843539
vt 0.360926 0.841891
vt 0.479127 0.818534
vt 0.508467 0.819599
vt 0.507350 0.849103
vt 0.477905 0.847821
vt 0.820224 0.949561
vt 0.849244 0.948781
vt 0.850027 0.977897
vt 0.820854 0.978601
vt 0.815400 0.840206
vt 0.841629 0.831323
vt 0.845606 0.861957
vt 0.817370 0.865063
vt 0.933428 0.828299
vt 0.962986 0.827756
vt 0.963653 0.857182
vt 0.934173 0.857942
vt 0.873112 0.830080
vt 0.903523 0.828989
vt 0.904554 0.858863
vt 0.874929 0.860099
vt 0.873548 0.767848
vt 0.903317 0.768488
vt 0.902900 0.798738
vt 0.869384 0.798182
vt 0.933105 0.768839
vt 0.962569 0.769041
vt 0.962579 0.798351
vt 0.933013 0.798529
vt 0.762612 0.950446
vt 0.791343 0.950128
vt 0.791722 0.979105
vt 0.762645 0.979240
vt 0.761922 0.895099
vt 0.790029 0.893128
vt 0.790828 0.921473
vt 0.762415 0.922124
vt 0.818526 0.892288
vt 0.847205 0.890831
vt 0.848328 0.919755
vt 0.819461 0.920719
vt 0.420840 0.815926
vt 0.449943 0.817302
vt 0.448609 0.846485
vt 0.419382 0.845063
vt 0.423652 0.758107
vt 0.452407 0.759389
vt 0.451200 0.788256
vt 0.422267 0.786933
vt 0.481175 0.760492
vt 0.509758 0.761381
vt 0.509100 0.790290
vt 0.480181 0.789396
vt 0.305194 0.808517
vt 0.333627 0.810752
vt 0.331556 0.840089
vt 0.301913 0.837976
vt 0.309607 0.751243
vt 0.337748 0.753220
vt 0.335747 0.781855
vt 0.307087 0.779609
vt 0.366287 0.755034
vt 0.394939 0.756658
vt 0.393376 0.785439
vt 0.364528 0.783759
vt 0.297275 0.927393
vt 0.326831 0.928700
vt 0.325532 0.958162
vt 0.296095 0.956923
vt 0.300101 0.867941
vt 0.329760 0.869600
vt 0.328223 0.899170
vt 0.298580 0.897728
vt 0.359258 0.871234
vt 0.388614 0.872801
vt 0.387114 0.902132
vt 0.357723 0.900653
vt 0.437955 0.374133
vt 0.463630 0.374087
vt 0.463628 0.400082
vt 0.437658 0.399797
vt 0.437255 0.323662
vt 0.462535 0.322759
vt 0.463285 0.348329
vt 0.437849 0.348777
vt 0.488236 0.321712
vt 0.514353 0.320585
vt 0.515321 0.346923
vt 0.489124 0.347692
vt 0.337667 0.368143
vt 0.363620 0.371734
vt 0.361884 0.396373
vt 0.338209 0.394142
vt 0.345384 0.323906
vt 0.366288 0.326579
vt 0.366375 0.348343
vt 0.344018 0.345075
vt 0.388510 0.325433
vt 0.412466 0.324466
vt 0.412911 0.348987
vt 0.388796 0.348959
vt 0.327260 0.472458
vt 0.354618 0.474562
vt 0.352800 0.501762
vt 0.325408 0.499976
vt 0.334704 0.418707
vt 0.359408 0.421478
vt 0.356773 0.447669
vt 0.329776 0.444819
vt 0.385064 0.423503
vt 0.410973 0.424938
vt 0.409747 0.451169
vt 0.383289 0.449718
vt 0.877018 0.360677
vt 0.906243 0.359736
vt 0.907058 0.389009
vt 0.877909 0.389767
vt 0.874639 0.302208
vt 0.904099 0.300901
vt 0.905254 0.330376
vt 0.875931 0.331501
vt 0.933714 0.299752
vt 0.963440 0.298724
vt 0.964378 0.328450
vt 0.934747 0.329365
vt 0.762270 0.365107
vt 0.790611 0.363944
vt 0.791653 0.392394
vt 0.763318 0.393339
vt 0.759468 0.308689
vt 0.787791 0.306995
vt 0.789335 0.335475
vt 0.760996 0.336885
vt 0.816433 0.305302
vt 0.845398 0.303684
vt 0.846816 0.332742
vt 0.817942 0.334079
vt 0.765314 0.477980
vt 0.793578 0.477592
vt 0.793857 0.505919
vt 0.765640 0.506137
vt 0.764164 0.421569
vt 0.792484 0.420823
vt 0.793122 0.449224
vt 0.764825 0.449786
vt 0.820998 0.420103
vt 0.849707 0.419423
vt 0.850270 0.448206
vt 0.821602 0.448695
vt 0.650996 0.369469
vt 0.678531 0.368457
vt 0.679483 0.396110
vt 0.651886 0.396954
vt 0.648706 0.314718
vt 0.676083 0.313353
vt 0.677401 0.340867
vt 0.649938 0.342054
vt 0.703649 0.311890
vt 0.731433 0.310331
vt 0.732908 0.338270
vt 0.705051 0.339603
vt 0.542583 0.372750
vt 0.569410 0.372055
vt 0.570052 0.399035
vt 0.543117 0.399531
vt 0.540820 0.319445
vt 0.567539 0.318318
vt 0.568573 0.345160
vt 0.541824 0.346070
vt 0.594440 0.317179
vt 0.621496 0.315988
vt 0.622647 0.343161
vt 0.595523 0.344194
vt 0.543628 0.480729
vt 0.570991 0.480686
vt 0.571056 0.508182
vt 0.543531 0.508125
vt 0.543449 0.426442
vt 0.570514 0.426124
vt 0.570819 0.453337
vt 0.543610 0.453504
vt 0.597737 0.425680
vt 0.625106 0.425133
vt 0.625625 0.452616
vt 0.598160 0.453032
vt 0.235540 0.258994
vt 0.635539 0.036882
vt 0.664498 0.037086
vt 0.663734 0.063333
vt 0.635626 0.062800
vt 0.693838 0.038231
vt 0.723422 0.040370
vt 0.721666 0.070738
vt 0.692160 0.065382
vt 0.221022 0.274251
vt 0.227478 0.274093
vt 0.224437 0.281162
vt 0.578875 0.038748
vt 0.607009 0.037525
vt 0.607901 0.063118
vt 0.581771 0.064065
vt 0.538056 0.266007
vt 0.564979 0.264628
vt 0.566324 0.291482
vt 0.539569 0.292798
vt 0.533728 0.208952
vt 0.562556 0.212042
vt 0.563676 0.237872
vt 0.536350 0.238942
vt 0.589170 0.211003
vt 0.615782 0.209312
vt 0.617256 0.235096
vt 0.590489 0.236506
vt 0.866287 0.116763
vt 0.898385 0.117900
vt 0.897931 0.149198
vt 0.865563 0.149392
vt 0.871810 0.053860
vt 0.902104 0.056316
vt 0.899954 0.086833
vt 0.868941 0.084673
vt 0.932145 0.058310
vt 0.961911 0.060007
vt 0.960401 0.089680
vt 0.930476 0.088374
vt 0.227556 0.259933
vt 0.228297 0.266987
vt 0.752832 0.041727
vt 0.782115 0.044645
vt 0.778515 0.074160
vt 0.750914 0.067806
vt 0.811663 0.046681
vt 0.841586 0.050642
vt 0.837593 0.081343
vt 0.807748 0.075163
vt 0.755500 0.252511
vt 0.783660 0.250080
vt 0.785926 0.278517
vt 0.757651 0.280547
vt 0.750223 0.198062
vt 0.777627 0.194834
vt 0.780876 0.221838
vt 0.752985 0.224722
vt 0.805802 0.190385
vt 0.835689 0.184492
vt 0.839133 0.215216
vt 0.809549 0.218576
vt 0.244171 0.269813
vt 0.040754 0.339812
vt 0.068360 0.337283
vt 0.071664 0.365916
vt 0.043410 0.368725
vt 0.037486 0.282346
vt 0.065105 0.282293
vt 0.065661 0.309692
vt 0.038588 0.311173
vt 0.260546 0.233838
vt 0.254966 0.237825
vt 0.049445 0.456975
vt 0.078791 0.455780
vt 0.080093 0.485382
vt 0.050586 0.486323
vt 0.046031 0.398019
vt 0.075016 0.395576
vt 0.078047 0.425800
vt 0.048108 0.427487
vt 0.249548 0.239317
vt 0.258533 0.242544
vt 0.160759 0.034483
vt 0.192239 0.035184
vt 0.192214 0.065823
vt 0.160070 0.066384
vt 0.222519 0.036100
vt 0.252375 0.038053
vt 0.249996 0.066524
vt 0.221289 0.065495
vt 0.032181 0.096255
vt 0.063677 0.096242
vt 0.063464 0.127444
vt 0.032506 0.127766
vt 0.032245 0.032367
vt 0.064351 0.032561
vt 0.064000 0.064551
vt 0.032140 0.064419
vt 0.096488 0.032998
vt 0.128671 0.033685
vt 0.127903 0.065706
vt 0.095853 0.064991
vt 0.037059 0.221109
vt 0.071839 0.220764
vt 0.071492 0.252417
vt 0.037710 0.252176
vt 0.033338 0.158864
vt 0.063701 0.157780
vt 0.065701 0.188014
vt 0.034949 0.189829
vt 0.091929 0.157368
vt 0.117715 0.160329
vt 0.116357 0.179740
vt 0.096261 0.186744
vt 0.225956 0.244538
vt 0.227157 0.252124
vt 0.282831 0.040787
vt 0.313314 0.041641
vt 0.312478 0.072205
vt 0.280762 0.074077
vt 0.343656 0.042356
vt 0.373871 0.042981
vt 0.371237 0.071839
vt 0.343057 0.071798
vt 0.361406 0.306324
vt 0.342087 0.305922
vt 0.327734 0.294831
vt 0.348846 0.287347
vt 0.229434 0.716778
vt 0.231463 0.737967
vt 0.212247 0.734686
vt 0.188919 0.686182
vt 0.189758 0.718293
vt 0.172887 0.718333
vt 0.257674 0.748258
vt 0.282734 0.749212
vt 0.255859 0.768042
vt 0.057776 0.810865
vt 0.086468 0.810653
vt 0.087137 0.839312
vt 0.058143 0.839904
vt 0.058212 0.752582
vt 0.087816 0.753227
vt 0.086427 0.782282
vt 0.057820 0.781898
vt 0.120185 0.754983
vt 0.137979 0.766183
vt 0.136638 0.784362
vt 0.113311 0.783085
vt 0.060161 0.927625
vt 0.089498 0.926914
vt 0.090186 0.956253
vt 0.060862 0.956952
vt 0.058763 0.869043
vt 0.087960 0.868335
vt 0.088757 0.897572
vt 0.059453 0.898309
vt 0.117171 0.867348
vt 0.146931 0.865855
vt 0.147749 0.895904
vt 0.118142 0.896758
vt 0.213880 0.573227
vt 0.239315 0.575812
vt 0.236273 0.603301
vt 0.209969 0.599856
vt 0.217875 0.520243
vt 0.243632 0.522128
vt 0.241702 0.548771
vt 0.216252 0.546868
vt 0.269328 0.523925
vt 0.296322 0.525644
vt 0.294479 0.552988
vt 0.267382 0.550959
vt 0.053287 0.573940
vt 0.081298 0.572641
vt 0.083309 0.601623
vt 0.054711 0.603284
vt 0.051413 0.515623
vt 0.079832 0.514923
vt 0.080197 0.543966
vt 0.052226 0.544820
vt 0.151903 0.174956
vt 0.144640 0.199647
vt 0.058234 0.692922
vt 0.088465 0.692411
vt 0.088866 0.723121
vt 0.058524 0.722892
vt 0.056246 0.632988
vt 0.086329 0.631398
vt 0.087688 0.661881
vt 0.057463 0.662914
vt 0.118965 0.628336
vt 0.143864 0.634519
vt 0.154583 0.657708
vt 0.119007 0.660629
vt 0.431120 0.588415
vt 0.458944 0.589441
vt 0.457985 0.617377
vt 0.429978 0.616304
vt 0.433294 0.533215
vt 0.460710 0.534149
vt 0.459853 0.561694
vt 0.432225 0.560714
vt 0.488181 0.534865
vt 0.515723 0.535377
vt 0.515269 0.563054
vt 0.487530 0.562472
vt 0.320098 0.582456
vt 0.347819 0.584221
vt 0.346133 0.612043
vt 0.318208 0.610251
vt 0.323691 0.527395
vt 0.351127 0.529105
vt 0.349482 0.556580
vt 0.321930 0.554845
vt 0.378533 0.530678
vt 0.405912 0.532057
vt 0.404631 0.559530
vt 0.377054 0.558148
vt 0.312831 0.694853
vt 0.341170 0.696502
vt 0.339529 0.724819
vt 0.311251 0.723082
vt 0.316314 0.638316
vt 0.344446 0.640062
vt 0.342791 0.668236
vt 0.314496 0.666571
vt 0.372553 0.641650
vt 0.400663 0.643086
vt 0.399291 0.671269
vt 0.371038 0.669814
vt 0.709333 0.713001
vt 0.721330 0.712125
vt 0.726558 0.725573
vt 0.709292 0.727948
vt 0.697349 0.712072
vt 0.692133 0.725409
vt 0.709149 0.743729
vt 0.693449 0.743373
vt 0.538122 0.820357
vt 0.570193 0.819818
vt 0.567281 0.851804
vt 0.537036 0.850416
vt 0.537048 0.761955
vt 0.563015 0.762013
vt 0.564573 0.789920
vt 0.537184 0.790737
vt 0.708074 0.775139
vt 0.725598 0.778230
vt 0.719781 0.791845
vt 0.706545 0.792375
vt 0.532140 0.936236
vt 0.561333 0.938128
vt 0.560210 0.954554
vt 0.531141 0.952709
vt 0.535465 0.880188
vt 0.565203 0.881973
vt 0.563186 0.911301
vt 0.533765 0.909432
vt 0.595109 0.884315
vt 0.624236 0.888639
vt 0.621611 0.916143
vt 0.592535 0.913513
vt 0.655410 0.589728
vt 0.682981 0.588666
vt 0.683709 0.613664
vt 0.656964 0.615797
vt 0.654420 0.535256
vt 0.682195 0.534881
vt 0.682553 0.562424
vt 0.654810 0.562921
vt 0.709958 0.534562
vt 0.737813 0.534353
vt 0.737902 0.562074
vt 0.710177 0.562123
vt 0.542738 0.591371
vt 0.570774 0.591621
vt 0.570540 0.619757
vt 0.542346 0.619459
vt 0.543341 0.535696
vt 0.571037 0.535837
vt 0.570946 0.563659
vt 0.543074 0.563445
vt 0.598801 0.535810
vt 0.626605 0.535600
vt 0.626880 0.563498
vt 0.598889 0.563690
vt 0.539074 0.705292
vt 0.565734 0.707119
vt 0.563317 0.734564
vt 0.537682 0.733647
vt 0.541920 0.647803
vt 0.570395 0.648143
vt 0.572021 0.678429
vt 0.541342 0.676626
vt 0.692827 0.773832
vt 0.690963 0.791042
vt 0.878922 0.592078
vt 0.907837 0.592582
vt 0.907275 0.621616
vt 0.878285 0.620929
vt 0.879572 0.534420
vt 0.908498 0.534565
vt 0.908255 0.563576
vt 0.879346 0.563249
vt 0.937603 0.534731
vt 0.966872 0.534923
vt 0.966584 0.564255
vt 0.937342 0.563908
vt 0.765609 0.590141
vt 0.793646 0.590249
vt 0.793266 0.616975
vt 0.764562 0.619578
vt 0.765808 0.534241
vt 0.793959 0.534189
vt 0.793881 0.562373
vt 0.765811 0.562265
vt 0.822298 0.534214
vt 0.850835 0.534299
vt 0.850631 0.562922
vt 0.822144 0.562612
vt 0.702035 0.803931
vt 0.694339 0.802968
vt 0.741088 0.744987
vt 0.758481 0.744824
vt 0.758056 0.760173
vt 0.740813 0.759232
vt 0.818100 0.649012
vt 0.848388 0.649114
vt 0.846009 0.679555
vt 0.824341 0.671191
vt 0.876908 0.707906
vt 0.904998 0.709083
vt 0.903925 0.738643
vt 0.871483 0.737864
vt 0.877513 0.649894
vt 0.906566 0.650707
vt 0.905804 0.679860
vt 0.876758 0.679039
vt 0.935723 0.651409
vt 0.964939 0.652086
vt 0.964231 0.681327
vt 0.935007 0.680617
vt 0.725142 0.743853
vt 0.724848 0.759874
vt 0.742359 0.774707
vt 0.770639 0.748760
vt 0.769951 0.756797
vt 0.648421 0.945004
vt 0.676996 0.948566
vt 0.675767 0.977603
vt 0.647276 0.963845
vt 0.652414 0.891951
vt 0.679914 0.894191
vt 0.678370 0.920594
vt 0.650212 0.918556
vt 0.707096 0.895518
vt 0.734352 0.895865
vt 0.734271 0.922256
vt 0.706323 0.921783
vt 0.426306 0.700946
vt 0.454760 0.702161
vt 0.453592 0.730701
vt 0.424999 0.729451
vt 0.428797 0.644367
vt 0.456972 0.645491
vt 0.455897 0.673760
vt 0.427573 0.672586
vt 0.485209 0.646456
vt 0.513529 0.647240
vt 0.512737 0.675703
vt 0.484273 0.674783
vt 0.207910 0.866728
vt 0.177902 0.863285
vt 0.191800 0.837416
vt 0.207826 0.835660
vt 0.204464 0.627402
vt 0.232091 0.631596
vt 0.224738 0.663634
vt 0.190059 0.655918
vt 0.259895 0.634123
vt 0.288105 0.636363
vt 0.286050 0.664826
vt 0.257023 0.663236
vt 0.178068 0.925135
vt 0.207880 0.925118
vt 0.207725 0.954747
vt 0.178258 0.954727
vt 0.207972 0.895722
vt 0.177783 0.895217
vt 0.238145 0.862826
vt 0.270068 0.866274
vt 0.268706 0.896398
vt 0.238344 0.895259
vt 0.434855 0.273661
vt 0.459716 0.272217
vt 0.461352 0.297338
vt 0.436164 0.298619
vt 0.428291 0.225543
vt 0.453649 0.225013
vt 0.457440 0.248407
vt 0.434619 0.250506
vt 0.479014 0.219812
vt 0.505742 0.215477
vt 0.509175 0.242094
vt 0.482697 0.245191
vt 0.095166 0.334018
vt 0.091526 0.307446
vt 0.131020 0.300683
vt 0.137134 0.325222
vt 0.133712 0.434804
vt 0.111451 0.423947
vt 0.145251 0.405883
vt 0.168962 0.418392
vt 0.498069 0.184735
vt 0.518013 0.183605
vt 0.222572 0.465766
vt 0.246603 0.469225
vt 0.245645 0.495659
vt 0.219914 0.493177
vt 0.217855 0.398479
vt 0.236337 0.403660
vt 0.244225 0.441781
vt 0.221443 0.436650
vt 0.099852 0.362079
vt 0.143882 0.352119
vt 0.871404 0.243004
vt 0.901374 0.241393
vt 0.902793 0.271265
vt 0.873133 0.272743
vt 0.867370 0.181808
vt 0.898642 0.180468
vt 0.899925 0.211177
vt 0.869450 0.212813
vt 0.929329 0.179689
vt 0.959511 0.179094
vt 0.960323 0.209072
vt 0.930239 0.210015
vt 0.645755 0.260353
vt 0.672884 0.258653
vt 0.674576 0.285939
vt 0.647308 0.287475
vt 0.642299 0.207516
vt 0.669058 0.205502
vt 0.671021 0.231587
vt 0.644068 0.233441
vt 0.695953 0.203272
vt 0.722992 0.200810
vt 0.725432 0.227257
vt 0.698131 0.229531
vt 0.653679 0.479783
vt 0.681418 0.479329
vt 0.681834 0.507114
vt 0.654068 0.507499
vt 0.652617 0.424504
vt 0.680269 0.423813
vt 0.680906 0.451556
vt 0.653206 0.452115
vt 0.708069 0.423081
vt 0.736030 0.422327
vt 0.736700 0.450372
vt 0.708732 0.450967
vt 0.879458 0.476686
vt 0.908452 0.476468
vt 0.908564 0.505532
vt 0.879608 0.505570
vt 0.878610 0.418792
vt 0.907698 0.418214
vt 0.908163 0.447364
vt 0.879125 0.447762
vt 0.936963 0.417692
vt 0.966395 0.417223
vt 0.966761 0.446708
vt 0.937378 0.447013
vt 0.435321 0.478922
vt 0.462237 0.479731
vt 0.461509 0.506821
vt 0.434329 0.505940
vt 0.437056 0.425824
vt 0.463350 0.426351
vt 0.462866 0.452902
vt 0.436248 0.452204
vt 0.489853 0.426594
vt 0.516557 0.426610
vt 0.516544 0.453510
vt 0.489629 0.453321
vt 0.415002 0.932900
vt 0.444288 0.934326
vt 0.442867 0.963591
vt 0.413600 0.962199
vt 0.417908 0.874300
vt 0.447192 0.875746
vt 0.445740 0.905041
vt 0.416442 0.903592
vt 0.476521 0.877163
vt 0.505942 0.878611
vt 0.504391 0.907776
vt 0.475056 0.906283
vt 0.878364 0.947887
vt 0.907577 0.946974
vt 0.908452 0.976217
vt 0.879223 0.977076
vt 0.876287 0.889489
vt 0.905630 0.888360
vt 0.906649 0.917702
vt 0.877413 0.918714
vt 0.935053 0.887412
vt 0.964449 0.886567
vt 0.965294 0.915911
vt 0.935960 0.916778
vt 0.666990 0.179985
vt 0.693668 0.177596
vt 0.720458 0.175051
vt 0.613794 0.184098
vt 0.640363 0.182094
vt 0.827876 0.149666
vt 0.257013 0.415458
vt 0.269483 0.439062
vt 0.561449 0.066742
vt 0.579270 0.100821
vt 0.548623 0.099023
vt 0.541621 0.188043
vt 0.525642 0.162482
vt 0.403881 0.222244
vt 0.409412 0.246303
vt 0.384181 0.237256
vt 0.386668 0.207544
vt 0.108185 0.571059
vt 0.107078 0.543412
vt 0.142371 0.544033
vt 0.142852 0.568450
vt 0.191230 0.458630
vt 0.196943 0.423495
vt 0.637587 0.146642
vt 0.663993 0.144803
vt 0.549287 0.046922
vt 0.536627 0.079114
vt 0.111371 0.598787
vt 0.144042 0.591042
vt 0.108135 0.515162
vt 0.142985 0.500380
vt 0.142979 0.520225
vt 0.187177 0.490385
vt 0.561830 0.187461
vt 0.554908 0.155624
vt 0.344955 0.113046
vt 0.315476 0.111547
vt 0.208295 0.385147
vt 0.239152 0.387497
vt 0.316661 0.390842
vt 0.311371 0.413426
vt 0.283769 0.399513
vt 0.290604 0.379170
vt 0.686394 0.100110
vt 0.661939 0.099589
vt 0.635432 0.099678
vt 0.607898 0.100274
vt 0.773742 0.169274
vt 0.747397 0.172465
vt 0.744255 0.139366
vt 0.768966 0.138134
vt 0.801155 0.100998
vt 0.829200 0.116075
vt 0.801298 0.127992
vt 0.788958 0.125938
vt 0.164115 0.779697
vt 0.166962 0.799331
vt 0.247630 0.841067
vt 0.270214 0.834411
vt 0.169205 0.840442
vt 0.170580 0.738395
vt 0.730906 0.091119
vt 0.715479 0.118752
vt 0.705832 0.099848
vt 0.160628 0.615121
vt 0.165491 0.631760
vt 0.167990 0.817037
vt 0.186398 0.819586
vt 0.220293 0.691838
vt 0.681876 0.867800
vt 0.707759 0.869003
vt 0.734011 0.870639
vt 0.628306 0.861671
vt 0.655239 0.866440
vt 0.678754 0.772627
vt 0.676313 0.787101
vt 0.664447 0.774027
vt 0.664481 0.785859
vt 0.678669 0.744408
vt 0.693485 0.758758
vt 0.679122 0.758684
vt 0.663851 0.743441
vt 0.663762 0.758860
vt 0.708772 0.759304
vt 0.743189 0.729599
vt 0.851361 0.706786
vt 0.851498 0.727309
vt 0.663490 0.731169
vt 0.675918 0.729320
vt 0.792220 0.641379
vt 0.756403 0.731800
vt 0.772722 0.639188
vt 0.755607 0.773078
vt 0.599307 0.648787
vt 0.593579 0.670259
vt 0.620686 0.643088
vt 0.599376 0.852620
vt 0.782259 0.666305
vt 0.758580 0.660426
vt 0.593445 0.785010
vt 0.594031 0.804367
vt 0.826690 0.740044
vt 0.824152 0.714496
vt 0.803775 0.814881
vt 0.822878 0.811207
vt 0.846084 0.749005
vt 0.751262 0.641961
vt 0.844470 0.766644
vt 0.795626 0.843135
vt 0.779762 0.821402
vt 0.613228 0.687258
vt 0.594379 0.693538
vt 0.732725 0.642134
vt 0.709563 0.641804
vt 0.844949 0.784294
vt 0.264821 0.395835
vt 0.026501 0.634265
vt 0.027658 0.663900
vt 0.025174 0.604625
vt 0.028473 0.693503
vt 0.033802 0.722947
vt 0.391776 0.072914
vt 0.408013 0.107019
vt 0.376404 0.111473
vt 0.022195 0.516478
vt 0.023009 0.545738
vt 0.021370 0.487323
vt 0.023968 0.575096
vt 0.177921 0.617089
vt 0.180590 0.594345
vt 0.774962 0.095800
vt 0.769077 0.121948
vt 0.175898 0.633046
vt 0.273268 0.412857
vt 0.029478 0.869660
vt 0.030135 0.898991
vt 0.028935 0.840341
vt 0.030831 0.928325
vt 0.031532 0.957653
vt 0.234896 0.777828
vt 0.028773 0.752401
vt 0.028619 0.781758
vt 0.028629 0.811028
vt 0.149754 0.737882
vt 0.146025 0.749051
vt 0.220319 0.691848
vt 0.207409 0.712959
vt 0.229414 0.820130
vt 0.246357 0.816452
vt 0.232890 0.755401
vt 0.967221 0.171452
vt 0.983893 0.188610
vt 0.974962 0.210658
vt 0.967221 0.192871
vt 0.690219 0.142390
vt 0.717064 0.140244
vt 0.169798 0.455986
vt 0.145050 0.608576
vt 0.587152 0.185323
vt 0.583249 0.152276
vt 0.610800 0.148490
vt 0.089589 0.283126
vt 0.090886 0.264195
vt 0.122261 0.252233
vt 0.127261 0.276839
vt 0.101865 0.232537
vt 0.102539 0.244219
vt 0.365593 0.282693
vt 0.314608 0.011747
vt 0.344523 0.012871
vt 0.374557 0.013444
vt 0.254581 0.007905
vt 0.284700 0.010218
vt 0.319265 0.373069
vt 0.300669 0.357304
vt 0.268787 0.094619
vt 0.248435 0.092636
vt 0.403888 0.043430
vt 0.429626 0.041906
vt 0.438497 0.087686
vt 0.417915 0.088220
vt 0.432423 0.015919
vt 0.460530 0.016940
vt 0.460014 0.044995
vt 0.489144 0.016656
vt 0.489606 0.044921
vt 0.404736 0.014653
vt 0.799987 0.163362
vt 0.789301 0.137211
vt 0.802192 0.135620
vt 0.002121 0.160148
vt 0.003841 0.191550
vt 0.001005 0.128496
vt 0.005837 0.222579
vt 0.007102 0.252976
vt 0.064692 0.000340
vt 0.097111 0.000769
vt 0.129558 0.001566
vt 0.000110 0.032327
vt 0.000141 0.064506
vt 0.000169 0.000110
vt 0.032386 0.000169
vt 0.000393 0.096591
vt 0.193367 0.004142
vt 0.224168 0.005757
vt 0.161776 0.002737
vt 0.157737 0.096696
vt 0.150654 0.124729
vt 0.194307 0.095225
vt 0.104735 0.392086
vt 0.967221 0.083059
vt 0.980942 0.097468
vt 0.976911 0.127596
vt 0.967221 0.110892
vt 0.016750 0.400291
vt 0.018800 0.429261
vt 0.014257 0.371238
vt 0.020263 0.458258
vt 0.299670 0.438535
vt 0.282827 0.413474
vt 0.007963 0.283285
vt 0.009605 0.312907
vt 0.011738 0.342112
vt 0.750267 0.091405
vt 0.774938 0.095796
vt 0.744058 0.122670
vt 0.319198 0.353718
vt 0.490949 0.083082
vt 0.464021 0.084855
vt 0.366847 0.264300
vt 0.384700 0.256987
vt 0.321518 0.337008
vt 0.784291 0.024227
vt 0.815282 0.017078
vt 0.844965 0.020678
vt 0.724348 0.021623
vt 0.754267 0.023133
vt 0.904432 0.026389
vt 0.934098 0.028537
vt 0.963711 0.030387
vt 0.874690 0.023769
vt 0.547020 0.014676
vt 0.575815 0.011071
vt 0.605850 0.018583
vt 0.518109 0.015895
vt 0.518856 0.044944
vt 0.163480 0.490214
vt 0.324333 0.316714
vt 0.664816 0.019420
vt 0.694525 0.020297
vt 0.635276 0.019232
vt 0.281376 0.132802
vt 0.253392 0.133643
vt 0.144869 0.381997
vt 0.293199 0.107812
vt 0.788159 0.863357
vt 0.760448 0.869121
vt 0.637985 0.831672
vt 0.661274 0.834349
vt 0.773869 0.841002
vt 0.800824 0.669291
vt 0.847094 0.808137
vt 0.826104 0.791256
vt 0.593876 0.712427
vt 0.592666 0.736174
vt 0.643635 0.643756
vt 0.637595 0.662278
vt 0.732051 0.838923
vt 0.755208 0.841125
vt 0.823669 0.695047
vt 0.685931 0.828022
vt 0.708503 0.829413
vt 0.804716 0.688682
vt 0.592398 0.761033
vt 0.592978 0.828940
vt 0.614281 0.809790
vt 0.662054 0.643064
vt 0.200713 0.135301
vt 0.181898 0.136505
vt 0.156783 0.157421
vt 0.174828 0.153493
vt 0.417490 0.197862
vt 0.446423 0.192930
vt 0.093594 0.209137
vt 0.120225 0.226203
vt 0.222426 0.093253
vt 0.122454 0.205726
vt 0.183438 0.569881
vt 0.185401 0.544852
vt 0.473184 0.188148
vt 0.516491 0.081639
vt 0.186155 0.518886
vt 0.223258 0.836442
vt 0.617819 0.667239
vt 0.617904 0.830459
vt 0.685303 0.642064
vt 0.227012 0.134947
vt 0.751594 0.796162
vt 0.736696 0.796421
vt 0.799048 0.715018
vt 0.792504 0.740782
vt 0.617196 0.713152
vt 0.644798 0.715822
vt 0.640201 0.738652
vt 0.616284 0.736970
vt 0.645473 0.802971
vt 0.715303 0.810950
vt 0.731645 0.812112
vt 0.754381 0.818196
vt 0.709393 0.689089
vt 0.731587 0.691222
vt 0.791632 0.764661
vt 0.821514 0.765661
vt 0.798620 0.790481
vt 0.666545 0.808598
vt 0.681321 0.808857
vt 0.753013 0.708581
vt 0.772965 0.715199
vt 0.615947 0.760495
vt 0.639139 0.759624
vt 0.641197 0.780444
vt 0.616619 0.784071
vt 0.639519 0.688344
vt 0.778970 0.689435
vt 0.755794 0.686788
vt 0.774243 0.772437
vt 0.772207 0.790885
vt 0.662464 0.664784
vt 0.686105 0.665597
vt 0.687200 0.691310
vt 0.663313 0.687498
vt 0.709533 0.665065
vt 0.732938 0.664818
vt 0.737844 0.707331
vt 0.665579 0.708789
vt 0.680812 0.707330
vt 0.775148 0.733132
vt 0.229068 0.798083
vt 0.191073 0.792864
vt 0.206070 0.792246
vt 0.207533 0.816326
vt 0.191982 0.760659
vt 0.211489 0.757041
vt 0.209733 0.777955
vt 0.200413 0.775740
vt 0.188031 0.745250
vt 0.162731 0.758151
vt 0.191959 0.760668
vt 0.188285 0.778449
vt 0.188015 0.745264
vt 0.967221 0.006092
vt 0.969277 0.031964
vt 0.999890 0.025074
vt 0.999492 0.000110
vt 0.197705 0.779157
vt 0.199240 0.780197
vt 0.199206 0.782055
vt 0.197583 0.781479
vt 0.968148 0.056646
vt 0.967221 0.082839
vt 0.994451 0.059908
vt 0.999038 0.045346
vt 0.291368 0.269934
vt 0.304464 0.292765
vt 0.162752 0.568006
vt 0.162088 0.591237
vt 0.344375 0.144678
vt 0.377888 0.142638
vt 0.380047 0.174315
vt 0.344029 0.179636
vt 0.467478 0.136349
vt 0.494381 0.134343
vt 0.496275 0.160222
vt 0.469700 0.162230
vt 0.151562 0.227077
vt 0.275620 0.349372
vt 0.268495 0.371304
vt 0.581186 0.126516
vt 0.609068 0.124645
vt 0.687165 0.121300
vt 0.636133 0.123227
vt 0.662237 0.122150
vt 0.522182 0.132360
vt 0.551549 0.128418
vt 0.519320 0.106137
vt 0.234011 0.316115
vt 0.254843 0.340908
vt 0.244397 0.361000
vt 0.274162 0.299917
vt 0.301660 0.311241
vt 0.300612 0.332931
vt 0.279439 0.327383
vt 0.179961 0.287447
vt 0.177773 0.378055
vt 0.202984 0.162484
vt 0.409921 0.139833
vt 0.439887 0.138340
vt 0.442011 0.165491
vt 0.412380 0.169362
vt 0.438864 0.111151
vt 0.492607 0.108584
vt 0.465807 0.110320
vt 0.310923 0.146428
vt 0.317444 0.270258
vt 0.341817 0.266617
vt 0.286588 0.236259
vt 0.305436 0.218726
vt 0.329698 0.242619
vt 0.299970 0.248483
vt 0.350660 0.209725
vt 0.358813 0.238408
vt 0.164098 0.520222
vt 0.163225 0.543926
vt 0.283044 0.255822
vt 0.177295 0.182242
vt 0.209344 0.217926
vt 0.188017 0.214747
vt 0.967221 0.137067
vt 0.981146 0.127815
vt 0.981146 0.168023
vt 0.975647 0.171232
vt 0.187465 0.234026
vt 0.192779 0.247275
vt 0.240052 0.303678
s 1
usemtl Material.001
f 2350/1331/928 1575/1332/928 1320/1333/928 1762/1334/928
f 2349/1335/928 1581/1336/928 1324/1337/928 1758/1338/928
f 2348/1339/928 1582/1340/928 1325/1341/928 1765/1342/928
f 2347/1343/928 1579/1344/928 1323/1345/928 1766/1346/928
f 2346/1347/928 1597/1348/928 1337/1349/929 1754/1350/929
f 2345/1351/930 1598/1352/930 1338/1353/928 1769/1354/928
f 2344/1355/928 1591/1356/928 1332/1357/928 1770/1358/928
f 2343/1359/931 1601/1360/932 1336/1361/933 1753/1362/934
f 2545/1363/935 2467/1364/936 2302/1365/937 2059/1366/938
f 2341/1367/939 1594/1368/940 1335/1369/941 1772/1370/942
f 2340/1371/943 1604/1372/944 1329/1373/945 1746/1374/946
f 2339/1375/947 1605/1376/948 1339/1377/949 1775/1378/950
f 2338/1379/951 1593/1380/952 1334/1381/953 1776/1382/954
f 2337/1383/955 1608/1384/956 1333/1385/957 1750/1386/957
f 2335/1387/928 1587/1388/928 1328/1389/928 1780/1390/928
f 2333/1391/958 1649/1392/959 1376/1393/960 1783/1394/961
f 2332/1395/928 1624/1396/928 1354/1397/928 1784/1398/928
f 2330/1399/962 1653/1400/963 1377/1401/964 1787/1402/965
f 2329/1403/966 1645/1404/967 1374/1405/968 1788/1406/969
f 2328/1407/970 1656/1408/971 1347/1409/972 1711/1410/973
f 2325/1411/974 1660/1412/928 1372/1413/928 1738/1414/975
f 2324/1415/928 1661/1416/928 1379/1417/928 1795/1418/928
f 2323/1419/928 1630/1420/976 1360/1421/977 1796/1422/978
f 2322/1423/979 1664/1424/980 1371/1425/981 1737/1426/982
f 2522/1427/983 2471/1428/984 2241/1429/985 2119/1430/986
f 2320/1431/987 1641/1432/988 1370/1433/989 1799/1434/990
f 2319/1435/991 1667/1436/992 1343/1437/928 1707/1438/928
f 2318/1439/993 1668/1440/994 1380/1441/995 1802/1442/996
f 1455/1443/997 1640/1444/998 2438/1445/999 2432/1446/1000
f 2316/1447/1001 1671/1448/1002 1368/1449/1003 1734/1450/1004
f 2516/1451/1005 2485/1452/1006 2222/1453/1007 2121/1454/1008
f 2632/1455/1009 2535/1456/1010 2061/1457/1011 1810/1458/1012
f 2471/1428/984 2521/1459/1013 2120/1460/1014 2241/1429/985
f 2312/1461/928 1672/1462/1015 1381/1463/1016 1808/1464/1017
f 2543/1465/1018 2466/1466/1019 2303/1467/1020 2060/1468/1021
f 2310/1469/1022 1675/1470/1023 1350/1471/1024 1714/1472/1025
f 2584/1473/1026 2592/1474/1027 1925/1475/1028 1950/1476/1029
f 2592/1474/1027 2543/1465/1018 2060/1468/1021 1925/1475/1028
f 2307/1477/1030 1677/1478/1031 1366/1479/928 1731/1480/928
f 2561/1481/1032 2499/1482/1033 2205/1483/1034 1958/1484/1035
f 2305/1485/1036 1628/1486/928 1358/1487/928 1814/1488/1037
f 2304/1489/1038 1681/1490/930 1365/1491/928 1730/1492/928
f 1926/1493/1039 2238/1494/1040 2198/1495/1041 1810/1458/1012
f 2199/1496/1042 1926/1493/1039 1810/1458/1012 1951/1497/1043
f 2301/1498/928 1684/1499/928 1351/1500/1044 1715/1501/1045
f 2300/1502/928 1685/1503/928 1384/1504/928 1821/1505/928
f 2299/1506/928 1633/1507/928 1363/1508/928 1822/1509/928
f 2298/1510/928 1688/1511/928 1362/1512/928 1727/1513/928
f 2297/1514/928 1689/1515/928 1385/1516/928 1825/1517/928
f 2296/1518/928 1616/1519/928 1346/1520/928 1826/1521/928
f 2295/1522/928 1692/1523/928 1361/1524/928 1726/1525/928
f 2294/1526/1046 1693/1527/1047 1386/1528/1048 1829/1529/1049
f 2293/1530/928 1619/1531/928 1349/1532/928 1830/1533/928
f 2292/1534/928 1696/1535/928 1355/1536/928 1719/1537/928
f 2291/1538/928 1697/1539/928 1387/1540/928 1833/1541/928
f 2290/1542/1050 1618/1543/1051 1348/1544/1052 1834/1545/1053
f 2289/1546/1054 1700/1547/1055 1359/1548/928 1723/1549/1056
f 2288/1550/1057 1701/1551/1058 1388/1552/1059 1837/1553/1060
f 2287/1554/928 1612/1555/928 1342/1556/928 1838/1557/928
f 2286/1558/1061 1839/1559/1062 1516/1560/1063 1703/1561/1064
f 2285/1562/1065 1840/1563/1066 1517/1564/1067 1841/1565/1068
f 2284/1566/928 1745/1567/928 1428/1568/928 1842/1569/928
f 2280/1570/1069 1847/1571/1070 1408/1572/1071 1592/1573/957
f 2279/1574/1072 1848/1575/1073 1518/1576/1074 1849/1577/1075
f 2278/1578/1076 1835/1579/1077 1513/1580/1078 1850/1581/1079
f 2277/1582/928 1851/1583/1080 1512/1584/1081 1699/1585/928
f 2276/1586/928 1852/1587/1082 1519/1588/1082 1853/1589/928
f 2275/1590/954 1751/1591/1083 1434/1592/1084 1854/1593/1085
f 2274/1594/1086 1855/1595/1087 1511/1596/1088 1698/1597/1089
f 2273/1598/1090 1856/1599/1091 1520/1600/1092 1857/1601/1093
f 2272/1602/1056 1832/1603/928 1510/1604/928 1858/1605/928
f 2271/1606/1094 1859/1607/928 1404/1608/928 1588/1609/928
f 2270/1610/1095 1860/1611/1096 1521/1612/1094 1861/1613/1097
f 2269/1614/928 1831/1615/928 1509/1616/928 1862/1617/928
f 2268/1618/928 1863/1619/928 1508/1620/928 1695/1621/928
f 2267/1622/1098 1864/1623/1099 1522/1624/928 1865/1625/1099
f 2266/1626/928 1752/1627/928 1435/1628/928 1866/1629/928
f 2265/1630/1100 1867/1631/1101 1507/1632/1102 1694/1633/1103
f 2264/1634/1104 1868/1635/1105 1523/1636/1106 1869/1637/1107
f 2263/1638/1108 1828/1639/1109 1506/1640/1110 1870/1641/1111
f 2262/1642/1112 1871/1643/1113 1411/1644/1056 1595/1645/1114
f 2261/1646/1115 1872/1647/1116 1524/1648/1117 1873/1649/1118
f 2260/1650/1119 1827/1651/1120 1505/1652/928 1874/1653/1121
f 2259/1654/928 1875/1655/928 1504/1656/928 1691/1657/928
f 2258/1658/928 1876/1659/928 1525/1660/928 1877/1661/928
f 2257/1662/928 1749/1663/928 1432/1664/928 1878/1665/928
f 2256/1666/928 1879/1667/928 1503/1668/928 1690/1669/928
f 2255/1670/928 1880/1671/928 1526/1672/928 1881/1673/928
f 2254/1674/928 1824/1675/928 1502/1676/928 1882/1677/928
f 2253/1678/928 1883/1679/928 1412/1680/974 1596/1681/1122
f 2252/1682/928 1884/1683/928 1527/1684/928 1885/1685/928
f 2251/1686/928 1823/1687/928 1501/1688/928 1886/1689/928
f 2250/1690/928 1887/1691/928 1500/1692/928 1687/1693/928
f 2249/1694/928 1888/1695/928 1528/1696/928 1889/1697/928
f 2248/1698/928 1767/1699/928 1449/1700/928 1890/1701/928
f 2247/1702/928 1891/1703/928 1499/1704/928 1686/1705/928
f 2246/1706/928 1892/1707/928 1529/1708/928 1893/1709/928
f 2245/1710/928 1820/1711/928 1498/1712/928 1894/1713/928
f 2244/1714/928 1895/1715/928 1400/1716/928 1584/1717/928
f 2243/1718/928 1896/1719/928 1530/1720/928 1897/1721/928
f 2242/1722/928 1819/1723/928 1497/1724/928 1898/1725/928
f 1951/1497/1043 1810/1458/1012 2061/1457/1011 2223/1726/1123
f 2240/1727/1124 1900/1728/1125 1531/1729/1126 1901/1730/1127
f 2239/1731/1128 1768/1732/1129 1450/1733/1130 1902/1734/1131
f 2221/1735/1132 1957/1736/1133 1899/1737/1134 2120/1460/1014
f 2120/1460/1014 1899/1737/1134 2119/1430/986 2241/1429/985
f 2236/1738/1135 1816/1739/1136 1494/1740/1137 1906/1741/1138
f 2235/1742/1139 1907/1743/1140 1415/1744/1094 1599/1745/1141
f 2234/1746/1142 1908/1747/1143 1533/1748/1144 1909/1749/1145
f 2233/1750/1146 1815/1751/1147 1493/1752/1148 1910/1753/1149
f 2232/1754/1150 1911/1755/1151 1492/1756/1152 1680/1757/1153
f 2231/1758/1154 1912/1759/1155 1534/1760/1156 1913/1761/1157
f 2230/1762/928 1761/1763/928 1444/1764/928 1914/1765/1158
f 2197/1766/1159 2223/1726/1123 1958/1484/1035 1903/1767/1160
f 2228/1768/1161 1916/1769/1162 1535/1770/1163 1917/1771/1164
f 2227/1772/1165 1812/1773/1166 1490/1774/1167 1918/1775/1168
f 2226/1776/930 1919/1777/930 1416/1778/928 1600/1779/928
f 2225/1780/1169 1920/1781/1170 1536/1782/1171 1921/1783/1172
f 2224/1784/1173 1811/1785/1174 1489/1786/1175 1922/1787/1176
f 2302/1365/937 2197/1766/1159 1903/1767/1160 2059/1366/938
f 2059/1366/938 1903/1767/1160 1957/1736/1133 2221/1735/1132
f 2223/1726/1123 2061/1457/1011 1905/1788/1177 1958/1484/1035
f 2220/1789/1178 1927/1790/1179 1488/1791/1180 1676/1792/1181
f 2219/1793/1182 1928/1794/1183 1537/1795/1184 1929/1796/1185
f 2121/1454/1008 2222/1453/1007 1956/1797/1186 1923/1798/1187
f 2217/1799/1188 1931/1800/1189 1399/1801/1190 1583/1802/1191
f 2216/1803/1192 1932/1804/1193 1538/1805/1194 1933/1806/1195
f 2303/1467/1020 2121/1454/1008 1923/1798/1187 2062/1807/1196
f 2062/1807/1196 1923/1798/1187 1955/1808/1197 2238/1494/1040
f 2213/1809/928 1936/1810/928 1539/1811/1198 1937/1812/1199
f 2212/1813/1200 1771/1814/1201 1453/1815/1202 1938/1816/1203
f 2211/1817/928 1939/1818/928 1486/1819/928 1673/1820/928
f 2210/1821/928 1940/1822/928 1540/1823/928 1941/1824/928
f 2209/1825/928 1807/1826/928 1485/1827/928 1942/1828/928
f 2208/1829/1204 1943/1830/1205 1418/1831/1206 1602/1832/1207
f 2207/1833/1208 1944/1834/1209 1541/1835/1210 1945/1836/1211
f 2206/1837/1212 1806/1838/1213 1484/1839/1214 1946/1840/1215
f 1947/1841/1216 2199/1496/1042 1951/1497/1043 1924/1842/1217
f 2060/1468/1021 2303/1467/1020 2062/1807/1196 1925/1475/1028
f 1950/1476/1029 1925/1475/1028 1926/1493/1039 2199/1496/1042
f 1925/1475/1028 2062/1807/1196 2238/1494/1040 1926/1493/1039
f 2201/1843/1218 1952/1844/1219 1542/1845/1220 1953/1846/1221
f 2200/1847/1222 1805/1848/1223 1483/1849/1224 1954/1850/1225
f 1924/1842/1217 1951/1497/1043 2223/1726/1123 2197/1766/1159
f 1903/1767/1160 1958/1484/1035 2205/1483/1034 1957/1736/1133
f 1419/1851/1226 1603/1852/1227 2505/1853/1228 2477/1854/1229
f 1457/1855/1230 1775/1378/950 2444/1856/1231 2433/1857/1232
f 1664/1424/980 2130/1858/1233 2455/1859/1234 2440/1860/1235
f 2194/1861/1236 1773/1862/1237 1455/1443/997 1962/1863/1238
f 2193/1864/1239 1963/1865/1240 1480/1866/1241 1669/1867/1242
f 2192/1868/1243 1964/1869/1244 1544/1870/1245 1965/1871/1246
f 2191/1872/1247 1801/1873/1248 1479/1874/1249 1966/1875/1250
f 2190/1876/928 1967/1877/928 1392/1878/928 1576/1879/928
f 2189/1880/1251 1968/1881/1252 1545/1882/991 1969/1883/928
f 2188/1884/1253 1800/1885/1254 1478/1886/1255 1970/1887/1256
f 2187/1888/1257 1971/1889/1258 1477/1890/1259 1666/1891/1260
f 2186/1892/1261 1972/1893/1262 1546/1894/1263 1973/1895/1264
f 2185/1896/1265 1774/1897/1266 1456/1898/1267 1974/1899/1268
f 2184/1900/1181 1975/1901/1269 1476/1902/1270 1665/1903/1192
f 2183/1904/1271 1976/1905/1272 1547/1906/1273 1977/1907/1274
f 1484/1839/1214 1806/1838/1213 2542/1908/1275 2487/1909/1276
f 2181/1910/1277 1979/1911/1278 1422/1912/1279 1606/1913/1280
f 2180/1914/1281 1980/1915/1282 1548/1916/1283 1981/1917/1284
f 2179/1918/1285 1797/1919/1286 1475/1920/1287 1982/1921/1288
f 2178/1922/928 1983/1923/928 1474/1924/928 1663/1925/928
f 2177/1926/928 1984/1927/928 1549/1928/928 1985/1929/928
f 2176/1930/928 1763/1931/928 1446/1932/928 1986/1933/928
f 2175/1934/1289 1987/1935/928 1473/1936/928 1662/1937/1290
f 2174/1938/1291 1988/1939/928 1550/1940/928 1989/1941/1292
f 2173/1942/928 1794/1943/928 1472/1944/928 1990/1945/928
f 2172/1946/1293 1991/1947/1294 1423/1948/1295 1607/1949/1296
f 2171/1950/1297 1992/1951/974 1551/1952/1289 1993/1953/1298
f 2170/1954/928 1793/1955/928 1471/1956/928 1994/1957/928
f 1790/1958/1299 2331/1959/1300 2145/1960/1301 1644/1961/1302
f 2164/1962/1303 1790/1958/1299 1644/1961/1302 1836/1963/1304
f 1836/1963/1304 1644/1961/1302 2029/1964/1305 2282/1965/1306
f 2166/1966/1307 1999/1967/1308 1469/1968/1309 1658/1969/1310
f 2165/1970/1311 2000/1971/1312 1552/1972/1313 2001/1973/1314
f 1845/1974/1315 2283/1975/1316 2138/1976/1317 1646/1977/1318
f 2163/1978/1319 2003/1979/1320 1396/1980/1321 1580/1981/928
f 2162/1982/1322 2004/1983/1323 1553/1984/1324 2005/1985/1325
f 2161/1986/1326 1789/1987/1327 1468/1988/1328 2006/1989/1329
f 2160/1990/1330 2007/1991/1331 1467/1992/1332 1655/1993/1333
f 2159/1994/1334 2008/1995/1335 1554/1996/1336 2009/1997/1337
f 2158/1998/1335 1778/1999/1338 1459/2000/1339 2010/2001/1340
f 2157/2002/1341 2011/2003/1342 1466/2004/1343 1654/2005/1344
f 2156/2006/928 2012/2007/978 1555/2008/1345 2013/2009/976
f 2155/2010/1346 1786/2011/1347 1465/2012/1348 2014/2013/1349
f 2154/2014/1350 2015/2015/1351 1425/2016/1352 1609/2017/1353
f 2153/2018/1354 2016/2019/1355 1556/2020/1356 2017/2021/1357
f 2167/2022/1358 1845/1974/1315 1646/1977/1318 1996/2023/1359
f 2151/2024/1360 2019/2025/1361 1464/2026/1362 1651/2027/1363
f 2150/2028/928 2020/2029/928 1557/2030/928 2021/2031/1364
f 2149/2032/928 1757/2033/928 1440/2034/928 2022/2035/928
f 2148/2036/1365 2023/2037/1366 1463/2038/1367 1650/2039/1368
f 2147/2040/1369 2024/2041/1370 1558/2042/1371 2025/2043/1372
f 2146/2044/1373 1782/2045/974 1462/2046/1374 2026/2047/1375
f 1996/2023/1359 1646/1977/1318 2002/2048/1376 2169/2049/1377
f 2139/2050/1378 2326/2051/1379 1998/2052/1380 1652/2053/1381
f 2143/2054/1382 1781/2055/1383 1461/2056/1384 2030/2057/1385
f 2142/2058/1386 2031/2059/1387 1460/2060/1388 1647/2061/1389
f 2141/2062/1390 2032/2063/1391 1559/2064/1392 2033/2065/1393
f 2140/2066/928 1718/2067/928 1403/2068/928 2034/2069/928
f 2336/2070/1394 2139/2050/1378 1652/2053/1381 2035/2071/1395
f 2035/2071/1395 1652/2053/1381 1997/2072/1396 2283/1975/1316
f 2326/2051/1379 2036/2073/1397 1657/2074/1398 1998/2052/1380
f 2136/2075/1399 2039/2076/1400 1433/2077/973 1617/2078/1401
f 2135/2079/1402 2040/2080/1403 1560/2081/1404 2041/2082/1405
f 2134/2083/1406 1739/2084/1407 1424/2085/1408 2042/2086/1409
f 2133/2087/928 2043/2088/1082 1458/2089/1082 1643/2090/928
f 2132/2091/928 2044/2092/1045 1561/2093/1410 2045/2094/928
f 2131/2095/1411 1724/2096/1412 1409/2097/1413 2046/2098/1414
f 2052/2099/1415 2126/2100/1416 2454/2101/1417 2452/2102/1418
f 2129/2103/1419 2048/2104/1420 1562/2105/1421 2049/2106/1422
f 2128/2107/1423 1736/2108/1424 1421/2109/1425 2050/2110/1426
f 2127/2111/1427 2051/2112/1428 1429/2113/1429 1613/2114/1430
f 2126/2100/1416 2052/2099/1415 1563/2115/1431 2053/2116/1432
f 2125/2117/1433 1735/2118/1434 1420/2119/1435 2054/2120/1436
f 2124/2121/1437 2055/2122/1438 1454/2123/1439 1639/2124/1440
f 2123/2125/1441 2056/2126/1442 1564/2127/1443 2057/2128/1444
f 2122/2129/1445 1725/2130/1446 1410/2131/1447 2058/2132/1448
f 2309/2133/1449 1930/2134/1450 2564/2135/1451 2625/2136/1452
f 1487/2137/1453 1934/2138/1454 2565/2139/1455 2489/2140/1456
f 2234/1746/1142 1725/2130/1446 2529/2141/1457 2615/2142/1458
f 2118/2143/1459 2063/2144/1460 1436/2145/1461 1620/2146/1462
f 2117/2147/1463 2064/2148/1464 1565/2149/1465 2065/2150/1466
f 1809/2151/1467 2309/2133/1449 2625/2136/1452 2546/2152/1468
f 2115/2153/1469 2067/2154/928 1452/2155/928 1636/2156/928
f 2114/2157/1470 2068/2158/1471 1566/2159/1472 2069/2160/1473
f 2113/2161/1469 1722/2162/928 1407/2163/928 2070/2164/928
f 2112/2165/930 2071/2166/930 1451/2167/928 1635/2168/928
f 2111/2169/1474 2072/2170/1474 1567/2171/1172 2073/2172/1172
f 2110/2173/1475 1729/2174/1476 1414/2175/1172 2074/2176/1172
f 2109/2177/928 2075/2178/928 1437/2179/929 1621/2180/929
f 2108/2181/928 2076/2182/928 1568/2183/928 2077/2184/928
f 2107/2185/928 1728/2186/928 1413/2187/928 2078/2188/928
f 2106/2189/928 2079/2190/928 1448/2191/928 1632/2192/928
f 2105/2193/928 2080/2194/928 1569/2195/928 2081/2196/928
f 2104/2197/928 1710/2198/928 1395/2199/928 2082/2200/928
f 2103/2201/928 2083/2202/928 1447/2203/928 1631/2204/928
f 2102/2205/928 2084/2206/928 1570/2207/928 2085/2208/928
f 2101/2209/928 1713/2210/928 1398/2211/928 2086/2212/928
f 2100/2213/928 2087/2214/928 1441/2215/928 1625/2216/928
f 2099/2217/928 2088/2218/928 1571/2219/928 2089/2220/928
f 2098/2221/1319 1712/2222/1477 1397/2223/1478 2090/2224/928
f 2097/2225/1056 2091/2226/928 1445/2227/928 1629/2228/928
f 2096/2229/1479 2092/2230/1480 1572/2231/1481 2093/2232/1482
f 2095/2233/928 1706/2234/928 1391/2235/928 2094/2236/928
f 2092/2230/1480 2095/2233/928 2094/2236/928 1572/2231/1481
f 1516/1560/1063 1838/1557/928 2095/2233/928 2092/2230/1480
f 1838/1557/928 1342/1556/928 1706/2234/928 2095/2233/928
f 1835/1579/1077 2096/2229/1479 2093/2232/1482 1513/1580/1078
f 1388/1552/1059 1703/1561/1064 2096/2229/1479 1835/1579/1077
f 1703/1561/1064 1516/1560/1063 2092/2230/1480 2096/2229/1479
f 1700/1547/1055 2097/2225/1056 1629/2228/928 1359/1548/928
f 1513/1580/1078 2093/2232/1482 2097/2225/1056 1700/1547/1055
f 2093/2232/1482 1572/2231/1481 2091/2226/928 2097/2225/1056
f 2088/2218/928 2098/2221/1319 2090/2224/928 1571/2219/928
f 1512/1584/1081 1834/1545/1053 2098/2221/1319 2088/2218/928
f 1834/1545/1053 1348/1544/1052 1712/2222/1477 2098/2221/1319
f 1831/1615/928 2099/2217/928 2089/2220/928 1509/1616/928
f 1387/1540/928 1699/1585/928 2099/2217/928 1831/1615/928
f 1699/1585/928 1512/1584/1081 2088/2218/928 2099/2217/928
f 1696/1535/928 2100/2213/928 1625/2216/928 1355/1536/928
f 1509/1616/928 2089/2220/928 2100/2213/928 1696/1535/928
f 2089/2220/928 1571/2219/928 2087/2214/928 2100/2213/928
f 2084/2206/928 2101/2209/928 2086/2212/928 1570/2207/928
f 1508/1620/928 1830/1533/928 2101/2209/928 2084/2206/928
f 1830/1533/928 1349/1532/928 1713/2210/928 2101/2209/928
f 1827/1651/1120 2102/2205/928 2085/2208/928 1505/1652/928
f 1386/1528/1048 1695/1621/928 2102/2205/928 1827/1651/1120
f 1695/1621/928 1508/1620/928 2084/2206/928 2102/2205/928
f 1692/1523/928 2103/2201/928 1631/2204/928 1361/1524/928
f 1505/1652/928 2085/2208/928 2103/2201/928 1692/1523/928
f 2085/2208/928 1570/2207/928 2083/2202/928 2103/2201/928
f 2080/2194/928 2104/2197/928 2082/2200/928 1569/2195/928
f 1504/1656/928 1826/1521/928 2104/2197/928 2080/2194/928
f 1826/1521/928 1346/1520/928 1710/2198/928 2104/2197/928
f 1823/1687/928 2105/2193/928 2081/2196/928 1501/1688/928
f 1385/1516/928 1691/1657/928 2105/2193/928 1823/1687/928
f 1691/1657/928 1504/1656/928 2080/2194/928 2105/2193/928
f 1688/1511/928 2106/2189/928 1632/2192/928 1362/1512/928
f 1501/1688/928 2081/2196/928 2106/2189/928 1688/1511/928
f 2081/2196/928 1569/2195/928 2079/2190/928 2106/2189/928
f 2076/2182/928 2107/2185/928 2078/2188/928 1568/2183/928
f 1500/1692/928 1822/1509/928 2107/2185/928 2076/2182/928
f 1822/1509/928 1363/1508/928 1728/2186/928 2107/2185/928
f 1819/1723/928 2108/2181/928 2077/2184/928 1497/1724/928
f 1384/1504/928 1687/1693/928 2108/2181/928 1819/1723/928
f 1687/1693/928 1500/1692/928 2076/2182/928 2108/2181/928
f 1684/1499/928 2109/2177/928 1621/2180/929 1351/1500/1044
f 1497/1724/928 2077/2184/928 2109/2177/928 1684/1499/928
f 2077/2184/928 1568/2183/928 2075/2178/928 2109/2177/928
f 2072/2170/1474 2110/2173/1475 2074/2176/1172 1567/2171/1172
f 1496/2237/1483 1818/2238/1484 2110/2173/1475 2072/2170/1474
f 1818/2238/1484 1364/2239/1485 1729/2174/1476 2110/2173/1475
f 1815/1751/1147 2111/2169/1474 2073/2172/1172 1493/1752/1148
f 1383/2240/1486 1683/2241/1487 2111/2169/1474 1815/1751/1147
f 1683/2241/1487 1496/2237/1483 2072/2170/1474 2111/2169/1474
f 1681/1490/930 2112/2165/930 1635/2168/928 1365/1491/928
f 1493/1752/1148 2073/2172/1172 2112/2165/930 1681/1490/930
f 2073/2172/1172 1567/2171/1172 2071/2166/930 2112/2165/930
f 2068/2158/1471 2113/2161/1469 2070/2164/928 1566/2159/1472
f 1492/1756/1152 1814/1488/1037 2113/2161/1469 2068/2158/1471
f 1814/1488/1037 1358/1487/928 1722/2162/928 2113/2161/1469
f 1811/1785/1174 2114/2157/1470 2069/2160/1473 1489/1786/1175
f 1382/2242/1488 1680/1757/1153 2114/2157/1470 1811/1785/1174
f 1680/1757/1153 1492/1756/1152 2068/2158/1471 2114/2157/1470
f 1677/1478/1031 2115/2153/1469 1636/2156/928 1366/1479/928
f 1489/1786/1175 2069/2160/1473 2115/2153/1469 1677/1478/1031
f 2069/2160/1473 1566/2159/1472 2067/2154/928 2115/2153/1469
f 2064/2148/1464 2116/2243/1489 2066/2244/1490 1565/2149/1465
f 1532/2245/1491 1906/1741/1138 2558/2246/1492 2497/2247/1493
f 1682/2248/1494 2234/1746/1142 2615/2142/1458 2526/2249/1495
f 1804/2250/1496 1482/2251/1497 2483/2252/1498 2539/2253/1499
f 2321/2254/1500 1978/2255/1501 2581/2256/1502 2631/2257/1503
f 2065/2150/1466 2118/2143/1459 2591/2258/1504 2587/2259/1505
f 1496/2237/1483 1683/2241/1487 2527/2260/1506 2495/2261/1507
f 1904/2262/1508 1532/2245/1491 2497/2247/1493 2556/2263/1509
f 2065/2150/1466 1565/2149/1465 2063/2144/1460 2118/2143/1459
f 1798/2264/1510 2321/2254/1500 2631/2257/1503 2538/2265/1511
f 2182/2266/1512 1714/1472/1025 2528/2267/1513 2599/2268/1514
f 2118/2143/1459 1620/2146/1462 2506/2269/1515 2591/2258/1504
f 1495/2270/1516 1682/2248/1494 2526/2249/1495 2494/2271/1517
f 1542/1845/1220 1954/1850/1225 2575/2272/1518 2501/2273/1519
f 1978/2255/1501 2182/2266/1512 2599/2268/1514 2581/2256/1502
f 2064/2148/1464 2117/2147/1463 2590/2274/1520 2586/2275/1521
f 1367/2276/1522 1732/2277/1523 2530/2278/1524 2465/2279/1525
f 1531/1729/1126 1902/1734/1131 2554/2280/1526 2496/2281/1527
f 2056/2126/1442 2122/2129/1445 2058/2132/1448 1564/2127/1443
f 1494/1740/1137 1901/1730/1127 2553/2282/1528 2493/2283/1529
f 2117/2147/1463 2065/2150/1466 2587/2259/1505 2590/2274/1520
f 1804/2250/1496 2123/2125/1441 2057/2128/1444 1482/2251/1497
f 1491/2284/1530 1679/2285/1531 2524/2286/1532 2492/2287/1533
f 2306/2288/1534 1678/2289/1535 2523/2290/1536 2623/2291/1537
f 1671/1448/1002 2124/2121/1437 1639/2124/1440 1368/1449/1003
f 1482/2251/1497 2057/2128/1444 2124/2121/1437 1671/1448/1002
f 2057/2128/1444 1564/2127/1443 2055/2122/1438 2124/2121/1437
f 2052/2099/1415 2125/2117/1433 2054/2120/1436 1563/2115/1431
f 1668/1440/994 1479/1874/1249 2434/2292/1538 2441/2293/1539
f 1803/2294/1540 1369/2295/1541 1735/2118/1434 2125/2117/1433
f 1800/1885/1254 2126/2100/1416 2053/2116/1432 1478/1886/1255
f 1380/1441/995 1670/2296/1542 2126/2100/1416 1800/1885/1254
f 1371/1425/981 1664/1424/980 2440/1860/1235 2430/2297/1543
f 1667/1436/992 2127/2111/1427 1613/2114/1430 1343/1437/928
f 1478/1886/1255 2053/2116/1432 2127/2111/1427 1667/1436/992
f 2053/2116/1432 1563/2115/1431 2051/2112/1428 2127/2111/1427
f 2048/2104/1420 2128/2107/1423 2050/2110/1426 1562/2105/1421
f 1477/1890/1259 1799/1434/990 2128/2107/1423 2048/2104/1420
f 1799/1434/990 1370/1433/989 1736/2108/1424 2128/2107/1423
f 1450/1733/1130 1634/2298/1544 2508/2299/1545 2479/2300/1546
f 1475/1920/1287 1797/1919/1286 2536/2301/1547 2481/2302/1548
f 1666/1891/1260 1477/1890/1259 2048/2104/1420 2129/2103/1419
f 1670/2296/1542 1380/1441/995 2431/2303/1549 2442/2304/1550
f 1475/1920/1287 2049/2106/1422 2130/1858/1233 1664/1424/980
f 2049/2106/1422 1562/2105/1421 2047/2305/1551 2130/1858/1233
f 2044/2092/1045 2131/2095/1411 2046/2098/1414 1561/2093/1410
f 1474/1924/928 1796/1422/978 2131/2095/1411 2044/2092/1045
f 1796/1422/978 1360/1421/977 1724/2096/1412 2131/2095/1411
f 1793/1955/928 2132/2091/928 2045/2094/928 1471/1956/928
f 1379/1417/928 1663/1925/928 2132/2091/928 1793/1955/928
f 1663/1925/928 1474/1924/928 2044/2092/1045 2132/2091/928
f 1660/1412/928 2133/2087/928 1643/2090/928 1372/1413/928
f 1471/1956/928 2045/2094/928 2133/2087/928 1660/1412/928
f 2045/2094/928 1561/2093/1410 2043/2088/1082 2133/2087/928
f 2040/2080/1403 2134/2083/1406 2042/2086/1409 1560/2081/1404
f 1470/2306/1552 1792/2307/1553 2134/2083/1406 2040/2080/1403
f 1792/2307/1553 1373/2308/1554 1739/2084/1407 2134/2083/1406
f 1789/1987/1327 2135/2079/1402 2041/2082/1405 1468/1988/1328
f 1378/2309/1555 1659/2310/1556 2135/2079/1402 1789/1987/1327
f 1659/2310/1556 1470/2306/1552 2040/2080/1403 2135/2079/1402
f 1656/1408/971 2136/2075/1399 1617/2078/1401 1347/1409/972
f 1468/1988/1328 2041/2082/1405 2136/2075/1399 1656/1408/971
f 2041/2082/1405 1560/2081/1404 2039/2076/1400 2136/2075/1399
f 1846/2311/1557 2167/2022/1358 1996/2023/1359 1740/2312/1558
f 2281/2313/1559 1846/2311/1557 1740/2312/1558 2037/2314/1560
f 2137/2315/1561 2282/1965/1306 1995/2316/1562 1741/2317/1563
f 2334/2318/1564 2137/2315/1561 1741/2317/1563 2027/2319/1565
f 2027/2319/1565 1741/2317/1563 1846/2311/1557 2281/2313/1559
f 2029/1964/1305 2336/2070/1394 2035/2071/1395 1742/2320/1566
f 2282/1965/1306 2029/1964/1305 1742/2320/1566 1995/2316/1562
f 1995/2316/1562 1742/2320/1566 1845/1974/1315 2167/2022/1358
f 2145/1960/1301 1777/2321/1567 2139/2050/1378 2336/2070/1394
f 2032/2063/1391 2140/2066/928 2034/2069/928 1559/2064/1392
f 1464/2026/1362 1784/1398/928 2140/2066/928 2032/2063/1391
f 1784/1398/928 1354/1397/928 1718/2067/928 2140/2066/928
f 1781/2055/1383 2141/2062/1390 2033/2065/1393 1461/2056/1384
f 1376/1393/960 1651/2027/1363 2141/2062/1390 1781/2055/1383
f 1651/2027/1363 1464/2026/1362 2032/2063/1391 2141/2062/1390
f 1648/2322/1568 2142/2058/1386 1647/2061/1389 1375/2323/1569
f 1461/2056/1384 2033/2065/1393 2142/2058/1386 1648/2322/1568
f 2033/2065/1393 1559/2064/1392 2031/2059/1387 2142/2058/1386
f 2038/2324/1570 1779/2325/1571 2137/2315/1561 2334/2318/1564
f 1463/2038/1367 1783/1394/961 2143/2054/1382 2028/2326/1572
f 1783/1394/961 1376/1393/960 1781/2055/1383 2143/2054/1382
f 1779/2325/1571 1836/1963/1304 2282/1965/1306 2137/2315/1561
f 1777/2321/1567 1844/2327/1573 2326/2051/1379 2139/2050/1378
f 1650/2039/1368 1463/2038/1367 2028/2326/1572 2144/2328/1574
f 1742/2320/1566 2035/2071/1395 2283/1975/1316 1845/1974/1315
f 1741/2317/1563 1995/2316/1562 2167/2022/1358 1846/2311/1557
f 1652/2053/1381 1998/2052/1380 2168/2329/1575 1997/2072/1396
f 2024/2041/1370 2146/2044/1373 2026/2047/1375 1558/2042/1371
f 1412/1680/974 1727/1513/928 2146/2044/1373 2024/2041/1370
f 1727/1513/928 1362/1512/928 1782/2045/974 2146/2044/1373
f 1778/1999/1338 2147/2040/1369 2025/2043/1372 1459/2000/1339
f 1337/1349/929 1596/1681/1122 2147/2040/1369 1778/1999/1338
f 1596/1681/1122 1412/1680/974 2024/2041/1370 2147/2040/1369
f 1645/1404/967 2148/2036/1365 1650/2039/1368 1374/1405/968
f 1459/2000/1339 2025/2043/1372 2148/2036/1365 1645/1404/967
f 2025/2043/1372 1558/2042/1371 2023/2037/1366 2148/2036/1365
f 2020/2029/928 2149/2032/928 2022/2035/928 1557/2030/928
f 1448/2191/928 1766/1346/928 2149/2032/928 2020/2029/928
f 1766/1346/928 1323/1345/928 1757/2033/928 2149/2032/928
f 1782/2045/974 2150/2028/928 2021/2031/1364 1462/2046/1374
f 1362/1512/928 1632/2192/928 2150/2028/928 1782/2045/974
f 1632/2192/928 1448/2191/928 2020/2029/928 2150/2028/928
f 1649/1392/959 2151/2024/1360 1651/2027/1363 1376/1393/960
f 1462/2046/1374 2021/2031/1364 2151/2024/1360 1649/1392/959
f 2021/2031/1364 1557/2030/928 2019/2025/1361 2151/2024/1360
f 2016/2019/1355 2152/2330/1576 2018/2331/1577 1556/2020/1356
f 1466/2004/1343 1787/1402/965 2152/2330/1576 2016/2019/1355
f 1787/1402/965 1377/1401/964 1785/2332/1578 2152/2330/1576
f 1724/2096/1412 2153/2018/1354 2017/2021/1357 1409/2097/1413
f 1360/1421/977 1654/2005/1344 2153/2018/1354 1724/2096/1412
f 1654/2005/1344 1466/2004/1343 2016/2019/1355 2153/2018/1354
f 1593/1380/952 2154/2014/1350 1609/2017/1353 1334/1381/953
f 1409/2097/1413 2017/2021/1357 2154/2014/1350 1593/1380/952
f 2017/2021/1357 1556/2020/1356 2015/2015/1351 2154/2014/1350
f 2012/2007/978 2155/2010/1346 2014/2013/1349 1555/2008/1345
f 1400/1716/928 1715/1501/1045 2155/2010/1346 2012/2007/978
f 1715/1501/1045 1351/1500/1044 1786/2011/1347 2155/2010/1346
f 1763/1931/928 2156/2006/928 2013/2009/976 1446/1932/928
f 1325/1341/928 1584/1717/928 2156/2006/928 1763/1931/928
f 1584/1717/928 1400/1716/928 2012/2007/978 2156/2006/928
f 1630/1420/976 2157/2002/1341 1654/2005/1344 1360/1421/977
f 1446/1932/928 2013/2009/976 2157/2002/1341 1630/1420/976
f 2013/2009/976 1555/2008/1345 2011/2003/1342 2157/2002/1341
f 2008/1995/1335 2158/1998/1335 2010/2001/1340 1554/1996/1336
f 1437/2179/929 1754/1350/929 2158/1998/1335 2008/1995/1335
f 1754/1350/929 1337/1349/929 1778/1999/1338 2158/1998/1335
f 1786/2011/1347 2159/1994/1334 2009/1997/1337 1465/2012/1348
f 1351/1500/1044 1621/2180/929 2159/1994/1334 1786/2011/1347
f 1621/2180/929 1437/2179/929 2008/1995/1335 2159/1994/1334
f 1653/1400/963 2160/1990/1330 1655/1993/1333 1377/1401/964
f 1465/2012/1348 2009/1997/1337 2160/1990/1330 1653/1400/963
f 2009/1997/1337 1554/1996/1336 2007/1991/1331 2160/1990/1330
f 2004/1983/1323 2161/1986/1326 2006/1989/1329 1553/1984/1324
f 1469/1968/1309 1791/2333/1579 2161/1986/1326 2004/1983/1323
f 1791/2333/1579 1378/2309/1555 1789/1987/1327 2161/1986/1326
f 1712/2222/1477 2162/1982/1322 2005/1985/1325 1397/2223/1478
f 1348/1544/1052 1658/1969/1310 2162/1982/1322 1712/2222/1477
f 1658/1969/1310 1469/1968/1309 2004/1983/1323 2162/1982/1322
f 1581/1336/928 2163/1978/1319 1580/1981/928 1324/1337/928
f 1397/2223/1478 2005/1985/1325 2163/1978/1319 1581/1336/928
f 2005/1985/1325 1553/1984/1324 2003/1979/1320 2163/1978/1319
f 1644/1961/1302 2145/1960/1301 2336/2070/1394 2029/1964/1305
f 2144/2328/1574 2028/2326/1572 2405/2334/1580 2416/2335/1581
f 1999/1967/1308 1552/1972/1313 2369/2336/1582 2399/2337/1583
f 1751/1591/1083 2165/1970/1311 2001/1973/1314 1434/1592/1084
f 1334/1381/953 1609/2017/1353 2165/1970/1311 1751/1591/1083
f 1609/2017/1353 1425/2016/1352 2000/1971/1312 2165/1970/1311
f 1618/1543/1051 2166/1966/1307 1658/1969/1310 1348/1544/1052
f 1434/1592/1084 2001/1973/1314 2166/1966/1307 1618/1543/1051
f 2001/1973/1314 1552/1972/1313 1999/1967/1308 2166/1966/1307
f 1648/2322/1568 1375/2323/1569 2354/2338/1584 2376/2339/1585
f 1701/1551/1058 2288/1550/1057 2424/2340/1586 2382/2341/1587
f 1375/2323/1569 1647/2061/1389 2375/2342/1588 2354/2338/1584
f 1650/2039/1368 2144/2328/1574 2416/2335/1581 2377/2343/1589
f 1647/2061/1389 2285/1562/1065 2423/2344/1590 2375/2342/1588
f 2288/1550/1057 1843/2345/1591 2394/2346/1592 2424/2340/1586
f 1556/2020/1356 2018/2331/1577 2403/2347/1593 2370/2348/1594
f 1788/1406/969 1374/1405/968 2352/2349/1595 2388/2350/1596
f 2285/1562/1065 1841/1565/1068 2393/2351/1597 2423/2344/1590
f 1992/1951/974 2170/1954/928 1994/1957/928 1551/1952/1289
f 1473/1936/928 1795/1418/928 2170/1954/928 1992/1951/974
f 1795/1418/928 1379/1417/928 1793/1955/928 2170/1954/928
f 1736/2108/1424 2171/1950/1297 1993/1953/1298 1421/2109/1425
f 1370/1433/989 1662/1937/1290 2171/1950/1297 1736/2108/1424
f 1662/1937/1290 1473/1936/928 1992/1951/974 2171/1950/1297
f 1605/1376/948 2172/1946/1293 1607/1949/1296 1339/1377/949
f 1421/2109/1425 1993/1953/1298 2172/1946/1293 1605/1376/948
f 1993/1953/1298 1551/1952/1289 1991/1947/1294 2172/1946/1293
f 1988/1939/928 2173/1942/928 1990/1945/928 1550/1940/928
f 1411/1644/1056 1726/1525/928 2173/1942/928 1988/1939/928
f 1726/1525/928 1361/1524/928 1794/1943/928 2173/1942/928
f 1774/1897/1266 2174/1938/1291 1989/1941/1292 1456/1898/1267
f 1336/1361/933 1595/1645/1114 2174/1938/1291 1774/1897/1266
f 1595/1645/1114 1411/1644/1056 1988/1939/928 2174/1938/1291
f 1641/1432/988 2175/1934/1289 1662/1937/1290 1370/1433/989
f 1456/1898/1267 1989/1941/1292 2175/1934/1289 1641/1432/988
f 1989/1941/1292 1550/1940/928 1987/1935/928 2175/1934/1289
f 1984/1927/928 2176/1930/928 1986/1933/928 1549/1928/928
f 1447/2203/928 1765/1342/928 2176/1930/928 1984/1927/928
f 1765/1342/928 1325/1341/928 1763/1931/928 2176/1930/928
f 1794/1943/928 2177/1926/928 1985/1929/928 1472/1944/928
f 1361/1524/928 1631/2204/928 2177/1926/928 1794/1943/928
f 1631/2204/928 1447/2203/928 1984/1927/928 2177/1926/928
f 1661/1416/928 2178/1922/928 1663/1925/928 1379/1417/928
f 1472/1944/928 1985/1929/928 2178/1922/928 1661/1416/928
f 1985/1929/928 1549/1928/928 1983/1923/928 2178/1922/928
f 1980/1915/1282 2179/1918/1285 1982/1921/1288 1548/1916/1283
f 1476/1902/1270 1798/2264/1510 2179/1918/1285 1980/1915/1282
f 2116/2243/1489 2064/2148/1464 2586/2275/1521 2589/2352/1598
f 1614/2353/928 2180/1914/1281 1981/1917/1284 1430/2354/1599
f 1344/2355/928 1665/1903/1192 2180/1914/1281 1614/2353/928
f 1665/1903/1192 1476/1902/1270 1980/1915/1282 2180/1914/1281
f 1747/2356/1600 2181/1910/1277 1606/1913/1280 1330/2357/1601
f 1430/2354/1599 1981/1917/1284 2181/1910/1277 1747/2356/1600
f 1981/1917/1284 1548/1916/1283 1979/1911/1278 2181/1910/1277
f 1976/1905/1272 2182/2266/1512 1978/2255/1501 1547/1906/1273
f 1399/1801/1190 1714/1472/1025 2182/2266/1512 1976/1905/1272
f 1483/1849/1224 1949/2358/1602 2571/2359/1603 2484/2360/1604
f 1577/2361/1605 2183/1904/1271 1977/1907/1274 1393/2362/928
f 1321/2363/1606 1583/1802/1191 2183/1904/1271 1577/2361/1605
f 1583/1802/1191 1399/1801/1190 1976/1905/1272 2183/1904/1271
f 1708/2364/928 2184/1900/1181 1665/1903/1192 1344/2355/928
f 1393/2362/928 1977/1907/1274 2184/1900/1181 1708/2364/928
f 1977/1907/1274 1547/1906/1273 1975/1901/1269 2184/1900/1181
f 1972/1893/1262 2185/1896/1265 1974/1899/1268 1546/1894/1263
f 1436/2145/1461 1753/1362/934 2185/1896/1265 1972/1893/1262
f 1753/1362/934 1336/1361/933 1774/1897/1266 2185/1896/1265
f 1666/1891/1260 2129/2103/1419 2597/2365/1607 2513/2366/1608
f 1915/2367/1609 2306/2288/1534 2623/2291/1537 2559/2368/1610
f 1620/2146/1462 1436/2145/1461 1972/1893/1262 2186/1892/1261
f 2129/2103/1419 2049/2106/1422 2582/2369/1611 2597/2365/1607
f 2066/2244/1490 2116/2243/1489 2589/2352/1598 2588/2370/1612
f 1973/1895/1264 1546/1894/1263 1971/1889/1258 2187/1888/1257
f 1968/1881/1252 2188/1884/1253 1970/1887/1256 1545/1882/991
f 1480/1866/1241 1802/1442/996 2188/1884/1253 1968/1881/1252
f 1802/1442/996 1380/1441/995 1800/1885/1254 2188/1884/1253
f 1626/2371/928 2189/1880/1251 1969/1883/928 1442/2372/928
f 1356/2373/928 1669/1867/1242 2189/1880/1251 1626/2371/928
f 1669/1867/1242 1480/1866/1241 1968/1881/1252 2189/1880/1251
f 1759/2374/928 2190/1876/928 1576/1879/928 1319/2375/928
f 1442/2372/928 1969/1883/928 2190/1876/928 1759/2374/928
f 1969/1883/928 1545/1882/991 1967/1877/928 2190/1876/928
f 1964/1869/1244 2191/1872/1247 1966/1875/1250 1544/1870/1245
f 1422/1912/1279 1737/1426/982 2191/1872/1247 1964/1869/1244
f 1962/1863/1238 1455/1443/997 2432/1446/1000 2450/2376/1613
f 1589/2377/1614 2192/1868/1243 1965/1871/1246 1405/2378/928
f 1330/2357/1601 1606/1913/1280 2192/1868/1243 1589/2377/1614
f 1606/1913/1280 1422/1912/1279 1964/1869/1244 2192/1868/1243
f 1720/2379/928 2193/1864/1239 1669/1867/1242 1356/2373/928
f 1405/2378/928 1965/1871/1246 2193/1864/1239 1720/2379/928
f 1965/1871/1246 1544/1870/1245 1963/1865/1240 2193/1864/1239
f 2191/1872/1247 1737/1426/982 2443/2380/1615 2456/2381/1616
f 2047/2382/1551 1457/1855/1230 2433/1857/1232 2451/2383/1617
f 1775/1378/950 1339/1377/949 1773/1862/1237 2194/1861/1236
f 2126/2100/1416 1670/2296/1542 2442/2304/1550 2454/2101/1417
f 1369/2295/1541 1803/2294/1540 2446/2384/1618 2429/2385/1619
f 1380/1441/995 1668/1440/994 2441/2293/1539 2431/2303/1549
f 1775/1378/950 2194/1861/1236 2457/2386/1620 2444/1856/1231
f 1737/1426/982 1371/1425/981 2430/2297/1543 2443/2380/1615
f 1562/2387/1421 2047/2388/1551 2451/2389/1617 2437/2390/1621
f 1364/2239/1485 1818/2238/1484 2550/2391/1622 2464/2392/1623
f 1675/1470/1023 1487/2137/1453 2489/2140/1456 2520/2393/1624
f 1797/1919/1286 2179/1918/1285 2598/2394/1625 2536/2301/1547
f 1383/2240/1486 1817/2395/1626 2549/2396/1627 2473/2397/1628
f 2218/2398/1629 1733/2399/1630 2531/2400/1631 2611/2401/1632
f 1930/2134/1450 2218/2398/1629 2611/2401/1632 2564/2135/1451
f 1418/1831/1206 1943/1830/1205 2567/2402/1633 2476/2403/1634
f 2179/1918/1285 1798/2264/1510 2538/2265/1511 2598/2394/1625
f 1734/1450/1004 1419/1851/1226 2477/1854/1229 2532/2404/1635
f 1952/1844/1219 2200/1847/1222 1954/1850/1225 1542/1845/1220
f 1431/2405/1636 1615/2406/1637 2200/1847/1222 1952/1844/1219
f 1615/2406/1637 1345/2407/1638 1805/1848/1223 2200/1847/1222
f 1771/1814/1201 2201/1843/1218 1953/1846/1221 1453/1815/1202
f 1331/2408/1639 1748/2409/1640 2201/1843/1218 1771/1814/1201
f 1748/2409/1640 1431/2405/1636 1952/1844/1219 2201/1843/1218
f 1637/2410/1641 1367/2276/1522 2465/2279/1525 2509/2411/1642
f 1453/1815/1202 1953/1846/1221 2202/2412/1643 1638/2413/1644
f 2204/2414/1645 1948/2415/1646 2570/2416/1647 2607/2417/1648
f 1683/2241/1487 1383/2240/1486 2473/2397/1628 2527/2260/1506
f 1394/2418/1649 1578/2419/1650 2203/2420/1651 1948/2415/1646
f 1578/2419/1650 1322/2421/1652 1764/2422/1653 2203/2420/1651
f 1805/1848/1223 2204/2414/1645 1949/2358/1602 1483/1849/1224
f 1345/2407/1638 1709/2423/928 2204/2414/1645 1805/1848/1223
f 1709/2423/928 1394/2418/1649 1948/2415/1646 2204/2414/1645
f 1733/2399/1630 1418/1831/1206 2476/2403/1634 2531/2400/1631
f 2049/2106/1422 1475/1920/1287 2481/2302/1548 2582/2369/1611
f 1382/2242/1488 1813/2424/1654 2548/2425/1655 2472/2426/1656
f 1944/1834/1209 2206/1837/1212 1946/1840/1215 1541/1835/1210
f 1486/1819/928 1808/1464/1017 2206/1837/1212 1944/1834/1209
f 1808/1464/1017 1381/1463/1016 1806/1838/1213 2206/1837/1212
f 1610/2427/928 2207/1833/1208 1945/1836/1211 1426/2428/1657
f 1340/2429/928 1673/1820/928 2207/1833/1208 1610/2427/928
f 1673/1820/928 1486/1819/928 1944/1834/1209 2207/1833/1208
f 1743/2430/1658 2208/1829/1204 1602/1832/1207 1326/2431/1659
f 1426/2428/1657 1945/1836/1211 2208/1829/1204 1743/2430/1658
f 1945/1836/1211 1541/1835/1210 1943/1830/1205 2208/1829/1204
f 1940/1822/928 2209/1825/928 1942/1828/928 1540/1823/928
f 1443/2432/928 1627/2433/928 2209/1825/928 1940/1822/928
f 1627/2433/928 1357/2434/928 1807/1826/928 2209/1825/928
f 1573/2435/928 2210/1821/928 1941/1824/928 1389/2436/928
f 1317/2437/928 1760/2438/928 2210/1821/928 1573/2435/928
f 1760/2438/928 1443/2432/928 1940/1822/928 2210/1821/928
f 1704/2439/928 2211/1817/928 1673/1820/928 1340/2429/928
f 1389/2436/928 1941/1824/928 2211/1817/928 1704/2439/928
f 1941/1824/928 1540/1823/928 1939/1818/928 2211/1817/928
f 1936/1810/928 2212/1813/1200 1938/1816/1203 1539/1811/1198
f 1406/2440/928 1590/2441/928 2212/1813/1200 1936/1810/928
f 1590/2441/928 1331/2408/1639 1771/1814/1201 2212/1813/1200
f 1807/1826/928 2213/1809/928 1937/1812/1199 1485/1827/928
f 1357/2434/928 1721/2442/928 2213/1809/928 1807/1826/928
f 1721/2442/928 1406/2440/928 1936/1810/928 2213/1809/928
f 1672/1462/1015 2214/2443/1660 1674/2444/1661 1381/1463/1016
f 1485/1827/928 1937/1812/1199 2214/2443/1660 1672/1462/1015
f 1937/1812/1199 1539/1811/1198 1935/2445/1662 2214/2443/1660
f 1932/1804/1193 2215/2446/1663 1934/2138/1454 1538/1805/1194
f 1488/1791/1180 1809/2151/1467 2215/2446/1663 1932/1804/1193
f 1535/2447/1664 1915/2448/1665 2559/2449/1610 2498/2450/1666
f 1622/2451/928 2216/1803/1192 1933/1806/1195 1438/2452/928
f 1352/2453/928 1676/1792/1181 2216/1803/1192 1622/2451/928
f 1676/1792/1181 1488/1791/1180 1932/1804/1193 2216/1803/1192
f 1755/2454/1667 2217/1799/1188 1583/1802/1191 1321/2363/1606
f 1438/2452/928 1933/1806/1195 2217/1799/1188 1755/2454/1667
f 1933/1806/1195 1538/1805/1194 1931/1800/1189 2217/1799/1188
f 1928/1794/1183 2218/2398/1629 1930/2134/1450 1537/1795/1184
f 1418/1831/1206 1733/2399/1630 2218/2398/1629 1928/1794/1183
f 1732/2277/1523 1417/2455/1668 2474/2456/1669 2530/2278/1524
f 1585/2457/1670 2219/1793/1182 1929/1796/1185 1401/2458/1671
f 1326/2431/1659 1602/1832/1207 2219/1793/1182 1585/2457/1670
f 1602/1832/1207 1418/1831/1206 1928/1794/1183 2219/1793/1182
f 1716/2459/1430 2220/1789/1178 1676/1792/1181 1352/2453/928
f 1401/2458/1671 1929/1796/1185 2220/1789/1178 1716/2459/1430
f 1929/1796/1185 1537/1795/1184 1927/1790/1179 2220/1789/1178
f 2229/2460/1672 1915/2461/1609 2559/2368/1610 2614/2462/1673
f 1949/2358/1602 2204/2414/1645 2607/2417/1648 2571/2359/1603
f 2265/1630/1100 1637/2410/1641 2509/2411/1642 2620/2463/1674
f 1634/2298/1544 2229/2460/1672 2614/2462/1673 2508/2299/1545
f 2203/2420/1651 1764/2422/1653 2533/2464/1675 2606/2465/1676
f 1671/1448/1002 2316/1447/1001 2630/2466/1677 2514/2467/1678
f 1869/1637/1107 2265/1630/1100 2620/2463/1674 2551/2468/1679
f 1948/2415/1646 2203/2420/1651 2606/2465/1676 2570/2416/1647
f 1482/2251/1497 1671/1448/1002 2514/2467/1678 2483/2252/1498
f 1920/1781/1170 2224/1784/1173 1922/1787/1176 1536/1782/1171
f 1491/2284/1530 1813/2424/1654 2224/1784/1173 1920/1781/1170
f 1813/2424/1654 1382/2242/1488 1811/1785/1174 2224/1784/1173
f 1729/2174/1476 2225/1780/1169 1921/1783/1172 1414/2175/1172
f 1364/2239/1485 1679/2285/1531 2225/1780/1169 1729/2174/1476
f 1679/2285/1531 1491/2284/1530 1920/1781/1170 2225/1780/1169
f 1598/1352/930 2226/1776/930 1600/1779/928 1338/1353/928
f 1414/2175/1172 1921/1783/1172 2226/1776/930 1598/1352/930
f 1921/1783/1172 1536/1782/1171 1919/1777/930 2226/1776/930
f 1916/1769/1162 2227/1772/1165 1918/1775/1168 1535/1770/1163
f 1427/2469/1680 1611/2470/1681 2227/1772/1165 1916/1769/1162
f 1611/2470/1681 1341/2471/1682 1812/1773/1166 2227/1772/1165
f 1768/1732/1129 2228/1768/1161 1917/1771/1164 1450/1733/1130
f 1327/2472/1683 1744/2473/1684 2228/1768/1161 1768/1732/1129
f 1744/2473/1684 1427/2469/1680 1916/1769/1162 2228/1768/1161
f 1679/2285/1531 1364/2239/1485 2464/2392/1623 2524/2286/1532
f 1450/1733/1130 1917/1771/1164 2229/2460/1672 1634/2298/1544
f 1917/1771/1164 1535/1770/1163 1915/2461/1609 2229/2460/1672
f 1912/1759/1155 2230/1762/928 1914/1765/1158 1534/1760/1156
f 1390/2474/928 1574/2475/928 2230/1762/928 1912/1759/1155
f 1574/2475/928 1318/2476/928 1761/1763/928 2230/1762/928
f 1812/1773/1166 2231/1758/1154 1913/1761/1157 1490/1774/1167
f 1341/2471/1682 1705/2477/1155 2231/1758/1154 1812/1773/1166
f 1705/2477/1155 1390/2474/928 1912/1759/1155 2231/1758/1154
f 1678/2289/1535 2232/1754/1150 1680/1757/1153 1382/2242/1488
f 1490/1774/1167 1913/1761/1157 2232/1754/1150 1678/2289/1535
f 1913/1761/1157 1534/1760/1156 1911/1755/1151 2232/1754/1150
f 1908/1747/1143 2233/1750/1146 1910/1753/1149 1533/1748/1144
f 1495/2270/1516 1817/2395/1626 2233/1750/1146 1908/1747/1143
f 1817/2395/1626 1383/2240/1486 1815/1751/1147 2233/1750/1146
f 1725/2130/1446 2234/1746/1142 1909/1749/1145 1410/2131/1447
f 1417/2455/1668 2066/2244/1490 2588/2370/1612 2474/2456/1669
f 1682/2248/1494 1495/2270/1516 1908/1747/1143 2234/1746/1142
f 1594/1368/940 2235/1742/1139 1599/1745/1141 1335/1369/941
f 1410/2131/1447 1909/1749/1145 2235/1742/1139 1594/1368/940
f 1909/1749/1145 1533/1748/1144 1907/1743/1140 2235/1742/1139
f 1904/2262/1508 2236/1738/1135 1906/1741/1138 1532/2245/1491
f 1439/2478/1685 1623/2479/1686 2236/1738/1135 1904/2262/1508
f 1623/2479/1686 1353/2480/1687 1816/1739/1136 2236/1738/1135
f 1678/2289/1535 1382/2242/1488 2472/2426/1656 2523/2290/1536
f 1322/2421/1652 1756/2481/1688 2237/2482/1689 1764/2422/1653
f 1756/2481/1688 1439/2478/1685 1904/2262/1508 2237/2482/1689
f 1714/1472/1025 1350/1471/1024 2462/2483/1690 2528/2267/1513
f 2316/1447/1001 1734/1450/1004 2532/2404/1635 2630/2466/1677
f 1603/1852/1227 2264/1634/1104 2619/2484/1691 2505/1853/1228
f 1900/1728/1125 2239/1731/1128 1902/1734/1131 1531/1729/1126
f 1402/2485/1692 1586/2486/1693 2239/1731/1128 1900/1728/1125
f 1586/2486/1693 1327/2472/1683 1768/1732/1129 2239/1731/1128
f 1816/1739/1136 2240/1727/1124 1901/1730/1127 1494/1740/1137
f 1353/2480/1687 1717/2487/1694 2240/1727/1124 1816/1739/1136
f 1717/2487/1694 1402/2485/1692 1900/1728/1125 2240/1727/1124
f 1638/2413/1644 2202/2412/1643 2605/2488/1695 2510/2489/1696
f 2215/2446/1663 1809/2151/1467 2546/2152/1468 2610/2490/1697
f 2264/1634/1104 1869/1637/1107 2551/2468/1679 2619/2484/1691
f 1896/1719/928 2242/1722/928 1898/1725/928 1530/1720/928
f 1499/1704/928 1821/1505/928 2242/1722/928 1896/1719/928
f 1821/1505/928 1384/1504/928 1819/1723/928 2242/1722/928
f 1713/2210/928 2243/1718/928 1897/1721/928 1398/2211/928
f 1349/1532/928 1686/1705/928 2243/1718/928 1713/2210/928
f 1686/1705/928 1499/1704/928 1896/1719/928 2243/1718/928
f 1582/1340/928 2244/1714/928 1584/1717/928 1325/1341/928
f 1398/2211/928 1897/1721/928 2244/1714/928 1582/1340/928
f 1897/1721/928 1530/1720/928 1895/1715/928 2244/1714/928
f 1892/1707/928 2245/1710/928 1894/1713/928 1529/1708/928
f 1415/1744/1094 1730/1492/928 2245/1710/928 1892/1707/928
f 1730/1492/928 1365/1491/928 1820/1711/928 2245/1710/928
f 1752/1627/928 2246/1706/928 1893/1709/928 1435/1628/928
f 1335/1369/941 1599/1745/1141 2246/1706/928 1752/1627/928
f 1599/1745/1141 1415/1744/1094 1892/1707/928 2246/1706/928
f 1619/1531/928 2247/1702/928 1686/1705/928 1349/1532/928
f 1435/1628/928 1893/1709/928 2247/1702/928 1619/1531/928
f 1893/1709/928 1529/1708/928 1891/1703/928 2247/1702/928
f 1888/1695/928 2248/1698/928 1890/1701/928 1528/1696/928
f 1451/2167/928 1769/1354/928 2248/1698/928 1888/1695/928
f 1769/1354/928 1338/1353/928 1767/1699/928 2248/1698/928
f 1820/1711/928 2249/1694/928 1889/1697/928 1498/1712/928
f 1365/1491/928 1635/2168/928 2249/1694/928 1820/1711/928
f 1635/2168/928 1451/2167/928 1888/1695/928 2249/1694/928
f 1685/1503/928 2250/1690/928 1687/1693/928 1384/1504/928
f 1498/1712/928 1889/1697/928 2250/1690/928 1685/1503/928
f 1889/1697/928 1528/1696/928 1887/1691/928 2250/1690/928
f 1884/1683/928 2251/1686/928 1886/1689/928 1527/1684/928
f 1503/1668/928 1825/1517/928 2251/1686/928 1884/1683/928
f 1825/1517/928 1385/1516/928 1823/1687/928 2251/1686/928
f 1728/2186/928 2252/1682/928 1885/1685/928 1413/2187/928
f 1363/1508/928 1690/1669/928 2252/1682/928 1728/2186/928
f 1690/1669/928 1503/1668/928 1884/1683/928 2252/1682/928
f 1597/1348/928 2253/1678/928 1596/1681/1122 1337/1349/929
f 1413/2187/928 1885/1685/928 2253/1678/928 1597/1348/928
f 1885/1685/928 1527/1684/928 1883/1679/928 2253/1678/928
f 1880/1671/928 2254/1674/928 1882/1677/928 1526/1672/928
f 1416/1778/928 1731/1480/928 2254/1674/928 1880/1671/928
f 1731/1480/928 1366/1479/928 1824/1675/928 2254/1674/928
f 1767/1699/928 2255/1670/928 1881/1673/928 1449/1700/928
f 1338/1353/928 1600/1779/928 2255/1670/928 1767/1699/928
f 1600/1779/928 1416/1778/928 1880/1671/928 2255/1670/928
f 1633/1507/928 2256/1666/928 1690/1669/928 1363/1508/928
f 1449/1700/928 1881/1673/928 2256/1666/928 1633/1507/928
f 1881/1673/928 1526/1672/928 1879/1667/928 2256/1666/928
f 1876/1659/928 2257/1662/928 1878/1665/928 1525/1660/928
f 1452/2155/928 1770/1358/928 2257/1662/928 1876/1659/928
f 1770/1358/928 1332/1357/928 1749/1663/928 2257/1662/928
f 1824/1675/928 2258/1658/928 1877/1661/928 1502/1676/928
f 1366/1479/928 1636/2156/928 2258/1658/928 1824/1675/928
f 1636/2156/928 1452/2155/928 1876/1659/928 2258/1658/928
f 1689/1515/928 2259/1654/928 1691/1657/928 1385/1516/928
f 1502/1676/928 1877/1661/928 2259/1654/928 1689/1515/928
f 1877/1661/928 1525/1660/928 1875/1655/928 2259/1654/928
f 1872/1647/1116 2260/1650/1119 1874/1653/1121 1524/1648/1117
f 1507/1632/1102 1829/1529/1049 2260/1650/1119 1872/1647/1116
f 1829/1529/1049 1386/1528/1048 1827/1651/1120 2260/1650/1119
f 1732/2277/1523 2261/1646/1115 1873/1649/1118 1417/2455/1668
f 1367/2276/1522 1694/1633/1103 2261/1646/1115 1732/2277/1523
f 1694/1633/1103 1507/1632/1102 1872/1647/1116 2261/1646/1115
f 1601/1360/932 2262/1642/1112 1595/1645/1114 1336/1361/933
f 1417/2455/1668 1873/1649/1118 2262/1642/1112 1601/1360/932
f 1873/1649/1118 1524/1648/1117 1871/1643/1113 2262/1642/1112
f 1868/1635/1105 2263/1638/1108 1870/1641/1111 1523/1636/1106
f 1419/1851/1226 1734/1450/1004 2263/1638/1108 1868/1635/1105
f 1734/1450/1004 1368/1449/1003 1828/1639/1109 2263/1638/1108
f 2202/2412/1643 1953/1846/1221 2574/2491/1698 2605/2488/1695
f 1934/2138/1454 2215/2446/1663 2610/2490/1697 2565/2139/1455
f 1603/1852/1227 1419/1851/1226 1868/1635/1105 2264/1634/1104
f 1637/2410/1641 2265/1630/1100 1694/1633/1103 1367/2276/1522
f 1350/1471/1024 1675/1470/1023 2520/2393/1624 2462/2483/1690
f 1869/1637/1107 1523/1636/1106 1867/1631/1101 2265/1630/1100
f 1864/1623/1099 2266/1626/928 1866/1629/928 1522/1624/928
f 1454/2123/1439 1772/1370/942 2266/1626/928 1864/1623/1099
f 1772/1370/942 1335/1369/941 1752/1627/928 2266/1626/928
f 1828/1639/1109 2267/1622/1098 1865/1625/1099 1506/1640/1110
f 1368/1449/1003 1639/2124/1440 2267/1622/1098 1828/1639/1109
f 1639/2124/1440 1454/2123/1439 1864/1623/1099 2267/1622/1098
f 1693/1527/1047 2268/1618/928 1695/1621/928 1386/1528/1048
f 1506/1640/1110 1865/1625/1099 2268/1618/928 1693/1527/1047
f 1865/1625/1099 1522/1624/928 1863/1619/928 2268/1618/928
f 1860/1611/1096 2269/1614/928 1862/1617/928 1521/1612/1094
f 1511/1596/1088 1833/1541/928 2269/1614/928 1860/1611/1096
f 1833/1541/928 1387/1540/928 1831/1615/928 2269/1614/928
f 1735/2118/1434 2270/1610/1095 1861/1613/1097 1420/2119/1435
f 1369/2295/1541 1698/1597/1089 2270/1610/1095 1735/2118/1434
f 1698/1597/1089 1511/1596/1088 1860/1611/1096 2270/1610/1095
f 1604/1372/944 2271/1606/1094 1588/1609/928 1329/1373/945
f 1420/2119/1435 1861/1613/1097 2271/1606/1094 1604/1372/944
f 1861/1613/1097 1521/1612/1094 1859/1607/928 2271/1606/1094
f 1856/1599/1091 2272/1602/1056 1858/1605/928 1520/1600/1092
f 1423/1948/1295 1738/1414/975 2272/1602/1056 1856/1599/1091
f 1738/1414/975 1372/1413/928 1832/1603/928 2272/1602/1056
f 1773/1862/1237 2273/1598/1090 1857/1601/1093 1455/1443/997
f 1339/1377/949 1607/1949/1296 2273/1598/1090 1773/1862/1237
f 1607/1949/1296 1423/1948/1295 1856/1599/1091 2273/1598/1090
f 1640/1444/998 2274/1594/1086 1698/1597/1089 1369/2295/1541
f 1455/1443/997 1857/1601/1093 2274/1594/1086 1640/1444/998
f 1857/1601/1093 1520/1600/1092 1855/1595/1087 2274/1594/1086
f 1852/1587/1082 2275/1590/954 1854/1593/1085 1519/1588/1082
f 1458/2089/1082 1776/1382/954 2275/1590/954 1852/1587/1082
f 1776/1382/954 1334/1381/953 1751/1591/1083 2275/1590/954
f 1832/1603/928 2276/1586/928 1853/1589/928 1510/1604/928
f 1372/1413/928 1643/2090/928 2276/1586/928 1832/1603/928
f 1643/2090/928 1458/2089/1082 1852/1587/1082 2276/1586/928
f 1697/1539/928 2277/1582/928 1699/1585/928 1387/1540/928
f 1510/1604/928 1853/1589/928 2277/1582/928 1697/1539/928
f 1853/1589/928 1519/1588/1082 1851/1583/1080 2277/1582/928
f 1848/1575/1073 2278/1578/1076 1850/1581/1079 1518/1576/1074
f 1515/2492/1699 1837/1553/1060 2278/1578/1076 1848/1575/1073
f 1837/1553/1060 1388/1552/1059 1835/1579/1077 2278/1578/1076
f 1739/2084/1407 2279/1574/1072 1849/1577/1075 1424/2085/1408
f 1373/2308/1554 1702/2493/1700 2279/1574/1072 1739/2084/1407
f 1702/2493/1700 1515/2492/1699 1848/1575/1073 2279/1574/1072
f 1608/1384/956 2280/1570/1069 1592/1573/957 1333/1385/957
f 1424/2085/1408 1849/1577/1075 2280/1570/1069 1608/1384/956
f 1849/1577/1075 1518/1576/1074 1847/1571/1070 2280/1570/1069
f 1659/2310/1556 1378/2309/1555 2356/2494/1701 2381/2495/1702
f 1843/2345/1591 1515/2492/1699 2367/2496/1703 2394/2346/1592
f 2028/2326/1572 2143/2054/1382 2415/2497/1704 2405/2334/1580
f 1841/1565/1068 1514/2498/1705 2366/2499/1706 2393/2351/1597
f 1425/2016/1352 2015/2015/1351 2402/2500/1707 2358/2501/1708
f 1785/2332/1578 1377/1401/964 2355/2502/1709 2387/2503/1710
f 1702/2493/1700 1373/2308/1554 2351/2504/1711 2383/2505/1712
f 1461/2056/1384 1648/2322/1568 2376/2339/1585 2361/2506/1713
f 1792/2307/1553 1470/2306/1552 2365/2507/1714 2391/2508/1715
f 1840/1563/1066 2284/1566/928 1842/1569/928 1517/1564/1067
f 1460/2060/1388 1780/1390/928 2284/1566/928 1840/1563/1066
f 1780/1390/928 1328/1389/928 1745/1567/928 2284/1566/928
f 2143/2054/1382 2030/2057/1385 2407/2509/1716 2415/2497/1704
f 1552/1972/1313 2000/1971/1312 2400/2510/1717 2369/2336/1582
f 1647/2061/1389 1460/2060/1388 1840/1563/1066 2285/1562/1065
f 1701/1551/1058 2286/1558/1061 1703/1561/1064 1388/1552/1059
f 1514/2498/1705 1841/1565/1068 2286/1558/1061 1701/1551/1058
f 1841/1565/1068 1517/1564/1067 1839/1559/1062 2286/1558/1061
f 1839/1559/1062 2287/1554/928 1838/1557/928 1516/1560/1063
f 1517/1564/1067 1842/1569/928 2287/1554/928 1839/1559/1062
f 1842/1569/928 1428/1568/928 1612/1555/928 2287/1554/928
f 1843/2345/1591 2288/1550/1057 1837/1553/1060 1515/2492/1699
f 2327/2511/1718 1999/1967/1308 2399/2337/1583 2426/2512/1719
f 1377/1401/964 1655/1993/1333 2379/2513/1720 2355/2502/1709
f 1847/1571/1070 2289/1546/1054 1723/1549/1056 1408/1572/1071
f 1518/1576/1074 1850/1581/1079 2289/1546/1054 1847/1571/1070
f 1850/1581/1079 1513/1580/1078 1700/1547/1055 2289/1546/1054
f 1851/1583/1080 2290/1542/1050 1834/1545/1053 1512/1584/1081
f 1519/1588/1082 1854/1593/1085 2290/1542/1050 1851/1583/1080
f 1854/1593/1085 1434/1592/1084 1618/1543/1051 2290/1542/1050
f 1855/1595/1087 2291/1538/928 1833/1541/928 1511/1596/1088
f 1520/1600/1092 1858/1605/928 2291/1538/928 1855/1595/1087
f 1858/1605/928 1510/1604/928 1697/1539/928 2291/1538/928
f 1859/1607/928 2292/1534/928 1719/1537/928 1404/1608/928
f 1521/1612/1094 1862/1617/928 2292/1534/928 1859/1607/928
f 1862/1617/928 1509/1616/928 1696/1535/928 2292/1534/928
f 1863/1619/928 2293/1530/928 1830/1533/928 1508/1620/928
f 1522/1624/928 1866/1629/928 2293/1530/928 1863/1619/928
f 1866/1629/928 1435/1628/928 1619/1531/928 2293/1530/928
f 1867/1631/1101 2294/1526/1046 1829/1529/1049 1507/1632/1102
f 1523/1636/1106 1870/1641/1111 2294/1526/1046 1867/1631/1101
f 1870/1641/1111 1506/1640/1110 1693/1527/1047 2294/1526/1046
f 1871/1643/1113 2295/1522/928 1726/1525/928 1411/1644/1056
f 1524/1648/1117 1874/1653/1121 2295/1522/928 1871/1643/1113
f 1874/1653/1121 1505/1652/928 1692/1523/928 2295/1522/928
f 1875/1655/928 2296/1518/928 1826/1521/928 1504/1656/928
f 1525/1660/928 1878/1665/928 2296/1518/928 1875/1655/928
f 1878/1665/928 1432/1664/928 1616/1519/928 2296/1518/928
f 1879/1667/928 2297/1514/928 1825/1517/928 1503/1668/928
f 1526/1672/928 1882/1677/928 2297/1514/928 1879/1667/928
f 1882/1677/928 1502/1676/928 1689/1515/928 2297/1514/928
f 1883/1679/928 2298/1510/928 1727/1513/928 1412/1680/974
f 1527/1684/928 1886/1689/928 2298/1510/928 1883/1679/928
f 1886/1689/928 1501/1688/928 1688/1511/928 2298/1510/928
f 1887/1691/928 2299/1506/928 1822/1509/928 1500/1692/928
f 1528/1696/928 1890/1701/928 2299/1506/928 1887/1691/928
f 1890/1701/928 1449/1700/928 1633/1507/928 2299/1506/928
f 1891/1703/928 2300/1502/928 1821/1505/928 1499/1704/928
f 1529/1708/928 1894/1713/928 2300/1502/928 1891/1703/928
f 1894/1713/928 1498/1712/928 1685/1503/928 2300/1502/928
f 1895/1715/928 2301/1498/928 1715/1501/1045 1400/1716/928
f 1530/1720/928 1898/1725/928 2301/1498/928 1895/1715/928
f 1898/1725/928 1497/1724/928 1684/1499/928 2301/1498/928
f 1906/1741/1138 1494/1740/1137 2493/2283/1529 2558/2246/1492
f 2214/2443/1660 1935/2445/1662 2566/2514/1721 2609/2515/1722
f 1806/1838/1213 1381/1463/1016 2470/2516/1723 2542/1908/1275
f 1381/1463/1016 1674/2444/1661 2519/2517/1724 2470/2516/1723
f 1674/2444/1661 2214/2443/1660 2609/2515/1722 2519/2517/1724
f 1954/1850/1225 1483/1849/1224 2484/2360/1604 2575/2272/1518
f 1907/1743/1140 2304/1489/1038 1730/1492/928 1415/1744/1094
f 1533/1748/1144 1910/1753/1149 2304/1489/1038 1907/1743/1140
f 1910/1753/1149 1493/1752/1148 1681/1490/930 2304/1489/1038
f 1911/1755/1151 2305/1485/1036 1814/1488/1037 1492/1756/1152
f 1534/1760/1156 1914/1765/1158 2305/1485/1036 1911/1755/1151
f 1914/1765/1158 1444/1764/928 1628/1486/928 2305/1485/1036
f 1902/1734/1131 1450/1733/1130 2479/2300/1546 2554/2280/1526
f 1535/1770/1163 1918/1775/1168 2306/2288/1534 1915/2367/1609
f 1918/1775/1168 1490/1774/1167 1678/2289/1535 2306/2288/1534
f 1919/1777/930 2307/1477/1030 1731/1480/928 1416/1778/928
f 1536/1782/1171 1922/1787/1176 2307/1477/1030 1919/1777/930
f 1922/1787/1176 1489/1786/1175 1677/1478/1031 2307/1477/1030
f 2056/2126/1442 2123/2125/1441 2596/2518/1725 2583/2519/1726
f 1953/1846/1221 1542/1845/1220 2501/2273/1519 2574/2491/1698
f 1901/1730/1127 1531/1729/1126 2496/2281/1527 2553/2282/1528
f 1927/1790/1179 2309/2133/1449 1809/2151/1467 1488/1791/1180
f 1537/1795/1184 1930/2134/1450 2309/2133/1449 1927/1790/1179
f 2123/2125/1441 1804/2250/1496 2539/2253/1499 2596/2518/1725
f 1931/1800/1189 2310/1469/1022 1714/1472/1025 1399/1801/1190
f 1538/1805/1194 1934/2138/1454 2310/1469/1022 1931/1800/1189
f 1934/2138/1454 1487/2137/1453 1675/1470/1023 2310/1469/1022
f 1943/1830/1205 2313/2520/1727 2627/2521/1728 2567/2402/1633
f 1539/1811/1198 1938/1816/1203 2311/2522/1729 1935/2445/1662
f 1938/1816/1203 1453/1815/1202 1638/2413/1644 2311/2522/1729
f 1939/1818/928 2312/1461/928 1808/1464/1017 1486/1819/928
f 1540/1823/928 1942/1828/928 2312/1461/928 1939/1818/928
f 1942/1828/928 1485/1827/928 1672/1462/1015 2312/1461/928
f 1818/2238/1484 1496/2237/1483 2495/2261/1507 2550/2391/1622
f 1541/1835/1210 1946/1840/1215 2313/2520/1727 1943/1830/1205
f 2313/2520/1727 1946/1840/1215 2568/2523/1730 2627/2521/1728
f 1817/2395/1626 1495/2270/1516 2494/2271/1517 2549/2396/1627
f 1973/1895/1264 2187/1888/1257 2601/2524/1731 2580/2525/1732
f 2187/1888/1257 1666/1891/1260 2513/2366/1608 2601/2524/1731
f 1725/2130/1446 2122/2129/1445 2595/2526/1733 2529/2141/1457
f 2122/2129/1445 2056/2126/1442 2583/2519/1726 2595/2526/1733
f 2237/2482/1689 1904/2262/1508 2556/2263/1509 2616/2527/1734
f 1813/2424/1654 1491/2284/1530 2492/2287/1533 2548/2425/1655
f 1946/1840/1215 1484/1839/1214 2487/1909/1276 2568/2523/1730
f 1620/2146/1462 2186/1892/1261 2600/2528/1735 2506/2269/1515
f 2194/1861/1236 1962/1863/1238 2450/2376/1613 2457/2386/1620
f 2125/2117/1433 2052/2099/1415 2452/2102/1418 2453/2529/1736
f 1640/1444/998 1369/2295/1541 2429/2385/1619 2438/1445/999
f 1963/1865/1240 2318/1439/993 1802/1442/996 1480/1866/1241
f 1544/1870/1245 1966/1875/1250 2318/1439/993 1963/1865/1240
f 1966/1875/1250 1479/1874/1249 1668/1440/994 2318/1439/993
f 1967/1877/928 2319/1435/991 1707/1438/928 1392/1878/928
f 1545/1882/991 1970/1887/1256 2319/1435/991 1967/1877/928
f 1970/1887/1256 1478/1886/1255 1667/1436/992 2319/1435/991
f 1971/1889/1258 2320/1431/987 1799/1434/990 1477/1890/1259
f 1546/1894/1263 1974/1899/1268 2320/1431/987 1971/1889/1258
f 1974/1899/1268 1456/1898/1267 1641/1432/988 2320/1431/987
f 1975/1901/1269 2321/2254/1500 1798/2264/1510 1476/1902/1270
f 1547/1906/1273 1978/2255/1501 2321/2254/1500 1975/1901/1269
f 1764/2422/1653 2237/2482/1689 2616/2527/1734 2533/2464/1675
f 1979/1911/1278 2322/1423/979 1737/1426/982 1422/1912/1279
f 1548/1916/1283 1982/1921/1288 2322/1423/979 1979/1911/1278
f 1982/1921/1288 1475/1920/1287 1664/1424/980 2322/1423/979
f 1983/1923/928 2323/1419/928 1796/1422/978 1474/1924/928
f 1549/1928/928 1986/1933/928 2323/1419/928 1983/1923/928
f 1986/1933/928 1446/1932/928 1630/1420/976 2323/1419/928
f 1987/1935/928 2324/1415/928 1795/1418/928 1473/1936/928
f 1550/1940/928 1990/1945/928 2324/1415/928 1987/1935/928
f 1990/1945/928 1472/1944/928 1661/1416/928 2324/1415/928
f 1991/1947/1294 2325/1411/974 1738/1414/975 1423/1948/1295
f 1551/1952/1289 1994/1957/928 2325/1411/974 1991/1947/1294
f 1994/1957/928 1471/1956/928 1660/1412/928 2325/1411/974
f 2152/2330/1576 1785/2332/1578 2387/2503/1710 2418/2530/1737
f 1470/2306/1552 1659/2310/1556 2381/2495/1702 2365/2507/1714
f 1791/2333/1579 2327/2511/1718 2426/2512/1719 2390/2531/1738
f 1999/1967/1308 2327/2511/1718 1791/2333/1579 1469/1968/1309
f 2030/2057/1385 1461/2056/1384 2361/2506/1713 2407/2509/1716
f 1467/1992/1332 1788/1406/969 2388/2350/1596 2363/2532/1739
f 2003/1979/1320 2328/1407/970 1711/1410/973 1396/1980/1321
f 1553/1984/1324 2006/1989/1329 2328/1407/970 2003/1979/1320
f 2006/1989/1329 1468/1988/1328 1656/1408/971 2328/1407/970
f 2007/1991/1331 2329/1403/966 1788/1406/969 1467/1992/1332
f 1554/1996/1336 2010/2001/1340 2329/1403/966 2007/1991/1331
f 2010/2001/1340 1459/2000/1339 1645/1404/967 2329/1403/966
f 2011/2003/1342 2330/1399/962 1787/1402/965 1466/2004/1343
f 1555/2008/1345 2014/2013/1349 2330/1399/962 2011/2003/1342
f 2014/2013/1349 1465/2012/1348 1653/1400/963 2330/1399/962
f 2015/2015/1351 1556/2020/1356 2370/2348/1594 2402/2500/1707
f 2018/2331/1577 2152/2330/1576 2418/2530/1737 2403/2347/1593
f 1515/2492/1699 1702/2493/1700 2383/2505/1712 2367/2496/1703
f 2019/2025/1361 2332/1395/928 1784/1398/928 1464/2026/1362
f 1557/2030/928 2022/2035/928 2332/1395/928 2019/2025/1361
f 2022/2035/928 1440/2034/928 1624/1396/928 2332/1395/928
f 2023/2037/1366 2333/1391/958 1783/1394/961 1463/2038/1367
f 1558/2042/1371 2026/2047/1375 2333/1391/958 2023/2037/1366
f 2026/2047/1375 1462/2046/1374 1649/1392/959 2333/1391/958
f 1373/2308/1554 1792/2307/1553 2391/2508/1715 2351/2504/1711
f 1374/1405/968 1650/2039/1368 2377/2343/1589 2352/2349/1595
f 1514/2498/1705 1701/1551/1058 2382/2341/1587 2366/2499/1706
f 2031/2059/1387 2335/1387/928 1780/1390/928 1460/2060/1388
f 1559/2064/1392 2034/2069/928 2335/1387/928 2031/2059/1387
f 2034/2069/928 1403/2068/928 1587/1388/928 2335/1387/928
f 2000/1971/1312 1425/2016/1352 2358/2501/1708 2400/2510/1717
f 1655/1993/1333 1467/1992/1332 2363/2532/1739 2379/2513/1720
f 1378/2309/1555 1791/2333/1579 2390/2531/1738 2356/2494/1701
f 2039/2076/1400 2337/1383/955 1750/1386/957 1433/2077/973
f 1560/2081/1404 2042/2086/1409 2337/1383/955 2039/2076/1400
f 2042/2086/1409 1424/2085/1408 1608/1384/956 2337/1383/955
f 2043/2088/1082 2338/1379/951 1776/1382/954 1458/2089/1082
f 1561/2093/1410 2046/2098/1414 2338/1379/951 2043/2088/1082
f 2046/2098/1414 1409/2097/1413 1593/1380/952 2338/1379/951
f 2047/2382/1551 2339/1375/947 1775/1378/950 1457/1855/1230
f 1562/2105/1421 2050/2110/1426 2339/1375/947 2047/2382/1551
f 2050/2110/1426 1421/2109/1425 1605/1376/948 2339/1375/947
f 2051/2112/1428 2340/1371/943 1746/1374/946 1429/2113/1429
f 1563/2115/1431 2054/2120/1436 2340/1371/943 2051/2112/1428
f 2054/2120/1436 1420/2119/1435 1604/1372/944 2340/1371/943
f 2055/2122/1438 2341/1367/939 1772/1370/942 1454/2123/1439
f 1564/2127/1443 2058/2132/1448 2341/1367/939 2055/2122/1438
f 2058/2132/1448 1410/2131/1447 1594/1368/940 2341/1367/939
f 2186/1892/1261 1973/1895/1264 2580/2525/1732 2600/2528/1735
f 2311/2522/1729 1638/2413/1644 2510/2489/1696 2626/2533/1740
f 1935/2445/1662 2311/2522/1729 2626/2533/1740 2566/2514/1721
f 2063/2144/1460 2343/1359/931 1753/1362/934 1436/2145/1461
f 1565/2149/1465 2066/2244/1490 2343/1359/931 2063/2144/1460
f 2066/2244/1490 1417/2455/1668 1601/1360/932 2343/1359/931
f 2067/2154/928 2344/1355/928 1770/1358/928 1452/2155/928
f 1566/2159/1472 2070/2164/928 2344/1355/928 2067/2154/928
f 2070/2164/928 1407/2163/928 1591/1356/928 2344/1355/928
f 2071/2166/930 2345/1351/930 1769/1354/928 1451/2167/928
f 1567/2171/1172 2074/2176/1172 2345/1351/930 2071/2166/930
f 2074/2176/1172 1414/2175/1172 1598/1352/930 2345/1351/930
f 2075/2178/928 2346/1347/928 1754/1350/929 1437/2179/929
f 1568/2183/928 2078/2188/928 2346/1347/928 2075/2178/928
f 2078/2188/928 1413/2187/928 1597/1348/928 2346/1347/928
f 2079/2190/928 2347/1343/928 1766/1346/928 1448/2191/928
f 1569/2195/928 2082/2200/928 2347/1343/928 2079/2190/928
f 2082/2200/928 1395/2199/928 1579/1344/928 2347/1343/928
f 2083/2202/928 2348/1339/928 1765/1342/928 1447/2203/928
f 1570/2207/928 2086/2212/928 2348/1339/928 2083/2202/928
f 2086/2212/928 1398/2211/928 1582/1340/928 2348/1339/928
f 2087/2214/928 2349/1335/928 1758/1338/928 1441/2215/928
f 1571/2219/928 2090/2224/928 2349/1335/928 2087/2214/928
f 2090/2224/928 1397/2223/1478 1581/1336/928 2349/1335/928
f 2091/2226/928 2350/1331/928 1762/1334/928 1445/2227/928
f 1572/2231/1481 2094/2236/928 2350/1331/928 2091/2226/928
f 2094/2236/928 1391/2235/928 1575/1332/928 2350/1331/928
f 2396/2534/1741 2360/2535/1742 2283/1975/1316 1997/2072/1396
f 2428/2536/1743 2376/2339/1585 2354/2338/1584 2386/2537/1744
f 2427/2538/1745 2378/2539/1746 2353/2540/1747 2385/2541/1748
f 2426/2512/1719 2380/2542/1749 2356/2494/1701 2390/2531/1738
f 2425/2543/1750 2374/2544/1751 2351/2504/1711 2391/2508/1715
f 2422/2545/1752 2394/2346/1592 2367/2496/1703 2383/2505/1712
f 2411/2546/1753 2357/2547/1754 2331/1959/1300 1790/1958/1299
f 2421/2548/1755 2392/2549/1756 2366/2499/1706 2397/2550/1757
f 2420/2551/1758 2398/2552/1759 2365/2507/1714 2381/2495/1702
f 2417/2553/1760 2404/2554/1761 1844/2327/1573 1777/2321/1567
f 2425/2543/1750 2391/2508/1715 2002/2048/1376 1646/1977/1318
f 2419/2555/1762 2389/2556/1763 2364/2557/1764 2401/2558/1765
f 2418/2530/1737 2387/2503/1710 2362/2559/1766 2403/2347/1593
f 2389/2556/1763 2353/2540/1747 2334/2318/1564 2027/2319/1565
f 2416/2335/1581 2405/2334/1580 2371/2560/1767 2406/2561/1768
f 2395/2562/1769 2368/2563/1770 2168/2329/1575 1998/2052/1380
f 2413/2564/1771 2409/2565/1772 2372/2566/1773 2410/2567/1774
f 2412/2568/1775 2384/2569/1776 2357/2547/1754 2411/2546/1753
f 2409/2565/1772 2412/2568/1775 2411/2546/1753 2372/2566/1773
f 2363/2532/1739 2388/2350/1596 2412/2568/1775 2409/2565/1772
f 2388/2350/1596 2352/2349/1595 2384/2569/1776 2412/2568/1775
f 2387/2503/1710 2413/2564/1771 2410/2567/1774 2362/2559/1766
f 2355/2502/1709 2379/2513/1720 2413/2564/1771 2387/2503/1710
f 2379/2513/1720 2363/2532/1739 2409/2565/1772 2413/2564/1771
f 2373/2570/1777 2417/2553/1760 1777/2321/1567 2145/1960/1301
f 2362/2559/1766 2410/2567/1774 2414/2571/1778 2378/2539/1746
f 2410/2567/1774 2372/2566/1773 2408/2572/1779 2414/2571/1778
f 2405/2334/1580 2415/2497/1704 2407/2509/1716 2371/2560/1767
f 2384/2569/1776 2416/2335/1581 2406/2561/1768 2357/2547/1754
f 2352/2349/1595 2377/2343/1589 2416/2335/1581 2384/2569/1776
f 2421/2548/1755 2395/2562/1769 1998/2052/1380 1657/2074/1398
f 2357/2547/1754 2406/2561/1768 2417/2553/1760 2373/2570/1777
f 2406/2561/1768 2371/2560/1767 2404/2554/1761 2417/2553/1760
f 2400/2510/1717 2419/2555/1762 2401/2558/1765 2369/2336/1582
f 2358/2501/1708 2385/2541/1748 2419/2555/1762 2400/2510/1717
f 2385/2541/1748 2353/2540/1747 2389/2556/1763 2419/2555/1762
f 2360/2535/1742 2374/2544/1751 2138/1976/1317 2283/1975/1316
f 2368/2563/1770 2396/2534/1741 1997/2072/1396 2168/2329/1575
f 2386/2537/1744 2421/2548/1755 1657/2074/1398 2036/2073/1397
f 2414/2571/1778 2408/2572/1779 1836/1963/1304 1779/2325/1571
f 2353/2540/1747 2378/2539/1746 2038/2324/1570 2334/2318/1564
f 2408/2572/1779 2372/2566/1773 2164/1962/1303 1836/1963/1304
f 2380/2542/1749 2420/2551/1758 2381/2495/1702 2356/2494/1701
f 2359/2573/1780 2386/2537/1744 2036/2073/1397 2326/2051/1379
f 2378/2539/1746 2414/2571/1778 1779/2325/1571 2038/2324/1570
f 2395/2562/1769 2421/2548/1755 2397/2550/1757 2368/2563/1770
f 2357/2547/1754 2373/2570/1777 2145/1960/1301 2331/1959/1300
f 2386/2537/1744 2354/2338/1584 2392/2549/1756 2421/2548/1755
f 2380/2542/1749 2364/2557/1764 2281/2313/1559 2037/2314/1560
f 2398/2552/1759 2420/2551/1758 1740/2312/1558 1996/2023/1359
f 2404/2554/1761 2359/2573/1780 2326/2051/1379 1844/2327/1573
f 2374/2544/1751 2422/2545/1752 2383/2505/1712 2351/2504/1711
f 2360/2535/1742 2396/2534/1741 2422/2545/1752 2374/2544/1751
f 2396/2534/1741 2368/2563/1770 2394/2346/1592 2422/2545/1752
f 2392/2549/1756 2423/2344/1590 2393/2351/1597 2366/2499/1706
f 2354/2338/1584 2375/2342/1588 2423/2344/1590 2392/2549/1756
f 2368/2563/1770 2397/2550/1757 2424/2340/1586 2394/2346/1592
f 2397/2550/1757 2366/2499/1706 2382/2341/1587 2424/2340/1586
f 2374/2544/1751 2425/2543/1750 1646/1977/1318 2138/1976/1317
f 2391/2508/1715 2365/2507/1714 2169/2049/1377 2002/2048/1376
f 2372/2566/1773 2411/2546/1753 1790/1958/1299 2164/1962/1303
f 2369/2336/1582 2401/2558/1765 2426/2512/1719 2399/2337/1583
f 2401/2558/1765 2364/2557/1764 2380/2542/1749 2426/2512/1719
f 2402/2500/1707 2427/2538/1745 2385/2541/1748 2358/2501/1708
f 2370/2348/1594 2403/2347/1593 2427/2538/1745 2402/2500/1707
f 2403/2347/1593 2362/2559/1766 2378/2539/1746 2427/2538/1745
f 2404/2554/1761 2428/2536/1743 2386/2537/1744 2359/2573/1780
f 2371/2560/1767 2407/2509/1716 2428/2536/1743 2404/2554/1761
f 2407/2509/1716 2361/2506/1713 2376/2339/1585 2428/2536/1743
f 2365/2507/1714 2398/2552/1759 1996/2023/1359 2169/2049/1377
f 2420/2551/1758 2380/2542/1749 2037/2314/1560 1740/2312/1558
f 2364/2557/1764 2389/2556/1763 2027/2319/1565 2281/2313/1559
f 2460/2574/1781 2438/1445/999 2429/2385/1619 2446/2384/1618
f 2459/2575/1782 2447/2576/1783 2435/2577/1784 2442/2304/1550
f 2458/2578/1785 2448/2579/1786 2436/2580/1787 2449/2581/1788
f 2455/1859/1234 2451/2383/1617 2433/1857/1232 2439/2582/1789
f 2435/2577/1784 2446/2384/1618 2453/2529/1736 2452/2102/1418
f 2442/2304/1550 2435/2577/1784 2452/2102/1418 2454/2101/1417
f 2440/1860/1235 2455/1859/1234 2439/2582/1789 2430/2297/1543
f 2443/2380/1615 2430/2297/1543 2445/2583/1790 2456/2381/1616
f 2448/2579/1786 2457/2386/1620 2450/2376/1613 2436/2580/1787
f 2433/1857/1232 2444/1856/1231 2457/2386/1620 2448/2579/1786
f 2445/2583/1790 2458/2584/1785 2449/2585/1788 2434/2292/1538
f 2430/2297/1543 2439/2586/1791 2458/2584/1785 2445/2583/1790
f 2439/2582/1789 2433/1857/1232 2448/2579/1786 2458/2578/1785
f 2441/2293/1539 2459/2575/1782 2442/2304/1550 2431/2303/1549
f 2434/2292/1538 2449/2585/1788 2459/2575/1782 2441/2293/1539
f 2449/2587/1788 2458/2588/1792 1543/2589/1793 1642/2590/1794
f 2447/2576/1783 2460/2574/1781 2446/2384/1618 2435/2577/1784
f 2436/2580/1787 2450/2376/1613 2460/2574/1781 2447/2576/1783
f 2450/2376/1613 2432/1446/1000 2438/1445/999 2460/2574/1781
f 1801/1873/1248 2191/1872/1247 2456/2381/1616 2445/2583/1790
f 1479/1874/1249 1801/1873/1248 2445/2583/1790 2434/2292/1538
f 2130/1858/1233 2047/2305/1551 2451/2383/1617 2455/1859/1234
f 1803/2294/1540 2125/2117/1433 2453/2529/1736 2446/2384/1618
f 1642/2591/1794 1961/2592/1795 1959/2593/1796 1481/2594/1797
f 2447/2576/1783 2459/2575/1782 1481/2594/1797 1959/2593/1796
f 2439/2595/1789 2430/2596/1798 2195/2597/1799 1960/2598/1800
f 2459/2575/1782 2449/2585/1788 1642/2591/1794 1481/2594/1797
f 2439/2595/1789 2458/2588/1801 1543/2589/1802 1960/2598/1803
f 2449/2581/1788 2436/2580/1787 1961/2592/1795 1642/2591/1794
f 2436/2580/1787 2447/2576/1783 1959/2593/1796 1961/2592/1795
f 2632/1455/1009 2504/2599/1804 2461/2600/1805 2535/1456/1010
f 2631/2257/1503 2512/2601/1806 2468/2602/1807 2538/2265/1511
f 2629/2603/1808 2515/2604/1809 2469/2605/1810 2540/2606/1811
f 2628/2607/1812 2507/2608/1813 2463/2609/1814 2541/2610/1815
f 2627/2521/1728 2518/2611/1816 2467/1364/936 2531/2400/1631
f 2626/2533/1740 2510/2489/1696 2466/1466/1019 2543/1465/1018
f 2625/2136/1452 2521/1459/1013 2471/1428/984 2546/2152/1468
f 2624/2612/1817 2509/2411/1642 2465/2279/1525 2547/2613/1818
f 2623/2291/1537 2523/2290/1536 2472/2426/1656 2548/2425/1655
f 2622/2614/1819 2525/2615/1820 2473/2397/1628 2549/2396/1627
f 2621/2616/1821 2508/2299/1545 2464/2392/1623 2550/2391/1622
f 2618/2617/1822 2552/2618/1823 2495/2261/1507 2527/2260/1506
f 2617/2619/1824 2555/2620/1825 2494/2271/1517 2526/2249/1495
f 2616/2527/1734 2556/2263/1509 2497/2247/1493 2557/2621/1826
f 2614/2462/1673 2559/2368/1610 2492/2287/1533 2524/2286/1532
f 2613/2622/1827 2560/2623/1828 2491/2624/1829 2522/1427/983
f 2612/2625/1830 2561/1481/1032 1958/1484/1035 1905/1788/1177
f 2612/2625/1830 2534/2626/1831 2480/2627/1832 2563/2628/1833
f 2611/2401/1632 2545/1363/935 2490/2629/1834 2564/2135/1451
f 2610/2490/1697 2544/2630/1835 2489/2140/1456 2565/2139/1455
f 2609/2515/1722 2566/2514/1721 2488/2631/1836 2519/2517/1724
f 2608/2632/1837 2569/2633/1838 2486/2634/1839 2517/2635/1840
f 2607/2417/1648 2570/2416/1647 2500/2636/1841 2571/2359/1603
f 2606/2465/1676 2533/2464/1675 2478/2637/1842 2572/2638/1843
f 2605/2488/1695 2573/2639/1844 2485/1452/1006 2516/1451/1005
f 2604/2640/1845 2576/2641/1846 2477/1854/1229 2505/1853/1228
f 2603/2642/1847 2577/2643/1848 2502/2644/1849 2578/2645/1850
f 2602/2646/1851 2539/2253/1499 2483/2252/1498 2579/2647/1852
f 2599/2268/1514 2537/2648/1853 2482/2649/1854 2581/2256/1502
f 2578/2645/1850 2475/2650/1855 2238/1494/1040 1955/1808/1197
f 2593/2651/1856 2584/1473/1026 2503/2652/1857 2585/2653/1858
f 2117/2654/1463 2064/2655/1464 2314/2656/1859 2308/2657/1859
f 2589/2352/1598 2530/2278/1524 2474/2456/1669 2588/2370/1612
f 2491/2624/1829 2547/2613/1818 2589/2352/1598 2586/2275/1521
f 2547/2613/1818 2465/2279/1525 2530/2278/1524 2589/2352/1598
f 2544/2630/1835 2590/2274/1520 2587/2259/1505 2489/2140/1456
f 2471/1428/984 2522/1427/983 2590/2274/1520 2544/2630/1835
f 2522/1427/983 2491/2624/1829 2586/2275/1521 2590/2274/1520
f 2520/2393/1624 2591/2258/1504 2506/2269/1515 2462/2483/1690
f 2489/2140/1456 2587/2259/1505 2591/2258/1504 2520/2393/1624
f 2535/1456/1010 2612/2625/1830 1905/1788/1177 2061/1457/1011
f 2488/2631/1836 2543/1465/1018 2592/1474/1027 2584/1473/1026
f 2577/2643/1848 2603/2642/1847 1923/1798/1187 1956/1797/1186
f 2542/1908/1275 2593/2651/1856 2585/2653/1858 2487/1909/1276
f 2470/2516/1723 2519/2517/1724 2593/2651/1856 2542/1908/1275
f 2519/2517/1724 2488/2631/1836 2584/1473/1026 2593/2651/1856
f 2518/2611/1816 2594/2658/1860 2511/2659/1861 2467/1364/936
f 2487/1909/1276 2585/2653/1858 2594/2658/1860 2518/2611/1816
f 2490/2629/1834 2545/1363/935 2059/1366/938 2221/1735/1132
f 2486/2634/1839 2541/2610/1815 2595/2526/1733 2583/2519/1726
f 2541/2610/1815 2463/2609/1814 2529/2141/1457 2595/2526/1733
f 2469/2605/1810 2517/2635/1840 2596/2518/1725 2539/2253/1499
f 2517/2635/1840 2486/2634/1839 2583/2519/1726 2596/2518/1725
f 2536/2301/1547 2597/2365/1607 2582/2369/1611 2481/2302/1548
f 2468/2602/1807 2513/2366/1608 2597/2365/1607 2536/2301/1547
f 2538/2265/1511 2468/2602/1807 2536/2301/1547 2598/2394/1625
f 2528/2267/1513 2462/2483/1690 2537/2648/1853 2599/2268/1514
f 2537/2648/1853 2600/2528/1735 2580/2525/1732 2482/2649/1854
f 2462/2483/1690 2506/2269/1515 2600/2528/1735 2537/2648/1853
f 2512/2601/1806 2601/2524/1731 2513/2366/1608 2468/2602/1807
f 2482/2649/1854 2580/2525/1732 2601/2524/1731 2512/2601/1806
f 2577/2643/1848 2602/2646/1851 2579/2647/1852 2502/2644/1849
f 2485/1452/1006 2540/2606/1811 2602/2646/1851 2577/2643/1848
f 2540/2606/1811 2469/2605/1810 2539/2253/1499 2602/2646/1851
f 2466/1466/1019 2516/1451/1005 2121/1454/1008 2303/1467/1020
f 2585/2653/1858 2503/2652/1857 2199/1496/1042 1947/1841/1216
f 2521/1459/1013 2490/2629/1834 2221/1735/1132 2120/1460/1014
f 2504/2599/1804 2604/2640/1845 2505/1853/1228 2461/2600/1805
f 2475/2650/1855 2578/2645/1850 2604/2640/1845 2504/2599/1804
f 2578/2645/1850 2502/2644/1849 2576/2641/1846 2604/2640/1845
f 2510/2489/1696 2605/2488/1695 2516/1451/1005 2466/1466/1019
f 2574/2491/1698 2501/2273/1519 2573/2639/1844 2605/2488/1695
f 2570/2416/1647 2606/2465/1676 2572/2638/1843 2500/2636/1841
f 2515/2604/1809 2608/2632/1837 2517/2635/1840 2469/2605/1810
f 2484/2360/1604 2571/2359/1603 2608/2632/1837 2515/2604/1809
f 2571/2359/1603 2500/2636/1841 2569/2633/1838 2608/2632/1837
f 2546/2152/1468 2471/1428/984 2544/2630/1835 2610/2490/1697
f 2531/2400/1631 2467/1364/936 2545/1363/935 2611/2401/1632
f 2561/1481/1032 2612/2625/1830 2563/2628/1833 2499/1482/1033
f 2603/2642/1847 2578/2645/1850 1955/1808/1197 1923/1798/1187
f 2535/1456/1010 2461/2600/1805 2534/2626/1831 2612/2625/1830
f 2594/2658/1860 2585/2653/1858 1947/1841/1216 1924/1842/1217
f 2475/2650/1855 2504/2599/1804 2198/1495/1041 2238/1494/1040
f 2511/2659/1861 2594/2658/1860 1924/1842/1217 2197/1766/1159
f 2467/1364/936 2511/2659/1861 2197/1766/1159 2302/1365/937
f 2562/2660/1862 2613/2622/1827 1899/1737/1134 1957/1736/1133
f 2562/2660/1862 2499/1482/1033 2560/2623/1828 2613/2622/1827
f 2508/2299/1545 2614/2462/1673 2524/2286/1532 2464/2392/1623
f 2463/2609/1814 2526/2249/1495 2615/2142/1458 2529/2141/1457
f 2533/2464/1675 2616/2527/1734 2557/2621/1826 2478/2637/1842
f 2507/2608/1813 2617/2619/1824 2526/2249/1495 2463/2609/1814
f 2478/2637/1842 2557/2621/1826 2617/2619/1824 2507/2608/1813
f 2557/2621/1826 2497/2247/1493 2555/2620/1825 2617/2619/1824
f 2525/2615/1820 2618/2617/1822 2527/2260/1506 2473/2397/1628
f 2493/2283/1529 2553/2282/1528 2618/2617/1822 2525/2615/1820
f 2553/2282/1528 2496/2281/1527 2552/2618/1823 2618/2617/1822
f 2534/2626/1831 2619/2484/1691 2551/2468/1679 2480/2627/1832
f 2461/2600/1805 2505/1853/1228 2619/2484/1691 2534/2626/1831
f 2480/2627/1832 2551/2468/1679 2620/2463/1674 2509/2411/1642
f 2552/2618/1823 2621/2616/1821 2550/2391/1622 2495/2261/1507
f 2496/2281/1527 2554/2280/1526 2621/2616/1821 2552/2618/1823
f 2554/2280/1526 2479/2300/1546 2508/2299/1545 2621/2616/1821
f 2555/2620/1825 2622/2614/1819 2549/2396/1627 2494/2271/1517
f 2497/2247/1493 2558/2246/1492 2622/2614/1819 2555/2620/1825
f 2558/2246/1492 2493/2283/1529 2525/2615/1820 2622/2614/1819
f 2559/2368/1610 2623/2291/1537 2548/2425/1655 2492/2287/1533
f 2560/2623/1828 2624/2612/1817 2547/2613/1818 2491/2624/1829
f 2499/1482/1033 2563/2628/1833 2624/2612/1817 2560/2623/1828
f 2563/2628/1833 2480/2627/1832 2509/2411/1642 2624/2612/1817
f 2564/2135/1451 2490/2629/1834 2521/1459/1013 2625/2136/1452
f 2566/2514/1721 2626/2533/1740 2543/1465/1018 2488/2631/1836
f 2567/2402/1633 2627/2521/1728 2531/2400/1631 2476/2403/1634
f 2568/2523/1730 2487/1909/1276 2518/2611/1816 2627/2521/1728
f 2569/2633/1838 2628/2607/1812 2541/2610/1815 2486/2634/1839
f 2500/2636/1841 2572/2638/1843 2628/2607/1812 2569/2633/1838
f 2572/2638/1843 2478/2637/1842 2507/2608/1813 2628/2607/1812
f 2573/2639/1844 2629/2603/1808 2540/2606/1811 2485/1452/1006
f 2501/2273/1519 2575/2272/1518 2629/2603/1808 2573/2639/1844
f 2575/2272/1518 2484/2360/1604 2515/2604/1809 2629/2603/1808
f 2576/2641/1846 2630/2466/1677 2532/2404/1635 2477/1854/1229
f 2502/2644/1849 2579/2647/1852 2630/2466/1677 2576/2641/1846
f 2579/2647/1852 2483/2252/1498 2514/2467/1678 2630/2466/1677
f 2581/2256/1502 2482/2649/1854 2512/2601/1806 2631/2257/1503
f 2504/2599/1804 2632/1455/1009 1810/1458/1012 2198/1495/1041
f 2499/1482/1033 2562/2660/1862 1957/1736/1133 2205/1483/1034
f 2613/2622/1827 2522/1427/983 2119/1430/986 1899/1737/1134
f 2485/1452/1006 2577/2643/1848 1956/1797/1186 2222/1453/1007
f 2503/2652/1857 2584/1473/1026 1950/1476/1029 2199/1496/1042
l 1457 2317
l 1962 2196
l 1603 2342
l 1804 2315
