# Blender 4.5.4 LTS
# www.blender.org
mtllib corn.mtl
o candy_corn
v 1.278167 -0.483600 3.510930
v 1.293572 -0.485800 3.507659
v 1.310725 -0.481486 3.504016
v 1.328968 -0.470824 3.500143
v 1.347597 -0.454223 3.496187
v 1.365899 -0.432323 3.492301
v 1.383168 -0.405963 3.488634
v 1.398743 -0.376158 3.485327
v 1.412024 -0.344052 3.482507
v 1.422500 -0.310880 3.480282
v 1.429770 -0.277916 3.478738
v 1.433554 -0.246427 3.477935
v 1.433706 -0.217623 3.477903
v 1.430221 -0.192611 3.478643
v 1.423232 -0.172353 3.480127
v 1.413009 -0.157626 3.482297
v 1.399943 -0.148997 3.485072
v 1.384538 -0.146797 3.488343
v 1.367384 -0.151111 3.491985
v 1.349142 -0.161773 3.495859
v 1.330513 -0.178373 3.499815
v 1.312211 -0.200274 3.503701
v 1.294942 -0.226633 3.507368
v 1.279367 -0.256439 3.510675
v 1.266086 -0.288544 3.513495
v 1.255610 -0.321717 3.515720
v 1.248340 -0.354681 3.517263
v 1.244556 -0.386169 3.518067
v 1.244404 -0.414973 3.518099
v 1.247889 -0.439985 3.517359
v 1.254878 -0.460244 3.515875
v 1.265101 -0.474971 3.513704
v 1.305115 -0.316298 3.338160
v 1.326707 -0.591474 3.932756
v 1.352046 -0.595092 3.927376
v 1.380259 -0.587997 3.921385
v 1.410264 -0.570460 3.915014
v 1.440906 -0.543156 3.908507
v 1.471008 -0.507134 3.902115
v 1.499413 -0.463778 3.896084
v 1.525030 -0.414755 3.890644
v 1.546874 -0.361948 3.886006
v 1.564106 -0.307386 3.882347
v 1.576063 -0.253167 3.879808
v 1.582286 -0.201375 3.878486
v 1.582537 -0.153998 3.878433
v 1.576804 -0.112859 3.879651
v 1.565310 -0.079538 3.882091
v 1.548494 -0.055316 3.885662
v 1.527004 -0.041122 3.890225
v 1.501665 -0.037504 3.895606
v 1.473452 -0.044600 3.901597
v 1.443447 -0.062137 3.907968
v 1.412805 -0.089441 3.914474
v 1.382703 -0.125463 3.920866
v 1.354298 -0.168819 3.926898
v 1.328681 -0.217842 3.932337
v 1.306837 -0.270649 3.936975
v 1.289605 -0.325210 3.940634
v 1.277648 -0.379429 3.943173
v 1.271424 -0.431222 3.944495
v 1.271174 -0.478598 3.944548
v 1.276906 -0.519737 3.943331
v 1.288401 -0.553058 3.940890
v 1.305217 -0.577281 3.937320
v 1.403707 -0.582532 4.279365
v 1.428223 -0.586032 4.274159
v 1.455519 -0.579167 4.268363
v 1.484549 -0.562200 4.262199
v 1.514195 -0.535784 4.255904
v 1.543318 -0.500932 4.249720
v 1.570801 -0.458985 4.243885
v 1.595585 -0.411555 4.238622
v 1.616719 -0.360464 4.234134
v 1.633391 -0.307676 4.230594
v 1.644960 -0.255219 4.228137
v 1.650981 -0.205109 4.226859
v 1.651223 -0.159273 4.226808
v 1.645677 -0.119471 4.227985
v 1.634556 -0.087232 4.230347
v 1.618287 -0.063797 4.233801
v 1.597495 -0.050065 4.238216
v 1.572980 -0.046564 4.243422
v 1.545683 -0.053429 4.249218
v 1.516654 -0.070396 4.255382
v 1.487008 -0.096813 4.261677
v 1.457884 -0.131664 4.267861
v 1.430402 -0.173611 4.273697
v 1.405617 -0.221041 4.278960
v 1.384483 -0.272132 4.283447
v 1.367811 -0.324921 4.286987
v 1.356242 -0.377377 4.289444
v 1.350221 -0.427487 4.290722
v 1.349979 -0.473324 4.290774
v 1.355525 -0.513126 4.289596
v 1.366646 -0.545364 4.287235
v 1.382915 -0.568800 4.283780
v 1.389318 -0.609167 4.259309
v 1.374177 -0.625022 4.216405
v 1.402605 -0.629081 4.210369
v 1.416280 -0.613030 4.253572
v 1.434258 -0.621121 4.203649
v 1.446297 -0.605513 4.247169
v 1.467921 -0.601446 4.196504
v 1.478223 -0.586895 4.240344
v 1.502299 -0.570814 4.189206
v 1.510838 -0.557876 4.233363
v 1.536072 -0.530400 4.182038
v 1.542892 -0.519560 4.226503
v 1.567941 -0.481759 4.175274
v 1.573152 -0.473409 4.220032
v 1.596681 -0.426758 4.169173
v 1.600448 -0.421197 4.214205
v 1.621189 -0.367513 4.163969
v 1.623725 -0.364937 4.209252
v 1.640522 -0.306300 4.159864
v 1.642081 -0.306803 4.205365
v 1.653936 -0.245471 4.157014
v 1.654808 -0.249045 4.202693
v 1.660918 -0.187363 4.155529
v 1.661417 -0.193892 4.201335
v 1.661198 -0.134211 4.155466
v 1.661660 -0.143467 4.201338
v 1.654766 -0.088057 4.156829
v 1.655532 -0.099705 4.202693
v 1.641869 -0.050674 4.159564
v 1.643277 -0.064274 4.205342
v 1.623003 -0.023498 4.163569
v 1.625368 -0.038524 4.209175
v 1.598893 -0.007575 4.168689
v 1.602493 -0.023430 4.214043
v 1.570465 -0.003515 4.174726
v 1.575526 -0.019566 4.219759
v 1.538812 -0.011476 4.181448
v 1.545497 -0.027083 4.226104
v 1.505150 -0.031150 4.188598
v 1.513552 -0.045702 4.232841
v 1.470773 -0.061783 4.195900
v 1.480915 -0.074720 4.239717
v 1.437002 -0.102196 4.203075
v 1.448838 -0.113037 4.246474
v 1.405134 -0.150838 4.209845
v 1.418560 -0.159187 4.252858
v 1.376394 -0.205838 4.215949
v 1.391252 -0.211399 4.258626
v 1.351887 -0.265083 4.221153
v 1.367971 -0.267660 4.263558
v 1.332554 -0.326297 4.225258
v 1.349619 -0.325793 4.267467
v 1.319139 -0.387126 4.228105
v 1.336904 -0.383552 4.270196
v 1.312156 -0.445233 4.229585
v 1.330314 -0.438705 4.271642
v 1.311875 -0.498385 4.229641
v 1.330093 -0.489129 4.271742
v 1.318305 -0.544540 4.228273
v 1.336243 -0.532892 4.270492
v 1.331201 -0.581923 4.225532
v 1.348517 -0.568322 4.267931
v 1.350067 -0.609098 4.221525
v 1.366438 -0.594073 4.264156
v 0.030979 0.258030 0.596945
v 0.039897 0.376371 3.843935
v 0.070071 0.245811 0.597311
v 0.074920 0.365458 3.844620
v 0.106027 0.226208 0.598009
v 0.107145 0.347996 3.846307
v 0.137465 0.199974 0.599014
v 0.135332 0.324655 3.848928
v 0.163177 0.168118 0.600287
v 0.158398 0.296332 3.852383
v 0.182175 0.131863 0.601777
v 0.175458 0.264115 3.856541
v 0.193730 0.092603 0.603429
v 0.185855 0.229244 3.861241
v 0.197397 0.051847 0.605178
v 0.189190 0.193058 3.866302
v 0.193035 0.011160 0.606958
v 0.185335 0.156947 3.871530
v 0.180811 -0.027893 0.608700
v 0.174437 0.122299 3.876724
v 0.161196 -0.063812 0.610337
v 0.156916 0.090446 3.881684
v 0.134944 -0.095216 0.611806
v 0.133446 0.062612 3.886220
v 0.103062 -0.120898 0.613051
v 0.104926 0.039866 3.890158
v 0.066777 -0.139873 0.614024
v 0.072455 0.023083 3.893346
v 0.027483 -0.151410 0.614688
v 0.037280 0.012908 3.895661
v -0.013311 -0.155065 0.615016
v 0.000753 0.009731 3.897015
v -0.054036 -0.150700 0.614997
v -0.035724 0.013674 3.897356
v -0.093127 -0.138481 0.614631
v -0.070747 0.024587 3.896670
v -0.129083 -0.118878 0.613932
v -0.102971 0.042050 3.894984
v -0.160521 -0.092644 0.612927
v -0.131158 0.065391 3.892363
v -0.186233 -0.060787 0.611655
v -0.154225 0.093714 3.888907
v -0.205232 -0.024532 0.610164
v -0.171284 0.125930 3.884749
v -0.216786 0.014727 0.608513
v -0.181681 0.160801 3.880050
v -0.220453 0.055484 0.606764
v -0.185016 0.196988 3.874989
v -0.216091 0.096170 0.604983
v -0.181161 0.233099 3.869761
v -0.203867 0.135223 0.603242
v -0.170263 0.267747 3.864567
v -0.184252 0.171142 0.601604
v -0.152743 0.299600 3.859607
v -0.158000 0.202546 0.600135
v -0.129272 0.327434 3.855070
v -0.126118 0.228229 0.598890
v -0.100753 0.350179 3.851133
v -0.089833 0.247203 0.597917
v -0.068282 0.366962 3.847945
v -0.050539 0.258740 0.597254
v -0.033107 0.377138 3.845629
v -0.009745 0.262396 0.596925
v 0.003421 0.380315 3.844275
v 0.062572 0.396139 -0.003162
v 0.132992 0.374127 -0.002503
v 0.197763 0.338814 -0.001244
v 0.254395 0.291556 0.000566
v 0.300714 0.234170 0.002858
v 0.334938 0.168860 0.005543
v 0.355752 0.098137 0.008518
v 0.362358 0.024718 0.011670
v 0.354500 -0.048574 0.014876
v 0.332480 -0.118925 0.018014
v 0.297146 -0.183629 0.020963
v 0.249854 -0.240201 0.023610
v 0.192423 -0.286466 0.025852
v 0.127059 -0.320646 0.027605
v 0.056274 -0.341429 0.028800
v -0.017212 -0.348014 0.029392
v -0.090574 -0.340150 0.029357
v -0.160994 -0.318139 0.028698
v -0.225764 -0.282825 0.027439
v -0.282397 -0.235568 0.025629
v -0.328716 -0.178181 0.023337
v -0.362939 -0.112871 0.020652
v -0.383754 -0.042148 0.017676
v -0.390359 0.031270 0.014525
v -0.382501 0.104563 0.011319
v -0.360482 0.174913 0.008181
v -0.325147 0.239617 0.005232
v -0.277856 0.296189 0.002585
v -0.220424 0.342454 0.000342
v -0.155060 0.376635 -0.001410
v -0.084275 0.397417 -0.002605
v -0.010790 0.404003 -0.003197
v 0.175414 0.223354 0.242974
v 0.135657 0.256530 0.241704
v 0.131908 -0.182428 0.260726
v 0.172226 -0.149949 0.259151
v -0.257967 -0.060562 0.257075
v -0.233941 -0.106410 0.258960
v -0.062339 0.297671 0.240748
v -0.112032 0.283081 0.241587
v 0.245689 -0.015424 0.253020
v 0.251205 0.036029 0.250769
v -0.116197 -0.204663 0.262723
v -0.066761 -0.220116 0.263186
v -0.231436 0.186892 0.246250
v -0.256242 0.141469 0.248320
v 0.207930 0.183068 0.244583
v 0.086021 -0.206424 0.261956
v -0.272579 -0.010913 0.254986
v -0.010751 0.302294 0.240333
v 0.230231 -0.064811 0.255223
v -0.161667 -0.179873 0.261840
v -0.198237 0.226606 0.244392
v 0.231956 0.137219 0.246468
v 0.036329 -0.221013 0.262795
v -0.277216 0.040629 0.252774
v 0.090186 0.281321 0.240820
v 0.040751 0.296773 0.240357
v 0.205425 -0.110235 0.257293
v -0.201424 -0.146697 0.260569
v -0.157919 0.259085 0.242817
v 0.246568 0.087570 0.248557
v -0.015260 -0.225637 0.263210
v -0.271700 0.092081 0.250523
v 0.053233 0.456380 4.525285
v 0.088255 0.445457 4.525886
v 0.120474 0.427961 4.527323
v 0.148652 0.404568 4.529539
v 0.171706 0.376174 4.532450
v 0.188751 0.343871 4.535944
v 0.199131 0.308901 4.539886
v 0.202448 0.272607 4.544126
v 0.198573 0.236385 4.548499
v 0.187657 0.201626 4.552838
v 0.170118 0.169666 4.556978
v 0.146630 0.141733 4.560757
v 0.118096 0.118901 4.564030
v 0.085613 0.102047 4.566673
v 0.050429 0.091818 4.568584
v 0.013896 0.088609 4.569689
v -0.022582 0.092542 4.569945
v -0.057604 0.103466 4.569344
v -0.089822 0.120961 4.567907
v -0.118001 0.144355 4.565690
v -0.141055 0.172749 4.562779
v -0.158100 0.205051 4.559286
v -0.168480 0.240021 4.555343
v -0.171797 0.276315 4.551104
v -0.167922 0.312537 4.546731
v -0.157006 0.347296 4.542391
v -0.139467 0.379256 4.538252
v -0.115979 0.407189 4.534473
v -0.087445 0.430021 4.531199
v -0.054962 0.446875 4.528556
v -0.019778 0.457104 4.526646
v 0.016755 0.460313 4.525541
v 0.065133 0.528578 5.167890
v 0.100156 0.517642 5.167740
v 0.132378 0.500113 5.166952
v 0.160562 0.476662 5.165555
v 0.183624 0.448192 5.163604
v 0.200678 0.415797 5.161173
v 0.211069 0.380722 5.158356
v 0.214397 0.344314 5.155262
v 0.210535 0.307973 5.152008
v 0.199631 0.273095 5.148720
v 0.182103 0.241020 5.145524
v 0.158626 0.212982 5.142544
v 0.130102 0.190057 5.139893
v 0.097627 0.173127 5.137673
v 0.062448 0.162843 5.135971
v 0.025919 0.159599 5.134851
v -0.010558 0.163520 5.134356
v -0.045581 0.174455 5.134506
v -0.077804 0.191985 5.135294
v -0.105987 0.215435 5.136691
v -0.129049 0.243905 5.138642
v -0.146104 0.276300 5.141073
v -0.156494 0.311376 5.143890
v -0.159822 0.347784 5.146985
v -0.155960 0.384125 5.150239
v -0.145056 0.419003 5.153527
v -0.127528 0.451077 5.156722
v -0.104052 0.479116 5.159703
v -0.075527 0.502040 5.162354
v -0.043052 0.518970 5.164573
v -0.007874 0.529255 5.166275
v 0.028656 0.532499 5.167395
v 0.051329 0.475606 5.747596
v 0.086375 0.464768 5.746865
v 0.118665 0.447529 5.744355
v 0.146961 0.424552 5.740162
v 0.170173 0.396718 5.734447
v 0.187411 0.365098 5.727429
v 0.198011 0.330906 5.719381
v 0.201566 0.295458 5.710608
v 0.197939 0.260114 5.701450
v 0.187271 0.226234 5.692258
v 0.169970 0.195119 5.683385
v 0.146702 0.167965 5.675172
v 0.118361 0.145815 5.667936
v 0.086036 0.129521 5.661953
v 0.050969 0.119709 5.657454
v 0.014508 0.116756 5.654612
v -0.021946 0.120775 5.653535
v -0.056992 0.131612 5.654266
v -0.089283 0.148851 5.656777
v -0.117579 0.171829 5.660970
v -0.140791 0.199663 5.666685
v -0.158028 0.231283 5.673701
v -0.168628 0.265474 5.681751
v -0.172183 0.300923 5.690524
v -0.168556 0.336266 5.699681
v -0.157888 0.370147 5.708874
v -0.140587 0.401262 5.717747
v -0.117319 0.428416 5.725959
v -0.088978 0.450566 5.733196
v -0.056653 0.466860 5.739179
v -0.021586 0.476672 5.743678
v 0.014875 0.479625 5.746520
v 0.019557 0.334801 6.268441
v 0.053068 0.324518 6.267490
v 0.083978 0.308261 6.264347
v 0.111100 0.286657 6.259128
v 0.133391 0.260534 6.252038
v 0.149996 0.230897 6.243347
v 0.160276 0.198884 6.233391
v 0.163835 0.165727 6.222551
v 0.160537 0.132699 6.211244
v 0.150509 0.101069 6.199904
v 0.134136 0.072053 6.188966
v 0.112048 0.046766 6.178854
v 0.085092 0.026180 6.169953
v 0.054306 0.011086 6.162607
v 0.020872 0.002064 6.157096
v -0.013925 -0.000540 6.153635
v -0.048748 0.003375 6.152354
v -0.082258 0.013659 6.153306
v -0.113168 0.029915 6.156450
v -0.140290 0.051520 6.161667
v -0.162582 0.077643 6.168758
v -0.179186 0.107280 6.177448
v -0.189466 0.139292 6.187405
v -0.193025 0.172450 6.198246
v -0.189727 0.205478 6.209552
v -0.179699 0.237108 6.220893
v -0.163327 0.266124 6.231830
v -0.141238 0.291411 6.241941
v -0.114283 0.311997 6.250843
v -0.083497 0.327091 6.258189
v -0.050063 0.336113 6.263700
v -0.015265 0.338716 6.267160
v -0.012345 0.188029 6.559526
v 0.021239 0.178081 6.557858
v 0.052366 0.162819 6.552588
v 0.079840 0.142830 6.543917
v 0.102606 0.118880 6.532181
v 0.119788 0.091892 6.517828
v 0.130727 0.062901 6.501413
v 0.135001 0.033022 6.483564
v 0.132447 0.003404 6.464968
v 0.123163 -0.024816 6.446339
v 0.107505 -0.050553 6.428393
v 0.086076 -0.072818 6.411821
v 0.059698 -0.090756 6.397258
v 0.029386 -0.103676 6.385265
v -0.003696 -0.111083 6.376304
v -0.038276 -0.112692 6.370716
v -0.073026 -0.108441 6.368717
v -0.106610 -0.098494 6.370386
v -0.137736 -0.083232 6.375657
v -0.165211 -0.063242 6.384326
v -0.187976 -0.039293 6.396063
v -0.205159 -0.012304 6.410415
v -0.216097 0.016687 6.426831
v -0.220371 0.046565 6.444681
v -0.217817 0.076184 6.463277
v -0.208533 0.104404 6.481905
v -0.192875 0.130141 6.499851
v -0.171446 0.152406 6.516422
v -0.145069 0.170343 6.530985
v -0.114756 0.183264 6.542978
v -0.081674 0.190671 6.551941
v -0.047094 0.192280 6.557529
v -0.059008 -0.030138 6.835423
v -0.028230 -0.038564 6.833149
v 0.000578 -0.050567 6.826114
v 0.026310 -0.065683 6.814588
v 0.047976 -0.083333 6.799016
v 0.064744 -0.102837 6.779992
v 0.075970 -0.123448 6.758252
v 0.081221 -0.144372 6.734628
v 0.080297 -0.164805 6.710029
v 0.073232 -0.183962 6.685400
v 0.060300 -0.201107 6.661689
v 0.041995 -0.215582 6.639806
v 0.019021 -0.226829 6.620591
v -0.007738 -0.234417 6.604784
v -0.037253 -0.238053 6.592993
v -0.068392 -0.237600 6.585668
v -0.099957 -0.233072 6.583093
v -0.130735 -0.224646 6.585367
v -0.159544 -0.212643 6.592402
v -0.185275 -0.197527 6.603927
v -0.206941 -0.179877 6.619501
v -0.223709 -0.160373 6.638523
v -0.234935 -0.139762 6.660264
v -0.240187 -0.118838 6.683887
v -0.239262 -0.098405 6.708487
v -0.232198 -0.079248 6.733115
v -0.219265 -0.062103 6.756826
v -0.200960 -0.047628 6.778710
v -0.177986 -0.036381 6.797924
v -0.151227 -0.028793 6.813731
v -0.121712 -0.025157 6.825524
v -0.090573 -0.025610 6.832848
v -0.113755 -0.290274 6.979368
v -0.082751 -0.297624 6.976511
v -0.053271 -0.306437 6.967750
v -0.026449 -0.316373 6.953421
v -0.003317 -0.327053 6.934073
v 0.015238 -0.338063 6.910453
v 0.028503 -0.348984 6.883468
v 0.035966 -0.359394 6.854152
v 0.037343 -0.368892 6.823634
v 0.032579 -0.377115 6.793086
v 0.021858 -0.383746 6.763682
v 0.005592 -0.388530 6.736554
v -0.015595 -0.391284 6.712740
v -0.040887 -0.391901 6.693161
v -0.069313 -0.390358 6.678565
v -0.099781 -0.386715 6.669514
v -0.131119 -0.381110 6.666356
v -0.162124 -0.373761 6.669213
v -0.191603 -0.364948 6.677974
v -0.218425 -0.355011 6.692304
v -0.241557 -0.344332 6.711650
v -0.260112 -0.333321 6.735271
v -0.273377 -0.322400 6.762258
v -0.280840 -0.311991 6.791573
v -0.282217 -0.302492 6.822091
v -0.277453 -0.294270 6.852639
v -0.266732 -0.287639 6.882042
v -0.250466 -0.282854 6.909171
v -0.229279 -0.280101 6.932983
v -0.203987 -0.279483 6.952563
v -0.175561 -0.281027 6.967160
v -0.145094 -0.284670 6.976210
v -0.180074 -0.608507 7.019677
v -0.148821 -0.614663 7.016710
v -0.118605 -0.619939 7.007620
v -0.090587 -0.624132 6.992757
v -0.065845 -0.627082 6.972692
v -0.045328 -0.628675 6.948197
v -0.029827 -0.628851 6.920213
v -0.019935 -0.627601 6.889815
v -0.016034 -0.624975 6.858171
v -0.018273 -0.621072 6.826497
v -0.026566 -0.616044 6.796010
v -0.040596 -0.610084 6.767883
v -0.059820 -0.603419 6.743196
v -0.083503 -0.596307 6.722898
v -0.110733 -0.589021 6.707769
v -0.140464 -0.581842 6.698390
v -0.171554 -0.575042 6.695121
v -0.202807 -0.568888 6.698090
v -0.233023 -0.563611 6.707179
v -0.261041 -0.559417 6.722042
v -0.285783 -0.556468 6.742105
v -0.306299 -0.554875 6.766602
v -0.321801 -0.554699 6.794585
v -0.331692 -0.555949 6.824984
v -0.335594 -0.558575 6.856628
v -0.333354 -0.562478 6.888302
v -0.325061 -0.567506 6.918788
v -0.311032 -0.573466 6.946915
v -0.291807 -0.580130 6.971602
v -0.268125 -0.587242 6.991900
v -0.240895 -0.594529 7.007030
v -0.211163 -0.601709 7.016409
v -0.234633 -0.873264 6.925803
v -0.205422 -0.878038 6.923322
v -0.176792 -0.880148 6.915697
v -0.149844 -0.879514 6.903219
v -0.125615 -0.876160 6.886369
v -0.105034 -0.870214 6.865793
v -0.088893 -0.861906 6.842283
v -0.077813 -0.851555 6.816743
v -0.072218 -0.839557 6.790153
v -0.072324 -0.826376 6.763535
v -0.078127 -0.812516 6.737913
v -0.089404 -0.798511 6.714271
v -0.105721 -0.784899 6.693518
v -0.126452 -0.772201 6.676451
v -0.150800 -0.760910 6.663725
v -0.177828 -0.751455 6.655830
v -0.206500 -0.744201 6.653070
v -0.235711 -0.739428 6.655550
v -0.264341 -0.737317 6.663177
v -0.291288 -0.737951 6.675655
v -0.315518 -0.741306 6.692505
v -0.336099 -0.747252 6.713080
v -0.352240 -0.755559 6.736590
v -0.363320 -0.765911 6.762130
v -0.368915 -0.777908 6.788721
v -0.368809 -0.791090 6.815338
v -0.363006 -0.804950 6.840960
v -0.351729 -0.818954 6.864602
v -0.335411 -0.832567 6.885356
v -0.314681 -0.845263 6.902423
v -0.290333 -0.856556 6.915149
v -0.263304 -0.866011 6.923042
v -0.287274 -1.131319 6.722838
v -0.260621 -1.134687 6.721404
v -0.234113 -1.133766 6.716903
v -0.208768 -1.128592 6.709509
v -0.185561 -1.119364 6.699505
v -0.165384 -1.106436 6.687277
v -0.149012 -1.090306 6.673293
v -0.137074 -1.071593 6.658091
v -0.130029 -1.051016 6.642256
v -0.128147 -1.029366 6.626396
v -0.131501 -1.007475 6.611121
v -0.139962 -0.986185 6.597017
v -0.153205 -0.966314 6.584628
v -0.170722 -0.948623 6.574427
v -0.191837 -0.933796 6.566808
v -0.215742 -0.922400 6.562063
v -0.241515 -0.914873 6.560377
v -0.268169 -0.911507 6.561810
v -0.294677 -0.912428 6.566311
v -0.320021 -0.917601 6.573707
v -0.343228 -0.926830 6.583711
v -0.363405 -0.939757 6.595939
v -0.379777 -0.955887 6.609923
v -0.391716 -0.974601 6.625124
v -0.398761 -0.995177 6.640959
v -0.400643 -1.016827 6.656818
v -0.397288 -1.038718 6.672094
v -0.388827 -1.060008 6.686199
v -0.375584 -1.079880 6.698588
v -0.358068 -1.097569 6.708788
v -0.336952 -1.112397 6.716407
v -0.313048 -1.123793 6.721150
v -0.313911 -1.265123 6.481501
v -0.288565 -1.267959 6.480850
v -0.263219 -1.266030 6.478686
v -0.238845 -1.259407 6.475091
v -0.216381 -1.248348 6.470201
v -0.196690 -1.233275 6.464208
v -0.180528 -1.214769 6.457337
v -0.168517 -1.193541 6.449857
v -0.161118 -1.170406 6.442053
v -0.158616 -1.146254 6.434226
v -0.161106 -1.122012 6.426675
v -0.168494 -1.098613 6.419693
v -0.180495 -1.076956 6.413546
v -0.196648 -1.057871 6.408471
v -0.216331 -1.042095 6.404661
v -0.238790 -1.030232 6.402267
v -0.263160 -1.022738 6.401377
v -0.288506 -1.019902 6.402027
v -0.313852 -1.021832 6.404191
v -0.338226 -1.028454 6.407787
v -0.360690 -1.039514 6.412675
v -0.380382 -1.054586 6.418670
v -0.396543 -1.073092 6.425539
v -0.408554 -1.094320 6.433020
v -0.415953 -1.117455 6.440824
v -0.418455 -1.141608 6.448651
v -0.415965 -1.165849 6.456201
v -0.408577 -1.189248 6.463185
v -0.396576 -1.210906 6.469332
v -0.380424 -1.229989 6.474407
v -0.360740 -1.245766 6.478215
v -0.338281 -1.257629 6.480611
v -0.324373 -1.320225 6.276980
v -0.300601 -1.322800 6.276722
v -0.276798 -1.320746 6.275732
v -0.253878 -1.314140 6.274049
v -0.232721 -1.303238 6.271738
v -0.214143 -1.288456 6.268887
v -0.198855 -1.270365 6.265604
v -0.187445 -1.249658 6.262018
v -0.180352 -1.227132 6.258265
v -0.177849 -1.203653 6.254491
v -0.180032 -1.180121 6.250839
v -0.186817 -1.157444 6.247451
v -0.197942 -1.136490 6.244457
v -0.212982 -1.118066 6.241971
v -0.231357 -1.102880 6.240088
v -0.252361 -1.091516 6.238882
v -0.275188 -1.084408 6.238399
v -0.298960 -1.081833 6.238657
v -0.322763 -1.083887 6.239647
v -0.345683 -1.090493 6.241330
v -0.366840 -1.101396 6.243642
v -0.385419 -1.116177 6.246493
v -0.400707 -1.134269 6.249775
v -0.412116 -1.154975 6.253361
v -0.419209 -1.177501 6.257113
v -0.421712 -1.200981 6.260888
v -0.419529 -1.224512 6.264540
v -0.412745 -1.247190 6.267928
v -0.401619 -1.268143 6.270923
v -0.386579 -1.286567 6.273409
v -0.368204 -1.301753 6.275291
v -0.347200 -1.313117 6.276497
v -0.329404 -1.352136 5.945579
v -0.308644 -1.354382 5.945987
v -0.287860 -1.352580 5.947000
v -0.267853 -1.346798 5.948581
v -0.249390 -1.337258 5.950666
v -0.233182 -1.324326 5.953176
v -0.219851 -1.308500 5.956017
v -0.209910 -1.290388 5.959075
v -0.203741 -1.270686 5.962237
v -0.201580 -1.250151 5.965379
v -0.203511 -1.229572 5.968380
v -0.209459 -1.209740 5.971128
v -0.219197 -1.191418 5.973513
v -0.232349 -1.175308 5.975447
v -0.248411 -1.162031 5.976851
v -0.266765 -1.152097 5.977676
v -0.286705 -1.145887 5.977889
v -0.307466 -1.143639 5.977479
v -0.328250 -1.145442 5.976466
v -0.348257 -1.151224 5.974887
v -0.366719 -1.160765 5.972801
v -0.382928 -1.173696 5.970290
v -0.396258 -1.189522 5.967451
v -0.406200 -1.207634 5.964391
v -0.412369 -1.227336 5.961230
v -0.414530 -1.247871 5.958087
v -0.412599 -1.268450 5.955087
v -0.406650 -1.288282 5.952340
v -0.396913 -1.306605 5.949954
v -0.383760 -1.322714 5.948021
v -0.367699 -1.335991 5.946615
v -0.349345 -1.345925 5.945791
v -0.316073 -1.292302 5.759270
v -0.301612 -1.293867 5.759554
v -0.287136 -1.292612 5.760260
v -0.273201 -1.288585 5.761361
v -0.260342 -1.281940 5.762814
v -0.249053 -1.272933 5.764562
v -0.239768 -1.261910 5.766540
v -0.232844 -1.249295 5.768671
v -0.228546 -1.235572 5.770873
v -0.227041 -1.221269 5.773060
v -0.228386 -1.206935 5.775152
v -0.232529 -1.193123 5.777065
v -0.239312 -1.180360 5.778727
v -0.248473 -1.169140 5.780073
v -0.259660 -1.159892 5.781052
v -0.272443 -1.152973 5.781627
v -0.286332 -1.148648 5.781774
v -0.300792 -1.147082 5.781489
v -0.315268 -1.148338 5.780783
v -0.329204 -1.152365 5.779684
v -0.342063 -1.159010 5.778231
v -0.353352 -1.168017 5.776482
v -0.362637 -1.179040 5.774504
v -0.369561 -1.191655 5.772373
v -0.373858 -1.205378 5.770171
v -0.375363 -1.219681 5.767982
v -0.374018 -1.234015 5.765893
v -0.369875 -1.247828 5.763979
v -0.363093 -1.260590 5.762319
v -0.353932 -1.271810 5.760971
v -0.342745 -1.281057 5.759992
v -0.329961 -1.287977 5.759418
v -0.316073 -1.292302 5.759270
v -0.301612 -1.293867 5.759554
v -0.287136 -1.292612 5.760260
v -0.273201 -1.288585 5.761361
v -0.260342 -1.281940 5.762814
v -0.249053 -1.272933 5.764562
v -0.239768 -1.261910 5.766540
v -0.232844 -1.249295 5.768671
v -0.228546 -1.235572 5.770873
v -0.227041 -1.221269 5.773060
v -0.228386 -1.206935 5.775152
v -0.232529 -1.193123 5.777065
v -0.239312 -1.180360 5.778727
v -0.248473 -1.169140 5.780073
v -0.259660 -1.159892 5.781052
v -0.272443 -1.152973 5.781627
v -0.286332 -1.148648 5.781774
v -0.300792 -1.147082 5.781489
v -0.315268 -1.148338 5.780783
v -0.329204 -1.152365 5.779684
v -0.342063 -1.159010 5.778231
v -0.353352 -1.168017 5.776482
v -0.362637 -1.179040 5.774504
v -0.369561 -1.191655 5.772373
v -0.373858 -1.205378 5.770171
v -0.375363 -1.219681 5.767982
v -0.374018 -1.234015 5.765893
v -0.369875 -1.247828 5.763979
v -0.363093 -1.260590 5.762319
v -0.353932 -1.271810 5.760971
v -0.342745 -1.281057 5.759992
v -0.329961 -1.287977 5.759418
v -0.305361 -1.241959 5.707146
v -0.299498 -1.242593 5.707262
v -0.293630 -1.242085 5.707548
v -0.287979 -1.240452 5.707995
v -0.282766 -1.237758 5.708584
v -0.278189 -1.234106 5.709293
v -0.274425 -1.229637 5.710094
v -0.271618 -1.224523 5.710958
v -0.269875 -1.218959 5.711850
v -0.269265 -1.213160 5.712738
v -0.269810 -1.207349 5.713585
v -0.271490 -1.201749 5.714361
v -0.274240 -1.196576 5.715034
v -0.277954 -1.192026 5.715581
v -0.282490 -1.188277 5.715978
v -0.287672 -1.185472 5.716211
v -0.293303 -1.183718 5.716271
v -0.299165 -1.183084 5.716155
v -0.305035 -1.183593 5.715868
v -0.310684 -1.185225 5.715424
v -0.315898 -1.187920 5.714834
v -0.320475 -1.191571 5.714125
v -0.324239 -1.196040 5.713323
v -0.327046 -1.201154 5.712460
v -0.328788 -1.206718 5.711566
v -0.329399 -1.212517 5.710679
v -0.328853 -1.218328 5.709832
v -0.327173 -1.223928 5.709056
v -0.324424 -1.229102 5.708383
v -0.320710 -1.233651 5.707837
v -0.316174 -1.237400 5.707439
v -0.310992 -1.240205 5.707206
v -0.140243 0.226996 3.290082
v -0.125494 0.256191 3.287236
v -0.105322 0.281922 3.284229
v -0.080504 0.303199 3.281173
v -0.051993 0.319205 3.278188
v -0.020884 0.329325 3.275388
v 0.011626 0.333170 3.272881
v 0.044289 0.330592 3.270762
v 0.075849 0.321690 3.269113
v 0.105094 0.306807 3.267998
v 0.130898 0.286514 3.267459
v 0.152272 0.261591 3.267518
v 0.168394 0.232996 3.268171
v 0.178643 0.201828 3.269394
v 0.182627 0.169285 3.271140
v 0.180191 0.136617 3.273341
v 0.171430 0.105079 3.275915
v 0.156681 0.075884 3.278759
v 0.136509 0.050154 3.281767
v 0.111691 0.028876 3.284822
v 0.083180 0.012871 3.287807
v 0.052071 0.002751 3.290607
v 0.019561 -0.001094 3.293115
v -0.013102 0.001484 3.295234
v -0.044662 0.010385 3.296883
v -0.073907 0.025268 3.297998
v -0.099711 0.045561 3.298537
v -0.121085 0.070484 3.298478
v -0.137207 0.099079 3.297825
v -0.147456 0.130247 3.296601
v -0.151440 0.162790 3.294855
v -0.149004 0.195459 3.292654
v -0.096632 0.261502 3.866159
v -0.081995 0.290681 3.862652
v -0.062154 0.316365 3.857681
v -0.037874 0.337566 3.851438
v -0.010086 0.353469 3.844163
v 0.020141 0.363464 3.836136
v 0.051645 0.367167 3.827666
v 0.083216 0.364434 3.819075
v 0.113641 0.355372 3.810697
v 0.141750 0.340327 3.802853
v 0.166464 0.319880 3.795844
v 0.186832 0.294815 3.789939
v 0.202072 0.266095 3.785365
v 0.211597 0.234824 3.782298
v 0.215043 0.202205 3.780857
v 0.212277 0.169489 3.781096
v 0.203404 0.137936 3.783005
v 0.188766 0.108757 3.786513
v 0.168926 0.083073 3.791484
v 0.144645 0.061872 3.797726
v 0.116857 0.045969 3.805001
v 0.086630 0.035974 3.813028
v 0.055126 0.032272 3.821500
v 0.023555 0.035004 3.830089
v -0.006870 0.044067 3.838467
v -0.034979 0.059111 3.846312
v -0.059693 0.079558 3.853321
v -0.080061 0.104624 3.859226
v -0.095300 0.133343 3.863800
v -0.104826 0.164614 3.866866
v -0.108272 0.197233 3.868308
v -0.105505 0.229949 3.868069
v 0.041533 0.252826 4.368494
v 0.055994 0.282030 4.364490
v 0.075312 0.307784 4.358046
v 0.098745 0.329100 4.349412
v 0.125391 0.345158 4.338920
v 0.154227 0.355341 4.326971
v 0.184145 0.359259 4.314024
v 0.213994 0.356760 4.300580
v 0.242628 0.347940 4.287153
v 0.268947 0.333139 4.274260
v 0.291939 0.312925 4.262395
v 0.310720 0.288075 4.252017
v 0.324569 0.259543 4.243521
v 0.332953 0.228428 4.237236
v 0.335551 0.195923 4.233403
v 0.332262 0.163279 4.232169
v 0.323213 0.131749 4.233582
v 0.308752 0.102546 4.237586
v 0.289433 0.076792 4.244030
v 0.266001 0.055476 4.252664
v 0.239355 0.039417 4.263157
v 0.210519 0.029234 4.275105
v 0.180601 0.025316 4.288052
v 0.150752 0.027815 4.301496
v 0.122117 0.036635 4.314922
v 0.095799 0.051437 4.327816
v 0.072807 0.071651 4.339680
v 0.054026 0.096501 4.350060
v 0.040177 0.125032 4.358555
v 0.031792 0.156148 4.364840
v 0.029195 0.188653 4.368673
v 0.032484 0.221297 4.369907
v 0.243664 0.213617 4.806127
v 0.257382 0.241547 4.802089
v 0.275541 0.266223 4.795307
v 0.297442 0.286695 4.786042
v 0.322245 0.302178 4.774652
v 0.348995 0.312075 4.761570
v 0.376665 0.316008 4.747304
v 0.404191 0.313823 4.732400
v 0.430516 0.305607 4.717429
v 0.454628 0.291673 4.702969
v 0.475600 0.272558 4.689575
v 0.492627 0.248997 4.677761
v 0.505054 0.221894 4.667981
v 0.512403 0.192292 4.660612
v 0.514392 0.161328 4.655935
v 0.510945 0.130191 4.654133
v 0.502194 0.100079 4.655272
v 0.488476 0.072148 4.659310
v 0.470317 0.047472 4.666091
v 0.448416 0.027000 4.675355
v 0.423614 0.011517 4.686748
v 0.396863 0.001620 4.699828
v 0.369194 -0.002312 4.714094
v 0.341667 -0.000128 4.728998
v 0.315342 0.008089 4.743969
v 0.291230 0.022022 4.758429
v 0.270258 0.041137 4.771824
v 0.253231 0.064698 4.783637
v 0.240805 0.091801 4.793417
v 0.233455 0.121403 4.800787
v 0.231466 0.152368 4.805463
v 0.234913 0.183504 4.807266
v 0.413596 0.168758 5.040702
v 0.426917 0.196791 5.036082
v 0.443900 0.221768 5.027576
v 0.463890 0.242730 5.015510
v 0.486122 0.258871 5.000350
v 0.509739 0.269572 4.982676
v 0.533836 0.274420 4.963171
v 0.557484 0.273230 4.942580
v 0.579776 0.266047 4.921697
v 0.599855 0.253148 4.901324
v 0.616948 0.235027 4.882243
v 0.630402 0.212382 4.865191
v 0.639696 0.186082 4.850817
v 0.644474 0.157139 4.839678
v 0.644553 0.126664 4.832201
v 0.639930 0.095829 4.828675
v 0.630781 0.065818 4.829231
v 0.617460 0.037786 4.833852
v 0.600478 0.012809 4.842359
v 0.580486 -0.008153 4.854423
v 0.558255 -0.024295 4.869584
v 0.534638 -0.034996 4.887257
v 0.510542 -0.039844 4.906763
v 0.486894 -0.038654 4.927353
v 0.464602 -0.031471 4.948236
v 0.444523 -0.018571 4.968609
v 0.427429 -0.000451 4.987690
v 0.413976 0.022195 5.004743
v 0.404682 0.048495 5.019117
v 0.399904 0.077438 5.030255
v 0.399825 0.107913 5.037733
v 0.404448 0.138748 5.041259
v 0.640809 0.099597 5.251420
v 0.652298 0.125379 5.246639
v 0.665823 0.148779 5.237202
v 0.680865 0.168898 5.223471
v 0.696845 0.184963 5.205976
v 0.713150 0.196357 5.185387
v 0.729153 0.202641 5.162496
v 0.744239 0.203574 5.138184
v 0.757828 0.199121 5.113383
v 0.769398 0.189452 5.089048
v 0.778504 0.174939 5.066113
v 0.784797 0.156140 5.045461
v 0.788034 0.133776 5.027883
v 0.788091 0.108709 5.014056
v 0.784967 0.081900 5.004512
v 0.778780 0.054381 4.999617
v 0.769769 0.027208 4.999559
v 0.758281 0.001426 5.004341
v 0.744756 -0.021974 5.013779
v 0.729713 -0.042093 5.027508
v 0.713733 -0.058158 5.045004
v 0.697428 -0.069552 5.065594
v 0.681425 -0.075836 5.088483
v 0.666339 -0.076769 5.112796
v 0.652750 -0.072316 5.137596
v 0.641181 -0.062647 5.161932
v 0.632074 -0.048134 5.184866
v 0.625781 -0.029334 5.205518
v 0.622544 -0.006971 5.223096
v 0.622487 0.018096 5.236923
v 0.625612 0.044905 5.246468
v 0.631798 0.072424 5.251364
v 0.881781 0.014203 5.339860
v 0.892274 0.040338 5.334724
v 0.902851 0.064786 5.324236
v 0.913105 0.086607 5.308799
v 0.922642 0.104961 5.289007
v 0.931095 0.119144 5.265621
v 0.938142 0.128611 5.239540
v 0.943508 0.132998 5.211762
v 0.946989 0.132136 5.183360
v 0.948451 0.126059 5.155423
v 0.947838 0.114999 5.129024
v 0.945174 0.099383 5.105180
v 0.940559 0.079809 5.084804
v 0.934173 0.057031 5.068681
v 0.926261 0.031924 5.057431
v 0.917126 0.005452 5.051486
v 0.907119 -0.021367 5.051072
v 0.896626 -0.047503 5.056209
v 0.886050 -0.071951 5.066698
v 0.875795 -0.093771 5.082133
v 0.866258 -0.112126 5.101925
v 0.857805 -0.126309 5.125313
v 0.850759 -0.135776 5.151394
v 0.845393 -0.140163 5.179171
v 0.841911 -0.139301 5.207573
v 0.840450 -0.133223 5.235510
v 0.841063 -0.122164 5.261909
v 0.843727 -0.106547 5.285753
v 0.848341 -0.086974 5.306128
v 0.854727 -0.064196 5.322251
v 0.862640 -0.039088 5.333502
v 0.871774 -0.012617 5.339447
v 1.154589 -0.092413 5.328566
v 1.164065 -0.065877 5.323507
v 1.171630 -0.040242 5.313251
v 1.176991 -0.016494 5.298188
v 1.179945 0.004454 5.278900
v 1.180376 0.021797 5.256128
v 1.178270 0.034870 5.230746
v 1.173705 0.043169 5.203731
v 1.166858 0.046376 5.176119
v 1.157992 0.044367 5.148973
v 1.147448 0.037220 5.123335
v 1.135631 0.025208 5.100191
v 1.122995 0.008795 5.080430
v 1.110025 -0.011389 5.064812
v 1.097221 -0.034569 5.053936
v 1.085073 -0.059854 5.048221
v 1.074049 -0.086273 5.047885
v 1.064574 -0.112809 5.052944
v 1.057009 -0.138444 5.063202
v 1.051647 -0.162191 5.078263
v 1.048694 -0.183139 5.097551
v 1.048263 -0.200483 5.120323
v 1.050369 -0.213555 5.145706
v 1.054934 -0.221855 5.172720
v 1.061781 -0.225061 5.200333
v 1.070647 -0.223053 5.227478
v 1.081191 -0.215905 5.253117
v 1.093007 -0.203894 5.276260
v 1.105644 -0.187481 5.296022
v 1.118613 -0.167297 5.311640
v 1.131418 -0.144117 5.322516
v 1.143566 -0.118832 5.328231
v 1.360930 -0.183130 5.207054
v 1.368985 -0.158171 5.202737
v 1.373807 -0.133417 5.194340
v 1.375210 -0.109822 5.182184
v 1.373142 -0.088290 5.166737
v 1.367680 -0.069651 5.148592
v 1.359037 -0.054620 5.128447
v 1.347542 -0.043774 5.107075
v 1.333638 -0.037531 5.085299
v 1.317860 -0.036130 5.063955
v 1.300814 -0.039626 5.043863
v 1.283155 -0.047884 5.025794
v 1.265561 -0.060586 5.010445
v 1.248708 -0.077244 4.998406
v 1.233245 -0.097220 4.990136
v 1.219765 -0.119743 4.985955
v 1.208787 -0.143950 4.986025
v 1.200732 -0.168909 4.990341
v 1.195910 -0.193663 4.998738
v 1.194506 -0.217258 5.010895
v 1.196575 -0.238789 5.026341
v 1.202037 -0.257429 5.044487
v 1.210680 -0.272460 5.064632
v 1.222175 -0.283306 5.086003
v 1.236079 -0.289549 5.107780
v 1.251857 -0.290950 5.129124
v 1.268903 -0.287454 5.149216
v 1.286562 -0.279196 5.167284
v 1.304157 -0.266494 5.182633
v 1.321008 -0.249835 5.194674
v 1.336472 -0.229860 5.202942
v 1.349952 -0.207337 5.207123
v 1.544004 -0.273316 4.990530
v 1.550630 -0.250373 4.987476
v 1.553018 -0.226961 4.982404
v 1.551073 -0.203977 4.975509
v 1.544871 -0.182306 4.967054
v 1.534650 -0.162779 4.957366
v 1.520804 -0.146149 4.946816
v 1.503864 -0.133053 4.935811
v 1.484481 -0.123995 4.924773
v 1.463400 -0.119323 4.914126
v 1.441431 -0.119217 4.904280
v 1.419419 -0.123681 4.895612
v 1.398209 -0.132542 4.888456
v 1.378617 -0.145461 4.883088
v 1.361395 -0.161941 4.879712
v 1.347205 -0.181349 4.878459
v 1.336593 -0.202939 4.879378
v 1.329966 -0.225881 4.882431
v 1.327579 -0.249294 4.887504
v 1.329524 -0.272278 4.894400
v 1.335726 -0.293949 4.902854
v 1.345947 -0.313475 4.912543
v 1.359793 -0.330105 4.923092
v 1.376733 -0.343201 4.934097
v 1.396116 -0.352259 4.945135
v 1.417197 -0.356931 4.955782
v 1.439166 -0.357037 4.965629
v 1.461178 -0.352574 4.974297
v 1.482388 -0.343713 4.981452
v 1.501980 -0.330794 4.986821
v 1.519202 -0.314314 4.990196
v 1.533391 -0.294905 4.991448
v 1.616898 -0.322231 4.758500
v 1.622998 -0.300344 4.756280
v 1.624719 -0.277753 4.753477
v 1.621991 -0.255326 4.750196
v 1.614923 -0.233924 4.746565
v 1.603784 -0.214371 4.742721
v 1.589002 -0.197418 4.738811
v 1.571146 -0.183715 4.734990
v 1.550902 -0.173791 4.731402
v 1.529048 -0.168026 4.728184
v 1.506423 -0.166641 4.725461
v 1.483898 -0.169691 4.723339
v 1.462338 -0.177057 4.721896
v 1.442571 -0.188457 4.721189
v 1.425357 -0.203453 4.721246
v 1.411358 -0.221467 4.722064
v 1.401111 -0.241809 4.723613
v 1.395011 -0.263697 4.725832
v 1.393290 -0.286288 4.728635
v 1.396017 -0.308715 4.731917
v 1.403087 -0.330117 4.735549
v 1.414226 -0.349670 4.739392
v 1.429007 -0.366623 4.743300
v 1.446863 -0.380326 4.747122
v 1.467107 -0.390250 4.750711
v 1.488962 -0.396015 4.753929
v 1.511586 -0.397400 4.756652
v 1.534111 -0.394350 4.758776
v 1.555671 -0.386984 4.760217
v 1.575438 -0.375584 4.760924
v 1.592652 -0.360589 4.760866
v 1.606651 -0.342573 4.760047
v 1.629898 -0.344040 4.570433
v 1.635603 -0.323492 4.568674
v 1.637178 -0.302218 4.566996
v 1.634562 -0.281036 4.565464
v 1.627855 -0.260759 4.564137
v 1.617315 -0.242168 4.563065
v 1.603347 -0.225976 4.562289
v 1.586487 -0.212806 4.561840
v 1.567385 -0.203164 4.561736
v 1.546774 -0.197420 4.561978
v 1.525445 -0.195795 4.562558
v 1.504219 -0.198352 4.563456
v 1.483912 -0.204993 4.564635
v 1.465303 -0.215461 4.566050
v 1.449108 -0.229355 4.567647
v 1.435949 -0.246141 4.569365
v 1.426332 -0.265174 4.571136
v 1.420626 -0.285723 4.572895
v 1.419052 -0.306997 4.574573
v 1.421668 -0.328179 4.576106
v 1.428375 -0.348456 4.577432
v 1.438915 -0.367047 4.578505
v 1.452883 -0.383239 4.579278
v 1.469742 -0.396409 4.579728
v 1.488844 -0.406051 4.579834
v 1.509456 -0.411795 4.579591
v 1.530784 -0.413420 4.579010
v 1.552011 -0.410863 4.578114
v 1.572318 -0.404222 4.576935
v 1.590927 -0.393754 4.575520
v 1.607122 -0.379860 4.573922
v 1.620281 -0.363073 4.572204
v 1.602954 -0.360042 4.274122
v 1.608037 -0.342083 4.273144
v 1.609710 -0.323469 4.273332
v 1.607908 -0.304915 4.274681
v 1.602700 -0.287134 4.277135
v 1.594286 -0.270809 4.280603
v 1.582989 -0.256568 4.284950
v 1.569244 -0.244958 4.290010
v 1.553579 -0.236425 4.295588
v 1.536596 -0.231297 4.301469
v 1.518947 -0.229771 4.307429
v 1.501311 -0.231906 4.313238
v 1.484366 -0.237620 4.318671
v 1.468762 -0.246693 4.323522
v 1.455099 -0.258776 4.327602
v 1.443903 -0.273405 4.330757
v 1.435604 -0.290019 4.332863
v 1.430520 -0.307977 4.333840
v 1.428846 -0.326592 4.333651
v 1.430649 -0.345146 4.332305
v 1.435858 -0.362927 4.329850
v 1.444272 -0.379252 4.326381
v 1.455568 -0.393493 4.322033
v 1.469313 -0.405103 4.316974
v 1.484978 -0.413636 4.311397
v 1.501961 -0.418764 4.305514
v 1.519610 -0.420290 4.299555
v 1.537246 -0.418155 4.293747
v 1.554192 -0.412441 4.288313
v 1.569795 -0.403368 4.283463
v 1.583457 -0.391285 4.279382
v 1.594653 -0.376655 4.276228
v 1.522729 -0.342826 4.118971
v 1.526270 -0.330317 4.118289
v 1.527434 -0.317352 4.118421
v 1.526180 -0.304429 4.119359
v 1.522552 -0.292045 4.121069
v 1.516692 -0.280674 4.123485
v 1.508824 -0.270755 4.126513
v 1.499250 -0.262668 4.130036
v 1.488339 -0.256725 4.133922
v 1.476510 -0.253153 4.138019
v 1.464217 -0.252091 4.142169
v 1.451934 -0.253578 4.146214
v 1.440131 -0.257557 4.150000
v 1.429263 -0.263877 4.153378
v 1.419747 -0.272293 4.156220
v 1.411948 -0.282482 4.158416
v 1.406168 -0.294054 4.159883
v 1.402627 -0.306562 4.160564
v 1.401461 -0.319527 4.160433
v 1.402717 -0.332450 4.159495
v 1.406345 -0.344835 4.157784
v 1.412205 -0.356206 4.155369
v 1.420073 -0.366125 4.152341
v 1.429646 -0.374211 4.148817
v 1.440557 -0.380155 4.144932
v 1.452386 -0.383726 4.140835
v 1.464679 -0.384789 4.136684
v 1.476963 -0.383302 4.132639
v 1.488766 -0.379322 4.128855
v 1.499634 -0.373003 4.125476
v 1.509150 -0.364587 4.122634
v 1.516948 -0.354397 4.120437
v 1.522729 -0.342826 4.118971
v 1.526270 -0.330317 4.118289
v 1.527434 -0.317352 4.118421
v 1.526180 -0.304429 4.119359
v 1.522552 -0.292045 4.121069
v 1.516692 -0.280674 4.123485
v 1.508824 -0.270755 4.126513
v 1.499250 -0.262668 4.130036
v 1.488339 -0.256725 4.133922
v 1.476510 -0.253153 4.138019
v 1.464217 -0.252091 4.142169
v 1.451934 -0.253578 4.146214
v 1.440131 -0.257557 4.150000
v 1.429263 -0.263877 4.153378
v 1.419747 -0.272293 4.156220
v 1.411948 -0.282482 4.158416
v 1.406168 -0.294054 4.159883
v 1.402627 -0.306562 4.160564
v 1.401461 -0.319527 4.160433
v 1.402717 -0.332450 4.159495
v 1.406345 -0.344835 4.157784
v 1.412205 -0.356206 4.155369
v 1.420073 -0.366125 4.152341
v 1.429646 -0.374211 4.148817
v 1.440557 -0.380155 4.144932
v 1.452386 -0.383726 4.140835
v 1.464679 -0.384789 4.136684
v 1.476963 -0.383302 4.132639
v 1.488766 -0.379322 4.128855
v 1.499634 -0.373003 4.125476
v 1.509150 -0.364587 4.122634
v 1.516948 -0.354397 4.120437
v 1.472166 -0.326684 4.080503
v 1.473602 -0.321613 4.080226
v 1.474074 -0.316356 4.080278
v 1.473565 -0.311117 4.080659
v 1.472095 -0.306096 4.081352
v 1.469718 -0.301486 4.082332
v 1.466529 -0.297465 4.083560
v 1.462647 -0.294186 4.084988
v 1.458224 -0.291777 4.086564
v 1.453428 -0.290329 4.088224
v 1.448444 -0.289898 4.089907
v 1.443464 -0.290501 4.091547
v 1.438679 -0.292114 4.093081
v 1.434273 -0.294676 4.094451
v 1.430415 -0.298088 4.095604
v 1.427253 -0.302219 4.096494
v 1.424910 -0.306911 4.097089
v 1.423474 -0.311982 4.097365
v 1.423002 -0.317238 4.097311
v 1.423511 -0.322477 4.096931
v 1.424981 -0.327499 4.096238
v 1.427357 -0.332108 4.095259
v 1.430547 -0.336130 4.094031
v 1.434429 -0.339408 4.092602
v 1.438852 -0.341818 4.091027
v 1.443648 -0.343266 4.089366
v 1.448632 -0.343697 4.087684
v 1.453612 -0.343094 4.086044
v 1.458397 -0.341480 4.084509
v 1.462803 -0.338918 4.083139
v 1.466661 -0.335506 4.081987
v 1.469823 -0.331375 4.081097
v 0.046262 0.089417 4.234970
v 0.017461 0.086522 4.238079
v -0.011443 0.089253 4.240242
v -0.039339 0.097507 4.241376
v -0.065154 0.110966 4.241438
v -0.087897 0.129113 4.240424
v -0.106693 0.151251 4.238375
v -0.120821 0.176528 4.235367
v -0.129737 0.203973 4.231517
v -0.133099 0.232533 4.226975
v -0.130777 0.261108 4.221913
v -0.122861 0.288602 4.216526
v -0.109655 0.313956 4.211021
v -0.091667 0.336199 4.205609
v -0.069587 0.354473 4.200500
v -0.044265 0.368077 4.195889
v -0.016673 0.376489 4.191952
v 0.012129 0.379385 4.188844
v 0.041032 0.376653 4.186680
v 0.068928 0.368399 4.185545
v 0.094743 0.354940 4.185484
v 0.117486 0.336793 4.186498
v 0.136282 0.314656 4.188547
v 0.150410 0.289379 4.191556
v 0.159326 0.261933 4.195405
v 0.162688 0.233374 4.199947
v 0.160366 0.204798 4.205009
v 0.152451 0.177305 4.210397
v 0.139245 0.151950 4.215901
v 0.121256 0.129708 4.221313
v 0.099177 0.111434 4.226422
v 0.073854 0.097829 4.231033
v 0.091980 0.193206 4.767479
v 0.063173 0.190299 4.770522
v 0.034251 0.192995 4.772490
v 0.006328 0.201191 4.773306
v -0.019525 0.214572 4.772941
v -0.042314 0.232625 4.771406
v -0.061163 0.254654 4.768763
v -0.075348 0.279814 4.765111
v -0.084323 0.307138 4.760591
v -0.087744 0.335575 4.755378
v -0.085480 0.364034 4.749671
v -0.077617 0.391419 4.743690
v -0.064457 0.416679 4.737665
v -0.046506 0.438844 4.731826
v -0.024455 0.457060 4.726398
v 0.000851 0.470630 4.721592
v 0.028437 0.479029 4.717589
v 0.057244 0.481937 4.714547
v 0.086165 0.479241 4.712579
v 0.114089 0.471044 4.711762
v 0.139942 0.457663 4.712128
v 0.162731 0.439611 4.713663
v 0.181580 0.417581 4.716306
v 0.195764 0.392421 4.719958
v 0.204740 0.365098 4.724478
v 0.208161 0.336660 4.729690
v 0.205897 0.308202 4.735398
v 0.198033 0.280816 4.741378
v 0.184873 0.255556 4.747405
v 0.166923 0.233391 4.753243
v 0.144871 0.215175 4.758670
v 0.119566 0.201606 4.763476
v 0.134510 0.293560 5.268959
v 0.105666 0.290479 5.271432
v 0.076636 0.292666 5.271712
v 0.048536 0.300033 5.269790
v 0.022447 0.312300 5.265738
v -0.000631 0.328993 5.259712
v -0.019810 0.349473 5.251944
v -0.034352 0.372951 5.242732
v -0.043699 0.398526 5.232429
v -0.047492 0.425214 5.221434
v -0.045585 0.451991 5.210166
v -0.038051 0.477826 5.199059
v -0.025180 0.501728 5.188542
v -0.007466 0.522777 5.179017
v 0.014410 0.540165 5.170851
v 0.039606 0.553224 5.164357
v 0.067156 0.561451 5.159786
v 0.096000 0.564532 5.157312
v 0.125029 0.562346 5.157032
v 0.153129 0.554978 5.158954
v 0.179219 0.542711 5.163006
v 0.202297 0.526018 5.169032
v 0.221475 0.505538 5.176801
v 0.236017 0.482060 5.186014
v 0.245364 0.456485 5.196315
v 0.249157 0.429797 5.207311
v 0.247250 0.403021 5.218579
v 0.239717 0.377185 5.229684
v 0.226845 0.353283 5.240201
v 0.209132 0.332234 5.249726
v 0.187256 0.314846 5.257893
v 0.162059 0.301787 5.264386
v 0.151585 0.473374 5.694219
v 0.122732 0.470079 5.696277
v 0.093676 0.471630 5.695325
v 0.065533 0.477966 5.691401
v 0.039385 0.488844 5.684655
v 0.016236 0.503846 5.675346
v -0.003023 0.522396 5.663833
v -0.017653 0.543780 5.650557
v -0.027092 0.567177 5.636028
v -0.030976 0.591688 5.620806
v -0.029157 0.616370 5.605476
v -0.021704 0.640276 5.590624
v -0.008904 0.662486 5.576825
v 0.008752 0.682147 5.564607
v 0.030584 0.698504 5.554439
v 0.055754 0.710927 5.546712
v 0.083295 0.718940 5.541723
v 0.112148 0.722235 5.539667
v 0.141204 0.720684 5.540618
v 0.169347 0.714348 5.544542
v 0.195495 0.703470 5.551288
v 0.218644 0.688468 5.560596
v 0.237903 0.669918 5.572111
v 0.252533 0.648534 5.585387
v 0.261972 0.625137 5.599914
v 0.265856 0.600626 5.615137
v 0.264037 0.575944 5.630468
v 0.256584 0.552038 5.645318
v 0.243783 0.529828 5.659119
v 0.226128 0.510167 5.671336
v 0.204296 0.493810 5.681506
v 0.179126 0.481387 5.689231
v 0.150122 0.705395 6.054885
v 0.122549 0.702130 6.056679
v 0.094785 0.703267 6.055258
v 0.067897 0.708762 6.050677
v 0.042918 0.718405 6.043110
v 0.020809 0.731823 6.032850
v 0.002418 0.748503 6.020291
v -0.011547 0.767803 6.005915
v -0.020550 0.788980 5.990274
v -0.024244 0.811223 5.973971
v -0.022488 0.833674 5.957631
v -0.015349 0.855473 5.941883
v -0.003102 0.875781 5.927330
v 0.013783 0.893817 5.914534
v 0.034657 0.908889 5.903985
v 0.058717 0.920417 5.896088
v 0.085040 0.927958 5.891149
v 0.112613 0.931224 5.889355
v 0.140377 0.930086 5.890776
v 0.167266 0.924591 5.895358
v 0.192244 0.914949 5.902925
v 0.214354 0.901530 5.913185
v 0.232744 0.884851 5.925744
v 0.246709 0.865551 5.940121
v 0.255712 0.844373 5.955760
v 0.259406 0.822131 5.972064
v 0.257651 0.799680 5.988404
v 0.250512 0.777881 6.004151
v 0.238264 0.757573 6.018704
v 0.221379 0.739537 6.031501
v 0.200505 0.724465 6.042050
v 0.176445 0.712937 6.049946
v 0.137031 0.886533 6.240812
v 0.109485 0.882842 6.242140
v 0.081803 0.882714 6.239344
v 0.055048 0.886156 6.232528
v 0.030247 0.893035 6.221954
v 0.008355 0.903086 6.208030
v -0.009788 0.915924 6.191291
v -0.023483 0.931055 6.172380
v -0.032206 0.947898 6.152023
v -0.035620 0.965805 6.131004
v -0.033595 0.984088 6.110128
v -0.026208 1.002045 6.090200
v -0.013744 1.018985 6.071983
v 0.003320 1.034258 6.056180
v 0.024326 1.047277 6.043397
v 0.048468 1.057540 6.034126
v 0.074819 1.064655 6.028721
v 0.102364 1.068347 6.027392
v 0.130047 1.068475 6.030190
v 0.156802 1.065033 6.037005
v 0.181603 1.058154 6.047579
v 0.203495 1.048102 6.061502
v 0.221637 1.035264 6.078241
v 0.235333 1.020133 6.097153
v 0.244056 1.003291 6.117509
v 0.247470 0.985384 6.138529
v 0.245445 0.967101 6.159405
v 0.238058 0.949143 6.179332
v 0.225593 0.932203 6.197549
v 0.208530 0.916930 6.213352
v 0.187523 0.903912 6.226136
v 0.163381 0.893648 6.235407
v 0.110371 1.117982 6.398873
v 0.085322 1.113942 6.399668
v 0.060311 1.111836 6.395877
v 0.036297 1.111745 6.387647
v 0.014205 1.113673 6.375295
v -0.005118 1.117544 6.359293
v -0.020928 1.123212 6.340261
v -0.032618 1.130458 6.318925
v -0.039738 1.139003 6.296106
v -0.042016 1.148518 6.272683
v -0.039364 1.158640 6.249555
v -0.031882 1.168978 6.227612
v -0.019860 1.179135 6.207693
v -0.003759 1.188720 6.190569
v 0.015803 1.197367 6.176897
v 0.038073 1.204741 6.167199
v 0.062196 1.210559 6.161851
v 0.087245 1.214600 6.161057
v 0.112256 1.216706 6.164846
v 0.136270 1.216797 6.173076
v 0.158362 1.214870 6.185428
v 0.177684 1.210998 6.201430
v 0.193495 1.205330 6.220463
v 0.205185 1.198085 6.241799
v 0.212305 1.189539 6.264618
v 0.214583 1.180024 6.288040
v 0.211930 1.169902 6.311169
v 0.204449 1.159564 6.333112
v 0.192427 1.149408 6.353029
v 0.176326 1.139822 6.370153
v 0.156764 1.131176 6.383828
v 0.134494 1.123802 6.393524
v 0.070084 1.349346 6.447727
v 0.045203 1.344351 6.448329
v 0.020687 1.339418 6.443969
v -0.002521 1.334735 6.434813
v -0.023530 1.330483 6.421214
v -0.041533 1.326825 6.403695
v -0.055837 1.323903 6.382930
v -0.065893 1.321828 6.359714
v -0.071314 1.320679 6.334943
v -0.071892 1.320501 6.309564
v -0.067605 1.321301 6.284556
v -0.058618 1.323049 6.260882
v -0.045276 1.325677 6.239446
v -0.028091 1.329083 6.221076
v -0.007725 1.333138 6.206477
v 0.015041 1.337685 6.196209
v 0.039331 1.342548 6.190667
v 0.064212 1.347544 6.190067
v 0.088728 1.352477 6.194427
v 0.111937 1.357159 6.203581
v 0.132946 1.361412 6.217180
v 0.150948 1.365070 6.234699
v 0.165252 1.367991 6.255466
v 0.175308 1.370067 6.278680
v 0.180730 1.371216 6.303454
v 0.181308 1.371394 6.328831
v 0.177021 1.370593 6.353838
v 0.168034 1.368845 6.377513
v 0.154691 1.366218 6.398948
v 0.137507 1.362811 6.417319
v 0.117140 1.358757 6.431918
v 0.094374 1.354210 6.442186
v 0.014563 1.599642 6.405033
v -0.010108 1.593718 6.405825
v -0.034001 1.586032 6.402029
v -0.056199 1.576878 6.393791
v -0.075847 1.566610 6.381426
v -0.092192 1.555622 6.365411
v -0.104605 1.544336 6.346361
v -0.112608 1.533186 6.325006
v -0.115895 1.522599 6.302170
v -0.114340 1.512984 6.278729
v -0.108000 1.504709 6.255582
v -0.097122 1.498093 6.233623
v -0.082122 1.493390 6.213691
v -0.063577 1.490780 6.196555
v -0.042199 1.490364 6.182872
v -0.018811 1.492158 6.173170
v 0.005690 1.496093 6.167819
v 0.030360 1.502018 6.167026
v 0.054254 1.509704 6.170823
v 0.076451 1.518857 6.179060
v 0.096100 1.529125 6.191425
v 0.112445 1.540113 6.207440
v 0.124858 1.551399 6.226491
v 0.132861 1.562550 6.247845
v 0.136148 1.573136 6.270682
v 0.134592 1.582752 6.294123
v 0.128253 1.591026 6.317268
v 0.117375 1.597642 6.339229
v 0.102375 1.602345 6.359160
v 0.083829 1.604955 6.376296
v 0.062452 1.605371 6.389979
v 0.039064 1.603577 6.399682
v -0.037480 1.777160 6.273372
v -0.060203 1.771014 6.274531
v -0.081847 1.761966 6.272262
v -0.101580 1.750363 6.266651
v -0.118642 1.736652 6.257912
v -0.132379 1.721360 6.246384
v -0.142264 1.705074 6.232508
v -0.147915 1.688419 6.216818
v -0.149115 1.672037 6.199917
v -0.145819 1.656556 6.182455
v -0.138153 1.642572 6.165101
v -0.126412 1.630622 6.148522
v -0.111047 1.621164 6.133359
v -0.092648 1.614563 6.120190
v -0.071923 1.611073 6.109524
v -0.049668 1.610827 6.101770
v -0.026738 1.613835 6.097225
v -0.004015 1.619981 6.096066
v 0.017629 1.629029 6.098335
v 0.037362 1.640631 6.103948
v 0.054425 1.654343 6.112685
v 0.068162 1.669635 6.124214
v 0.078046 1.685921 6.138090
v 0.083697 1.702576 6.153780
v 0.084897 1.718958 6.170681
v 0.081602 1.734439 6.188144
v 0.073935 1.748423 6.205498
v 0.062194 1.760373 6.222075
v 0.046829 1.769831 6.237239
v 0.028430 1.776432 6.250408
v 0.007706 1.779922 6.261075
v -0.014550 1.780168 6.268827
v -0.093324 1.923310 6.060935
v -0.113697 1.917216 6.062818
v -0.132679 1.907459 6.063228
v -0.149543 1.894415 6.062150
v -0.163640 1.878585 6.059626
v -0.174428 1.860577 6.055753
v -0.181494 1.841083 6.050677
v -0.184564 1.820852 6.044597
v -0.183522 1.800661 6.037744
v -0.178407 1.781288 6.030382
v -0.169416 1.763475 6.022793
v -0.156895 1.747908 6.015272
v -0.141324 1.735185 6.008104
v -0.123302 1.725795 6.001567
v -0.103521 1.720098 5.995911
v -0.082743 1.718314 5.991354
v -0.061764 1.720511 5.988071
v -0.041392 1.726605 5.986188
v -0.022410 1.736362 5.985778
v -0.005546 1.749406 5.986856
v 0.008551 1.765236 5.989379
v 0.019339 1.783245 5.993253
v 0.026405 1.802739 5.998328
v 0.029475 1.822970 6.004409
v 0.028433 1.843160 6.011263
v 0.023318 1.862534 6.018625
v 0.014327 1.880346 6.026213
v 0.001806 1.895913 6.033734
v -0.013765 1.908636 6.040902
v -0.031787 1.918026 6.047440
v -0.051567 1.923723 6.053094
v -0.072346 1.925507 6.057651
v -0.128531 1.966275 5.848088
v -0.147753 1.960398 5.850491
v -0.165467 1.950855 5.852710
v -0.180993 1.938012 5.854660
v -0.193733 1.922363 5.856266
v -0.203199 1.904510 5.857467
v -0.209027 1.885138 5.858214
v -0.210992 1.864993 5.858480
v -0.209020 1.844847 5.858255
v -0.203185 1.825476 5.857549
v -0.193713 1.807623 5.856387
v -0.180967 1.791976 5.854814
v -0.165437 1.779135 5.852890
v -0.147719 1.769593 5.850692
v -0.128495 1.763717 5.848300
v -0.108504 1.761735 5.845809
v -0.088514 1.763720 5.843314
v -0.069292 1.769597 5.840910
v -0.051578 1.779140 5.838690
v -0.036053 1.791983 5.836740
v -0.023312 1.807632 5.835135
v -0.013846 1.825485 5.833935
v -0.008018 1.844857 5.833188
v -0.006053 1.865003 5.832921
v -0.008026 1.885148 5.833146
v -0.013860 1.904519 5.833852
v -0.023333 1.922372 5.835015
v -0.036079 1.938019 5.836588
v -0.051609 1.950861 5.838510
v -0.069326 1.960402 5.840710
v -0.088550 1.966277 5.843101
v -0.108541 1.968260 5.845592
v -0.147859 1.958621 5.681102
v -0.165844 1.953134 5.683639
v -0.182355 1.944254 5.686560
v -0.196758 1.932322 5.689753
v -0.208499 1.917797 5.693094
v -0.217126 1.901236 5.696457
v -0.222309 1.883276 5.699711
v -0.223848 1.864607 5.702733
v -0.221684 1.845947 5.705403
v -0.215900 1.828013 5.707622
v -0.206718 1.811494 5.709303
v -0.194492 1.797025 5.710382
v -0.179690 1.785162 5.710818
v -0.162883 1.776360 5.710594
v -0.144715 1.770959 5.709716
v -0.125885 1.769165 5.708222
v -0.107117 1.771047 5.706167
v -0.089132 1.776534 5.703630
v -0.072620 1.785414 5.700709
v -0.058218 1.797346 5.697517
v -0.046477 1.811872 5.694175
v -0.037849 1.828433 5.690813
v -0.032667 1.846393 5.687558
v -0.031128 1.865061 5.684538
v -0.033292 1.883721 5.681867
v -0.039076 1.901656 5.679647
v -0.048258 1.918175 5.677966
v -0.060484 1.932644 5.676888
v -0.075286 1.944507 5.676451
v -0.092093 1.953309 5.676677
v -0.110261 1.958710 5.677552
v -0.129091 1.960504 5.679047
v -0.168832 1.902844 5.423704
v -0.184512 1.898202 5.426399
v -0.198846 1.890893 5.430369
v -0.211284 1.881197 5.435462
v -0.221347 1.869486 5.441483
v -0.228650 1.856211 5.448198
v -0.232910 1.841881 5.455351
v -0.233965 1.827048 5.462667
v -0.231774 1.812282 5.469866
v -0.226421 1.798150 5.476667
v -0.218112 1.785194 5.482814
v -0.207167 1.773914 5.488068
v -0.194005 1.764742 5.492228
v -0.179133 1.758031 5.495132
v -0.163122 1.754039 5.496672
v -0.146588 1.752919 5.496784
v -0.130165 1.754714 5.495469
v -0.114486 1.759355 5.492774
v -0.100152 1.766665 5.488803
v -0.087714 1.776361 5.483711
v -0.077651 1.788072 5.477691
v -0.070349 1.801347 5.470974
v -0.066088 1.815676 5.463821
v -0.065033 1.830509 5.456505
v -0.067224 1.845276 5.449308
v -0.072577 1.859408 5.442504
v -0.080885 1.872364 5.436358
v -0.091831 1.883644 5.431105
v -0.104993 1.892816 5.426945
v -0.119865 1.899527 5.424040
v -0.135875 1.903519 5.422502
v -0.152410 1.904639 5.422389
v -0.166602 1.812692 5.296867
v -0.177523 1.809459 5.298744
v -0.187507 1.804367 5.301508
v -0.196171 1.797614 5.305057
v -0.203180 1.789458 5.309249
v -0.208266 1.780211 5.313927
v -0.211233 1.770231 5.318909
v -0.211968 1.759899 5.324005
v -0.210442 1.749614 5.329019
v -0.206714 1.739771 5.333756
v -0.200926 1.730747 5.338038
v -0.193303 1.722890 5.341697
v -0.184135 1.716503 5.344594
v -0.173777 1.711828 5.346617
v -0.162625 1.709047 5.347689
v -0.151109 1.708267 5.347768
v -0.139670 1.709518 5.346851
v -0.128749 1.712750 5.344975
v -0.118766 1.717841 5.342209
v -0.110103 1.724596 5.338662
v -0.103094 1.732752 5.334469
v -0.098007 1.741998 5.329791
v -0.095040 1.751979 5.324809
v -0.094305 1.762310 5.319714
v -0.095831 1.772595 5.314700
v -0.099559 1.782438 5.309961
v -0.105346 1.791462 5.305681
v -0.112970 1.799319 5.302022
v -0.122138 1.805707 5.299125
v -0.132496 1.810382 5.297101
v -0.143648 1.813162 5.296029
v -0.155164 1.813942 5.295951
v -0.166602 1.812692 5.296867
v -0.177523 1.809459 5.298744
v -0.187507 1.804367 5.301508
v -0.196171 1.797614 5.305057
v -0.203180 1.789458 5.309249
v -0.208266 1.780211 5.313927
v -0.211233 1.770231 5.318909
v -0.211968 1.759899 5.324005
v -0.210442 1.749614 5.329019
v -0.206714 1.739771 5.333756
v -0.200926 1.730747 5.338038
v -0.193303 1.722890 5.341697
v -0.184135 1.716503 5.344594
v -0.173777 1.711828 5.346617
v -0.162625 1.709047 5.347689
v -0.151109 1.708267 5.347768
v -0.139670 1.709518 5.346851
v -0.128749 1.712750 5.344975
v -0.118766 1.717841 5.342209
v -0.110103 1.724596 5.338662
v -0.103094 1.732752 5.334469
v -0.098007 1.741998 5.329791
v -0.095040 1.751979 5.324809
v -0.094305 1.762310 5.319714
v -0.095831 1.772595 5.314700
v -0.099559 1.782438 5.309961
v -0.105346 1.791462 5.305681
v -0.112970 1.799319 5.302022
v -0.122138 1.805707 5.299125
v -0.132496 1.810382 5.297101
v -0.143648 1.813162 5.296029
v -0.155164 1.813942 5.295951
v -0.159920 1.762066 5.269102
v -0.164348 1.760756 5.269864
v -0.168396 1.758691 5.270984
v -0.171908 1.755954 5.272422
v -0.174749 1.752647 5.274123
v -0.176812 1.748898 5.276019
v -0.178015 1.744852 5.278039
v -0.178313 1.740663 5.280105
v -0.177694 1.736493 5.282137
v -0.176183 1.732503 5.284059
v -0.173836 1.728844 5.285794
v -0.170745 1.725659 5.287277
v -0.167029 1.723069 5.288452
v -0.162829 1.721174 5.289272
v -0.158308 1.720047 5.289706
v -0.153639 1.719730 5.289738
v -0.149002 1.720237 5.289367
v -0.144574 1.721548 5.288606
v -0.140526 1.723612 5.287486
v -0.137014 1.726350 5.286047
v -0.134173 1.729657 5.284347
v -0.132110 1.733405 5.282451
v -0.130907 1.737452 5.280430
v -0.130610 1.741640 5.278364
v -0.131228 1.745810 5.276332
v -0.132740 1.749801 5.274411
v -0.135086 1.753459 5.272676
v -0.138177 1.756645 5.271192
v -0.141893 1.759235 5.270018
v -0.146093 1.761129 5.269197
v -0.150614 1.762257 5.268763
v -0.155283 1.762573 5.268731
v -0.345933 1.521830 4.694010
v -0.339159 1.508249 4.698757
v -0.325955 1.496584 4.702721
v -0.306829 1.487285 4.705753
v -0.282517 1.480708 4.707733
v -0.253951 1.477107 4.708587
v -0.222231 1.476619 4.708282
v -0.188574 1.479264 4.706829
v -0.154276 1.484940 4.704285
v -0.120652 1.493428 4.700747
v -0.088996 1.504403 4.696351
v -0.060525 1.517442 4.691266
v -0.036332 1.532045 4.685687
v -0.017346 1.547651 4.679829
v -0.004298 1.563659 4.673918
v 0.002310 1.579455 4.668179
v 0.002225 1.594431 4.662834
v -0.004549 1.608013 4.658088
v -0.017753 1.619677 4.654122
v -0.036878 1.628976 4.651093
v -0.061191 1.635553 4.649112
v -0.089756 1.639154 4.648257
v -0.121477 1.639642 4.648562
v -0.155133 1.636997 4.650015
v -0.189432 1.631322 4.652560
v -0.223056 1.622833 4.656097
v -0.254712 1.611859 4.660494
v -0.283183 1.598819 4.665579
v -0.307376 1.584216 4.671157
v -0.326362 1.568610 4.677015
v -0.339409 1.552602 4.682927
v -0.346018 1.536806 4.688666
v -0.174178 1.503198 4.524545
v -0.452165 1.640527 5.102124
v -0.441022 1.618189 5.109931
v -0.419305 1.599003 5.116451
v -0.387847 1.583708 5.121437
v -0.347858 1.572891 5.124694
v -0.300874 1.566967 5.126099
v -0.248700 1.566165 5.125597
v -0.193343 1.570516 5.123209
v -0.136928 1.579851 5.119023
v -0.081625 1.593812 5.113204
v -0.029558 1.611863 5.105973
v 0.017272 1.633310 5.097610
v 0.057065 1.657329 5.088433
v 0.088292 1.682997 5.078799
v 0.109752 1.709328 5.069075
v 0.120622 1.735308 5.059637
v 0.120483 1.759941 5.050844
v 0.109340 1.782280 5.043038
v 0.087623 1.801465 5.036518
v 0.056166 1.816760 5.031532
v 0.016176 1.827578 5.028275
v -0.030808 1.833501 5.026870
v -0.082981 1.834303 5.027372
v -0.138339 1.829953 5.029761
v -0.194754 1.820618 5.033946
v -0.250057 1.806657 5.039765
v -0.302125 1.788605 5.046996
v -0.348954 1.767158 5.055359
v -0.388747 1.743139 5.064535
v -0.419974 1.717471 5.074170
v -0.441434 1.691141 5.083893
v -0.452304 1.665160 5.093332
v -0.437810 1.761824 5.435633
v -0.427030 1.740211 5.443185
v -0.406018 1.721649 5.449494
v -0.375582 1.706851 5.454317
v -0.336893 1.696385 5.457469
v -0.291435 1.690654 5.458829
v -0.240957 1.689878 5.458343
v -0.187399 1.694087 5.456031
v -0.132817 1.703119 5.451983
v -0.079311 1.716627 5.446352
v -0.028936 1.734091 5.439357
v 0.016372 1.754841 5.431264
v 0.054872 1.778080 5.422387
v 0.085083 1.802914 5.413066
v 0.105847 1.828388 5.403658
v 0.116363 1.853524 5.394526
v 0.116229 1.877357 5.386020
v 0.105448 1.898970 5.378467
v 0.084437 1.917531 5.372158
v 0.054001 1.932330 5.367335
v 0.015311 1.942795 5.364183
v -0.030146 1.948526 5.362824
v -0.080624 1.949302 5.363309
v -0.134182 1.945093 5.365621
v -0.188764 1.936062 5.369670
v -0.242270 1.922554 5.375300
v -0.292645 1.905090 5.382296
v -0.337953 1.884339 5.390388
v -0.376453 1.861101 5.399265
v -0.406664 1.836267 5.408587
v -0.427428 1.810793 5.417994
v -0.437944 1.785656 5.427127
v -0.465846 1.748444 5.416824
v -0.482985 1.729838 5.375819
v -0.470484 1.704776 5.384577
v -0.454000 1.724662 5.425124
v -0.446119 1.683252 5.391894
v -0.430918 1.704219 5.432041
v -0.410826 1.666093 5.397490
v -0.397475 1.687900 5.437314
v -0.365962 1.653958 5.401147
v -0.354942 1.676337 5.440743
v -0.313249 1.647313 5.402727
v -0.304940 1.669981 5.442201
v -0.254715 1.646414 5.402166
v -0.249386 1.669086 5.441634
v -0.192608 1.651295 5.399487
v -0.190417 1.673694 5.439066
v -0.129315 1.661768 5.394793
v -0.130310 1.683631 5.434599
v -0.067270 1.677432 5.388264
v -0.071389 1.698515 5.428408
v -0.008855 1.697683 5.380149
v -0.015932 1.717768 5.420728
v 0.043684 1.721744 5.370764
v 0.033921 1.740644 5.411856
v 0.088328 1.748691 5.360466
v 0.076256 1.766255 5.402131
v 0.123362 1.777487 5.349654
v 0.109452 1.793610 5.391920
v 0.147438 1.807027 5.338743
v 0.132248 1.821656 5.381611
v 0.159633 1.836174 5.328151
v 0.143782 1.849317 5.371594
v 0.159477 1.863810 5.318288
v 0.143621 1.875536 5.362248
v 0.146976 1.888872 5.309531
v 0.131775 1.899311 5.353928
v 0.122611 1.910397 5.302216
v 0.108692 1.919734 5.346954
v 0.087319 1.927558 5.296625
v 0.075248 1.936022 5.341597
v 0.042454 1.939695 5.292973
v 0.032714 1.947550 5.338068
v -0.010258 1.946342 5.291400
v -0.017289 1.953870 5.336511
v -0.068792 1.947243 5.291965
v -0.072845 1.954735 5.336993
v -0.130899 1.942363 5.294647
v -0.131815 1.950107 5.339504
v -0.194192 1.931890 5.299342
v -0.191922 1.940163 5.343952
v -0.256238 1.916226 5.305871
v -0.250843 1.925286 5.350164
v -0.314653 1.895974 5.313981
v -0.306299 1.906053 5.357899
v -0.367192 1.871911 5.323363
v -0.356151 1.883207 5.366855
v -0.411836 1.844962 5.333653
v -0.398484 1.857632 5.376681
v -0.446869 1.816164 5.344460
v -0.431679 1.830313 5.386991
v -0.470946 1.786623 5.355368
v -0.454473 1.802297 5.397384
v -0.483140 1.757474 5.365956
v -0.466007 1.774656 5.407458
v -0.480629 -1.005635 5.063120
v -0.480449 -1.022479 5.059710
v -0.473020 -1.040195 5.056260
v -0.458629 -1.058101 5.052902
v -0.437828 -1.075511 5.049763
v -0.411418 -1.091754 5.046966
v -0.380412 -1.106207 5.044617
v -0.346003 -1.118313 5.042808
v -0.309512 -1.127609 5.041607
v -0.272343 -1.133736 5.041060
v -0.235923 -1.136459 5.041189
v -0.201652 -1.135674 5.041988
v -0.170848 -1.131410 5.043427
v -0.144693 -1.123832 5.045452
v -0.124193 -1.113230 5.047983
v -0.110136 -1.100013 5.050922
v -0.103062 -1.084688 5.054160
v -0.103243 -1.067843 5.057569
v -0.110672 -1.050127 5.061019
v -0.125063 -1.032221 5.064378
v -0.145863 -1.014811 5.067516
v -0.172274 -0.998568 5.070313
v -0.203279 -0.984116 5.072662
v -0.237689 -0.972009 5.074471
v -0.274179 -0.962713 5.075673
v -0.311348 -0.956586 5.076220
v -0.347768 -0.953863 5.076091
v -0.382039 -0.954649 5.075292
v -0.412843 -0.958912 5.073852
v -0.438999 -0.966491 5.071827
v -0.459498 -0.977092 5.069297
v -0.473555 -0.990309 5.066356
v -0.288612 -1.010100 4.885578
v -0.610721 -1.070847 5.513701
v -0.610424 -1.098552 5.508094
v -0.598205 -1.127691 5.502419
v -0.574535 -1.157144 5.496894
v -0.540322 -1.185779 5.491733
v -0.496882 -1.212495 5.487133
v -0.445884 -1.236267 5.483269
v -0.389289 -1.256180 5.480292
v -0.329269 -1.271469 5.478317
v -0.268134 -1.281546 5.477417
v -0.208230 -1.286025 5.477630
v -0.151863 -1.284733 5.478944
v -0.101195 -1.277721 5.481312
v -0.058176 -1.265256 5.484641
v -0.024458 -1.247819 5.488803
v -0.001337 -1.226079 5.493640
v 0.010298 -1.200872 5.498964
v 0.010000 -1.173167 5.504571
v -0.002218 -1.144028 5.510246
v -0.025889 -1.114575 5.515771
v -0.060101 -1.085940 5.520933
v -0.103541 -1.059224 5.525534
v -0.154539 -1.035452 5.529396
v -0.211135 -1.015540 5.532373
v -0.271154 -1.000250 5.534349
v -0.332289 -0.990173 5.535248
v -0.392192 -0.985694 5.535036
v -0.448561 -0.986986 5.533721
v -0.499228 -0.993998 5.531353
v -0.542247 -1.006463 5.528024
v -0.575965 -1.023900 5.523861
v -0.599086 -1.045640 5.519025
v -0.607657 -1.149139 5.889489
v -0.607369 -1.175944 5.884065
v -0.595548 -1.204136 5.878573
v -0.572646 -1.232632 5.873229
v -0.539546 -1.260336 5.868235
v -0.497518 -1.286184 5.863783
v -0.448177 -1.309183 5.860046
v -0.393420 -1.328449 5.857166
v -0.335352 -1.343241 5.855255
v -0.276203 -1.352992 5.854384
v -0.218247 -1.357325 5.854589
v -0.163710 -1.356075 5.855863
v -0.114689 -1.349290 5.858153
v -0.073068 -1.337231 5.861373
v -0.040446 -1.320360 5.865401
v -0.018077 -1.299327 5.870080
v -0.006820 -1.274939 5.875232
v -0.007107 -1.248134 5.880656
v -0.018929 -1.219942 5.886147
v -0.041830 -1.191447 5.891492
v -0.074931 -1.163742 5.896486
v -0.116959 -1.137894 5.900937
v -0.166300 -1.114895 5.904675
v -0.221056 -1.095629 5.907555
v -0.279125 -1.080837 5.909466
v -0.338274 -1.071087 5.910336
v -0.396230 -1.066753 5.910131
v -0.450766 -1.068003 5.908859
v -0.499787 -1.074788 5.906568
v -0.541409 -1.086848 5.903347
v -0.574030 -1.103718 5.899320
v -0.596400 -1.124752 5.894640
v -0.637265 -1.137995 5.866258
v -0.654263 -1.124570 5.818903
v -0.653929 -1.155653 5.812613
v -0.636962 -1.167478 5.860280
v -0.640221 -1.188345 5.806248
v -0.623995 -1.198484 5.854207
v -0.613665 -1.221389 5.800052
v -0.598850 -1.229830 5.848277
v -0.575282 -1.253515 5.794264
v -0.562479 -1.260317 5.842721
v -0.526546 -1.283490 5.789105
v -0.516264 -1.288773 5.837762
v -0.469331 -1.310160 5.784774
v -0.461972 -1.314102 5.833596
v -0.405835 -1.332501 5.781437
v -0.401691 -1.335324 5.830389
v -0.338499 -1.349654 5.779220
v -0.337746 -1.351617 5.828273
v -0.269910 -1.360961 5.778211
v -0.272609 -1.362351 5.827326
v -0.202703 -1.365985 5.778447
v -0.208799 -1.367110 5.827588
v -0.139463 -1.364535 5.779920
v -0.148778 -1.365715 5.829041
v -0.082618 -1.356666 5.782573
v -0.094858 -1.358225 5.831625
v -0.034355 -1.342681 5.786304
v -0.049103 -1.344933 5.835231
v 0.003473 -1.323118 5.790972
v -0.013259 -1.326357 5.839714
v 0.029413 -1.298727 5.796397
v 0.011313 -1.303210 5.844895
v 0.042467 -1.270447 5.802370
v 0.023683 -1.276381 5.850573
v 0.042133 -1.239364 5.808661
v 0.023381 -1.246894 5.856529
v 0.028425 -1.206674 5.815030
v 0.010415 -1.215875 5.862539
v 0.001869 -1.173630 5.821229
v -0.014728 -1.184509 5.868373
v -0.036514 -1.141505 5.827024
v -0.051098 -1.154000 5.873816
v -0.085250 -1.111532 5.832189
v -0.097310 -1.125521 5.878664
v -0.142465 -1.084863 5.836525
v -0.151600 -1.100173 5.882735
v -0.205961 -1.062522 5.839868
v -0.211880 -1.078938 5.885879
v -0.273298 -1.045369 5.842084
v -0.275825 -1.062640 5.887974
v -0.341887 -1.034063 5.843092
v -0.340963 -1.051911 5.888941
v -0.409093 -1.029037 5.842853
v -0.404774 -1.047165 5.888744
v -0.472334 -1.030486 5.841375
v -0.464796 -1.048579 5.887385
v -0.529178 -1.038354 5.838715
v -0.518718 -1.056092 5.884913
v -0.577442 -1.052338 5.834977
v -0.564475 -1.069406 5.881420
v -0.615270 -1.071900 5.830304
v -0.600321 -1.088002 5.877032
v -0.641209 -1.096290 5.824876
v -0.624895 -1.111162 5.871914
vn -0.4065 -0.8069 -0.4286
vn -0.0520 -0.8748 -0.4817
vn 0.2464 -0.8369 -0.4888
vn 0.4546 -0.7534 -0.4751
vn 0.5930 -0.6620 -0.4583
vn 0.6869 -0.5746 -0.4450
vn 0.7528 -0.4927 -0.4365
vn 0.8007 -0.4141 -0.4328
vn 0.8360 -0.3359 -0.4339
vn 0.8612 -0.2545 -0.4399
vn 0.8768 -0.1655 -0.4515
vn 0.8804 -0.0632 -0.4701
vn 0.8657 0.0600 -0.4970
vn 0.8191 0.2139 -0.5323
vn 0.7138 0.4064 -0.5704
vn 0.5108 0.6249 -0.5904
vn 0.1973 0.8069 -0.5568
vn -0.1483 0.8748 -0.4613
vn -0.4238 0.8369 -0.3465
vn -0.6084 0.7534 -0.2494
vn -0.7281 0.6620 -0.1778
vn -0.8084 0.5746 -0.1275
vn -0.8652 0.4927 -0.0929
vn -0.9075 0.4141 -0.0701
vn -0.9402 0.3359 -0.0568
vn -0.9657 0.2545 -0.0520
vn -0.9846 0.1655 -0.0563
vn -0.9954 0.0632 -0.0717
vn -0.9929 -0.0600 -0.1023
vn -0.9647 -0.2139 -0.1536
vn -0.8840 -0.4064 -0.2311
vn -0.7066 -0.6249 -0.3319
vn -0.2077 -0.0000 -0.9782
vn -0.3824 -0.9167 -0.1156
vn 0.0175 -0.9820 -0.1880
vn 0.3347 -0.9141 -0.2288
vn 0.5405 -0.8040 -0.2479
vn 0.6707 -0.6956 -0.2574
vn 0.7569 -0.5981 -0.2634
vn 0.8173 -0.5098 -0.2684
vn 0.8619 -0.4270 -0.2735
vn 0.8958 -0.3457 -0.2793
vn 0.9218 -0.2618 -0.2860
vn 0.9404 -0.1704 -0.2942
vn 0.9505 -0.0653 -0.3039
vn 0.9470 0.0626 -0.3151
vn 0.9177 0.2263 -0.3267
vn 0.8340 0.4399 -0.3332
vn 0.6420 0.6971 -0.3192
vn 0.3025 0.9167 -0.2610
vn -0.0924 0.9820 -0.1647
vn -0.3988 0.9141 -0.0731
vn -0.5946 0.8040 -0.0069
vn -0.7174 0.6956 0.0373
vn -0.7986 0.5981 0.0669
vn -0.8559 0.5098 0.0869
vn -0.8987 0.4270 0.1003
vn -0.9320 0.3457 0.1089
vn -0.9585 0.2618 0.1132
vn -0.9788 0.1704 0.1134
vn -0.9919 0.0653 0.1086
vn -0.9933 -0.0626 0.0969
vn -0.9712 -0.2263 0.0744
vn -0.8974 -0.4399 0.0344
vn -0.7163 -0.6971 -0.0308
vn 0.0823 -0.3371 0.9379
vn 0.2241 -0.3752 0.8995
vn 0.3522 -0.3925 0.8497
vn 0.4614 -0.3919 0.7959
vn 0.5511 -0.3774 0.7442
vn 0.6230 -0.3523 0.6984
vn 0.6794 -0.3188 0.6609
vn 0.7225 -0.2781 0.6330
vn 0.7532 -0.2306 0.6160
vn 0.7716 -0.1759 0.6113
vn 0.7760 -0.1134 0.6205
vn 0.7628 -0.0425 0.6452
vn 0.7272 0.0363 0.6855
vn 0.6634 0.1203 0.7385
vn 0.5689 0.2036 0.7968
vn 0.4465 0.2784 0.8504
vn 0.3059 0.3371 0.8904
vn 0.1608 0.3752 0.9129
vn 0.0234 0.3925 0.9195
vn -0.0982 0.3919 0.9147
vn -0.2011 0.3774 0.9039
vn -0.2854 0.3523 0.8913
vn -0.3522 0.3188 0.8800
vn -0.4029 0.2781 0.8720
vn -0.4379 0.2306 0.8690
vn -0.4566 0.1759 0.8721
vn -0.4568 0.1134 0.8823
vn -0.4348 0.0425 0.8995
vn -0.3859 -0.0363 0.9218
vn -0.3061 -0.1203 0.9444
vn -0.1960 -0.2036 0.9592
vn -0.0624 -0.2784 0.9584
vn -0.1658 -0.7671 0.6198
vn -0.3301 -0.9255 0.1857
vn 0.0721 -0.9930 0.0938
vn 0.1614 -0.8346 0.5267
vn 0.3858 -0.9225 0.0115
vn 0.4254 -0.8064 0.4109
vn 0.5858 -0.8092 -0.0457
vn 0.6060 -0.7327 0.3097
vn 0.7107 -0.6986 -0.0834
vn 0.7249 -0.6481 0.2332
vn 0.7930 -0.5995 -0.1085
vn 0.8055 -0.5650 0.1786
vn 0.8508 -0.5103 -0.1258
vn 0.8626 -0.4858 0.1408
vn 0.8937 -0.4269 -0.1378
vn 0.9051 -0.4091 0.1160
vn 0.9271 -0.3452 -0.1462
vn 0.9377 -0.3321 0.1019
vn 0.9534 -0.2611 -0.1515
vn 0.9629 -0.2516 0.0976
vn 0.9734 -0.1696 -0.1538
vn 0.9811 -0.1635 0.1037
vn 0.9862 -0.0647 -0.1525
vn 0.9905 -0.0623 0.1226
vn 0.9873 0.0627 -0.1460
vn 0.9856 0.0590 0.1583
vn 0.9653 0.2261 -0.1309
vn 0.9537 0.2093 0.2162
vn 0.8923 0.4401 -0.1005
vn 0.8688 0.3937 0.3002
vn 0.7125 0.7002 -0.0454
vn 0.6917 0.5984 0.4044
vn 0.3771 0.9255 0.0356
vn 0.4034 0.7671 0.4989
vn -0.0277 0.9930 0.1150
vn 0.0665 0.8346 0.5468
vn -0.3478 0.9225 0.1673
vn -0.2217 0.8064 0.5483
vn -0.5538 0.8092 0.1962
vn -0.4279 0.7327 0.5292
vn -0.6832 0.6986 0.2126
vn -0.5676 0.6481 0.5077
vn -0.7687 0.5995 0.2231
vn -0.6635 0.5650 0.4905
vn -0.8285 0.5103 0.2308
vn -0.7310 0.4858 0.4792
vn -0.8726 0.4269 0.2372
vn -0.7799 0.4091 0.4738
vn -0.9065 0.3452 0.2432
vn -0.8154 0.3321 0.4741
vn -0.9327 0.2611 0.2490
vn -0.8402 0.2516 0.4805
vn -0.9519 0.1696 0.2551
vn -0.8543 0.1635 0.4935
vn -0.9631 0.0647 0.2614
vn -0.8552 0.0623 0.5145
vn -0.9614 -0.0627 0.2678
vn -0.8363 -0.0590 0.5452
vn -0.9352 -0.2261 0.2727
vn -0.7835 -0.2093 0.5851
vn -0.8562 -0.4401 0.2707
vn -0.6719 -0.3937 0.6274
vn -0.6694 -0.7002 0.2481
vn -0.4677 -0.5984 0.6506
vn 0.2033 0.9784 0.0377
vn 0.2033 0.9761 -0.0772
vn 0.3899 0.9200 0.0389
vn 0.3916 0.9171 -0.0747
vn 0.5618 0.8262 0.0417
vn 0.5647 0.8224 -0.0691
vn 0.7122 0.7005 0.0459
vn 0.7159 0.6955 -0.0607
vn 0.8353 0.5474 0.0514
vn 0.8393 0.5413 -0.0497
vn 0.9260 0.3730 0.0581
vn 0.9299 0.3661 -0.0365
vn 0.9806 0.1847 0.0662
vn 0.9839 0.1774 -0.0217
vn 0.9971 -0.0088 0.0757
vn 0.9999 -0.0156 -0.0065
vn 0.9762 -0.1993 0.0850
vn 0.9787 -0.2049 0.0083
vn 0.9194 -0.3824 0.0922
vn 0.9219 -0.3867 0.0227
vn 0.8271 -0.5534 0.0988
vn 0.8297 -0.5569 0.0373
vn 0.7019 -0.7044 0.1057
vn 0.7047 -0.7077 0.0510
vn 0.5491 -0.8282 0.1121
vn 0.5519 -0.8316 0.0629
vn 0.3752 -0.9195 0.1174
vn 0.3775 -0.9232 0.0725
vn 0.1871 -0.9748 0.1212
vn 0.1886 -0.9788 0.0794
vn -0.0078 -0.9923 0.1234
vn -0.0075 -0.9965 0.0833
vn -0.2022 -0.9715 0.1238
vn -0.2032 -0.9755 0.0841
vn -0.3887 -0.9132 0.1225
vn -0.3911 -0.9167 0.0817
vn -0.5603 -0.8196 0.1196
vn -0.5638 -0.8223 0.0764
vn -0.7105 -0.6942 0.1152
vn -0.7148 -0.6960 0.0682
vn -0.8335 -0.5416 0.1095
vn -0.8381 -0.5424 0.0575
vn -0.9244 -0.3675 0.1026
vn -0.9288 -0.3679 0.0447
vn -0.9793 -0.1789 0.0947
vn -0.9832 -0.1800 0.0303
vn -0.9962 0.0154 0.0859
vn -0.9998 0.0124 0.0147
vn -0.9754 0.2063 0.0771
vn -0.9796 0.2012 -0.0015
vn -0.9183 0.3897 0.0694
vn -0.9235 0.3832 -0.0173
vn -0.8254 0.5612 0.0620
vn -0.8317 0.5543 -0.0319
vn -0.6998 0.7122 0.0549
vn -0.7067 0.7061 -0.0453
vn -0.5470 0.8357 0.0486
vn -0.5536 0.8308 -0.0568
vn -0.3733 0.9267 0.0436
vn -0.3789 0.9231 -0.0662
vn -0.1856 0.9818 0.0401
vn -0.1895 0.9792 -0.0728
vn 0.0090 0.9992 0.0381
vn 0.0071 0.9970 -0.0765
vn 0.2005 0.8430 -0.4991
vn 0.3722 0.7827 -0.4989
vn 0.5312 0.6975 -0.4810
vn 0.6740 0.5874 -0.4480
vn 0.7949 0.4531 -0.4035
vn 0.8866 0.2979 -0.3538
vn 0.9428 0.1289 -0.3074
vn 0.9609 -0.0427 -0.2734
vn 0.9438 -0.2077 -0.2571
vn 0.8936 -0.3666 -0.2591
vn 0.8081 -0.5190 -0.2787
vn 0.6885 -0.6549 -0.3117
vn 0.5416 -0.7644 -0.3497
vn 0.3765 -0.8427 -0.3848
vn 0.2012 -0.8892 -0.4109
vn 0.0211 -0.9053 -0.4243
vn -0.1604 -0.8921 -0.4224
vn -0.3406 -0.8494 -0.4032
vn -0.5157 -0.7753 -0.3645
vn -0.6788 -0.6677 -0.3056
vn -0.8193 -0.5260 -0.2283
vn -0.9245 -0.3546 -0.1402
vn -0.9846 -0.1653 -0.0567
vn -0.9997 0.0249 0.0012
vn -0.9788 0.2043 0.0170
vn -0.9268 0.3752 -0.0142
vn -0.8383 0.5380 -0.0877
vn -0.7093 0.6800 -0.1859
vn -0.5461 0.7873 -0.2863
vn -0.3622 0.8543 -0.3728
vn -0.1709 0.8827 -0.4377
vn 0.0185 0.8774 -0.4794
vn 0.6857 0.6816 0.2554
vn 0.5409 0.8022 0.2528
vn 0.5298 -0.7865 0.3175
vn 0.6769 -0.6676 0.3099
vn -0.8837 -0.3502 0.3105
vn -0.7949 -0.5164 0.3185
vn -0.1724 0.9519 0.2532
vn -0.3514 0.9006 0.2560
vn 0.9391 -0.1825 0.2911
vn 0.9596 -0.0000 0.2814
vn -0.3690 -0.8679 0.3326
vn -0.1913 -0.9232 0.3335
vn -0.7883 0.5530 0.2696
vn -0.8799 0.3868 0.2761
vn 0.8045 0.5344 0.2591
vn 0.3622 -0.8739 0.3241
vn -0.9385 -0.1686 0.3014
vn 0.0128 0.9678 0.2515
vn 0.8851 -0.3581 0.2972
vn -0.5325 -0.7796 0.3297
vn -0.6657 0.6979 0.2642
vn 0.8921 0.3666 0.2642
vn 0.1813 -0.9267 0.3292
vn -0.9561 0.0202 0.2923
vn 0.3761 0.8919 0.2513
vn 0.1978 0.9476 0.2508
vn 0.7971 -0.5224 0.3027
vn -0.6762 -0.6612 0.3249
vn -0.5180 0.8150 0.2597
vn 0.9444 0.1856 0.2715
vn -0.0056 -0.9432 0.3323
vn -0.9362 0.2073 0.2838
vn 0.2027 0.9724 -0.1156
vn 0.3911 0.9134 -0.1126
vn 0.5643 0.8188 -0.1052
vn 0.7156 0.6922 -0.0938
vn 0.8389 0.5386 -0.0787
vn 0.9294 0.3641 -0.0605
vn 0.9835 0.1766 -0.0399
vn 0.9997 -0.0149 -0.0178
vn 0.9792 -0.2028 0.0047
vn 0.9231 -0.3837 0.0272
vn 0.8313 -0.5536 0.0493
vn 0.7066 -0.7041 0.0700
vn 0.5538 -0.8279 0.0882
vn 0.3793 -0.9195 0.1032
vn 0.1901 -0.9751 0.1141
vn -0.0065 -0.9927 0.1205
vn -0.2027 -0.9716 0.1221
vn -0.3911 -0.9127 0.1189
vn -0.5642 -0.8181 0.1108
vn -0.7155 -0.6917 0.0983
vn -0.8388 -0.5382 0.0820
vn -0.9293 -0.3640 0.0625
vn -0.9834 -0.1766 0.0409
vn -0.9997 0.0148 0.0182
vn -0.9792 0.2027 -0.0046
vn -0.9230 0.3838 -0.0269
vn -0.8313 0.5537 -0.0483
vn -0.7066 0.7043 -0.0680
vn -0.5539 0.8283 -0.0850
vn -0.3794 0.9200 -0.0987
vn -0.1901 0.9757 -0.1086
vn 0.0065 0.9934 -0.1143
vn 0.2035 0.9790 -0.0096
vn 0.3904 0.9206 -0.0093
vn 0.5625 0.8268 -0.0088
vn 0.7130 0.7011 -0.0081
vn 0.8363 0.5482 -0.0072
vn 0.9273 0.3742 -0.0059
vn 0.9825 0.1863 -0.0041
vn 1.0000 -0.0068 -0.0010
vn 0.9804 -0.1972 0.0039
vn 0.9246 -0.3807 0.0091
vn 0.8329 -0.5533 0.0125
vn 0.7077 -0.7064 0.0149
vn 0.5541 -0.8323 0.0171
vn 0.3789 -0.9252 0.0191
vn 0.1893 -0.9817 0.0206
vn -0.0073 -0.9997 0.0214
vn -0.2033 -0.9789 0.0212
vn -0.3914 -0.9200 0.0200
vn -0.5645 -0.8252 0.0177
vn -0.7160 -0.6980 0.0145
vn -0.8397 -0.5429 0.0105
vn -0.9305 -0.3661 0.0058
vn -0.9845 -0.1753 0.0008
vn -0.9998 0.0198 -0.0035
vn -0.9776 0.2102 -0.0053
vn -0.9199 0.3920 -0.0054
vn -0.8272 0.5618 -0.0061
vn -0.7018 0.7123 -0.0073
vn -0.5489 0.8358 -0.0085
vn -0.3748 0.9270 -0.0092
vn -0.1865 0.9824 -0.0096
vn 0.0087 0.9999 -0.0097
vn 0.1982 0.9634 0.1806
vn 0.3860 0.9052 0.1777
vn 0.5590 0.8120 0.1682
vn 0.7104 0.6871 0.1523
vn 0.8343 0.5355 0.1308
vn 0.9259 0.3631 0.1045
vn 0.9814 0.1770 0.0746
vn 0.9990 -0.0142 0.0430
vn 0.9793 -0.2022 0.0119
vn 0.9239 -0.3821 -0.0185
vn 0.8334 -0.5505 -0.0496
vn 0.7093 -0.7003 -0.0798
vn 0.5568 -0.8238 -0.1066
vn 0.3822 -0.9151 -0.1287
vn 0.1929 -0.9704 -0.1453
vn -0.0038 -0.9878 -0.1558
vn -0.2001 -0.9666 -0.1599
vn -0.3886 -0.9078 -0.1576
vn -0.5620 -0.8136 -0.1490
vn -0.7137 -0.6874 -0.1344
vn -0.8377 -0.5340 -0.1144
vn -0.9288 -0.3595 -0.0896
vn -0.9833 -0.1714 -0.0610
vn -0.9993 0.0212 -0.0295
vn -0.9780 0.2086 0.0044
vn -0.9216 0.3862 0.0387
vn -0.8307 0.5522 0.0712
vn -0.7069 0.7001 0.1011
vn -0.5550 0.8220 0.1276
vn -0.3814 0.9122 0.1496
vn -0.1931 0.9670 0.1662
vn 0.0027 0.9843 0.1767
vn 0.1854 0.9131 0.3632
vn 0.3735 0.8562 0.3569
vn 0.5472 0.7661 0.3372
vn 0.6997 0.6461 0.3048
vn 0.8252 0.5010 0.2608
vn 0.9187 0.3364 0.2071
vn 0.9765 0.1588 0.1459
vn 0.9965 -0.0238 0.0804
vn 0.9791 -0.2031 0.0141
vn 0.9264 -0.3729 -0.0525
vn 0.8388 -0.5310 -0.1203
vn 0.7171 -0.6720 -0.1850
vn 0.5661 -0.7880 -0.2421
vn 0.3926 -0.8731 -0.2889
vn 0.2038 -0.9240 -0.3237
vn 0.0071 -0.9385 -0.3453
vn -0.1897 -0.9162 -0.3530
vn -0.3790 -0.8581 -0.3465
vn -0.5535 -0.7664 -0.3261
vn -0.7063 -0.6446 -0.2927
vn -0.8314 -0.4974 -0.2478
vn -0.9238 -0.3306 -0.1930
vn -0.9798 -0.1511 -0.1308
vn -0.9975 0.0326 -0.0634
vn -0.9775 0.2108 0.0067
vn -0.9228 0.3777 0.0763
vn -0.8342 0.5327 0.1424
vn -0.7130 0.6710 0.2034
vn -0.5635 0.7851 0.2572
vn -0.3917 0.8692 0.3017
vn -0.2048 0.9197 0.3350
vn -0.0099 0.9345 0.3558
vn 0.1648 0.8221 0.5449
vn 0.3541 0.7667 0.5355
vn 0.5296 0.6809 0.5059
vn 0.6843 0.5679 0.4573
vn 0.8123 0.4322 0.3917
vn 0.9083 0.2791 0.3115
vn 0.9686 0.1147 0.2204
vn 0.9910 -0.0536 0.1227
vn 0.9757 -0.2179 0.0240
vn 0.9255 -0.3719 -0.0719
vn 0.8411 -0.5147 -0.1661
vn 0.7230 -0.6419 -0.2554
vn 0.5751 -0.7463 -0.3351
vn 0.4039 -0.8225 -0.4005
vn 0.2168 -0.8668 -0.4491
vn 0.0214 -0.8775 -0.4791
vn -0.1747 -0.8542 -0.4896
vn -0.3640 -0.7979 -0.4805
vn -0.5392 -0.7106 -0.4521
vn -0.6936 -0.5956 -0.4052
vn -0.8210 -0.4574 -0.3416
vn -0.9163 -0.3017 -0.2633
vn -0.9756 -0.1350 -0.1734
vn -0.9965 0.0344 -0.0757
vn -0.9800 0.1974 0.0243
vn -0.9292 0.3486 0.1224
vn -0.8453 0.4884 0.2165
vn -0.7281 0.6135 0.3057
vn -0.5815 0.7163 0.3857
vn -0.4116 0.7911 0.4524
vn -0.2257 0.8346 0.5024
vn -0.0310 0.8451 0.5337
vn 0.1211 0.6320 0.7654
vn 0.3101 0.5813 0.7523
vn 0.4871 0.5075 0.7107
vn 0.6453 0.4136 0.6423
vn 0.7784 0.3028 0.5498
vn 0.8814 0.1794 0.4369
vn 0.9502 0.0479 0.3081
vn 0.9818 -0.0867 0.1691
vn 0.9755 -0.2183 0.0272
vn 0.9336 -0.3404 -0.1121
vn 0.8566 -0.4507 -0.2511
vn 0.7439 -0.5475 -0.3832
vn 0.5996 -0.6264 -0.4981
vn 0.4313 -0.6818 -0.5909
vn 0.2462 -0.7108 -0.6589
vn 0.0520 -0.7120 -0.7003
vn -0.1439 -0.6854 -0.7138
vn -0.3338 -0.6320 -0.6994
vn -0.5106 -0.5541 -0.6574
vn -0.6676 -0.4548 -0.5895
vn -0.7987 -0.3380 -0.4978
vn -0.8988 -0.2085 -0.3856
vn -0.9638 -0.0715 -0.2569
vn -0.9909 0.0667 -0.1170
vn -0.9801 0.1965 0.0274
vn -0.9352 0.3115 0.1685
vn -0.8584 0.4145 0.3023
vn -0.7484 0.5064 0.4284
vn -0.6085 0.5803 0.5413
vn -0.4447 0.6315 0.6351
vn -0.2638 0.6577 0.7056
vn -0.0727 0.6578 0.7496
vn 0.0515 0.3030 0.9516
vn 0.2424 0.2580 0.9352
vn 0.4240 0.2032 0.8826
vn 0.5892 0.1404 0.7957
vn 0.7317 0.0722 0.6777
vn 0.8459 0.0010 0.5334
vn 0.9271 -0.0704 0.3683
vn 0.9720 -0.1394 0.1894
vn 0.9792 -0.2028 0.0062
vn 0.9508 -0.2577 -0.1719
vn 0.8881 -0.3031 -0.3455
vn 0.7889 -0.3386 -0.5128
vn 0.6568 -0.3621 -0.6614
vn 0.4984 -0.3716 -0.7833
vn 0.3206 -0.3665 -0.8734
vn 0.1308 -0.3468 -0.9288
vn -0.0637 -0.3130 -0.9476
vn -0.2555 -0.2666 -0.9293
vn -0.4371 -0.2093 -0.8747
vn -0.6017 -0.1434 -0.7858
vn -0.7428 -0.0717 -0.6657
vn -0.8548 0.0028 -0.5190
vn -0.9330 0.0771 -0.3514
vn -0.9743 0.1475 -0.1701
vn -0.9777 0.2097 0.0146
vn -0.9466 0.2600 0.1908
vn -0.8838 0.3013 0.3580
vn -0.7870 0.3344 0.5184
vn -0.6583 0.3557 0.6634
vn -0.5034 0.3633 0.7839
vn -0.3288 0.3567 0.8744
vn -0.1414 0.3363 0.9311
vn -0.0343 -0.1024 0.9941
vn 0.1588 -0.1411 0.9772
vn 0.3455 -0.1751 0.9219
vn 0.5185 -0.2031 0.8306
vn 0.6711 -0.2241 0.7067
vn 0.7972 -0.2373 0.5551
vn 0.8919 -0.2422 0.3820
vn 0.9513 -0.2392 0.1943
vn 0.9736 -0.2284 0.0032
vn 0.9603 -0.2110 -0.1823
vn 0.9126 -0.1878 -0.3633
vn 0.8277 -0.1574 -0.5386
vn 0.7085 -0.1209 -0.6952
vn 0.5606 -0.0806 -0.8241
vn 0.3904 -0.0383 -0.9198
vn 0.2047 0.0046 -0.9788
vn 0.0109 0.0464 -0.9989
vn -0.1834 0.0855 -0.9793
vn -0.3704 0.1203 -0.9210
vn -0.5429 0.1494 -0.8264
vn -0.6942 0.1715 -0.6991
vn -0.8183 0.1855 -0.5440
vn -0.9102 0.1910 -0.3675
vn -0.9661 0.1880 -0.1771
vn -0.9839 0.1780 0.0159
vn -0.9666 0.1615 0.1988
vn -0.9183 0.1372 0.3714
vn -0.8361 0.1051 0.5384
vn -0.7205 0.0673 0.6901
vn -0.5762 0.0259 0.8169
vn -0.4092 -0.0173 0.9123
vn -0.2261 -0.0606 0.9722
vn -0.1069 -0.4662 0.8782
vn 0.0863 -0.4987 0.8625
vn 0.2759 -0.5133 0.8127
vn 0.4546 -0.5096 0.7305
vn 0.6156 -0.4876 0.6191
vn 0.7524 -0.4485 0.4825
vn 0.8595 -0.3939 0.3256
vn 0.9325 -0.3260 0.1555
vn 0.9683 -0.2493 -0.0181
vn 0.9675 -0.1690 -0.1880
vn 0.9311 -0.0855 -0.3546
vn 0.8573 0.0019 -0.5149
vn 0.7481 0.0881 -0.6577
vn 0.6089 0.1687 -0.7751
vn 0.4460 0.2404 -0.8622
vn 0.2659 0.3010 -0.9158
vn 0.0758 0.3486 -0.9342
vn -0.1175 0.3815 -0.9169
vn -0.3068 0.3984 -0.8644
vn -0.4850 0.3980 -0.7787
vn -0.6451 0.3798 -0.6631
vn -0.7806 0.3437 -0.5221
vn -0.8857 0.2911 -0.3615
vn -0.9560 0.2246 -0.1886
vn -0.9888 0.1490 -0.0121
vn -0.9848 0.0714 0.1583
vn -0.9476 -0.0116 0.3192
vn -0.8760 -0.1017 0.4715
vn -0.7703 -0.1920 0.6081
vn -0.6345 -0.2772 0.7215
vn -0.4744 -0.3533 0.8063
vn -0.2962 -0.4171 0.8592
vn -0.1631 -0.7419 0.6504
vn 0.0306 -0.7692 0.6383
vn 0.2230 -0.7674 0.6011
vn 0.4071 -0.7368 0.5398
vn 0.5755 -0.6785 0.4565
vn 0.7217 -0.5948 0.3541
vn 0.8398 -0.4887 0.2365
vn 0.9244 -0.3655 0.1089
vn 0.9724 -0.2323 -0.0226
vn 0.9831 -0.0963 -0.1558
vn 0.9558 0.0425 -0.2910
vn 0.8898 0.1820 -0.4186
vn 0.7879 0.3134 -0.5301
vn 0.6554 0.4298 -0.6211
vn 0.4982 0.5271 -0.6884
vn 0.3227 0.6027 -0.7299
vn 0.1353 0.6545 -0.7439
vn -0.0573 0.6811 -0.7300
vn -0.2482 0.6812 -0.6888
vn -0.4306 0.6541 -0.6219
vn -0.5975 0.6000 -0.5320
vn -0.7422 0.5199 -0.4229
vn -0.8584 0.4166 -0.2991
vn -0.9410 0.2954 -0.1653
vn -0.9860 0.1648 -0.0251
vn -0.9933 0.0324 0.1112
vn -0.9658 -0.1052 0.2371
vn -0.9033 -0.2455 0.3518
vn -0.8065 -0.3803 0.4528
vn -0.6785 -0.5022 0.5361
vn -0.5245 -0.6058 0.5983
vn -0.3504 -0.6868 0.6368
vn -0.1924 -0.9050 0.3793
vn 0.0025 -0.9282 0.3720
vn 0.1975 -0.9160 0.3493
vn 0.3850 -0.8686 0.3119
vn 0.5577 -0.7879 0.2611
vn 0.7088 -0.6769 0.1986
vn 0.8319 -0.5402 0.1272
vn 0.9219 -0.3842 0.0502
vn 0.9757 -0.2175 -0.0280
vn 0.9932 -0.0459 -0.1070
vn 0.9737 0.1294 -0.1877
vn 0.9157 0.3021 -0.2651
vn 0.8212 0.4630 -0.3335
vn 0.6947 0.6045 -0.3898
vn 0.5417 0.7213 -0.4317
vn 0.3682 0.8092 -0.4578
vn 0.1809 0.8655 -0.4671
vn -0.0133 0.8882 -0.4593
vn -0.2074 0.8763 -0.4348
vn -0.3942 0.8300 -0.3946
vn -0.5665 0.7505 -0.3404
vn -0.7172 0.6405 -0.2746
vn -0.8401 0.5044 -0.1996
vn -0.9297 0.3489 -0.1183
vn -0.9827 0.1823 -0.0332
vn -0.9987 0.0117 0.0497
vn -0.9786 -0.1622 0.1268
vn -0.9217 -0.3340 0.1972
vn -0.8293 -0.4952 0.2590
vn -0.7047 -0.6383 0.3098
vn -0.5530 -0.7572 0.3476
vn -0.3800 -0.8473 0.3711
vn -0.2017 -0.9626 0.1809
vn -0.0060 -0.9842 0.1771
vn 0.1900 -0.9678 0.1650
vn 0.3786 -0.9141 0.1450
vn 0.5525 -0.8251 0.1176
vn 0.7048 -0.7044 0.0837
vn 0.8292 -0.5572 0.0446
vn 0.9206 -0.3905 0.0023
vn 0.9761 -0.2134 -0.0411
vn 0.9959 -0.0300 -0.0857
vn 0.9787 0.1574 -0.1318
vn 0.9233 0.3412 -0.1765
vn 0.8313 0.5118 -0.2167
vn 0.7069 0.6616 -0.2501
vn 0.5554 0.7847 -0.2753
vn 0.3828 0.8767 -0.2912
vn 0.1956 0.9346 -0.2971
vn 0.0008 0.9562 -0.2928
vn -0.1943 0.9406 -0.2784
vn -0.3825 0.8881 -0.2549
vn -0.5563 0.8004 -0.2234
vn -0.7087 0.6807 -0.1854
vn -0.8334 0.5340 -0.1426
vn -0.9251 0.3672 -0.0970
vn -0.9807 0.1895 -0.0491
vn -1.0000 0.0057 -0.0021
vn -0.9826 -0.1811 0.0415
vn -0.9278 -0.3642 0.0808
vn -0.8370 -0.5351 0.1149
vn -0.7135 -0.6859 0.1428
vn -0.5624 -0.8105 0.1635
vn -0.3896 -0.9040 0.1763
vn -0.2004 -0.9737 -0.1082
vn -0.0037 -0.9940 -0.1090
vn 0.1934 -0.9750 -0.1094
vn 0.3830 -0.9172 -0.1097
vn 0.5574 -0.8229 -0.1100
vn 0.7092 -0.6964 -0.1103
vn 0.8318 -0.5440 -0.1104
vn 0.9206 -0.3750 -0.1090
vn 0.9746 -0.1974 -0.1056
vn 0.9946 -0.0104 -0.1037
vn 0.9774 0.1833 -0.1056
vn 0.9216 0.3725 -0.1094
vn 0.8296 0.5467 -0.1135
vn 0.7059 0.6986 -0.1172
vn 0.5560 0.8224 -0.1204
vn 0.3858 0.9144 -0.1229
vn 0.2016 0.9715 -0.1245
vn 0.0102 0.9921 -0.1254
vn -0.1819 0.9753 -0.1257
vn -0.3676 0.9215 -0.1254
vn -0.5401 0.8323 -0.1250
vn -0.6923 0.7108 -0.1239
vn -0.8183 0.5619 -0.1210
vn -0.9133 0.3913 -0.1130
vn -0.9729 0.2073 -0.1024
vn -0.9952 0.0157 -0.0963
vn -0.9795 -0.1774 -0.0958
vn -0.9258 -0.3651 -0.0980
vn -0.8359 -0.5396 -0.1006
vn -0.7130 -0.6935 -0.1031
vn -0.5621 -0.8203 -0.1053
vn -0.3890 -0.9150 -0.1070
vn -0.2260 -0.6087 -0.7605
vn -0.1011 -0.6386 -0.7629
vn 0.0354 -0.6540 -0.7557
vn 0.1848 -0.6508 -0.7364
vn 0.3461 -0.6229 -0.7016
vn 0.5121 -0.5619 -0.6496
vn 0.6663 -0.4619 -0.5854
vn 0.7845 -0.3260 -0.5275
vn 0.8503 -0.1670 -0.4992
vn 0.8615 0.0049 -0.5078
vn 0.8197 0.1791 -0.5441
vn 0.7331 0.3403 -0.5889
vn 0.6150 0.4774 -0.6276
vn 0.4783 0.5859 -0.6542
vn 0.3329 0.6658 -0.6678
vn 0.1854 0.7192 -0.6696
vn 0.0395 0.7489 -0.6615
vn -0.1031 0.7570 -0.6452
vn -0.2414 0.7447 -0.6222
vn -0.3749 0.7119 -0.5938
vn -0.5024 0.6576 -0.5614
vn -0.6214 0.5791 -0.5277
vn -0.7266 0.4734 -0.4979
vn -0.8077 0.3389 -0.4824
vn -0.8497 0.1816 -0.4950
vn -0.8441 0.0190 -0.5359
vn -0.7987 -0.1293 -0.5877
vn -0.7282 -0.2549 -0.6362
vn -0.6434 -0.3582 -0.6766
vn -0.5495 -0.4426 -0.7087
vn -0.4487 -0.5111 -0.7331
vn -0.3413 -0.5661 -0.7504
vn -0.1953 -0.3842 -0.9024
vn -0.1003 -0.4064 -0.9082
vn 0.0025 -0.4130 -0.9107
vn 0.1101 -0.4018 -0.9091
vn 0.2182 -0.3704 -0.9029
vn 0.3198 -0.3171 -0.8928
vn 0.4045 -0.2429 -0.8817
vn 0.4628 -0.1541 -0.8730
vn 0.4979 -0.0586 -0.8653
vn 0.5143 0.0441 -0.8565
vn 0.5009 0.1524 -0.8520
vn 0.4546 0.2567 -0.8529
vn 0.3825 0.3485 -0.8557
vn 0.2928 0.4234 -0.8573
vn 0.1926 0.4795 -0.8561
vn 0.0876 0.5162 -0.8520
vn -0.0169 0.5337 -0.8455
vn -0.1177 0.5333 -0.8377
vn -0.2125 0.5161 -0.8298
vn -0.2998 0.4829 -0.8227
vn -0.3773 0.4344 -0.8179
vn -0.4418 0.3718 -0.8165
vn -0.4894 0.2980 -0.8195
vn -0.5185 0.2195 -0.8264
vn -0.5351 0.1434 -0.8325
vn -0.5441 0.0667 -0.8364
vn -0.5390 -0.0151 -0.8422
vn -0.5158 -0.0972 -0.8512
vn -0.4760 -0.1742 -0.8620
vn -0.4223 -0.2427 -0.8734
vn -0.3569 -0.3011 -0.8843
vn -0.2811 -0.3486 -0.8941
vn -0.0550 -0.3330 -0.9413
vn 0.0316 -0.3492 -0.9365
vn 0.1218 -0.3542 -0.9272
vn 0.2162 -0.3465 -0.9128
vn 0.3142 -0.3236 -0.8925
vn 0.4140 -0.2823 -0.8654
vn 0.5103 -0.2182 -0.8319
vn 0.5913 -0.1264 -0.7965
vn 0.6356 -0.0079 -0.7720
vn 0.6317 0.1204 -0.7658
vn 0.5913 0.2385 -0.7704
vn 0.5310 0.3377 -0.7772
vn 0.4602 0.4177 -0.7834
vn 0.3837 0.4805 -0.7886
vn 0.3042 0.5282 -0.7927
vn 0.2224 0.5629 -0.7960
vn 0.1380 0.5858 -0.7986
vn 0.0507 0.5968 -0.8008
vn -0.0394 0.5952 -0.8026
vn -0.1311 0.5798 -0.8042
vn -0.2228 0.5489 -0.8057
vn -0.3132 0.5009 -0.8068
vn -0.3993 0.4336 -0.8078
vn -0.4730 0.3440 -0.8111
vn -0.5140 0.2340 -0.8252
vn -0.5104 0.1189 -0.8517
vn -0.4762 0.0145 -0.8792
vn -0.4255 -0.0758 -0.9018
vn -0.3640 -0.1524 -0.9189
vn -0.2945 -0.2158 -0.9310
vn -0.2188 -0.2666 -0.9386
vn -0.1386 -0.3055 -0.9420
vn -0.9297 0.3651 0.0485
vn -0.8398 0.5421 0.0308
vn -0.7160 0.6980 0.0117
vn -0.5640 0.8257 -0.0079
vn -0.3902 0.9203 -0.0272
vn -0.2013 0.9785 -0.0451
vn -0.0047 0.9981 -0.0610
vn 0.1919 0.9786 -0.0741
vn 0.3809 0.9208 -0.0838
vn 0.5549 0.8271 -0.0896
vn 0.7071 0.7012 -0.0915
vn 0.8314 0.5484 -0.0895
vn 0.9232 0.3751 -0.0837
vn 0.9790 0.1896 -0.0747
vn 0.9980 0.0021 -0.0634
vn 0.9827 -0.1780 -0.0506
vn 0.9356 -0.3511 -0.0363
vn 0.8548 -0.5186 -0.0204
vn 0.7401 -0.6724 -0.0034
vn 0.5958 -0.8030 0.0137
vn 0.4276 -0.9034 0.0304
vn 0.2424 -0.9691 0.0460
vn 0.0475 -0.9971 0.0601
vn -0.1495 -0.9861 0.0723
vn -0.3409 -0.9365 0.0821
vn -0.5190 -0.8501 0.0892
vn -0.6770 -0.7301 0.0934
vn -0.8084 -0.5810 0.0942
vn -0.9082 -0.4084 0.0917
vn -0.9719 -0.2191 0.0856
vn -0.9969 -0.0213 0.0761
vn -0.9824 0.1756 0.0636
vn -0.9205 0.3583 0.1560
vn -0.8395 0.5260 0.1364
vn -0.7254 0.6793 0.1114
vn -0.5822 0.8089 0.0825
vn -0.4156 0.9081 0.0505
vn -0.2323 0.9725 0.0169
vn -0.0394 0.9991 -0.0173
vn 0.1555 0.9865 -0.0505
vn 0.3447 0.9352 -0.0814
vn 0.5206 0.8469 -0.1087
vn 0.6761 0.7250 -0.1314
vn 0.8050 0.5744 -0.1486
vn 0.9021 0.4008 -0.1598
vn 0.9634 0.2115 -0.1647
vn 0.9865 0.0148 -0.1629
vn 0.9714 -0.1799 -0.1549
vn 0.9193 -0.3672 -0.1415
vn 0.8309 -0.5428 -0.1228
vn 0.7091 -0.6981 -0.0990
vn 0.5593 -0.8259 -0.0715
vn 0.3875 -0.9209 -0.0412
vn 0.2005 -0.9796 -0.0094
vn 0.0056 -0.9997 0.0230
vn -0.1896 -0.9803 0.0548
vn -0.3772 -0.9222 0.0848
vn -0.5497 -0.8279 0.1118
vn -0.7003 -0.7011 0.1347
vn -0.8230 -0.5472 0.1527
vn -0.9131 -0.3729 0.1651
vn -0.9673 -0.1863 0.1719
vn -0.9849 0.0025 0.1732
vn -0.9683 0.1842 0.1684
vn -0.8738 0.3581 0.3291
vn -0.7907 0.5271 0.3114
vn -0.6766 0.6806 0.2810
vn -0.5358 0.8100 0.2385
vn -0.3737 0.9087 0.1862
vn -0.1966 0.9723 0.1265
vn -0.0115 0.9980 0.0619
vn 0.1744 0.9847 -0.0048
vn 0.3539 0.9326 -0.0708
vn 0.5197 0.8438 -0.1336
vn 0.6654 0.7217 -0.1907
vn 0.7852 0.5711 -0.2396
vn 0.8741 0.3978 -0.2787
vn 0.9286 0.2092 -0.3064
vn 0.9467 0.0140 -0.3219
vn 0.9287 -0.1788 -0.3249
vn 0.8765 -0.3643 -0.3148
vn 0.7901 -0.5389 -0.2921
vn 0.6720 -0.6942 -0.2580
vn 0.5272 -0.8224 -0.2136
vn 0.3619 -0.9183 -0.1604
vn 0.1825 -0.9781 -0.1005
vn -0.0038 -0.9993 -0.0361
vn -0.1898 -0.9814 0.0302
vn -0.3681 -0.9248 0.0959
vn -0.5317 -0.8320 0.1583
vn -0.6741 -0.7067 0.2148
vn -0.7899 -0.5539 0.2630
vn -0.8746 -0.3803 0.3006
vn -0.9255 -0.1937 0.3256
vn -0.9415 -0.0036 0.3369
vn -0.9240 0.1810 0.3370
vn -0.7976 0.3475 0.4931
vn -0.7118 0.5180 0.4744
vn -0.5989 0.6709 0.4374
vn -0.4635 0.7996 0.3819
vn -0.3106 0.8985 0.3103
vn -0.1458 0.9632 0.2258
vn 0.0248 0.9909 0.1322
vn 0.1947 0.9803 0.0334
vn 0.3573 0.9316 -0.0668
vn 0.5065 0.8465 -0.1642
vn 0.6364 0.7281 -0.2549
vn 0.7419 0.5807 -0.3351
vn 0.8188 0.4101 -0.4017
vn 0.8637 0.2233 -0.4519
vn 0.8743 0.0293 -0.4845
vn 0.8515 -0.1633 -0.4983
vn 0.7978 -0.3497 -0.4911
vn 0.7131 -0.5251 -0.4645
vn 0.5990 -0.6815 -0.4203
vn 0.4610 -0.8113 -0.3594
vn 0.3054 -0.9090 -0.2837
vn 0.1386 -0.9707 -0.1961
vn -0.0330 -0.9944 -0.1004
vn -0.2026 -0.9793 -0.0003
vn -0.3639 -0.9260 0.1001
vn -0.5107 -0.8369 0.1967
vn -0.6376 -0.7156 0.2854
vn -0.7397 -0.5670 0.3624
vn -0.8139 -0.3972 0.4241
vn -0.8580 -0.2134 0.4672
vn -0.8711 -0.0233 0.4905
vn -0.8515 0.1655 0.4976
vn -0.6807 0.3204 0.6588
vn -0.5948 0.4931 0.6349
vn -0.4860 0.6474 0.5871
vn -0.3589 0.7776 0.5163
vn -0.2181 0.8785 0.4251
vn -0.0687 0.9459 0.3172
vn 0.0839 0.9768 0.1972
vn 0.2341 0.9697 0.0699
vn 0.3761 0.9247 -0.0594
vn 0.5044 0.8433 -0.1855
vn 0.6141 0.7287 -0.3031
vn 0.7008 0.5854 -0.4077
vn 0.7609 0.4195 -0.4951
vn 0.7921 0.2379 -0.5622
vn 0.7934 0.0483 -0.6067
vn 0.7658 -0.1424 -0.6271
vn 0.7104 -0.3276 -0.6229
vn 0.6281 -0.5018 -0.5947
vn 0.5215 -0.6580 -0.5431
vn 0.3948 -0.7896 -0.4698
vn 0.2529 -0.8909 -0.3771
vn 0.1020 -0.9578 -0.2686
vn -0.0521 -0.9876 -0.1484
vn -0.2030 -0.9790 -0.0211
vn -0.3448 -0.9324 0.1080
vn -0.4722 -0.8500 0.2337
vn -0.5805 -0.7349 0.3506
vn -0.6660 -0.5920 0.4539
vn -0.7261 -0.4269 0.5390
vn -0.7593 -0.2460 0.6024
vn -0.7641 -0.0562 0.6427
vn -0.7382 0.1351 0.6609
vn -0.4787 0.2606 0.8384
vn -0.3932 0.4338 0.8107
vn -0.2914 0.5898 0.7531
vn -0.1788 0.7233 0.6669
vn -0.0602 0.8297 0.5549
vn 0.0597 0.9051 0.4210
vn 0.1768 0.9463 0.2705
vn 0.2874 0.9515 0.1093
vn 0.3881 0.9199 -0.0560
vn 0.4760 0.8519 -0.2184
vn 0.5484 0.7494 -0.3709
vn 0.6027 0.6163 -0.5070
vn 0.6360 0.4582 -0.6209
vn 0.6461 0.2826 -0.7090
vn 0.6322 0.0974 -0.7686
vn 0.5955 -0.0907 -0.7982
vn 0.5374 -0.2755 -0.7970
vn 0.4583 -0.4513 -0.7657
vn 0.3595 -0.6106 -0.7057
vn 0.2460 -0.7469 -0.6178
vn 0.1242 -0.8547 -0.5041
vn 0.0005 -0.9296 -0.3685
vn -0.1197 -0.9690 -0.2164
vn -0.2316 -0.9713 -0.0542
vn -0.3318 -0.9368 0.1111
vn -0.4177 -0.8668 0.2722
vn -0.4877 -0.7640 0.4224
vn -0.5406 -0.6321 0.5553
vn -0.5749 -0.4756 0.6658
vn -0.5887 -0.3005 0.7505
vn -0.5788 -0.1139 0.8075
vn -0.5421 0.0757 0.8369
vn -0.1232 0.1358 0.9830
vn -0.0480 0.3131 0.9485
vn 0.0293 0.4782 0.8778
vn 0.1053 0.6250 0.7735
vn 0.1769 0.7480 0.6396
vn 0.2411 0.8427 0.4813
vn 0.2952 0.9056 0.3044
vn 0.3373 0.9343 0.1157
vn 0.3659 0.9274 -0.0778
vn 0.3803 0.8850 -0.2686
vn 0.3804 0.8083 -0.4493
vn 0.3668 0.7001 -0.6127
vn 0.3402 0.5644 -0.7521
vn 0.3012 0.4067 -0.8625
vn 0.2512 0.2330 -0.9395
vn 0.1917 0.0502 -0.9802
vn 0.1246 -0.1347 -0.9830
vn 0.0522 -0.3143 -0.9479
vn -0.0228 -0.4818 -0.8760
vn -0.0970 -0.6306 -0.7700
vn -0.1672 -0.7550 -0.6340
vn -0.2301 -0.8503 -0.4734
vn -0.2832 -0.9127 -0.2945
vn -0.3247 -0.9400 -0.1046
vn -0.3538 -0.9311 0.0888
vn -0.3701 -0.8863 0.2783
vn -0.3736 -0.8073 0.4568
vn -0.3640 -0.6971 0.6177
vn -0.3408 -0.5601 0.7551
vn -0.3039 -0.4018 0.8638
vn -0.2539 -0.2285 0.9398
vn -0.1928 -0.0470 0.9801
vn 0.2800 -0.0229 0.9597
vn 0.3469 0.1576 0.9246
vn 0.4009 0.3320 0.8538
vn 0.4402 0.4934 0.7502
vn 0.4630 0.6355 0.6179
vn 0.4680 0.7533 0.4622
vn 0.4555 0.8421 0.2888
vn 0.4265 0.8984 0.1043
vn 0.3828 0.9200 -0.0846
vn 0.3263 0.9056 -0.2710
vn 0.2594 0.8555 -0.4481
vn 0.1840 0.7718 -0.6087
vn 0.1025 0.6576 -0.7464
vn 0.0181 0.5172 -0.8557
vn -0.0662 0.3563 -0.9320
vn -0.1473 0.1812 -0.9723
vn -0.2221 -0.0013 -0.9750
vn -0.2875 -0.1839 -0.9400
vn -0.3409 -0.3596 -0.8686
vn -0.3798 -0.5218 -0.7638
vn -0.4033 -0.6637 -0.6299
vn -0.4109 -0.7800 -0.4719
vn -0.4023 -0.8663 -0.2960
vn -0.3777 -0.9195 -0.1092
vn -0.3379 -0.9376 0.0814
vn -0.2839 -0.9205 0.2684
vn -0.2173 -0.8690 0.4446
vn -0.1403 -0.7852 0.6032
vn -0.0562 -0.6720 0.7384
vn 0.0313 -0.5336 0.8451
vn 0.1189 -0.3753 0.9193
vn 0.2030 -0.2028 0.9579
vn 0.6061 -0.1655 0.7780
vn 0.6666 0.0175 0.7452
vn 0.7013 0.2000 0.6842
vn 0.7091 0.3749 0.5972
vn 0.6901 0.5351 0.4873
vn 0.6466 0.6739 0.3574
vn 0.5811 0.7857 0.2119
vn 0.4967 0.8662 0.0557
vn 0.3964 0.9120 -0.1056
vn 0.2838 0.9214 -0.2655
vn 0.1627 0.8940 -0.4176
vn 0.0373 0.8308 -0.5553
vn -0.0876 0.7345 -0.6729
vn -0.2074 0.6090 -0.7656
vn -0.3176 0.4595 -0.8294
vn -0.4142 0.2920 -0.8621
vn -0.4937 0.1131 -0.8622
vn -0.5527 -0.0709 -0.8304
vn -0.5894 -0.2522 -0.7674
vn -0.6036 -0.4242 -0.6751
vn -0.5937 -0.5803 -0.5575
vn -0.5593 -0.7151 -0.4193
vn -0.5013 -0.8233 -0.2662
vn -0.4216 -0.9007 -0.1045
vn -0.3230 -0.9445 0.0592
vn -0.2094 -0.9531 0.2184
vn -0.0850 -0.9264 0.3668
vn 0.0454 -0.8655 0.4988
vn 0.1766 -0.7728 0.6096
vn 0.3033 -0.6515 0.6953
vn 0.4203 -0.5063 0.7530
vn 0.5228 -0.3423 0.7808
vn 0.8303 -0.2786 0.4826
vn 0.8864 -0.0933 0.4534
vn 0.9049 0.0974 0.4143
vn 0.8871 0.2845 0.3636
vn 0.8369 0.4595 0.2973
vn 0.7581 0.6158 0.2146
vn 0.6534 0.7478 0.1174
vn 0.5260 0.8505 0.0093
vn 0.3795 0.9193 -0.1043
vn 0.2192 0.9511 -0.2177
vn 0.0510 0.9444 -0.3249
vn -0.1183 0.8997 -0.4202
vn -0.2819 0.8193 -0.4994
vn -0.4330 0.7069 -0.5592
vn -0.5655 0.5677 -0.5983
vn -0.6737 0.4074 -0.6165
vn -0.7540 0.2331 -0.6141
vn -0.8065 0.0515 -0.5890
vn -0.8316 -0.1308 -0.5398
vn -0.8263 -0.3109 -0.4696
vn -0.7877 -0.4825 -0.3830
vn -0.7163 -0.6379 -0.2828
vn -0.6152 -0.7694 -0.1723
vn -0.4885 -0.8708 -0.0560
vn -0.3414 -0.9380 0.0604
vn -0.1799 -0.9687 0.1711
vn -0.0103 -0.9625 0.2712
vn 0.1610 -0.9204 0.3563
vn 0.3275 -0.8448 0.4231
vn 0.4833 -0.7388 0.4696
vn 0.6228 -0.6063 0.4945
vn 0.7404 -0.4513 0.4981
vn 0.9206 -0.3346 0.2012
vn 0.9723 -0.1514 0.1783
vn 0.9870 0.0383 0.1561
vn 0.9651 0.2275 0.1295
vn 0.9078 0.4088 0.0938
vn 0.8164 0.5754 0.0494
vn 0.6936 0.7203 -0.0013
vn 0.5438 0.8374 -0.0554
vn 0.3725 0.9215 -0.1102
vn 0.1867 0.9688 -0.1629
vn -0.0061 0.9775 -0.2111
vn -0.1981 0.9471 -0.2525
vn -0.3814 0.8793 -0.2853
vn -0.5490 0.7770 -0.3080
vn -0.6942 0.6448 -0.3200
vn -0.8111 0.4885 -0.3216
vn -0.8957 0.3153 -0.3136
vn -0.9467 0.1323 -0.2938
vn -0.9639 -0.0554 -0.2606
vn -0.9450 -0.2440 -0.2179
vn -0.8888 -0.4260 -0.1690
vn -0.7969 -0.5930 -0.1152
vn -0.6728 -0.7375 -0.0583
vn -0.5216 -0.8532 -0.0008
vn -0.3492 -0.9354 0.0549
vn -0.1628 -0.9809 0.1062
vn 0.0300 -0.9881 0.1509
vn 0.2215 -0.9570 0.1871
vn 0.4042 -0.8895 0.2133
vn 0.5710 -0.7886 0.2281
vn 0.7160 -0.6589 0.2307
vn 0.8340 -0.5057 0.2209
vn 0.9355 -0.3533 0.0089
vn 0.9847 -0.1740 -0.0089
vn 0.9997 0.0124 -0.0226
vn 0.9786 0.2023 -0.0367
vn 0.9203 0.3875 -0.0535
vn 0.8259 0.5592 -0.0722
vn 0.6988 0.7094 -0.0912
vn 0.5441 0.8319 -0.1096
vn 0.3677 0.9213 -0.1264
vn 0.1769 0.9741 -0.1410
vn -0.0207 0.9881 -0.1527
vn -0.2171 0.9628 -0.1609
vn -0.4045 0.8995 -0.1650
vn -0.5756 0.8010 -0.1646
vn -0.7237 0.6714 -0.1597
vn -0.8429 0.5165 -0.1508
vn -0.9288 0.3437 -0.1384
vn -0.9796 0.1600 -0.1215
vn -0.9946 -0.0295 -0.0992
vn -0.9724 -0.2210 -0.0741
vn -0.9124 -0.4065 -0.0485
vn -0.8161 -0.5774 -0.0234
vn -0.6874 -0.7263 0.0003
vn -0.5313 -0.8469 0.0215
vn -0.3540 -0.9344 0.0391
vn -0.1626 -0.9853 0.0524
vn 0.0351 -0.9975 0.0610
vn 0.2312 -0.9708 0.0645
vn 0.4180 -0.9063 0.0629
vn 0.5879 -0.8070 0.0563
vn 0.7344 -0.6773 0.0448
vn 0.8516 -0.5234 0.0284
vn 0.9000 -0.3554 -0.2522
vn 0.9473 -0.1850 -0.2615
vn 0.9629 -0.0067 -0.2697
vn 0.9447 0.1804 -0.2740
vn 0.8900 0.3668 -0.2709
vn 0.7993 0.5419 -0.2598
vn 0.6755 0.6966 -0.2416
vn 0.5235 0.8238 -0.2175
vn 0.3495 0.9177 -0.1890
vn 0.1607 0.9744 -0.1574
vn -0.0349 0.9916 -0.1243
vn -0.2290 0.9692 -0.0910
vn -0.4138 0.9085 -0.0585
vn -0.5821 0.8126 -0.0280
vn -0.7278 0.6858 -0.0002
vn -0.8456 0.5333 0.0235
vn -0.9311 0.3625 0.0414
vn -0.9821 0.1806 0.0540
vn -0.9980 -0.0084 0.0620
vn -0.9775 -0.2009 0.0637
vn -0.9198 -0.3880 0.0586
vn -0.8263 -0.5613 0.0471
vn -0.7002 -0.7134 0.0294
vn -0.5462 -0.8376 0.0058
vn -0.3706 -0.9285 -0.0229
vn -0.1805 -0.9820 -0.0556
vn 0.0159 -0.9958 -0.0906
vn 0.2104 -0.9694 -0.1264
vn 0.3950 -0.9044 -0.1610
vn 0.5623 -0.8042 -0.1926
vn 0.7056 -0.6739 -0.2192
vn 0.8194 -0.5210 -0.2391
vn 0.6000 -0.3019 -0.7408
vn 0.6573 -0.1424 -0.7400
vn 0.6544 0.0263 -0.7557
vn 0.6015 0.1840 -0.7774
vn 0.5180 0.3202 -0.7932
vn 0.4179 0.4329 -0.7987
vn 0.3088 0.5243 -0.7936
vn 0.1940 0.5968 -0.7786
vn 0.0749 0.6524 -0.7542
vn -0.0483 0.6921 -0.7202
vn -0.1762 0.7156 -0.6760
vn -0.3087 0.7210 -0.6204
vn -0.4452 0.7051 -0.5520
vn -0.5827 0.6629 -0.4701
vn -0.7149 0.5886 -0.3774
vn -0.8312 0.4785 -0.2832
vn -0.9186 0.3352 -0.2094
vn -0.9683 0.1701 -0.1829
vn -0.9769 -0.0040 -0.2136
vn -0.9427 -0.1720 -0.2857
vn -0.8715 -0.3188 -0.3725
vn -0.7751 -0.4375 -0.4559
vn -0.6640 -0.5285 -0.5289
vn -0.5454 -0.5951 -0.5902
vn -0.4229 -0.6409 -0.6406
vn -0.2978 -0.6684 -0.6815
vn -0.1703 -0.6793 -0.7139
vn -0.0399 -0.6734 -0.7382
vn 0.0938 -0.6494 -0.7546
vn 0.2303 -0.6047 -0.7624
vn 0.3666 -0.5348 -0.7613
vn 0.4953 -0.4348 -0.7521
vn 0.2124 -0.1539 -0.9650
vn 0.2317 -0.0741 -0.9700
vn 0.2441 0.0084 -0.9697
vn 0.2406 0.0967 -0.9658
vn 0.2152 0.1847 -0.9589
vn 0.1703 0.2660 -0.9488
vn 0.1099 0.3367 -0.9352
vn 0.0375 0.3953 -0.9178
vn -0.0446 0.4406 -0.8966
vn -0.1344 0.4718 -0.8714
vn -0.2298 0.4873 -0.8425
vn -0.3275 0.4857 -0.8104
vn -0.4242 0.4660 -0.7765
vn -0.5161 0.4270 -0.7425
vn -0.5981 0.3684 -0.7117
vn -0.6632 0.2920 -0.6891
vn -0.7057 0.2043 -0.6784
vn -0.7293 0.1139 -0.6747
vn -0.7396 0.0202 -0.6728
vn -0.7290 -0.0784 -0.6800
vn -0.6934 -0.1741 -0.6992
vn -0.6369 -0.2592 -0.7260
vn -0.5651 -0.3298 -0.7562
vn -0.4825 -0.3845 -0.7870
vn -0.3928 -0.4227 -0.8168
vn -0.2993 -0.4441 -0.8445
vn -0.2054 -0.4489 -0.8697
vn -0.1135 -0.4374 -0.8921
vn -0.0256 -0.4098 -0.9118
vn 0.0555 -0.3659 -0.9290
vn 0.1256 -0.3064 -0.9436
vn 0.1791 -0.2337 -0.9557
vn 0.2380 -0.1863 -0.9532
vn 0.2814 -0.0713 -0.9569
vn 0.2747 0.0514 -0.9601
vn 0.2344 0.1629 -0.9584
vn 0.1775 0.2575 -0.9498
vn 0.1110 0.3354 -0.9355
vn 0.0386 0.3978 -0.9167
vn -0.0378 0.4458 -0.8943
vn -0.1163 0.4805 -0.8692
vn -0.1959 0.5029 -0.8418
vn -0.2771 0.5138 -0.8119
vn -0.3604 0.5127 -0.7792
vn -0.4462 0.4983 -0.7434
vn -0.5334 0.4683 -0.7044
vn -0.6200 0.4199 -0.6628
vn -0.7020 0.3498 -0.6204
vn -0.7713 0.2545 -0.5834
vn -0.8116 0.1365 -0.5680
vn -0.8120 0.0118 -0.5835
vn -0.7807 -0.1010 -0.6167
vn -0.7304 -0.1959 -0.6543
vn -0.6687 -0.2730 -0.6916
vn -0.5999 -0.3339 -0.7271
vn -0.5265 -0.3801 -0.7605
vn -0.4502 -0.4134 -0.7915
vn -0.3709 -0.4350 -0.8205
vn -0.2879 -0.4452 -0.8479
vn -0.2012 -0.4431 -0.8736
vn -0.1114 -0.4274 -0.8972
vn -0.0197 -0.3962 -0.9180
vn 0.0722 -0.3475 -0.9349
vn 0.1610 -0.2786 -0.9468
vn 0.2379 -0.9570 0.1661
vn 0.0437 -0.9813 0.1875
vn -0.1523 -0.9675 0.2017
vn -0.3426 -0.9162 0.2080
vn -0.5198 -0.8290 0.2062
vn -0.6770 -0.7093 0.1964
vn -0.8080 -0.5615 0.1788
vn -0.9074 -0.3909 0.1541
vn -0.9711 -0.2043 0.1232
vn -0.9961 -0.0097 0.0874
vn -0.9817 0.1841 0.0484
vn -0.9284 0.3715 0.0072
vn -0.8373 0.5457 -0.0346
vn -0.7124 0.6978 -0.0750
vn -0.5594 0.8213 -0.1122
vn -0.3849 0.9115 -0.1448
vn -0.1957 0.9655 -0.1716
vn 0.0008 0.9815 -0.1915
vn 0.1969 0.9590 -0.2040
vn 0.3853 0.8990 -0.2084
vn 0.5585 0.8039 -0.2047
vn 0.7097 0.6775 -0.1930
vn 0.8332 0.5250 -0.1739
vn 0.9239 0.3528 -0.1481
vn 0.9786 0.1694 -0.1170
vn 0.9965 -0.0146 -0.0827
vn 0.9805 -0.1909 -0.0470
vn 0.9326 -0.3607 -0.0097
vn 0.8508 -0.5247 0.0292
vn 0.7354 -0.6742 0.0683
vn 0.5907 -0.8000 0.1052
vn 0.4226 -0.8957 0.1383
vn 0.2172 -0.9610 0.1712
vn 0.0218 -0.9812 0.1919
vn -0.1744 -0.9631 0.2050
vn -0.3638 -0.9075 0.2100
vn -0.5392 -0.8164 0.2068
vn -0.6935 -0.6934 0.1956
vn -0.8208 -0.5431 0.1767
vn -0.9159 -0.3718 0.1512
vn -0.9750 -0.1869 0.1202
vn -0.9964 0.0022 0.0853
vn -0.9810 0.1877 0.0485
vn -0.9303 0.3667 0.0100
vn -0.8438 0.5359 -0.0296
vn -0.7237 0.6867 -0.0686
vn -0.5750 0.8114 -0.1051
vn -0.4037 0.9045 -0.1375
vn -0.2168 0.9622 -0.1648
vn -0.0215 0.9824 -0.1857
vn 0.1747 0.9642 -0.1995
vn 0.3640 0.9084 -0.2056
vn 0.5393 0.8171 -0.2036
vn 0.6936 0.6938 -0.1936
vn 0.8209 0.5434 -0.1758
vn 0.9159 0.3719 -0.1510
vn 0.9750 0.1870 -0.1201
vn 0.9964 -0.0021 -0.0850
vn 0.9812 -0.1872 -0.0475
vn 0.9305 -0.3662 -0.0080
vn 0.8441 -0.5352 0.0328
vn 0.7241 -0.6858 0.0730
vn 0.5754 -0.8104 0.1106
vn 0.4041 -0.9033 0.1438
vn 0.2278 -0.9349 0.2723
vn 0.0340 -0.9559 0.2917
vn -0.1613 -0.9403 0.2996
vn -0.3507 -0.8885 0.2959
vn -0.5269 -0.8022 0.2806
vn -0.6831 -0.6846 0.2545
vn -0.8128 -0.5400 0.2185
vn -0.9109 -0.3741 0.1741
vn -0.9732 -0.1944 0.1231
vn -0.9977 -0.0097 0.0678
vn -0.9848 0.1733 0.0111
vn -0.9350 0.3519 -0.0443
vn -0.8482 0.5205 -0.0981
vn -0.7275 0.6698 -0.1489
vn -0.5783 0.7923 -0.1943
vn -0.4069 0.8834 -0.2323
vn -0.2201 0.9398 -0.2614
vn -0.0248 0.9596 -0.2804
vn 0.1715 0.9419 -0.2887
vn 0.3614 0.8876 -0.2857
vn 0.5376 0.7984 -0.2713
vn 0.6930 0.6777 -0.2458
vn 0.8214 0.5302 -0.2102
vn 0.9173 0.3620 -0.1660
vn 0.9767 0.1808 -0.1159
vn 0.9980 -0.0042 -0.0637
vn 0.9826 -0.1852 -0.0111
vn 0.9322 -0.3593 0.0443
vn 0.8467 -0.5224 0.1009
vn 0.7284 -0.6675 0.1547
vn 0.5818 -0.7877 0.2025
vn 0.4127 -0.8781 0.2422
vn 0.2331 -0.8624 0.4495
vn 0.0384 -0.8842 0.4655
vn -0.1579 -0.8718 0.4637
vn -0.3483 -0.8255 0.4441
vn -0.5253 -0.7470 0.4075
vn -0.6821 -0.6391 0.3554
vn -0.8124 -0.5060 0.2897
vn -0.9109 -0.3534 0.2132
vn -0.9736 -0.1883 0.1290
vn -0.9990 -0.0189 0.0408
vn -0.9875 0.1500 -0.0478
vn -0.9392 0.3163 -0.1339
vn -0.8539 0.4738 -0.2151
vn -0.7348 0.6139 -0.2883
vn -0.5869 0.7300 -0.3502
vn -0.4161 0.8174 -0.3984
vn -0.2293 0.8728 -0.4308
vn -0.0337 0.8943 -0.4463
vn 0.1634 0.8810 -0.4441
vn 0.3542 0.8334 -0.4242
vn 0.5314 0.7534 -0.3873
vn 0.6880 0.6440 -0.3347
vn 0.8175 0.5095 -0.2684
vn 0.9148 0.3557 -0.1915
vn 0.9759 0.1894 -0.1085
vn 0.9995 0.0183 -0.0241
vn 0.9866 -0.1512 0.0604
vn 0.9376 -0.3156 0.1458
vn 0.8528 -0.4696 0.2285
vn 0.7348 -0.6067 0.3034
vn 0.5882 -0.7208 0.3668
vn 0.4187 -0.8072 0.4161
vn 0.2306 -0.7591 0.6088
vn 0.0360 -0.7822 0.6220
vn -0.1601 -0.7749 0.6115
vn -0.3500 -0.7375 0.5775
vn -0.5264 -0.6715 0.5215
vn -0.6826 -0.5793 0.4456
vn -0.8122 -0.4646 0.3527
vn -0.9104 -0.3325 0.2463
vn -0.9732 -0.1894 0.1308
vn -0.9991 -0.0416 0.0106
vn -0.9882 0.1079 -0.1091
vn -0.9400 0.2573 -0.2240
vn -0.8550 0.3994 -0.3308
vn -0.7360 0.5264 -0.4257
vn -0.5879 0.6326 -0.5042
vn -0.4167 0.7139 -0.5628
vn -0.2292 0.7672 -0.5991
vn -0.0328 0.7905 -0.6115
vn 0.1649 0.7831 -0.5996
vn 0.3561 0.7453 -0.5637
vn 0.5333 0.6785 -0.5051
vn 0.6896 0.5855 -0.4261
vn 0.8187 0.4701 -0.3299
vn 0.9151 0.3373 -0.2210
vn 0.9755 0.1931 -0.1058
vn 0.9990 0.0427 0.0091
vn 0.9864 -0.1095 0.1225
vn 0.9371 -0.2582 0.2348
vn 0.8517 -0.3977 0.3413
vn 0.7331 -0.5221 0.4358
vn 0.5861 -0.6264 0.5138
vn 0.4164 -0.7065 0.5723
vn 0.2193 -0.6170 0.7558
vn 0.0242 -0.6425 0.7659
vn -0.1720 -0.6424 0.7468
vn -0.3616 -0.6167 0.6992
vn -0.5373 -0.5663 0.6250
vn -0.6919 -0.4931 0.5273
vn -0.8196 -0.4001 0.4102
vn -0.9150 -0.2913 0.2790
vn -0.9750 -0.1726 0.1397
vn -0.9988 -0.0481 -0.0030
vn -0.9862 0.0796 -0.1449
vn -0.9364 0.2082 -0.2826
vn -0.8499 0.3318 -0.4094
vn -0.7300 0.4438 -0.5198
vn -0.5815 0.5391 -0.6093
vn -0.4105 0.6138 -0.6744
vn -0.2236 0.6649 -0.7127
vn -0.0279 0.6905 -0.7228
vn 0.1688 0.6897 -0.7042
vn 0.3591 0.6626 -0.6573
vn 0.5354 0.6105 -0.5837
vn 0.6905 0.5355 -0.4862
vn 0.8181 0.4409 -0.3691
vn 0.9131 0.3308 -0.2382
vn 0.9726 0.2096 -0.1005
vn 0.9959 0.0819 0.0393
vn 0.9825 -0.0474 0.1802
vn 0.9318 -0.1741 0.3184
vn 0.8449 -0.2940 0.4469
vn 0.7250 -0.4022 0.5591
vn 0.5767 -0.4945 0.6503
vn 0.4059 -0.5670 0.7167
vn 0.1873 -0.3674 0.9110
vn -0.0065 -0.3957 0.9183
vn -0.2001 -0.4082 0.8907
vn -0.3861 -0.4042 0.8292
vn -0.5573 -0.3839 0.7362
vn -0.7071 -0.3483 0.6154
vn -0.8295 -0.2989 0.4718
vn -0.9198 -0.2393 0.3111
vn -0.9749 -0.1727 0.1403
vn -0.9948 -0.0965 -0.0340
vn -0.9785 -0.0083 -0.2060
vn -0.9246 0.0855 -0.3713
vn -0.8339 0.1764 -0.5229
vn -0.7103 0.2600 -0.6541
vn -0.5590 0.3332 -0.7593
vn -0.3858 0.3934 -0.8345
vn -0.1975 0.4383 -0.8769
vn -0.0015 0.4663 -0.8846
vn 0.1947 0.4765 -0.8573
vn 0.3834 0.4691 -0.7956
vn 0.5568 0.4450 -0.7014
vn 0.7076 0.4061 -0.5782
vn 0.8295 0.3551 -0.4311
vn 0.9175 0.2935 -0.2684
vn 0.9706 0.2191 -0.0999
vn 0.9887 0.1327 0.0699
vn 0.9697 0.0440 0.2403
vn 0.9130 -0.0424 0.4057
vn 0.8208 -0.1248 0.5574
vn 0.6968 -0.2008 0.6885
vn 0.5459 -0.2682 0.7938
vn 0.3738 -0.3244 0.8689
vn 0.1216 0.0044 0.9926
vn -0.0714 -0.0317 0.9969
vn -0.2616 -0.0666 0.9629
vn -0.4418 -0.0990 0.8917
vn -0.6047 -0.1275 0.7862
vn -0.7440 -0.1511 0.6508
vn -0.8540 -0.1700 0.4918
vn -0.9302 -0.1856 0.3168
vn -0.9716 -0.1966 0.1319
vn -0.9788 -0.1958 -0.0600
vn -0.9500 -0.1826 -0.2533
vn -0.8840 -0.1612 -0.4389
vn -0.7827 -0.1339 -0.6078
vn -0.6505 -0.1020 -0.7526
vn -0.4926 -0.0667 -0.8677
vn -0.3154 -0.0294 -0.9485
vn -0.1257 0.0085 -0.9920
vn 0.0691 0.0456 -0.9966
vn 0.2613 0.0808 -0.9619
vn 0.4435 0.1131 -0.8891
vn 0.6081 0.1419 -0.7811
vn 0.7480 0.1664 -0.6425
vn 0.8573 0.1856 -0.4802
vn 0.9328 0.1953 -0.3028
vn 0.9742 0.1930 -0.1167
vn 0.9799 0.1847 0.0753
vn 0.9481 0.1727 0.2669
vn 0.8795 0.1557 0.4497
vn 0.7768 0.1333 0.6155
vn 0.6440 0.1059 0.7577
vn 0.4863 0.0746 0.8706
vn 0.3099 0.0403 0.9499
vn 0.0284 0.4056 0.9136
vn -0.1636 0.3623 0.9176
vn -0.3494 0.3061 0.8856
vn -0.5217 0.2394 0.8188
vn -0.6738 0.1650 0.7203
vn -0.7992 0.0855 0.5949
vn -0.8929 0.0024 0.4502
vn -0.9517 -0.0839 0.2952
vn -0.9774 -0.1676 0.1285
vn -0.9696 -0.2394 -0.0509
vn -0.9254 -0.2985 -0.2337
vn -0.8447 -0.3451 -0.4091
vn -0.7306 -0.3779 -0.5688
vn -0.5876 -0.3953 -0.7060
vn -0.4214 -0.3968 -0.8155
vn -0.2387 -0.3820 -0.8928
vn -0.0465 -0.3515 -0.9350
vn 0.1474 -0.3063 -0.9405
vn 0.3352 -0.2479 -0.9090
vn 0.5093 -0.1781 -0.8420
vn 0.6625 -0.0992 -0.7425
vn 0.7881 -0.0148 -0.6154
vn 0.8818 0.0692 -0.4666
vn 0.9425 0.1444 -0.3015
vn 0.9688 0.2137 -0.1253
vn 0.9583 0.2804 0.0560
vn 0.9104 0.3402 0.2356
vn 0.8269 0.3889 0.4063
vn 0.7110 0.4239 0.5611
vn 0.5672 0.4436 0.6939
vn 0.4011 0.4471 0.7995
vn 0.2191 0.4343 0.8737
vn -0.0628 0.7121 0.6993
vn -0.2522 0.6611 0.7067
vn -0.4322 0.5860 0.6855
vn -0.5958 0.4897 0.6366
vn -0.7363 0.3765 0.5623
vn -0.8477 0.2515 0.4671
vn -0.9259 0.1198 0.3583
vn -0.9711 -0.0142 0.2384
vn -0.9838 -0.1471 0.1020
vn -0.9607 -0.2739 -0.0462
vn -0.9002 -0.3887 -0.1966
vn -0.8044 -0.4863 -0.3412
vn -0.6774 -0.5627 -0.4737
vn -0.5247 -0.6152 -0.5885
vn -0.3522 -0.6420 -0.6810
vn -0.1666 -0.6428 -0.7477
vn 0.0251 -0.6178 -0.7859
vn 0.2159 -0.5679 -0.7943
vn 0.3984 -0.4944 -0.7726
vn 0.5651 -0.3996 -0.7218
vn 0.7088 -0.2866 -0.6446
vn 0.8227 -0.1588 -0.5459
vn 0.9030 -0.0284 -0.4287
vn 0.9498 0.1007 -0.2961
vn 0.9610 0.2301 -0.1533
vn 0.9345 0.3559 -0.0058
vn 0.8707 0.4714 0.1403
vn 0.7722 0.5707 0.2791
vn 0.6432 0.6497 0.4052
vn 0.4887 0.7050 0.5139
vn 0.3149 0.7345 0.6011
vn 0.1287 0.7369 0.6637
vn -0.1437 0.9031 0.4047
vn -0.3306 0.8463 0.4177
vn -0.5049 0.7576 0.4136
vn -0.6597 0.6407 0.3928
vn -0.7885 0.5010 0.3567
vn -0.8857 0.3464 0.3091
vn -0.9498 0.1844 0.2529
vn -0.9830 0.0157 0.1831
vn -0.9826 -0.1586 0.0967
vn -0.9443 -0.3292 0.0010
vn -0.8684 -0.4862 -0.0971
vn -0.7587 -0.6221 -0.1931
vn -0.6202 -0.7317 -0.2829
vn -0.4586 -0.8111 -0.3630
vn -0.2804 -0.8583 -0.4298
vn -0.0921 -0.8721 -0.4806
vn 0.0996 -0.8525 -0.5132
vn 0.2879 -0.8000 -0.5264
vn 0.4659 -0.7160 -0.5199
vn 0.6264 -0.6026 -0.4945
vn 0.7624 -0.4622 -0.4529
vn 0.8671 -0.3027 -0.3957
vn 0.9360 -0.1343 -0.3252
vn 0.9693 0.0396 -0.2427
vn 0.9646 0.2150 -0.1528
vn 0.9211 0.3846 -0.0601
vn 0.8407 0.5405 0.0318
vn 0.7270 0.6762 0.1196
vn 0.5847 0.7861 0.2003
vn 0.4198 0.8661 0.2714
vn 0.2387 0.9132 0.3303
vn 0.0483 0.9257 0.3753
vn -0.1934 0.9759 0.1012
vn -0.3796 0.9170 0.1223
vn -0.5511 0.8230 0.1379
vn -0.7012 0.6976 0.1472
vn -0.8236 0.5470 0.1500
vn -0.9134 0.3798 0.1463
vn -0.9697 0.2037 0.1352
vn -0.9931 0.0181 0.1155
vn -0.9806 -0.1746 0.0887
vn -0.9298 -0.3637 0.0569
vn -0.8422 -0.5388 0.0211
vn -0.7216 -0.6920 -0.0176
vn -0.5735 -0.8172 -0.0574
vn -0.4038 -0.9097 -0.0967
vn -0.2193 -0.9665 -0.1335
vn -0.0270 -0.9857 -0.1663
vn 0.1661 -0.9669 -0.1937
vn 0.3529 -0.9107 -0.2145
vn 0.5265 -0.8190 -0.2280
vn 0.6803 -0.6946 -0.2339
vn 0.8080 -0.5418 -0.2313
vn 0.9023 -0.3699 -0.2213
vn 0.9608 -0.1869 -0.2049
vn 0.9831 0.0025 -0.1831
vn 0.9680 0.1962 -0.1567
vn 0.9145 0.3844 -0.1265
vn 0.8245 0.5582 -0.0933
vn 0.7018 0.7100 -0.0584
vn 0.5516 0.8338 -0.0229
vn 0.3800 0.9249 0.0119
vn 0.1937 0.9800 0.0449
vn 0.0001 0.9972 0.0751
vn -0.2148 0.9710 -0.1050
vn -0.4011 0.9126 -0.0792
vn -0.5718 0.8188 -0.0517
vn -0.7202 0.6933 -0.0236
vn -0.8403 0.5421 0.0038
vn -0.9274 0.3729 0.0286
vn -0.9799 0.1933 0.0482
vn -0.9980 0.0056 0.0626
vn -0.9796 -0.1871 0.0735
vn -0.9232 -0.3759 0.0803
vn -0.8305 -0.5511 0.0816
vn -0.7053 -0.7047 0.0770
vn -0.5531 -0.8304 0.0668
vn -0.3799 -0.9236 0.0517
vn -0.1927 -0.9807 0.0328
vn 0.0014 -0.9999 0.0110
vn 0.1951 -0.9807 -0.0125
vn 0.3813 -0.9237 -0.0367
vn 0.5531 -0.8309 -0.0609
vn 0.7037 -0.7055 -0.0843
vn 0.8267 -0.5526 -0.1060
vn 0.9164 -0.3802 -0.1253
vn 0.9700 -0.1975 -0.1420
vn 0.9877 -0.0088 -0.1564
vn 0.9682 0.1852 -0.1681
vn 0.9107 0.3737 -0.1761
vn 0.8169 0.5480 -0.1798
vn 0.6908 0.7006 -0.1789
vn 0.5375 0.8253 -0.1731
vn 0.3633 0.9174 -0.1626
vn 0.1749 0.9735 -0.1474
vn -0.0203 0.9916 -0.1280
vn -0.2345 0.8954 -0.3785
vn -0.4200 0.8389 -0.3461
vn -0.5890 0.7491 -0.3031
vn -0.7349 0.6300 -0.2510
vn -0.8521 0.4869 -0.1921
vn -0.9365 0.3256 -0.1305
vn -0.9859 0.1507 -0.0733
vn -0.9991 -0.0348 -0.0251
vn -0.9745 -0.2236 0.0197
vn -0.9122 -0.4046 0.0651
vn -0.8145 -0.5701 0.1075
vn -0.6857 -0.7138 0.1428
vn -0.5312 -0.8304 0.1683
vn -0.3575 -0.9158 0.1830
vn -0.1712 -0.9674 0.1865
vn 0.0207 -0.9836 0.1789
vn 0.2114 -0.9641 0.1610
vn 0.3941 -0.9093 0.1333
vn 0.5625 -0.8211 0.0968
vn 0.7101 -0.7022 0.0526
vn 0.8308 -0.5566 0.0025
vn 0.9188 -0.3912 -0.0517
vn 0.9704 -0.2162 -0.1079
vn 0.9855 -0.0382 -0.1653
vn 0.9644 0.1441 -0.2218
vn 0.9055 0.3238 -0.2743
vn 0.8099 0.4912 -0.3208
vn 0.6812 0.6381 -0.3588
vn 0.5251 0.7581 -0.3868
vn 0.3479 0.8463 -0.4033
vn 0.1572 0.8996 -0.4075
vn -0.0395 0.9160 -0.3992
vn -0.2263 0.4718 -0.8522
vn -0.3370 0.4510 -0.8265
vn -0.4483 0.4167 -0.7908
vn -0.5606 0.3655 -0.7430
vn -0.6716 0.2924 -0.6808
vn -0.7732 0.1917 -0.6045
vn -0.8486 0.0624 -0.5254
vn -0.8808 -0.0849 -0.4658
vn -0.8691 -0.2325 -0.4366
vn -0.8236 -0.3694 -0.4304
vn -0.7528 -0.4921 -0.4372
vn -0.6607 -0.6002 -0.4508
vn -0.5494 -0.6930 -0.4667
vn -0.4194 -0.7690 -0.4824
vn -0.2713 -0.8253 -0.4953
vn -0.1068 -0.8576 -0.5031
vn 0.0706 -0.8609 -0.5038
vn 0.2539 -0.8304 -0.4959
vn 0.4329 -0.7633 -0.4796
vn 0.5949 -0.6605 -0.4580
vn 0.7267 -0.5282 -0.4393
vn 0.8168 -0.3769 -0.4367
vn 0.8580 -0.2192 -0.4645
vn 0.8472 -0.0619 -0.5277
vn 0.7798 0.0897 -0.6196
vn 0.6644 0.2208 -0.7140
vn 0.5254 0.3210 -0.7880
vn 0.3832 0.3914 -0.8366
vn 0.2472 0.4377 -0.8645
vn 0.1197 0.4656 -0.8769
vn -0.0002 0.4793 -0.8777
vn -0.1148 0.4811 -0.8691
vn -0.2255 0.2294 -0.9468
vn -0.3044 0.2039 -0.9305
vn -0.3776 0.1661 -0.9110
vn -0.4429 0.1165 -0.8890
vn -0.4969 0.0563 -0.8660
vn -0.5358 -0.0105 -0.8443
vn -0.5602 -0.0794 -0.8245
vn -0.5776 -0.1522 -0.8020
vn -0.5858 -0.2341 -0.7759
vn -0.5751 -0.3207 -0.7526
vn -0.5431 -0.4053 -0.7354
vn -0.4915 -0.4835 -0.7244
vn -0.4222 -0.5523 -0.7188
vn -0.3370 -0.6097 -0.7174
vn -0.2372 -0.6536 -0.7187
vn -0.1244 -0.6811 -0.7215
vn -0.0023 -0.6891 -0.7247
vn 0.1231 -0.6747 -0.7278
vn 0.2439 -0.6368 -0.7315
vn 0.3516 -0.5756 -0.7383
vn 0.4363 -0.4934 -0.7525
vn 0.4881 -0.3958 -0.7779
vn 0.5051 -0.2927 -0.8119
vn 0.4982 -0.1915 -0.8456
vn 0.4669 -0.0905 -0.8797
vn 0.4064 0.0057 -0.9137
vn 0.3246 0.0882 -0.9417
vn 0.2318 0.1530 -0.9607
vn 0.1354 0.1995 -0.9705
vn 0.0395 0.2289 -0.9726
vn -0.0532 0.2428 -0.9686
vn -0.1417 0.2426 -0.9597
vn -0.1091 0.0159 -0.9939
vn -0.1957 -0.0010 -0.9807
vn -0.2809 -0.0291 -0.9593
vn -0.3639 -0.0693 -0.9289
vn -0.4424 -0.1229 -0.8884
vn -0.5123 -0.1925 -0.8370
vn -0.5603 -0.2819 -0.7788
vn -0.5658 -0.3875 -0.7278
vn -0.5311 -0.4915 -0.6902
vn -0.4755 -0.5810 -0.6606
vn -0.4084 -0.6547 -0.6361
vn -0.3333 -0.7134 -0.6164
vn -0.2528 -0.7581 -0.6011
vn -0.1688 -0.7897 -0.5898
vn -0.0827 -0.8089 -0.5821
vn 0.0046 -0.8163 -0.5777
vn 0.0931 -0.8120 -0.5761
vn 0.1838 -0.7955 -0.5774
vn 0.2769 -0.7645 -0.5821
vn 0.3711 -0.7164 -0.5908
vn 0.4626 -0.6477 -0.6054
vn 0.5431 -0.5562 -0.6290
vn 0.5950 -0.4457 -0.6688
vn 0.5974 -0.3325 -0.7298
vn 0.5538 -0.2339 -0.7992
vn 0.4847 -0.1551 -0.8609
vn 0.4046 -0.0941 -0.9096
vn 0.3203 -0.0483 -0.9461
vn 0.2349 -0.0153 -0.9719
vn 0.1497 0.0068 -0.9887
vn 0.0641 0.0193 -0.9978
vn -0.0223 0.0224 -0.9995
vn -0.8822 -0.3352 -0.3306
vn -0.7163 -0.6500 -0.2537
vn -0.5191 -0.8390 -0.1633
vn -0.3418 -0.9360 -0.0841
vn -0.1946 -0.9805 -0.0259
vn -0.0730 -0.9972 0.0128
vn 0.0308 -0.9989 0.0356
vn 0.1239 -0.9913 0.0455
vn 0.2118 -0.9764 0.0432
vn 0.2980 -0.9541 0.0284
vn 0.3846 -0.9231 0.0005
vn 0.4751 -0.8789 -0.0420
vn 0.5733 -0.8130 -0.1018
vn 0.6814 -0.7095 -0.1796
vn 0.7969 -0.5433 -0.2641
vn 0.8890 -0.3013 -0.3449
vn 0.8782 -0.0171 -0.4779
vn 0.7312 0.2862 -0.6192
vn 0.5343 0.5170 -0.6687
vn 0.3516 0.6600 -0.6639
vn 0.1993 0.7405 -0.6418
vn 0.0734 0.7827 -0.6181
vn -0.0341 0.8008 -0.5979
vn -0.1292 0.8022 -0.5829
vn -0.2162 0.7905 -0.5731
vn -0.2998 0.7668 -0.5676
vn -0.3843 0.7297 -0.5655
vn -0.4740 0.6750 -0.5654
vn -0.5726 0.5948 -0.5642
vn -0.6830 0.4762 -0.5538
vn -0.8043 0.2990 -0.5136
vn -0.9080 0.0292 -0.4179
vn 0.1718 -0.4552 -0.8737
vn -0.9657 -0.2430 -0.0918
vn -0.8087 -0.5875 0.0278
vn -0.5776 -0.8063 0.1272
vn -0.3686 -0.9104 0.1879
vn -0.2032 -0.9539 0.2210
vn -0.0722 -0.9686 0.2380
vn 0.0363 -0.9688 0.2452
vn 0.1315 -0.9604 0.2457
vn 0.2197 -0.9454 0.2406
vn 0.3063 -0.9237 0.2301
vn 0.3959 -0.8932 0.2131
vn 0.4936 -0.8493 0.1873
vn 0.6047 -0.7826 0.1480
vn 0.7333 -0.6744 0.0867
vn 0.8708 -0.4915 -0.0092
vn 0.9654 -0.2251 -0.1319
vn 0.9643 0.0872 -0.2502
vn 0.8158 0.4481 -0.3656
vn 0.5813 0.6950 -0.4232
vn 0.3692 0.8196 -0.4382
vn 0.2022 0.8767 -0.4365
vn 0.0704 0.9002 -0.4298
vn -0.0385 0.9058 -0.4219
vn -0.1338 0.9004 -0.4140
vn -0.2219 0.8864 -0.4063
vn -0.3081 0.8638 -0.3987
vn -0.3972 0.8306 -0.3903
vn -0.4942 0.7819 -0.3801
vn -0.6042 0.7081 -0.3654
vn -0.7312 0.5911 -0.3405
vn -0.8686 0.4005 -0.2916
vn -0.9730 0.1135 -0.2011
vn -0.4125 0.1989 0.8890
vn -0.2974 0.0541 0.9532
vn -0.2045 -0.0400 0.9780
vn -0.1291 -0.1026 0.9863
vn -0.0659 -0.1436 0.9874
vn -0.0121 -0.1692 0.9855
vn 0.0343 -0.1836 0.9824
vn 0.0763 -0.1900 0.9788
vn 0.1174 -0.1893 0.9749
vn 0.1589 -0.1807 0.9706
vn 0.2010 -0.1625 0.9660
vn 0.2438 -0.1328 0.9607
vn 0.2880 -0.0883 0.9535
vn 0.3348 -0.0243 0.9420
vn 0.3900 0.0669 0.9184
vn 0.4486 0.2117 0.8683
vn 0.4035 0.4121 0.8169
vn 0.3051 0.5587 0.7712
vn 0.2229 0.6521 0.7246
vn 0.1506 0.7130 0.6848
vn 0.0861 0.7515 0.6541
vn 0.0285 0.7746 0.6318
vn -0.0234 0.7869 0.6167
vn -0.0703 0.7910 0.6078
vn -0.1129 0.7890 0.6039
vn -0.1541 0.7818 0.6042
vn -0.1983 0.7678 0.6092
vn -0.2461 0.7443 0.6209
vn -0.2979 0.7070 0.6414
vn -0.3542 0.6488 0.6735
vn -0.4162 0.5552 0.7201
vn -0.4692 0.3976 0.7886
vn -0.8390 0.0358 0.5429
vn -0.9758 -0.0949 0.1972
vn -0.8399 -0.4551 0.2956
vn -0.6906 -0.2542 0.6770
vn -0.6055 -0.7090 0.3616
vn -0.5062 -0.4748 0.7199
vn -0.3865 -0.8369 0.3875
vn -0.3357 -0.6170 0.7118
vn -0.2134 -0.8943 0.3934
vn -0.1917 -0.7007 0.6872
vn -0.0770 -0.9170 0.3914
vn -0.0706 -0.7469 0.6612
vn 0.0351 -0.9216 0.3865
vn 0.0341 -0.7683 0.6392
vn 0.1326 -0.9154 0.3802
vn 0.1276 -0.7718 0.6229
vn 0.2226 -0.9007 0.3730
vn 0.2133 -0.7610 0.6127
vn 0.3106 -0.8778 0.3646
vn 0.2952 -0.7373 0.6077
vn 0.4015 -0.8445 0.3543
vn 0.3776 -0.6993 0.6069
vn 0.5005 -0.7961 0.3401
vn 0.4643 -0.6431 0.6090
vn 0.6132 -0.7231 0.3181
vn 0.5586 -0.5611 0.6109
vn 0.7435 -0.6079 0.2787
vn 0.6626 -0.4411 0.6053
vn 0.8840 -0.4229 0.1990
vn 0.7754 -0.2644 0.5735
vn 0.9860 -0.1519 0.0682
vn 0.8715 0.0015 0.4904
vn 0.9820 0.1871 -0.0243
vn 0.8413 0.3565 0.4063
vn 0.8301 0.5480 -0.1031
vn 0.6817 0.6560 0.3240
vn 0.5960 0.7823 -0.1813
vn 0.4968 0.8369 0.2297
vn 0.3814 0.8948 -0.2320
vn 0.3295 0.9327 0.1468
vn 0.2114 0.9423 -0.2595
vn 0.1889 0.9784 0.0845
vn 0.0769 0.9589 -0.2730
vn 0.0712 0.9966 0.0420
vn -0.0342 0.9600 -0.2780
vn -0.0301 0.9994 0.0162
vn -0.1314 0.9518 -0.2772
vn -0.1215 0.9926 0.0045
vn -0.2216 0.9365 -0.2717
vn -0.2081 0.9781 0.0061
vn -0.3102 0.9140 -0.2614
vn -0.2926 0.9560 0.0215
vn -0.4020 0.8822 -0.2451
vn -0.3764 0.9251 0.0508
vn -0.5024 0.8361 -0.2202
vn -0.4630 0.8813 0.0950
vn -0.6165 0.7661 -0.1820
vn -0.5558 0.8165 0.1562
vn -0.7476 0.6531 -0.1204
vn -0.6573 0.7165 0.2335
vn -0.8841 0.4669 -0.0201
vn -0.7669 0.5583 0.3166
vn -0.9729 0.2071 0.1029
vn -0.8575 0.3221 0.4012
vn -0.8860 0.2739 -0.3742
vn -0.8737 -0.0858 -0.4789
vn -0.7724 -0.3603 -0.5231
vn -0.6575 -0.5459 -0.5193
vn -0.5490 -0.6682 -0.5020
vn -0.4509 -0.7494 -0.4849
vn -0.3610 -0.8042 -0.4722
vn -0.2756 -0.8413 -0.4650
vn -0.1903 -0.8653 -0.4638
vn -0.1014 -0.8773 -0.4692
vn -0.0061 -0.8765 -0.4813
vn 0.1002 -0.8604 -0.4997
vn 0.2247 -0.8221 -0.5232
vn 0.3758 -0.7479 -0.5472
vn 0.5592 -0.6160 -0.5548
vn 0.7638 -0.4002 -0.5064
vn 0.8990 -0.1060 -0.4250
vn 0.8899 0.2306 -0.3936
vn 0.7948 0.5058 -0.3353
vn 0.6810 0.6848 -0.2594
vn 0.5710 0.7975 -0.1945
vn 0.4706 0.8701 -0.1467
vn 0.3781 0.9187 -0.1140
vn 0.2896 0.9525 -0.0944
vn 0.2028 0.9754 -0.0867
vn 0.1156 0.9892 -0.0901
vn 0.0237 0.9943 -0.1040
vn -0.0789 0.9885 -0.1292
vn -0.1991 0.9656 -0.1672
vn -0.3447 0.9129 -0.2187
vn -0.5225 0.8062 -0.2775
vn -0.7288 0.6036 -0.3232
vn 0.1412 0.2185 -0.9656
vn -0.9584 0.2451 -0.1462
vn -0.9658 -0.1291 -0.2247
vn -0.8565 -0.4419 -0.2666
vn -0.7160 -0.6397 -0.2795
vn -0.5875 -0.7585 -0.2820
vn -0.4767 -0.8327 -0.2819
vn -0.3791 -0.8815 -0.2816
vn -0.2895 -0.9147 -0.2820
vn -0.2027 -0.9374 -0.2834
vn -0.1139 -0.9515 -0.2859
vn -0.0180 -0.9569 -0.2897
vn 0.0917 -0.9512 -0.2947
vn 0.2244 -0.9271 -0.3003
vn 0.3925 -0.8680 -0.3044
vn 0.6051 -0.7376 -0.2996
vn 0.8320 -0.4853 -0.2686
vn 0.9621 -0.1716 -0.2119
vn 0.9746 0.1794 -0.1342
vn 0.8680 0.4944 -0.0464
vn 0.7251 0.6884 0.0165
vn 0.5944 0.8022 0.0566
vn 0.4819 0.8724 0.0818
vn 0.3834 0.9184 0.0975
vn 0.2931 0.9501 0.1067
vn 0.2061 0.9722 0.1109
vn 0.1175 0.9869 0.1106
vn 0.0223 0.9942 0.1056
vn -0.0863 0.9918 0.0946
vn -0.2172 0.9732 0.0751
vn -0.3821 0.9231 0.0426
vn -0.5895 0.8077 -0.0091
vn -0.8130 0.5772 -0.0771
vn -0.4750 -0.0842 0.8759
vn -0.4492 -0.2979 0.8423
vn -0.3947 -0.4356 0.8090
vn -0.3442 -0.5246 0.7787
vn -0.2963 -0.5845 0.7554
vn -0.2511 -0.6253 0.7389
vn -0.2089 -0.6527 0.7282
vn -0.1698 -0.6704 0.7223
vn -0.1316 -0.6816 0.7198
vn -0.0900 -0.6874 0.7207
vn -0.0437 -0.6864 0.7259
vn 0.0081 -0.6766 0.7363
vn 0.0664 -0.6548 0.7529
vn 0.1332 -0.6160 0.7764
vn 0.2124 -0.5524 0.8061
vn 0.3165 -0.4494 0.8354
vn 0.4138 -0.2669 0.8703
vn 0.3822 -0.0692 0.9215
vn 0.3326 0.0618 0.9411
vn 0.2898 0.1535 0.9447
vn 0.2480 0.2195 0.9436
vn 0.2068 0.2667 0.9413
vn 0.1663 0.2997 0.9394
vn 0.1266 0.3217 0.9383
vn 0.0880 0.3348 0.9382
vn 0.0493 0.3410 0.9388
vn 0.0063 0.3407 0.9401
vn -0.0436 0.3318 0.9423
vn -0.1019 0.3107 0.9450
vn -0.1713 0.2726 0.9468
vn -0.2567 0.2091 0.9436
vn -0.3707 0.1046 0.9228
vn -0.8662 0.0825 0.4928
vn -0.9692 0.1879 0.1591
vn -0.9857 -0.1456 0.0845
vn -0.8538 -0.2514 0.4560
vn -0.8853 -0.4650 -0.0017
vn -0.7629 -0.5116 0.3953
vn -0.7407 -0.6691 -0.0606
vn -0.6578 -0.6825 0.3185
vn -0.6059 -0.7897 -0.0967
vn -0.5555 -0.7926 0.2515
vn -0.4897 -0.8638 -0.1189
vn -0.4606 -0.8646 0.2009
vn -0.3880 -0.9121 -0.1325
vn -0.3720 -0.9133 0.1657
vn -0.2951 -0.9451 -0.1405
vn -0.2861 -0.9473 0.1442
vn -0.2057 -0.9679 -0.1442
vn -0.2008 -0.9702 0.1358
vn -0.1149 -0.9828 -0.1442
vn -0.1152 -0.9835 0.1398
vn -0.0172 -0.9899 -0.1404
vn -0.0252 -0.9875 0.1553
vn 0.0945 -0.9868 -0.1318
vn 0.0747 -0.9803 0.1830
vn 0.2294 -0.9663 -0.1166
vn 0.1907 -0.9557 0.2243
vn 0.3998 -0.9120 -0.0918
vn 0.3298 -0.9017 0.2795
vn 0.6134 -0.7878 -0.0569
vn 0.4978 -0.7964 0.3433
vn 0.8394 -0.5428 -0.0281
vn 0.6930 -0.6012 0.3979
vn 0.9745 -0.2242 0.0055
vn 0.8451 -0.2802 0.4553
vn 0.9855 0.1271 0.1122
vn 0.8327 0.0702 0.5493
vn 0.8763 0.4413 0.1930
vn 0.7399 0.3359 0.5828
vn 0.7318 0.6433 0.2252
vn 0.6344 0.5185 0.5734
vn 0.5991 0.7646 0.2376
vn 0.5330 0.6411 0.5523
vn 0.4848 0.8402 0.2430
vn 0.4396 0.7236 0.5322
vn 0.3845 0.8898 0.2457
vn 0.3530 0.7797 0.5173
vn 0.2925 0.9236 0.2476
vn 0.2699 0.8176 0.5087
vn 0.2035 0.9468 0.2494
vn 0.1862 0.8416 0.5070
vn 0.1124 0.9613 0.2514
vn 0.0987 0.8527 0.5130
vn 0.0136 0.9672 0.2536
vn 0.0055 0.8502 0.5265
vn -0.0997 0.9616 0.2556
vn -0.0974 0.8315 0.5469
vn -0.2371 0.9370 0.2565
vn -0.2169 0.7903 0.5730
vn -0.4111 0.8757 0.2532
vn -0.3603 0.7144 0.5998
vn -0.6286 0.7402 0.2388
vn -0.5327 0.5849 0.6117
vn -0.8499 0.4855 0.2047
vn -0.7282 0.3780 0.5717
vt 0.452896 0.640940
vt 0.446833 0.668319
vt 0.449194 0.641032
vt 0.445296 0.641406
vt 0.441211 0.642049
vt 0.436956 0.642966
vt 0.432537 0.644191
vt 0.428016 0.645758
vt 0.423451 0.647726
vt 0.418911 0.650164
vt 0.414465 0.653149
vt 0.423369 0.456555
vt 0.452641 0.439236
vt 0.426450 0.459985
vt 0.429594 0.462601
vt 0.432799 0.464546
vt 0.436110 0.465941
vt 0.439547 0.466869
vt 0.443150 0.467385
vt 0.446942 0.467526
vt 0.450934 0.467319
vt 0.455123 0.466780
vt 0.459497 0.465919
vt 0.464038 0.464727
vt 0.468739 0.463171
vt 0.473528 0.461207
vt 0.478337 0.458777
vt 0.483088 0.455817
vt 0.477326 0.655241
vt 0.474542 0.651219
vt 0.471702 0.648088
vt 0.468825 0.645691
vt 0.465895 0.643893
vt 0.462867 0.642582
vt 0.459715 0.641684
vt 0.414288 0.506023
vt 0.456399 0.641148
vt 0.463041 0.506786
vt 0.456089 0.506631
vt 0.496807 0.608259
vt 0.425728 0.603199
vt 0.426298 0.506591
vt 0.420508 0.506410
vt 0.470465 0.507043
vt 0.489471 0.607146
vt 0.418126 0.602451
vt 0.451696 0.605072
vt 0.457234 0.605280
vt 0.431916 0.506642
vt 0.483228 0.606471
vt 0.409999 0.601626
vt 0.437571 0.506621
vt 0.478389 0.507329
vt 0.445811 0.604776
vt 0.472558 0.605781
vt 0.477707 0.606063
vt 0.401280 0.600809
vt 0.443418 0.506581
vt 0.486861 0.507679
vt 0.439540 0.604364
vt 0.467549 0.605588
vt 0.399150 0.503825
vt 0.449565 0.506571
vt 0.495926 0.508002
vt 0.432854 0.603820
vt 0.462487 0.605437
vt 0.407269 0.505252
vt 0.505559 0.610155
vt 0.469020 0.580376
vt 0.465648 0.581117
vt 0.478465 0.571906
vt 0.453673 0.585839
vt 0.458362 0.583465
vt 0.458485 0.586332
vt 0.448463 0.584954
vt 0.453804 0.582877
vt 0.442879 0.583640
vt 0.448881 0.581899
vt 0.436964 0.581808
vt 0.443637 0.580506
vt 0.432601 0.576217
vt 0.438169 0.578620
vt 0.430929 0.579403
vt 0.427072 0.573133
vt 0.424799 0.576307
vt 0.421753 0.569149
vt 0.418640 0.572313
vt 0.416790 0.563833
vt 0.412316 0.567094
vt 0.412064 0.556139
vt 0.403937 0.545453
vt 0.416967 0.543290
vt 0.411347 0.552103
vt 0.412886 0.538235
vt 0.421778 0.538117
vt 0.419224 0.534068
vt 0.426093 0.534884
vt 0.428895 0.529764
vt 0.424389 0.531441
vt 0.433360 0.528621
vt 0.430206 0.532887
vt 0.437992 0.527955
vt 0.434324 0.531662
vt 0.442942 0.527733
vt 0.438644 0.531023
vt 0.448300 0.527965
vt 0.443291 0.530882
vt 0.454100 0.528673
vt 0.448331 0.531225
vt 0.460337 0.529903
vt 0.453781 0.532052
vt 0.466986 0.531767
vt 0.459607 0.533394
vt 0.471974 0.537964
vt 0.465715 0.535350
vt 0.473813 0.534340
vt 0.478253 0.541464
vt 0.480861 0.537763
vt 0.484424 0.546220
vt 0.488214 0.542311
vt 0.490688 0.553089
vt 0.500975 0.565830
vt 0.486528 0.569172
vt 0.492720 0.558711
vt 0.491018 0.574466
vt 0.481542 0.575272
vt 0.484318 0.579369
vt 0.477390 0.579011
vt 0.479193 0.582387
vt 0.473648 0.581344
vt 0.470957 0.585457
vt 0.474855 0.584289
vt 0.467034 0.586164
vt 0.470049 0.582714
vt 0.462917 0.586445
vt 0.466408 0.583447
vt 0.462549 0.583669
vt 0.458023 0.581048
vt 0.462006 0.581295
vt 0.453704 0.580432
vt 0.449080 0.579434
vt 0.444201 0.578039
vt 0.434109 0.573856
vt 0.439176 0.576199
vt 0.429166 0.570905
vt 0.424590 0.567162
vt 0.420800 0.562290
vt 0.418686 0.555627
vt 0.391958 0.600133
vt 0.421420 0.547101
vt 0.424647 0.541381
vt 0.428026 0.537778
vt 0.431672 0.535498
vt 0.435444 0.534222
vt 0.439479 0.533595
vt 0.443849 0.533487
vt 0.448579 0.533883
vt 0.453669 0.534758
vt 0.459061 0.536126
vt 0.470300 0.540622
vt 0.464642 0.538054
vt 0.475836 0.543994
vt 0.480919 0.548496
vt 0.484828 0.554851
vt 0.505559 0.508167
vt 0.481782 0.565064
vt 0.475368 0.576186
vt 0.472280 0.578815
vt 0.168632 0.867757
vt 0.176586 0.511359
vt 0.177644 0.874905
vt 0.185623 0.515607
vt 0.186527 0.882761
vt 0.194099 0.519463
vt 0.195050 0.890999
vt 0.201796 0.522780
vt 0.203008 0.899140
vt 0.208565 0.525426
vt 0.210265 0.906599
vt 0.214359 0.527297
vt 0.216802 0.912820
vt 0.219291 0.528317
vt 0.222755 0.917411
vt 0.223700 0.528441
vt 0.228444 0.920219
vt 0.000903 0.528326
vt 0.005830 0.918328
vt 0.000162 0.921208
vt 0.005308 0.527609
vt 0.011750 0.913666
vt 0.010243 0.526024
vt 0.018241 0.907376
vt 0.016009 0.523643
vt 0.025442 0.899850
vt 0.022690 0.520568
vt 0.033341 0.891640
vt 0.030226 0.516925
vt 0.041808 0.883330
vt 0.038469 0.512855
vt 0.050633 0.875410
vt 0.047214 0.508514
vt 0.059582 0.868207
vt 0.056222 0.504062
vt 0.068438 0.861904
vt 0.065229 0.499666
vt 0.077006 0.856570
vt 0.073970 0.495489
vt 0.085116 0.852197
vt 0.082187 0.491690
vt 0.092579 0.848775
vt 0.089660 0.488414
vt 0.099224 0.846252
vt 0.096231 0.485791
vt 0.104939 0.844549
vt 0.101845 0.483924
vt 0.109757 0.843589
vt 0.106610 0.482879
vt 0.113985 0.843300
vt 0.115167 0.483362
vt 0.118212 0.843546
vt 0.120038 0.484878
vt 0.123036 0.844459
vt 0.125813 0.487192
vt 0.128768 0.846107
vt 0.132595 0.490226
vt 0.135441 0.848569
vt 0.140325 0.493864
vt 0.142942 0.851927
vt 0.148839 0.497963
vt 0.151096 0.856233
vt 0.217761 0.448388
vt 0.157906 0.502362
vt 0.159715 0.861507
vt 0.167252 0.506887
vt 0.171386 0.936196
vt 0.142564 0.945047
vt 0.167032 0.923947
vt 0.126309 0.890727
vt 0.130945 0.897686
vt 0.102164 0.891113
vt 0.051958 0.960677
vt 0.090654 0.970054
vt 0.094204 0.980187
vt 0.102765 0.873360
vt 0.106353 0.886223
vt 0.097528 0.876238
vt 0.142767 0.885850
vt 0.136490 0.880348
vt 0.187506 0.990746
vt 0.124657 0.996616
vt 0.182451 0.981282
vt 0.072837 0.902352
vt 0.092709 0.907006
vt 0.088800 0.918579
vt 0.117241 0.871020
vt 0.116571 0.881781
vt 0.115219 0.880971
vt 0.174637 0.948549
vt 0.141001 0.958284
vt 0.054252 0.948893
vt 0.087713 0.958242
vt 0.107265 0.871766
vt 0.109416 0.883313
vt 0.149232 0.893150
vt 0.041984 0.990906
vt 0.104769 0.995917
vt 0.114701 0.999838
vt 0.079154 0.893397
vt 0.097405 0.897909
vt 0.120934 0.871728
vt 0.118698 0.883495
vt 0.177066 0.960375
vt 0.138095 0.970114
vt 0.057363 0.936582
vt 0.086105 0.945175
vt 0.110957 0.871046
vt 0.111632 0.881856
vt 0.161686 0.912429
vt 0.139764 0.918425
vt 0.155639 0.902073
vt 0.135746 0.907136
vt 0.046869 0.981465
vt 0.098443 0.988745
vt 0.085557 0.886110
vt 0.125456 0.873298
vt 0.122024 0.886265
vt 0.179353 0.971286
vt 0.134461 0.980299
vt 0.061594 0.924348
vt 0.086419 0.931696
vt 0.114097 0.870761
vt 0.113094 0.881065
vt 0.142168 0.931305
vt 0.049808 0.971535
vt 0.091791 0.880579
vt 0.130732 0.876098
vt 0.130393 0.989149
vt 0.066868 0.912776
vt 0.114156 0.880760
vt 0.115686 0.405035
vt 0.114388 0.336047
vt 0.118500 0.336199
vt 0.047260 0.430951
vt 0.056390 0.426510
vt 0.110870 0.482690
vt 0.192775 0.439284
vt 0.015655 0.445575
vt 0.022404 0.442706
vt 0.090094 0.410734
vt 0.096676 0.408031
vt 0.148614 0.418710
vt 0.222159 0.448704
vt 0.065505 0.422102
vt 0.120555 0.406401
vt 0.200389 0.442564
vt 0.030033 0.439216
vt 0.102299 0.406049
vt 0.157390 0.422873
vt 0.000508 0.449482
vt 0.004893 0.449027
vt 0.074326 0.417899
vt 0.126256 0.408555
vt 0.207101 0.445243
vt 0.038390 0.435244
vt 0.107080 0.404862
vt 0.175566 0.431442
vt 0.166463 0.427171
vt 0.009846 0.447709
vt 0.082595 0.414062
vt 0.132879 0.411406
vt 0.212856 0.447213
vt 0.111364 0.404516
vt 0.184425 0.435530
vt 0.140378 0.414837
vt 0.165448 0.355421
vt 0.172132 0.297993
vt 0.173989 0.359389
vt 0.015192 0.377348
vt 0.022041 0.374917
vt 0.123011 0.337182
vt 0.029884 0.371791
vt 0.128253 0.338930
vt 0.038559 0.368102
vt 0.134340 0.341351
vt 0.047830 0.364005
vt 0.182366 0.363268
vt 0.141245 0.344334
vt 0.057414 0.359671
vt 0.190337 0.366927
vt 0.148853 0.347760
vt 0.067001 0.355282
vt 0.197687 0.370237
vt 0.156991 0.351500
vt 0.076280 0.351015
vt 0.204246 0.373078
vt 0.084959 0.347038
vt 0.209934 0.375334
vt 0.092795 0.343503
vt 0.214816 0.376893
vt 0.099620 0.340542
vt 0.219173 0.377645
vt 0.105383 0.338261
vt 0.004490 0.379773
vt 0.110196 0.336742
vt 0.009382 0.378988
vt 0.032344 0.309033
vt 0.029684 0.249688
vt 0.037155 0.246917
vt 0.134219 0.281923
vt 0.040876 0.305589
vt 0.050052 0.301766
vt 0.180440 0.301462
vt 0.140632 0.284596
vt 0.059574 0.297739
vt 0.188439 0.304747
vt 0.147801 0.287649
vt 0.069117 0.293695
vt 0.195897 0.307728
vt 0.155577 0.290974
vt 0.078356 0.289810
vt 0.202623 0.310280
vt 0.163763 0.294459
vt 0.086994 0.286246
vt 0.208498 0.312279
vt 0.094789 0.283136
vt 0.213532 0.313605
vt 0.101578 0.280585
vt 0.217936 0.314149
vt 0.107302 0.278670
vt 0.003573 0.316147
vt 0.007812 0.316350
vt 0.112039 0.277445
vt 0.012508 0.315679
vt 0.116058 0.276944
vt 0.018077 0.314186
vt 0.119837 0.277179
vt 0.024695 0.311940
vt 0.123909 0.278128
vt 0.128648 0.279736
vt 0.064059 0.237354
vt 0.057253 0.210787
vt 0.066839 0.208149
vt 0.129764 0.228451
vt 0.045549 0.243819
vt 0.168558 0.243373
vt 0.134531 0.230527
vt 0.054620 0.240571
vt 0.176350 0.245849
vt 0.140102 0.232889
vt 0.183970 0.248120
vt 0.146426 0.235442
vt 0.073523 0.234332
vt 0.191181 0.250106
vt 0.153389 0.238094
vt 0.082667 0.231626
vt 0.197772 0.251721
vt 0.160831 0.240764
vt 0.091181 0.229316
vt 0.203587 0.252866
vt 0.098820 0.227446
vt 0.208579 0.253432
vt 0.105422 0.226041
vt 0.212864 0.253300
vt 0.110924 0.225123
vt 0.009490 0.254823
vt 0.013522 0.254639
vt 0.115389 0.224717
vt 0.017968 0.253661
vt 0.119044 0.224854
vt 0.023285 0.251977
vt 0.122329 0.225536
vt 0.125764 0.226757
vt 0.094103 0.201932
vt 0.090433 0.176173
vt 0.098528 0.175523
vt 0.180784 0.216039
vt 0.144682 0.206611
vt 0.076438 0.205746
vt 0.188073 0.217481
vt 0.151145 0.208606
vt 0.085640 0.203661
vt 0.194838 0.218631
vt 0.158175 0.210604
vt 0.200873 0.219401
vt 0.101578 0.200570
vt 0.206058 0.219694
vt 0.107929 0.199576
vt 0.210452 0.219392
vt 0.113129 0.198952
vt 0.013199 0.222061
vt 0.017130 0.222238
vt 0.117263 0.198695
vt 0.021344 0.221646
vt 0.120550 0.198808
vt 0.026351 0.220368
vt 0.123398 0.199302
vt 0.032463 0.218495
vt 0.126328 0.200173
vt 0.039750 0.216155
vt 0.129766 0.201398
vt 0.048100 0.213519
vt 0.165598 0.212545
vt 0.133939 0.202928
vt 0.173211 0.214374
vt 0.138918 0.204692
vt 0.116634 0.174411
vt 0.113091 0.156070
vt 0.117659 0.155872
vt 0.191814 0.184445
vt 0.105660 0.175017
vt 0.196491 0.184481
vt 0.111710 0.174646
vt 0.200399 0.184158
vt 0.022396 0.184996
vt 0.120479 0.174328
vt 0.026356 0.184778
vt 0.123417 0.174424
vt 0.031270 0.184077
vt 0.125818 0.174704
vt 0.037476 0.183017
vt 0.128186 0.175212
vt 0.044965 0.181738
vt 0.130965 0.175909
vt 0.053503 0.180394
vt 0.160872 0.181566
vt 0.134375 0.176749
vt 0.062725 0.179108
vt 0.167403 0.182389
vt 0.138478 0.177689
vt 0.072216 0.177960
vt 0.173974 0.183107
vt 0.143258 0.178681
vt 0.081570 0.176980
vt 0.180376 0.183706
vt 0.148655 0.179684
vt 0.186391 0.184164
vt 0.154569 0.180656
vt 0.125938 0.155672
vt 0.123713 0.136924
vt 0.125651 0.136786
vt 0.023201 0.155258
vt 0.026758 0.155776
vt 0.121187 0.155720
vt 0.030449 0.156063
vt 0.123848 0.155647
vt 0.035090 0.156261
vt 0.041048 0.156406
vt 0.127985 0.155799
vt 0.048335 0.156513
vt 0.130434 0.155995
vt 0.056702 0.156591
vt 0.158259 0.157150
vt 0.133492 0.156233
vt 0.065764 0.156643
vt 0.164555 0.157179
vt 0.137230 0.156484
vt 0.075080 0.156665
vt 0.170968 0.157155
vt 0.141641 0.156719
vt 0.084225 0.156648
vt 0.177300 0.157086
vt 0.146675 0.156916
vt 0.092834 0.156579
vt 0.183331 0.156979
vt 0.152252 0.157062
vt 0.100624 0.156452
vt 0.188837 0.156833
vt 0.107409 0.156275
vt 0.193629 0.156635
vt 0.197610 0.156356
vt 0.068905 0.131178
vt 0.079995 0.111682
vt 0.077834 0.132604
vt 0.039576 0.125347
vt 0.045238 0.126641
vt 0.127508 0.136547
vt 0.052198 0.128100
vt 0.129713 0.136211
vt 0.060214 0.129645
vt 0.155521 0.131886
vt 0.132480 0.135764
vt 0.161515 0.130863
vt 0.135886 0.135201
vt 0.167667 0.129813
vt 0.139942 0.134523
vt 0.086580 0.133852
vt 0.173787 0.128775
vt 0.144617 0.133736
vt 0.094776 0.134881
vt 0.179663 0.127797
vt 0.149844 0.132852
vt 0.102149 0.135680
vt 0.185078 0.126927
vt 0.108521 0.136260
vt 0.189837 0.126210
vt 0.113814 0.136647
vt 0.193794 0.125664
vt 0.118036 0.136870
vt 0.031684 0.123295
vt 0.121276 0.136956
vt 0.035204 0.124247
vt 0.095169 0.115747
vt 0.102364 0.096191
vt 0.101889 0.117273
vt 0.158588 0.108094
vt 0.164163 0.106257
vt 0.134614 0.116388
vt 0.138525 0.114965
vt 0.087787 0.113876
vt 0.169664 0.104470
vt 0.142964 0.113394
vt 0.174910 0.102807
vt 0.147857 0.111705
vt 0.179718 0.101343
vt 0.107779 0.118461
vt 0.183882 0.100149
vt 0.112752 0.119331
vt 0.187458 0.099256
vt 0.116795 0.119907
vt 0.028205 0.122327
vt 0.039336 0.096233
vt 0.119967 0.120207
vt 0.042523 0.097698
vt 0.122411 0.120235
vt 0.046438 0.099473
vt 0.124368 0.119985
vt 0.051423 0.101608
vt 0.126290 0.119460
vt 0.057501 0.104041
vt 0.128525 0.118668
vt 0.064496 0.106635
vt 0.153105 0.109926
vt 0.131278 0.117634
vt 0.072112 0.109232
vt 0.112192 0.098604
vt 0.113948 0.079826
vt 0.115917 0.099141
vt 0.167147 0.075062
vt 0.171059 0.073451
vt 0.107660 0.097630
vt 0.174573 0.072278
vt 0.177650 0.071629
vt 0.036208 0.094923
vt 0.048805 0.066416
vt 0.118869 0.099269
vt 0.051465 0.068657
vt 0.121175 0.099002
vt 0.054783 0.071412
vt 0.123086 0.098375
vt 0.059006 0.074659
vt 0.124960 0.097403
vt 0.064144 0.078248
vt 0.127114 0.096134
vt 0.070057 0.081960
vt 0.144548 0.086387
vt 0.149065 0.084008
vt 0.129707 0.094599
vt 0.076515 0.085573
vt 0.153707 0.081605
vt 0.132782 0.092825
vt 0.083243 0.088904
vt 0.158353 0.079250
vt 0.136320 0.090840
vt 0.089961 0.091822
vt 0.162875 0.077034
vt 0.140267 0.088681
vt 0.096408 0.094258
vt 0.124855 0.076555
vt 0.120745 0.062193
vt 0.122931 0.060778
vt 0.046278 0.064590
vt 0.059321 0.042320
vt 0.116627 0.080024
vt 0.061541 0.044711
vt 0.118800 0.079769
vt 0.064158 0.047701
vt 0.120711 0.079091
vt 0.067376 0.051267
vt 0.122652 0.078009
vt 0.071263 0.055261
vt 0.075784 0.059456
vt 0.141317 0.065024
vt 0.145339 0.062191
vt 0.127434 0.074761
vt 0.080821 0.063605
vt 0.149400 0.059318
vt 0.130416 0.072667
vt 0.086191 0.067485
vt 0.153406 0.056490
vt 0.133769 0.070314
vt 0.091678 0.070933
vt 0.157262 0.053812
vt 0.137430 0.067751
vt 0.097053 0.073847
vt 0.160883 0.051405
vt 0.102108 0.076183
vt 0.164209 0.049393
vt 0.106676 0.077941
vt 0.167236 0.047887
vt 0.110640 0.079144
vt 0.170063 0.046933
vt 0.147579 0.039670
vt 0.132049 0.020949
vt 0.133616 0.017815
vt 0.082528 0.042080
vt 0.137759 0.048928
vt 0.141100 0.045903
vt 0.125423 0.058986
vt 0.086264 0.046183
vt 0.144397 0.042787
vt 0.128210 0.056863
vt 0.090302 0.050078
vt 0.131241 0.054453
vt 0.094505 0.053607
vt 0.150583 0.036665
vt 0.134449 0.051795
vt 0.098712 0.056660
vt 0.153360 0.033898
vt 0.102756 0.059180
vt 0.155900 0.031491
vt 0.106486 0.061143
vt 0.158254 0.029532
vt 0.109788 0.062556
vt 0.160564 0.028044
vt 0.112605 0.063442
vt 0.057129 0.040417
vt 0.069990 0.025089
vt 0.114957 0.063827
vt 0.071810 0.027532
vt 0.116945 0.063740
vt 0.073869 0.030530
vt 0.118803 0.063190
vt 0.076309 0.034052
vt 0.079194 0.037965
vt 0.137623 0.009266
vt 0.122627 0.006520
vt 0.122502 0.004635
vt 0.123142 0.034382
vt 0.124950 0.032193
vt 0.101673 0.031714
vt 0.135060 0.014750
vt 0.126784 0.029723
vt 0.104034 0.034423
vt 0.136387 0.011869
vt 0.128604 0.026990
vt 0.106377 0.036651
vt 0.108613 0.038397
vt 0.138836 0.006967
vt 0.110665 0.039663
vt 0.140190 0.004810
vt 0.112478 0.040449
vt 0.068155 0.023101
vt 0.090137 0.002694
vt 0.114051 0.040766
vt 0.090786 0.005716
vt 0.115461 0.040634
vt 0.091570 0.009163
vt 0.116806 0.040088
vt 0.092571 0.012973
vt 0.118213 0.039160
vt 0.093841 0.016996
vt 0.119743 0.037880
vt 0.095410 0.021049
vt 0.130370 0.024041
vt 0.121395 0.036281
vt 0.097273 0.024948
vt 0.099387 0.028538
vt 0.108210 0.001974
vt 0.108865 0.000163
vt 0.108212 0.001975
vt 0.111065 0.025495
vt 0.122217 0.002977
vt 0.111930 0.026382
vt 0.121753 0.001279
vt 0.112761 0.026965
vt 0.108863 0.000162
vt 0.113560 0.027277
vt 0.107691 0.003769
vt 0.114338 0.027336
vt 0.107289 0.005823
vt 0.115110 0.027146
vt 0.107033 0.008139
vt 0.115895 0.026708
vt 0.106948 0.010664
vt 0.116707 0.026003
vt 0.107050 0.013303
vt 0.120810 0.018000
vt 0.121429 0.015659
vt 0.117550 0.025005
vt 0.107314 0.015957
vt 0.121960 0.013266
vt 0.118413 0.023696
vt 0.107797 0.018470
vt 0.122351 0.010890
vt 0.119269 0.022076
vt 0.108479 0.020737
vt 0.122576 0.008617
vt 0.120082 0.020162
vt 0.109295 0.022683
vt 0.110175 0.024270
vt 0.122625 0.006520
vt 0.116042 0.009766
vt 0.122500 0.004635
vt 0.112761 0.026964
vt 0.113560 0.027276
vt 0.107693 0.003769
vt 0.114338 0.027335
vt 0.107291 0.005824
vt 0.115110 0.027145
vt 0.107036 0.008139
vt 0.115894 0.026707
vt 0.106951 0.010664
vt 0.116706 0.026002
vt 0.107054 0.013303
vt 0.120807 0.017999
vt 0.121426 0.015659
vt 0.117549 0.025004
vt 0.107317 0.015956
vt 0.121958 0.013265
vt 0.118411 0.023695
vt 0.107800 0.018469
vt 0.122348 0.010889
vt 0.119267 0.022075
vt 0.108481 0.020736
vt 0.122574 0.008617
vt 0.120079 0.020162
vt 0.109297 0.022682
vt 0.110177 0.024269
vt 0.111066 0.025494
vt 0.122215 0.002977
vt 0.111931 0.026381
vt 0.121751 0.001280
vt 0.116634 0.011378
vt 0.116764 0.012379
vt 0.112458 0.011445
vt 0.112843 0.019348
vt 0.115488 0.009246
vt 0.113169 0.019890
vt 0.114676 0.009010
vt 0.113510 0.020273
vt 0.113850 0.009208
vt 0.113860 0.020494
vt 0.113255 0.009748
vt 0.114220 0.020548
vt 0.112806 0.010515
vt 0.114577 0.020434
vt 0.114928 0.020158
vt 0.112201 0.012491
vt 0.115273 0.019728
vt 0.112048 0.013602
vt 0.116635 0.015619
vt 0.116744 0.014545
vt 0.115607 0.019151
vt 0.111966 0.014719
vt 0.116801 0.013452
vt 0.115924 0.018435
vt 0.111982 0.015821
vt 0.116210 0.017594
vt 0.112093 0.016868
vt 0.116453 0.016646
vt 0.112286 0.017821
vt 0.116403 0.010494
vt 0.112543 0.018654
vt 0.267757 0.010402
vt 0.265059 0.049495
vt 0.259069 0.049595
vt 0.232018 0.049125
vt 0.234561 0.079726
vt 0.231933 0.080305
vt 0.328551 0.002275
vt 0.330704 0.046594
vt 0.324110 0.001431
vt 0.262259 0.011107
vt 0.253707 0.049680
vt 0.325509 0.046400
vt 0.320324 0.000732
vt 0.257277 0.011681
vt 0.249046 0.049758
vt 0.321120 0.046251
vt 0.317155 0.000281
vt 0.241254 0.011660
vt 0.238553 0.010699
vt 0.252937 0.012114
vt 0.245106 0.049821
vt 0.317319 0.046244
vt 0.314405 0.000162
vt 0.228768 0.048550
vt 0.235420 0.009326
vt 0.249292 0.012379
vt 0.241853 0.049851
vt 0.311721 0.000449
vt 0.313599 0.046407
vt 0.377537 0.005339
vt 0.386605 0.044213
vt 0.373319 0.005514
vt 0.246288 0.012435
vt 0.239185 0.049824
vt 0.308757 0.001120
vt 0.309393 0.046774
vt 0.381885 0.044573
vt 0.368442 0.005594
vt 0.243721 0.012219
vt 0.236894 0.049717
vt 0.305260 0.002126
vt 0.304407 0.047296
vt 0.376481 0.044975
vt 0.363012 0.005570
vt 0.234631 0.049497
vt 0.301146 0.003369
vt 0.298620 0.047876
vt 0.370468 0.045411
vt 0.357182 0.005419
vt 0.296427 0.004735
vt 0.292187 0.048413
vt 0.363962 0.045851
vt 0.351132 0.005111
vt 0.291172 0.006111
vt 0.285356 0.048845
vt 0.357118 0.046251
vt 0.345057 0.004623
vt 0.285502 0.007406
vt 0.278395 0.049154
vt 0.350131 0.046558
vt 0.339154 0.003957
vt 0.279580 0.008561
vt 0.271558 0.049359
vt 0.343231 0.046723
vt 0.333601 0.003150
vt 0.273597 0.009559
vt 0.336673 0.046727
vt 0.327843 0.094348
vt 0.335154 0.147649
vt 0.330140 0.150642
vt 0.245275 0.080354
vt 0.323270 0.095241
vt 0.319232 0.095644
vt 0.228768 0.081249
vt 0.241981 0.079795
vt 0.315234 0.095582
vt 0.391633 0.075727
vt 0.387819 0.076697
vt 0.239256 0.079496
vt 0.310747 0.095065
vt 0.383311 0.077945
vt 0.236891 0.079467
vt 0.305486 0.094138
vt 0.378134 0.079451
vt 0.299455 0.092878
vt 0.372344 0.081185
vt 0.292826 0.091384
vt 0.366043 0.083107
vt 0.285847 0.089753
vt 0.359372 0.085159
vt 0.278781 0.088075
vt 0.352518 0.087269
vt 0.271873 0.086423
vt 0.345704 0.089350
vt 0.265331 0.084861
vt 0.339173 0.091299
vt 0.259314 0.083440
vt 0.333159 0.093003
vt 0.253932 0.082197
vt 0.249247 0.081161
vt 0.321374 0.153519
vt 0.318585 0.191884
vt 0.317119 0.153304
vt 0.253448 0.118222
vt 0.325601 0.152636
vt 0.238299 0.114972
vt 0.235723 0.116202
vt 0.249467 0.116387
vt 0.232833 0.118155
vt 0.246099 0.115134
vt 0.389052 0.111876
vt 0.385326 0.113699
vt 0.243244 0.114473
vt 0.312473 0.151993
vt 0.381008 0.116106
vt 0.240726 0.114409
vt 0.307243 0.149668
vt 0.376122 0.119072
vt 0.301427 0.146515
vt 0.370728 0.122549
vt 0.295145 0.142787
vt 0.364926 0.126466
vt 0.288576 0.138746
vt 0.358849 0.130720
vt 0.281922 0.134629
vt 0.352660 0.135172
vt 0.275381 0.130625
vt 0.346536 0.139637
vt 0.269133 0.126885
vt 0.340651 0.143886
vt 0.263327 0.123521
vt 0.258075 0.120614
vt 0.309419 0.187711
vt 0.305778 0.229085
vt 0.304249 0.184161
vt 0.384974 0.143441
vt 0.381088 0.145866
vt 0.248841 0.145432
vt 0.314183 0.190336
vt 0.376740 0.149015
vt 0.245919 0.145474
vt 0.371969 0.152832
vt 0.243124 0.146336
vt 0.366846 0.157234
vt 0.298701 0.179893
vt 0.361476 0.162102
vt 0.292867 0.175160
vt 0.355987 0.167272
vt 0.286883 0.170234
vt 0.350519 0.172538
vt 0.280904 0.165364
vt 0.345206 0.177647
vt 0.275086 0.160762
vt 0.340153 0.182330
vt 0.269565 0.156590
vt 0.335420 0.186322
vt 0.264450 0.152970
vt 0.331003 0.189405
vt 0.259814 0.149991
vt 0.326826 0.191417
vt 0.240294 0.148045
vt 0.255689 0.147715
vt 0.322745 0.192260
vt 0.237325 0.150611
vt 0.252055 0.146186
vt 0.295618 0.220852
vt 0.297930 0.271594
vt 0.290601 0.216383
vt 0.368396 0.202407
vt 0.364154 0.206645
vt 0.300697 0.225158
vt 0.359835 0.211229
vt 0.355480 0.215993
vt 0.351117 0.220741
vt 0.285704 0.211958
vt 0.346761 0.225256
vt 0.280977 0.207769
vt 0.342415 0.229312
vt 0.276463 0.203984
vt 0.338075 0.232692
vt 0.272194 0.200738
vt 0.333735 0.235207
vt 0.268187 0.198129
vt 0.329375 0.236724
vt 0.251593 0.196083
vt 0.248601 0.197931
vt 0.264448 0.196223
vt 0.324961 0.237191
vt 0.245593 0.200511
vt 0.260963 0.195054
vt 0.320412 0.236604
vt 0.380216 0.192917
vt 0.376470 0.195461
vt 0.257699 0.194638
vt 0.315688 0.234982
vt 0.372516 0.198646
vt 0.254603 0.194986
vt 0.310796 0.232425
vt 0.290204 0.266909
vt 0.292924 0.343315
vt 0.286477 0.264985
vt 0.352981 0.277677
vt 0.349405 0.280072
vt 0.294017 0.269144
vt 0.345822 0.282152
vt 0.342200 0.283827
vt 0.338516 0.285034
vt 0.282813 0.263447
vt 0.334737 0.285721
vt 0.279195 0.262357
vt 0.330848 0.285865
vt 0.261474 0.264329
vt 0.257974 0.266128
vt 0.275615 0.261748
vt 0.326847 0.285462
vt 0.254515 0.268305
vt 0.272058 0.261649
vt 0.322759 0.284535
vt 0.375329 0.262744
vt 0.371516 0.264793
vt 0.268520 0.262059
vt 0.318606 0.283125
vt 0.367707 0.267137
vt 0.264991 0.262960
vt 0.314415 0.281292
vt 0.363939 0.269696
vt 0.310218 0.279117
vt 0.360230 0.272376
vt 0.306050 0.276700
vt 0.356581 0.275073
vt 0.301945 0.274152
vt 0.328945 0.345587
vt 0.326543 0.395669
vt 0.324982 0.344354
vt 0.340407 0.349550
vt 0.289688 0.344500
vt 0.336694 0.348243
vt 0.286391 0.345871
vt 0.332863 0.346903
vt 0.268748 0.353803
vt 0.265114 0.355259
vt 0.283007 0.347379
vt 0.261517 0.356563
vt 0.279536 0.348977
vt 0.374701 0.352240
vt 0.371054 0.353042
vt 0.275987 0.350614
vt 0.321023 0.343258
vt 0.367495 0.353630
vt 0.272382 0.352240
vt 0.317119 0.342348
vt 0.364036 0.353976
vt 0.313310 0.341665
vt 0.360667 0.354064
vt 0.309630 0.341238
vt 0.357364 0.353887
vt 0.306087 0.341088
vt 0.354090 0.353447
vt 0.302676 0.341225
vt 0.350800 0.352761
vt 0.299372 0.341651
vt 0.347447 0.351857
vt 0.296137 0.342355
vt 0.343992 0.350771
vt 0.316089 0.395312
vt 0.321317 0.448585
vt 0.317967 0.450357
vt 0.374495 0.426268
vt 0.371258 0.425928
vt 0.284116 0.422294
vt 0.280855 0.424804
vt 0.322977 0.394914
vt 0.368049 0.425031
vt 0.277605 0.426885
vt 0.319487 0.394792
vt 0.364850 0.423595
vt 0.274371 0.428487
vt 0.361638 0.421653
vt 0.312780 0.396460
vt 0.358391 0.419261
vt 0.309550 0.398200
vt 0.355086 0.416499
vt 0.306381 0.400474
vt 0.351706 0.413471
vt 0.303246 0.403203
vt 0.348245 0.410301
vt 0.300121 0.406277
vt 0.344707 0.407127
vt 0.296983 0.409570
vt 0.341108 0.404089
vt 0.293814 0.412945
vt 0.337468 0.401320
vt 0.290609 0.416269
vt 0.333811 0.398935
vt 0.271153 0.429575
vt 0.287372 0.419420
vt 0.330162 0.397027
vt 0.267966 0.430124
vt 0.308246 0.461130
vt 0.314567 0.493912
vt 0.311514 0.497738
vt 0.363648 0.487285
vt 0.314675 0.453141
vt 0.360714 0.483439
vt 0.311434 0.456797
vt 0.357586 0.479098
vt 0.354259 0.474390
vt 0.305112 0.465902
vt 0.350743 0.469487
vt 0.302038 0.470863
vt 0.347071 0.464599
vt 0.299030 0.475779
vt 0.343289 0.459961
vt 0.296101 0.480460
vt 0.339459 0.455814
vt 0.293265 0.484760
vt 0.335645 0.452381
vt 0.280620 0.497947
vt 0.278214 0.498666
vt 0.290535 0.488579
vt 0.331900 0.449841
vt 0.275707 0.498684
vt 0.287919 0.491846
vt 0.328262 0.448325
vt 0.371503 0.495084
vt 0.285411 0.494516
vt 0.324739 0.447906
vt 0.369011 0.493153
vt 0.282993 0.496557
vt 0.366404 0.490542
vt 0.297326 0.517818
vt 0.304546 0.530191
vt 0.302458 0.533317
vt 0.352931 0.508096
vt 0.308466 0.501844
vt 0.349650 0.503874
vt 0.305474 0.506042
vt 0.346227 0.499676
vt 0.302592 0.510178
vt 0.342725 0.495679
vt 0.299865 0.514134
vt 0.339218 0.492079
vt 0.335782 0.489083
vt 0.287355 0.529830
vt 0.285514 0.530712
vt 0.294991 0.521151
vt 0.332481 0.486880
vt 0.283431 0.531059
vt 0.292862 0.524065
vt 0.329350 0.485617
vt 0.373932 0.496324
vt 0.368067 0.527354
vt 0.290917 0.526504
vt 0.326372 0.485377
vt 0.366075 0.525295
vt 0.289110 0.528430
vt 0.323465 0.486159
vt 0.363906 0.522690
vt 0.320549 0.487931
vt 0.361517 0.519588
vt 0.317585 0.490574
vt 0.358888 0.516062
vt 0.356020 0.512198
vt 0.363387 0.545364
vt 0.346186 0.560057
vt 0.361909 0.543621
vt 0.334577 0.510972
vt 0.295030 0.544491
vt 0.293715 0.545708
vt 0.300603 0.536228
vt 0.331937 0.509406
vt 0.292120 0.546693
vt 0.298971 0.538845
vt 0.329547 0.508531
vt 0.369954 0.528848
vt 0.297538 0.541107
vt 0.327330 0.508366
vt 0.360317 0.541447
vt 0.296254 0.542984
vt 0.325129 0.508913
vt 0.358548 0.538855
vt 0.322794 0.510157
vt 0.356569 0.535900
vt 0.320268 0.512047
vt 0.354364 0.532664
vt 0.317578 0.514475
vt 0.351935 0.529244
vt 0.314804 0.517305
vt 0.349291 0.525746
vt 0.312040 0.520399
vt 0.346460 0.522277
vt 0.309370 0.523643
vt 0.343488 0.518944
vt 0.306858 0.526937
vt 0.340450 0.515864
vt 0.337444 0.513163
vt 0.344060 0.551851
vt 0.332561 0.551436
vt 0.332604 0.549710
vt 0.311647 0.551655
vt 0.311020 0.553578
vt 0.327672 0.531312
vt 0.345614 0.557524
vt 0.310515 0.555293
vt 0.326328 0.531554
vt 0.344905 0.554773
vt 0.310118 0.556837
vt 0.324860 0.532151
vt 0.323264 0.533113
vt 0.343073 0.548834
vt 0.321601 0.534431
vt 0.341930 0.545810
vt 0.319941 0.536062
vt 0.340617 0.542884
vt 0.318342 0.537981
vt 0.339129 0.540158
vt 0.316856 0.540142
vt 0.337485 0.537724
vt 0.315513 0.542468
vt 0.335729 0.535646
vt 0.314325 0.544868
vt 0.333925 0.533954
vt 0.313292 0.547250
vt 0.332148 0.532692
vt 0.309797 0.558337
vt 0.312402 0.549532
vt 0.330493 0.531847
vt 0.309517 0.560112
vt 0.329014 0.531402
vt 0.331923 0.544426
vt 0.332281 0.546113
vt 0.331921 0.544427
vt 0.326840 0.538966
vt 0.326321 0.539321
vt 0.332512 0.547905
vt 0.325735 0.539853
vt 0.332284 0.546113
vt 0.325104 0.540611
vt 0.324465 0.541612
vt 0.331448 0.542915
vt 0.323856 0.542838
vt 0.330903 0.541613
vt 0.323279 0.544216
vt 0.330308 0.540584
vt 0.322768 0.545709
vt 0.329717 0.539825
vt 0.322344 0.547252
vt 0.329178 0.539286
vt 0.322474 0.554458
vt 0.322022 0.548771
vt 0.328678 0.538940
vt 0.323121 0.555240
vt 0.321819 0.550202
vt 0.328211 0.538752
vt 0.331693 0.555720
vt 0.332089 0.554389
vt 0.321750 0.551498
vt 0.327765 0.538695
vt 0.332385 0.553010
vt 0.321827 0.552639
vt 0.327316 0.538766
vt 0.322065 0.553625
vt 0.332602 0.549710
vt 0.328573 0.547205
vt 0.328755 0.546564
vt 0.325105 0.540612
vt 0.324467 0.541613
vt 0.331447 0.542916
vt 0.323858 0.542839
vt 0.330902 0.541613
vt 0.323280 0.544216
vt 0.330307 0.540585
vt 0.322770 0.545709
vt 0.329716 0.539825
vt 0.322346 0.547252
vt 0.329178 0.539287
vt 0.322066 0.553625
vt 0.322475 0.554457
vt 0.322024 0.548772
vt 0.328678 0.538940
vt 0.323122 0.555239
vt 0.321821 0.550202
vt 0.328211 0.538753
vt 0.331692 0.555719
vt 0.332087 0.554389
vt 0.321751 0.551498
vt 0.327765 0.538696
vt 0.332383 0.553009
vt 0.321828 0.552639
vt 0.327316 0.538766
vt 0.332559 0.551436
vt 0.326841 0.538967
vt 0.326322 0.539321
vt 0.332510 0.547905
vt 0.325736 0.539854
vt 0.328332 0.547774
vt 0.328014 0.548231
vt 0.326239 0.547530
vt 0.327288 0.541795
vt 0.327078 0.542030
vt 0.328881 0.545877
vt 0.326866 0.542355
vt 0.328947 0.545174
vt 0.326660 0.542768
vt 0.328945 0.544484
vt 0.326475 0.543262
vt 0.328875 0.543838
vt 0.326323 0.543824
vt 0.328780 0.543259
vt 0.326189 0.544442
vt 0.328640 0.542754
vt 0.326105 0.545099
vt 0.328469 0.542335
vt 0.326070 0.545763
vt 0.328284 0.542009
vt 0.327101 0.548517
vt 0.326079 0.546404
vt 0.328092 0.541778
vt 0.327589 0.548519
vt 0.326131 0.547000
vt 0.327897 0.541640
vt 0.327697 0.541598
vt 0.326419 0.547975
vt 0.327494 0.541651
vt 0.326696 0.548312
vt 0.465771 0.413558
vt 0.460592 0.360163
vt 0.465667 0.358275
vt 0.553302 0.384410
vt 0.560596 0.337642
vt 0.556698 0.385475
vt 0.498606 0.415953
vt 0.506073 0.363973
vt 0.504783 0.418222
vt 0.551018 0.437301
vt 0.554403 0.438358
vt 0.442201 0.422855
vt 0.434733 0.370507
vt 0.441705 0.367705
vt 0.479922 0.410792
vt 0.484003 0.356321
vt 0.483578 0.411389
vt 0.530936 0.428927
vt 0.539095 0.378414
vt 0.536894 0.431495
vt 0.409431 0.435358
vt 0.403655 0.381984
vt 0.408777 0.380329
vt 0.469991 0.412119
vt 0.469995 0.356835
vt 0.512838 0.366786
vt 0.511295 0.420749
vt 0.559723 0.386025
vt 0.557427 0.438911
vt 0.448883 0.420163
vt 0.448465 0.364975
vt 0.488492 0.357541
vt 0.487901 0.412478
vt 0.544540 0.380828
vt 0.542287 0.433806
vt 0.415228 0.433329
vt 0.414593 0.378275
vt 0.473550 0.411160
vt 0.473656 0.355896
vt 0.519726 0.369759
vt 0.517953 0.423444
vt 0.396322 0.438785
vt 0.392401 0.384060
vt 0.395602 0.383881
vt 0.455140 0.417654
vt 0.454816 0.362427
vt 0.493730 0.359263
vt 0.492933 0.414017
vt 0.549283 0.382848
vt 0.547007 0.435767
vt 0.428344 0.428367
vt 0.420976 0.375894
vt 0.427754 0.373272
vt 0.421591 0.430969
vt 0.476715 0.410712
vt 0.476917 0.355490
vt 0.526528 0.372769
vt 0.524563 0.426206
vt 0.399979 0.438135
vt 0.399282 0.383182
vt 0.460807 0.415426
vt 0.499640 0.361432
vt 0.435285 0.425626
vt 0.480221 0.355633
vt 0.533043 0.375693
vt 0.404328 0.436980
vt 0.426608 0.321571
vt 0.422223 0.273258
vt 0.428809 0.270056
vt 0.483562 0.305331
vt 0.563628 0.337809
vt 0.488610 0.307133
vt 0.391957 0.333994
vt 0.395156 0.333545
vt 0.494476 0.309478
vt 0.420029 0.324360
vt 0.398828 0.332566
vt 0.501040 0.312270
vt 0.433400 0.318659
vt 0.403153 0.331102
vt 0.508108 0.315389
vt 0.440215 0.315725
vt 0.408173 0.329204
vt 0.515450 0.318707
vt 0.446860 0.312877
vt 0.413834 0.326933
vt 0.522828 0.322087
vt 0.453145 0.310222
vt 0.530013 0.325394
vt 0.458902 0.307874
vt 0.536800 0.328503
vt 0.464004 0.305943
vt 0.543013 0.331295
vt 0.468403 0.304533
vt 0.548524 0.333673
vt 0.472194 0.303736
vt 0.553261 0.335557
vt 0.475676 0.303607
vt 0.557238 0.336892
vt 0.479321 0.304142
vt 0.483895 0.251604
vt 0.488435 0.197753
vt 0.488938 0.253759
vt 0.396616 0.283774
vt 0.400480 0.282689
vt 0.501188 0.259888
vt 0.435539 0.266715
vt 0.404996 0.281018
vt 0.508108 0.263596
vt 0.442219 0.263350
vt 0.410178 0.278833
vt 0.515284 0.267515
vt 0.448653 0.260082
vt 0.415960 0.276217
vt 0.522483 0.271474
vt 0.454660 0.257040
vt 0.529477 0.275305
vt 0.460089 0.254355
vt 0.536059 0.278858
vt 0.464849 0.252154
vt 0.542060 0.282004
vt 0.468944 0.250555
vt 0.547360 0.284637
vt 0.472526 0.249657
vt 0.551909 0.286677
vt 0.475935 0.249525
vt 0.555750 0.288061
vt 0.479613 0.250178
vt 0.559056 0.288745
vt 0.562136 0.288705
vt 0.393277 0.284206
vt 0.494738 0.256559
vt 0.500578 0.204115
vt 0.506437 0.178044
vt 0.507316 0.208076
vt 0.397384 0.231542
vt 0.400713 0.231316
vt 0.494222 0.200623
vt 0.425904 0.220848
vt 0.432173 0.217479
vt 0.404597 0.230364
vt 0.438497 0.213916
vt 0.409106 0.228762
vt 0.444691 0.210275
vt 0.414224 0.226585
vt 0.514224 0.212325
vt 0.450577 0.206680
vt 0.419867 0.223917
vt 0.521086 0.216668
vt 0.456000 0.203264
vt 0.527700 0.220915
vt 0.460844 0.200168
vt 0.533887 0.224895
vt 0.465061 0.197541
vt 0.539502 0.228458
vt 0.468710 0.195533
vt 0.544441 0.231481
vt 0.472007 0.194280
vt 0.548666 0.233861
vt 0.475311 0.193867
vt 0.552241 0.235519
vt 0.479005 0.194314
vt 0.555370 0.236392
vt 0.483348 0.195623
vt 0.558365 0.236443
vt 0.519790 0.186960
vt 0.523869 0.157786
vt 0.526094 0.191251
vt 0.441677 0.179383
vt 0.447513 0.175846
vt 0.412353 0.194824
vt 0.417653 0.192404
vt 0.513166 0.182486
vt 0.452937 0.172447
vt 0.423398 0.189545
vt 0.457818 0.169323
vt 0.429436 0.186350
vt 0.462083 0.166613
vt 0.531905 0.195167
vt 0.465738 0.164444
vt 0.537099 0.198548
vt 0.468907 0.162921
vt 0.541618 0.201281
vt 0.471862 0.162127
vt 0.545478 0.203285
vt 0.474964 0.162119
vt 0.548792 0.204500
vt 0.478571 0.162926
vt 0.551788 0.204878
vt 0.482860 0.164551
vt 0.554761 0.204384
vt 0.487883 0.166966
vt 0.399975 0.198503
vt 0.403494 0.197962
vt 0.493587 0.170104
vt 0.435590 0.182925
vt 0.407614 0.196707
vt 0.499836 0.173851
vt 0.534191 0.163768
vt 0.534037 0.137148
vt 0.538271 0.165825
vt 0.458001 0.133931
vt 0.461339 0.131928
vt 0.529374 0.161049
vt 0.464206 0.130434
vt 0.466799 0.129576
vt 0.469416 0.129430
vt 0.541663 0.167134
vt 0.472441 0.130020
vt 0.544552 0.167625
vt 0.476124 0.131326
vt 0.547199 0.167265
vt 0.480587 0.133302
vt 0.549917 0.166068
vt 0.485816 0.135884
vt 0.406976 0.160235
vt 0.410389 0.159190
vt 0.491698 0.138987
vt 0.434381 0.147664
vt 0.439727 0.144746
vt 0.414362 0.157593
vt 0.498056 0.142504
vt 0.444890 0.141824
vt 0.418858 0.155548
vt 0.504678 0.146308
vt 0.449728 0.138985
vt 0.423786 0.153152
vt 0.511334 0.150240
vt 0.454125 0.136320
vt 0.429013 0.150494
vt 0.517799 0.154126
vt 0.542406 0.135620
vt 0.534783 0.103894
vt 0.537520 0.101698
vt 0.468174 0.102925
vt 0.537078 0.137447
vt 0.470977 0.104164
vt 0.539740 0.136942
vt 0.474443 0.106006
vt 0.478665 0.108413
vt 0.545329 0.133537
vt 0.483652 0.111318
vt 0.410821 0.128377
vt 0.414605 0.126708
vt 0.489327 0.114624
vt 0.438980 0.114690
vt 0.443866 0.112164
vt 0.418930 0.124655
vt 0.495529 0.118198
vt 0.448402 0.109762
vt 0.423685 0.122334
vt 0.502031 0.121884
vt 0.452480 0.107555
vt 0.428724 0.119845
vt 0.508570 0.125507
vt 0.456034 0.105625
vt 0.433879 0.117273
vt 0.514882 0.128891
vt 0.459049 0.104058
vt 0.520730 0.131870
vt 0.461576 0.102935
vt 0.525928 0.134302
vt 0.463764 0.102334
vt 0.530365 0.136084
vt 0.465851 0.102313
vt 0.492503 0.092831
vt 0.496141 0.076201
vt 0.498850 0.095770
vt 0.476285 0.084812
vt 0.540634 0.098813
vt 0.481033 0.087241
vt 0.415903 0.095790
vt 0.420086 0.093997
vt 0.486487 0.089946
vt 0.443609 0.084569
vt 0.447713 0.082972
vt 0.424670 0.092070
vt 0.451358 0.081551
vt 0.429490 0.090104
vt 0.454504 0.080343
vt 0.434366 0.088169
vt 0.505245 0.098609
vt 0.457150 0.079387
vt 0.439122 0.086312
vt 0.511392 0.101177
vt 0.459336 0.078719
vt 0.517027 0.103311
vt 0.461157 0.078374
vt 0.521951 0.104875
vt 0.462780 0.078391
vt 0.526066 0.105771
vt 0.464482 0.078829
vt 0.529417 0.105932
vt 0.466512 0.079707
vt 0.532196 0.105316
vt 0.469073 0.081011
vt 0.472304 0.082721
vt 0.507640 0.079303
vt 0.507254 0.057535
vt 0.512736 0.080405
vt 0.453750 0.065120
vt 0.456234 0.064736
vt 0.435017 0.068380
vt 0.439448 0.067554
vt 0.502019 0.077860
vt 0.458283 0.064470
vt 0.443614 0.066820
vt 0.459953 0.064347
vt 0.447420 0.066172
vt 0.461356 0.064394
vt 0.517122 0.081052
vt 0.462685 0.064654
vt 0.520732 0.081158
vt 0.464194 0.065148
vt 0.523664 0.080663
vt 0.466098 0.065881
vt 0.526209 0.079499
vt 0.468539 0.066847
vt 0.528736 0.077621
vt 0.471602 0.068035
vt 0.531537 0.075073
vt 0.475334 0.069425
vt 0.534728 0.071990
vt 0.479738 0.070988
vt 0.421664 0.071317
vt 0.425940 0.070298
vt 0.484768 0.072679
vt 0.450810 0.065603
vt 0.430457 0.069301
vt 0.490302 0.074442
vt 0.517132 0.054673
vt 0.507501 0.037988
vt 0.509496 0.036721
vt 0.461876 0.052414
vt 0.511274 0.056837
vt 0.462905 0.052784
vt 0.514534 0.055901
vt 0.464150 0.053250
vt 0.465775 0.053809
vt 0.519419 0.053040
vt 0.467889 0.054448
vt 0.521781 0.050955
vt 0.470562 0.055148
vt 0.524452 0.048500
vt 0.473827 0.055875
vt 0.527464 0.045789
vt 0.477682 0.056584
vt 0.429922 0.049216
vt 0.433919 0.049175
vt 0.482086 0.057221
vt 0.451628 0.050712
vt 0.454197 0.051049
vt 0.437924 0.049326
vt 0.486951 0.057726
vt 0.456377 0.051347
vt 0.441782 0.049610
vt 0.492130 0.058044
vt 0.458187 0.051615
vt 0.445386 0.049966
vt 0.497419 0.058133
vt 0.459661 0.051865
vt 0.448665 0.050340
vt 0.502555 0.057967
vt 0.460855 0.052118
vt 0.435133 0.031745
vt 0.445140 0.021551
vt 0.438884 0.033325
vt 0.467119 0.045038
vt 0.511427 0.035393
vt 0.469095 0.045276
vt 0.513624 0.033856
vt 0.471539 0.045474
vt 0.516203 0.032077
vt 0.474466 0.045594
vt 0.519153 0.030077
vt 0.477859 0.045587
vt 0.481667 0.045393
vt 0.456677 0.041243
vt 0.442508 0.034903
vt 0.485793 0.044959
vt 0.458552 0.042092
vt 0.445929 0.036419
vt 0.490094 0.044250
vt 0.460114 0.042800
vt 0.449091 0.037831
vt 0.494382 0.043265
vt 0.461392 0.043375
vt 0.451961 0.039115
vt 0.498441 0.042048
vt 0.462442 0.043832
vt 0.454478 0.040250
vt 0.502060 0.040694
vt 0.463374 0.044197
vt 0.505092 0.039313
vt 0.464361 0.044504
vt 0.465568 0.044780
vt 0.460631 0.034587
vt 0.466339 0.023711
vt 0.462054 0.035576
vt 0.478424 0.036480
vt 0.481601 0.035684
vt 0.458973 0.033382
vt 0.447691 0.024003
vt 0.484944 0.034627
vt 0.450231 0.026308
vt 0.488321 0.033311
vt 0.452679 0.028415
vt 0.491583 0.031779
vt 0.463254 0.036353
vt 0.454976 0.030300
vt 0.494577 0.030123
vt 0.464275 0.036927
vt 0.457083 0.031955
vt 0.497184 0.028467
vt 0.465208 0.037319
vt 0.499349 0.026936
vt 0.466185 0.037559
vt 0.501114 0.025608
vt 0.467369 0.037682
vt 0.502646 0.024462
vt 0.468855 0.037701
vt 0.504217 0.023369
vt 0.470700 0.037616
vt 0.506074 0.022168
vt 0.472921 0.037406
vt 0.508338 0.020755
vt 0.475508 0.037041
vt 0.511008 0.019112
vt 0.467861 0.025348
vt 0.471970 0.017490
vt 0.468563 0.025824
vt 0.461580 0.015128
vt 0.483722 0.019525
vt 0.485575 0.017790
vt 0.467132 0.024651
vt 0.462594 0.017395
vt 0.487222 0.015994
vt 0.463593 0.019375
vt 0.488615 0.014240
vt 0.489744 0.012627
vt 0.469318 0.026098
vt 0.490646 0.011216
vt 0.470206 0.026178
vt 0.491403 0.009992
vt 0.471296 0.026066
vt 0.492166 0.008824
vt 0.472611 0.025761
vt 0.493102 0.007499
vt 0.474142 0.025262
vt 0.494314 0.005816
vt 0.475861 0.024560
vt 0.495801 0.003877
vt 0.477736 0.023641
vt 0.442679 0.019041
vt 0.458655 0.006836
vt 0.479718 0.022492
vt 0.464560 0.021080
vt 0.459593 0.009791
vt 0.481740 0.021112
vt 0.465479 0.022522
vt 0.460573 0.012581
vt 0.473648 0.017467
vt 0.473021 0.017623
vt 0.473647 0.017466
vt 0.482185 0.008751
vt 0.482644 0.007959
vt 0.472468 0.017631
vt 0.482968 0.007253
vt 0.473021 0.017623
vt 0.483190 0.006592
vt 0.483323 0.005898
vt 0.474366 0.017149
vt 0.483351 0.005061
vt 0.475182 0.016653
vt 0.483239 0.003992
vt 0.476087 0.015969
vt 0.482925 0.002440
vt 0.477058 0.015099
vt 0.457762 0.003844
vt 0.471204 0.002470
vt 0.478054 0.014068
vt 0.470107 0.014031
vt 0.470671 0.004695
vt 0.479033 0.012929
vt 0.470388 0.015157
vt 0.470192 0.006959
vt 0.479964 0.011759
vt 0.470724 0.016042
vt 0.469907 0.009084
vt 0.480829 0.010657
vt 0.471102 0.016710
vt 0.469824 0.010992
vt 0.481579 0.009649
vt 0.471517 0.017187
vt 0.469906 0.012645
vt 0.471518 0.017186
vt 0.473955 0.013035
vt 0.471971 0.017489
vt 0.483190 0.006591
vt 0.483322 0.005898
vt 0.474365 0.017148
vt 0.483349 0.005061
vt 0.475181 0.016652
vt 0.483238 0.003992
vt 0.476087 0.015968
vt 0.482923 0.002440
vt 0.477056 0.015098
vt 0.471840 0.000163
vt 0.471207 0.002471
vt 0.478052 0.014067
vt 0.469908 0.012645
vt 0.470108 0.014031
vt 0.470673 0.004696
vt 0.479032 0.012928
vt 0.470389 0.015156
vt 0.470195 0.006959
vt 0.479962 0.011758
vt 0.470725 0.016041
vt 0.469910 0.009085
vt 0.480828 0.010656
vt 0.471103 0.016710
vt 0.469826 0.010992
vt 0.481578 0.009648
vt 0.482184 0.008750
vt 0.482643 0.007959
vt 0.472468 0.017630
vt 0.482967 0.007253
vt 0.473522 0.012148
vt 0.473480 0.011636
vt 0.475118 0.012726
vt 0.478834 0.007694
vt 0.474191 0.013112
vt 0.478981 0.007311
vt 0.474464 0.013083
vt 0.479002 0.006952
vt 0.474774 0.012952
vt 0.478855 0.006600
vt 0.478485 0.006244
vt 0.475493 0.012409
vt 0.477797 0.005861
vt 0.475892 0.012010
vt 0.476717 0.005560
vt 0.476307 0.011536
vt 0.475855 0.006234
vt 0.476730 0.010998
vt 0.473504 0.011020
vt 0.475145 0.007030
vt 0.477148 0.010413
vt 0.474577 0.007856
vt 0.477549 0.009810
vt 0.474132 0.008701
vt 0.477934 0.009208
vt 0.473618 0.012552
vt 0.473812 0.009531
vt 0.478285 0.008634
vt 0.473763 0.012848
vt 0.473608 0.010313
vt 0.478592 0.008129
vt 0.620362 0.518832
vt 0.579652 0.579097
vt 0.618018 0.519249
vt 0.614354 0.520774
vt 0.609246 0.523523
vt 0.602730 0.527480
vt 0.594889 0.532562
vt 0.585831 0.538639
vt 0.575662 0.545533
vt 0.564509 0.553054
vt 0.599794 0.307824
vt 0.619148 0.302977
vt 0.605767 0.313573
vt 0.609526 0.317727
vt 0.611972 0.320893
vt 0.613680 0.323267
vt 0.614853 0.324878
vt 0.615762 0.325863
vt 0.616452 0.326257
vt 0.617073 0.326310
vt 0.617969 0.326003
vt 0.619256 0.325200
vt 0.621011 0.323895
vt 0.623356 0.322128
vt 0.626494 0.319988
vt 0.630702 0.317620
vt 0.636246 0.315059
vt 0.643203 0.312039
vt 0.651382 0.308349
vt 0.619572 0.556146
vt 0.621394 0.545809
vt 0.622634 0.537028
vt 0.623257 0.529915
vt 0.623277 0.524609
vt 0.622756 0.521160
vt 0.609134 0.339282
vt 0.604087 0.339829
vt 0.621799 0.519387
vt 0.620650 0.340027
vt 0.669911 0.514725
vt 0.602444 0.478416
vt 0.616606 0.478135
vt 0.624059 0.340607
vt 0.663736 0.501274
vt 0.584650 0.479924
vt 0.644083 0.477627
vt 0.645940 0.477534
vt 0.612502 0.339167
vt 0.628956 0.341650
vt 0.657359 0.491944
vt 0.563953 0.484039
vt 0.614615 0.339201
vt 0.635872 0.343428
vt 0.640699 0.477949
vt 0.652651 0.485623
vt 0.583906 0.344383
vt 0.563953 0.350644
vt 0.615908 0.339306
vt 0.645517 0.346190
vt 0.635250 0.478208
vt 0.649737 0.481434
vt 0.596278 0.341245
vt 0.616897 0.339461
vt 0.658695 0.350058
vt 0.627371 0.478223
vt 0.648089 0.478991
vt 0.618357 0.339688
vt 0.676029 0.354958
vt 0.647037 0.477881
vt 0.652566 0.467864
vt 0.651774 0.468261
vt 0.650866 0.467754
vt 0.650533 0.468831
vt 0.651003 0.468697
vt 0.650882 0.468960
vt 0.649714 0.468400
vt 0.650743 0.468444
vt 0.647983 0.467076
vt 0.650183 0.467760
vt 0.644731 0.463976
vt 0.648958 0.466091
vt 0.641725 0.456479
vt 0.646503 0.462622
vt 0.638930 0.458496
vt 0.632935 0.447656
vt 0.628711 0.450539
vt 0.618287 0.436502
vt 0.612022 0.440533
vt 0.596210 0.422367
vt 0.587327 0.406580
vt 0.600522 0.387574
vt 0.596420 0.414608
vt 0.595363 0.380494
vt 0.604998 0.371006
vt 0.602260 0.365243
vt 0.608801 0.361114
vt 0.607435 0.356558
vt 0.611714 0.355363
vt 0.611107 0.351774
vt 0.613791 0.352160
vt 0.613590 0.349312
vt 0.615216 0.350547
vt 0.615187 0.348197
vt 0.616264 0.349951
vt 0.617021 0.348001
vt 0.616196 0.347853
vt 0.618129 0.348651
vt 0.617205 0.350109
vt 0.619893 0.350149
vt 0.618333 0.351038
vt 0.622609 0.353011
vt 0.619947 0.353039
vt 0.626743 0.357845
vt 0.622457 0.356564
vt 0.633011 0.365313
vt 0.626322 0.362192
vt 0.642378 0.376037
vt 0.632224 0.370604
vt 0.655818 0.390222
vt 0.641083 0.382337
vt 0.673749 0.408161
vt 0.653709 0.397412
vt 0.695363 0.431774
vt 0.670077 0.416055
vt 0.667085 0.466115
vt 0.685557 0.448766
vt 0.691540 0.458520
vt 0.657787 0.468707
vt 0.664954 0.462150
vt 0.653592 0.468135
vt 0.657051 0.466541
vt 0.653662 0.469341
vt 0.652073 0.468641
vt 0.651958 0.469269
vt 0.651458 0.468778
vt 0.651319 0.469108
vt 0.651192 0.468784
vt 0.651065 0.469015
vt 0.651146 0.468217
vt 0.651387 0.468360
vt 0.650338 0.466709
vt 0.649235 0.464565
vt 0.647014 0.460592
vt 0.642659 0.454053
vt 0.621721 0.433973
vt 0.634704 0.445127
vt 0.602609 0.419903
vt 0.586787 0.428441
vt 0.604304 0.393525
vt 0.606999 0.376649
vt 0.609727 0.366055
vt 0.612035 0.359558
vt 0.613858 0.355723
vt 0.615257 0.353633
vt 0.616361 0.352776
vt 0.617416 0.352953
vt 0.618661 0.354147
vt 0.620411 0.356541
vt 0.622966 0.360521
vt 0.626779 0.366612
vt 0.632480 0.375358
vt 0.640841 0.387121
vt 0.652400 0.401722
vt 0.683563 0.442115
vt 0.666829 0.419318
vt 0.697712 0.360718
vt 0.665259 0.458503
vt 0.657768 0.464400
vt 0.654248 0.466841
vt 0.628877 0.232962
vt 0.621378 0.302652
vt 0.627590 0.233383
vt 0.625652 0.235087
vt 0.622870 0.238446
vt 0.619209 0.243575
vt 0.614673 0.250462
vt 0.609242 0.259080
vt 0.602849 0.269454
vt 0.595431 0.281710
vt 0.618252 0.002664
vt 0.645664 0.000162
vt 0.626240 0.011655
vt 0.631568 0.018091
vt 0.635104 0.023032
vt 0.637447 0.026694
vt 0.639165 0.029388
vt 0.640472 0.031180
vt 0.641455 0.032095
vt 0.642166 0.032321
vt 0.642958 0.032115
vt 0.644171 0.031222
vt 0.645868 0.029514
vt 0.648151 0.027000
vt 0.651265 0.023663
vt 0.655860 0.019322
vt 0.662603 0.013904
vt 0.672443 0.006537
vt 0.648681 0.286307
vt 0.644649 0.273052
vt 0.641125 0.261742
vt 0.638059 0.252285
vt 0.635409 0.244699
vt 0.633172 0.239052
vt 0.631364 0.235380
vt 0.623089 0.046188
vt 0.629982 0.233515
vt 0.646832 0.047204
vt 0.643702 0.047013
vt 0.673346 0.219158
vt 0.602934 0.205593
vt 0.614632 0.203794
vt 0.630442 0.046116
vt 0.651758 0.047808
vt 0.658133 0.212021
vt 0.586032 0.209064
vt 0.631696 0.199678
vt 0.632500 0.199545
vt 0.635028 0.046349
vt 0.659498 0.049195
vt 0.647622 0.207655
vt 0.563952 0.217048
vt 0.637887 0.046653
vt 0.630165 0.200259
vt 0.640832 0.204579
vt 0.593771 0.049786
vt 0.563952 0.054728
vt 0.639623 0.046879
vt 0.670937 0.052175
vt 0.627279 0.201252
vt 0.636696 0.202275
vt 0.611894 0.047248
vt 0.641778 0.046986
vt 0.640674 0.046971
vt 0.688927 0.057581
vt 0.622374 0.202458
vt 0.634384 0.200679
vt 0.692153 0.232017
vt 0.633195 0.199820
vt 0.634600 0.192438
vt 0.633834 0.193140
vt 0.632663 0.192800
vt 0.632988 0.194021
vt 0.633165 0.193857
vt 0.633143 0.194054
vt 0.632627 0.193909
vt 0.633009 0.193773
vt 0.631769 0.193448
vt 0.632722 0.193497
vt 0.629994 0.192059
vt 0.632057 0.192762
vt 0.626609 0.188822
vt 0.630679 0.191017
vt 0.620235 0.182220
vt 0.628022 0.187339
vt 0.613079 0.167058
vt 0.623001 0.180232
vt 0.607859 0.170146
vt 0.593336 0.144288
vt 0.586107 0.128061
vt 0.609442 0.104948
vt 0.594083 0.137394
vt 0.604888 0.096676
vt 0.620567 0.083899
vt 0.618284 0.077381
vt 0.627963 0.071116
vt 0.626940 0.066175
vt 0.632740 0.063645
vt 0.632414 0.059931
vt 0.635796 0.059467
vt 0.635843 0.056646
vt 0.637685 0.057266
vt 0.637930 0.055098
vt 0.638871 0.056276
vt 0.639129 0.054493
vt 0.639718 0.056061
vt 0.640651 0.054644
vt 0.639863 0.054380
vt 0.641881 0.055569
vt 0.640550 0.056523
vt 0.643911 0.057702
vt 0.641656 0.057887
vt 0.647154 0.061915
vt 0.643392 0.060696
vt 0.652232 0.069472
vt 0.646153 0.065771
vt 0.660129 0.082381
vt 0.650399 0.074463
vt 0.672080 0.103470
vt 0.656906 0.088764
vt 0.688144 0.135405
vt 0.666602 0.111218
vt 0.660627 0.177344
vt 0.680061 0.151006
vt 0.690646 0.158514
vt 0.646824 0.186722
vt 0.655997 0.173359
vt 0.638876 0.189667
vt 0.644629 0.184301
vt 0.639822 0.191324
vt 0.635849 0.192227
vt 0.636198 0.193302
vt 0.634328 0.193319
vt 0.634398 0.193969
vt 0.633626 0.193718
vt 0.633598 0.194087
vt 0.633324 0.193845
vt 0.633284 0.194071
vt 0.633219 0.193463
vt 0.633445 0.193422
vt 0.633014 0.193286
vt 0.631998 0.191735
vt 0.630714 0.189559
vt 0.628334 0.185414
vt 0.623977 0.177878
vt 0.599063 0.142459
vt 0.615614 0.164580
vt 0.582877 0.149143
vt 0.611993 0.111298
vt 0.621454 0.090015
vt 0.627986 0.076411
vt 0.632363 0.068028
vt 0.635261 0.063055
vt 0.637198 0.060270
vt 0.638504 0.058909
vt 0.639491 0.058606
vt 0.640424 0.059295
vt 0.641626 0.061118
vt 0.643348 0.064528
vt 0.645859 0.070348
vt 0.649597 0.079836
vt 0.655156 0.094729
vt 0.679619 0.143517
vt 0.663235 0.117021
vt 0.717360 0.066741
vt 0.674126 0.147549
vt 0.644130 0.181779
vt 0.653846 0.170235
vt 0.638965 0.187786
vt 0.636118 0.190898
vt 0.405173 0.560100
vt 0.496470 0.548366
vt 0.000162 0.379671
vt 0.018708 0.184613
vt 0.089481 0.000285
vt 0.390595 0.043890
vt 0.346654 0.562169
vt 0.393123 0.438911
vt 0.471837 0.000162
vt 0.689266 0.440380
s 1
usemtl corn
f 1/1/1 33/2/33 2/3/2
f 2/3/2 33/2/33 3/4/3
f 3/4/3 33/2/33 4/5/4
f 4/5/4 33/2/33 5/6/5
f 5/6/5 33/2/33 6/7/6
f 6/7/6 33/2/33 7/8/7
f 7/8/7 33/2/33 8/9/8
f 8/9/8 33/2/33 9/10/9
f 9/10/9 33/2/33 10/11/10
f 10/12/10 33/13/33 11/14/11
f 11/14/11 33/13/33 12/15/12
f 12/15/12 33/13/33 13/16/13
f 13/16/13 33/13/33 14/17/14
f 14/17/14 33/13/33 15/18/15
f 15/18/15 33/13/33 16/19/16
f 16/19/16 33/13/33 17/20/17
f 17/20/17 33/13/33 18/21/18
f 18/21/18 33/13/33 19/22/19
f 19/22/19 33/13/33 20/23/20
f 20/23/20 33/13/33 21/24/21
f 21/24/21 33/13/33 22/25/22
f 22/25/22 33/13/33 23/26/23
f 23/26/23 33/13/33 24/27/24
f 24/27/24 33/13/33 25/28/25
f 25/29/25 33/2/33 26/30/26
f 26/30/26 33/2/33 27/31/27
f 27/31/27 33/2/33 28/32/28
f 28/32/28 33/2/33 29/33/29
f 29/33/29 33/2/33 30/34/30
f 30/34/30 33/2/33 31/35/31
f 13/16/13 45/36/45 12/15/12
f 31/35/31 33/2/33 32/37/32
f 32/37/32 33/2/33 1/1/1
f 19/22/19 53/38/53 52/39/52
f 27/31/27 59/40/59 26/30/26
f 7/8/7 39/41/39 6/7/6
f 13/16/13 47/42/47 46/43/46
f 20/23/20 54/44/54 53/38/53
f 28/32/28 60/45/60 27/31/27
f 8/9/8 40/46/40 7/8/7
f 1/1/1 35/47/35 34/48/34
f 14/17/14 48/49/48 47/42/47
f 22/25/22 54/44/54 21/24/21
f 29/33/29 61/50/61 28/32/28
f 9/10/9 41/51/41 8/9/8
f 15/18/15 49/52/49 48/49/48
f 23/26/23 55/53/55 22/25/22
f 2/3/2 36/54/36 35/47/35
f 29/33/29 63/55/63 62/56/62
f 10/11/10 42/57/42 9/10/9
f 16/19/16 50/58/50 49/52/49
f 24/27/24 56/59/56 23/26/23
f 3/4/3 37/60/37 36/54/36
f 30/34/30 64/61/64 63/55/63
f 11/14/11 43/62/43 10/12/10
f 17/20/17 51/63/51 50/58/50
f 25/28/25 57/64/57 24/27/24
f 4/5/4 38/65/38 37/60/37
f 31/35/31 65/66/65 64/61/64
f 12/15/12 44/67/44 11/14/11
f 18/21/18 52/39/52 51/63/51
f 26/30/26 58/68/58 25/29/25
f 6/7/6 38/65/38 5/6/5
f 32/37/32 34/48/34 65/66/65
f 95/69/95 96/70/96 92/71/92
f 100/72/100 98/73/98 99/74/99
f 102/75/102 101/76/101 100/72/100
f 104/77/104 103/78/103 102/75/102
f 106/79/106 105/80/105 104/77/104
f 106/79/106 109/81/109 107/82/107
f 108/83/108 111/84/111 109/81/109
f 110/85/110 113/86/113 111/84/111
f 112/87/112 115/88/115 113/86/113
f 114/89/114 117/90/117 115/88/115
f 116/91/116 119/92/119 117/93/117
f 118/94/118 121/95/121 119/92/119
f 120/96/120 123/97/123 121/95/121
f 124/98/124 123/97/123 122/99/122
f 126/100/126 125/101/125 124/98/124
f 128/102/128 127/103/127 126/100/126
f 130/104/130 129/105/129 128/102/128
f 132/106/132 131/107/131 130/104/130
f 134/108/134 133/109/133 132/106/132
f 136/110/136 135/111/135 134/108/134
f 138/112/138 137/113/137 136/110/136
f 138/112/138 141/114/141 139/115/139
f 140/116/140 143/117/143 141/114/141
f 142/118/142 145/119/145 143/117/143
f 144/120/144 147/121/147 145/119/145
f 146/122/146 149/123/149 147/124/147
f 148/125/148 151/126/151 149/123/149
f 150/127/150 153/128/153 151/126/151
f 152/129/152 155/130/155 153/128/153
f 156/131/156 155/130/155 154/132/154
f 158/133/158 157/134/157 156/131/156
f 160/135/160 159/136/159 158/133/158
f 99/74/99 161/137/161 160/135/160
f 101/76/101 66/138/66 98/73/98
f 65/66/65 99/74/99 160/135/160
f 34/48/34 100/72/100 99/74/99
f 98/73/98 97/139/97 161/137/161
f 103/78/103 67/140/67 101/76/101
f 35/47/35 102/75/102 100/72/100
f 105/80/105 68/141/68 103/78/103
f 36/54/36 104/77/104 102/75/102
f 107/82/107 69/142/69 105/80/105
f 37/60/37 106/79/106 104/77/104
f 107/82/107 71/143/71 70/144/70
f 39/41/39 106/79/106 38/65/38
f 109/81/109 72/145/72 71/143/71
f 40/46/40 108/83/108 39/41/39
f 111/84/111 73/146/73 72/145/72
f 41/51/41 110/85/110 40/46/40
f 113/86/113 74/147/74 73/146/73
f 42/57/42 112/87/112 41/51/41
f 115/88/115 75/148/75 74/147/74
f 43/149/43 114/89/114 42/57/42
f 117/93/117 76/150/76 75/148/75
f 44/67/44 116/91/116 43/62/43
f 119/92/119 77/151/77 76/150/76
f 45/36/45 118/94/118 44/67/44
f 121/95/121 78/152/78 77/151/77
f 46/43/46 120/96/120 45/36/45
f 125/101/125 78/152/78 123/97/123
f 46/43/46 124/98/124 122/99/122
f 127/103/127 79/153/79 125/101/125
f 47/42/47 126/100/126 124/98/124
f 129/105/129 80/154/80 127/103/127
f 48/49/48 128/102/128 126/100/126
f 131/107/131 81/155/81 129/105/129
f 49/52/49 130/104/130 128/102/128
f 133/109/133 82/156/82 131/107/131
f 50/58/50 132/106/132 130/104/130
f 135/111/135 83/157/83 133/109/133
f 51/63/51 134/108/134 132/106/132
f 137/113/137 84/158/84 135/111/135
f 52/39/52 136/110/136 134/108/134
f 139/115/139 85/159/85 137/113/137
f 53/38/53 138/112/138 136/110/136
f 139/115/139 87/160/87 86/161/86
f 55/53/55 138/112/138 54/44/54
f 141/114/141 88/162/88 87/160/87
f 56/59/56 140/116/140 55/53/55
f 143/117/143 89/163/89 88/162/88
f 57/64/57 142/118/142 56/59/56
f 145/119/145 90/164/90 89/163/89
f 58/165/58 144/120/144 57/64/57
f 147/124/147 91/166/91 90/164/90
f 59/40/59 146/122/146 58/68/58
f 149/123/149 92/71/92 91/166/91
f 60/45/60 148/125/148 59/40/59
f 151/126/151 93/167/93 92/71/92
f 61/50/61 150/127/150 60/45/60
f 153/128/153 94/168/94 93/167/93
f 62/56/62 152/129/152 61/50/61
f 157/134/157 94/168/94 155/130/155
f 62/56/62 156/131/156 154/132/154
f 159/136/159 95/69/95 157/134/157
f 63/55/63 158/133/158 156/131/156
f 161/137/161 96/70/96 159/136/159
f 64/61/64 160/135/160 158/133/158
f 162/169/162 165/170/165 164/171/164
f 164/171/164 167/172/167 166/173/166
f 166/173/166 169/174/169 168/175/168
f 168/175/168 171/176/171 170/177/170
f 170/177/170 173/178/173 172/179/172
f 172/179/172 175/180/175 174/181/174
f 174/181/174 177/182/177 176/183/176
f 176/183/176 179/184/179 178/185/178
f 179/186/179 180/187/180 178/188/178
f 181/189/181 182/190/182 180/187/180
f 183/191/183 184/192/184 182/190/182
f 185/193/185 186/194/186 184/192/184
f 187/195/187 188/196/188 186/194/186
f 189/197/189 190/198/190 188/196/188
f 191/199/191 192/200/192 190/198/190
f 193/201/193 194/202/194 192/200/192
f 195/203/195 196/204/196 194/202/194
f 197/205/197 198/206/198 196/204/196
f 199/207/199 200/208/200 198/206/198
f 201/209/201 202/210/202 200/208/200
f 203/211/203 204/212/204 202/210/202
f 205/213/205 206/214/206 204/212/204
f 207/215/207 208/216/208 206/214/206
f 209/217/209 210/218/210 208/216/208
f 210/218/210 213/219/213 212/220/212
f 212/220/212 215/221/215 214/222/214
f 214/222/214 217/223/217 216/224/216
f 216/224/216 219/225/219 218/226/218
f 218/226/218 221/227/221 220/228/220
f 220/228/220 223/229/223 222/230/222
f 175/180/175 297/231/297 177/182/177
f 222/230/222 225/232/225 224/233/224
f 224/233/224 163/234/163 162/169/162
f 258/235/258 228/236/228 259/237/259
f 255/238/255 256/239/256 245/240/245
f 261/241/261 238/242/238 237/243/237
f 262/244/262 246/245/246 263/246/263
f 264/247/264 255/238/255 265/248/265
f 266/249/266 233/250/233 267/251/267
f 269/252/269 243/253/243 242/254/242
f 271/255/271 252/256/252 251/257/251
f 272/258/272 229/259/229 258/235/258
f 260/260/260 239/261/239 238/242/238
f 274/262/274 247/263/247 262/244/262
f 275/264/275 256/239/256 264/247/264
f 266/265/266 235/266/235 234/267/234
f 268/268/268 244/269/244 243/253/243
f 270/270/270 253/271/253 252/256/252
f 279/272/279 230/273/230 272/258/272
f 273/274/273 240/275/240 239/261/239
f 281/276/281 248/277/248 274/262/274
f 282/278/282 226/279/226 283/280/283
f 283/280/283 257/281/257 275/264/275
f 276/282/276 236/283/236 235/266/235
f 277/284/277 245/240/245 244/269/244
f 278/285/278 254/286/254 253/271/253
f 287/287/287 231/288/231 279/272/279
f 280/289/280 241/290/241 240/275/240
f 289/291/289 249/292/249 281/276/281
f 259/237/259 227/293/227 282/278/282
f 284/294/284 237/243/237 236/283/236
f 263/246/263 245/240/245 285/295/285
f 286/296/286 255/238/255 254/286/254
f 267/251/267 232/297/232 287/287/287
f 288/298/288 242/254/242 241/290/241
f 289/291/289 251/257/251 250/299/250
f 212/220/212 289/291/289 210/218/210
f 192/200/192 269/252/269 288/298/288
f 176/183/176 287/287/287 174/181/174
f 220/228/220 286/296/286 218/226/218
f 200/208/200 263/246/263 285/295/285
f 182/190/182 261/241/261 284/294/284
f 166/173/166 282/278/282 164/171/164
f 208/216/208 289/291/289 281/276/281
f 190/198/190 288/298/288 280/289/280
f 174/181/174 279/272/279 172/179/172
f 218/226/218 278/285/278 216/224/216
f 198/206/198 285/295/285 277/284/277
f 180/187/180 284/294/284 276/282/276
f 162/169/162 275/264/275 224/233/224
f 164/171/164 283/280/283 162/169/162
f 206/214/206 281/276/281 274/262/274
f 188/196/188 280/289/280 273/274/273
f 172/179/172 272/258/272 170/177/170
f 216/224/216 270/270/270 214/222/214
f 196/204/196 277/284/277 268/268/268
f 178/188/178 276/282/276 266/265/266
f 224/233/224 264/247/264 222/230/222
f 204/212/204 274/262/274 262/244/262
f 186/194/186 273/274/273 260/260/260
f 170/177/170 258/235/258 168/175/168
f 214/222/214 271/255/271 212/220/212
f 194/202/194 268/268/268 269/252/269
f 178/185/178 267/251/267 176/183/176
f 222/230/222 265/248/265 220/228/220
f 202/210/202 262/244/262 263/246/263
f 184/192/184 260/260/260 261/241/261
f 168/175/168 259/237/259 166/173/166
f 315/300/315 346/301/346 347/302/347
f 195/203/195 305/303/305 306/304/306
f 211/305/211 315/300/315 213/219/213
f 167/172/167 293/306/293 169/174/169
f 187/195/187 301/307/301 302/308/302
f 205/213/205 310/309/310 311/310/311
f 221/227/221 320/311/320 223/229/223
f 177/182/177 298/312/298 179/184/179
f 197/205/197 306/304/306 307/313/307
f 213/219/213 316/314/316 215/221/215
f 169/174/169 294/315/294 171/176/171
f 189/197/189 302/308/302 303/316/303
f 207/215/207 311/310/311 312/317/312
f 223/229/223 321/318/321 225/232/225
f 181/189/181 298/319/298 299/320/299
f 199/207/199 307/313/307 308/321/308
f 215/221/215 317/322/317 217/223/217
f 171/176/171 295/323/295 173/178/173
f 191/199/191 303/316/303 304/324/304
f 209/217/209 312/317/312 313/325/313
f 163/234/163 291/326/291 165/170/165
f 225/232/225 290/327/290 163/234/163
f 183/191/183 299/320/299 300/328/300
f 201/209/201 308/321/308 309/329/309
f 217/223/217 318/330/318 219/225/219
f 173/178/173 296/331/296 175/180/175
f 193/201/193 304/324/304 305/303/305
f 211/305/211 313/325/313 314/332/314
f 165/170/165 292/333/292 167/172/167
f 185/193/185 300/328/300 301/307/301
f 203/211/203 309/329/309 310/309/310
f 219/225/219 319/334/319 221/227/221
f 322/335/322 355/336/355 323/337/323
f 302/308/302 333/338/333 334/339/334
f 315/300/315 348/340/348 316/314/316
f 303/316/303 334/339/334 335/341/335
f 316/314/316 349/342/349 317/322/317
f 304/324/304 335/341/335 336/343/336
f 290/327/290 323/337/323 291/326/291
f 317/322/317 350/344/350 318/330/318
f 305/303/305 336/343/336 337/345/337
f 291/326/291 324/346/324 292/333/292
f 318/330/318 351/347/351 319/334/319
f 306/304/306 337/345/337 338/348/338
f 292/333/292 325/349/325 293/306/293
f 319/334/319 352/350/352 320/311/320
f 307/313/307 338/348/338 339/351/339
f 293/306/293 326/352/326 294/315/294
f 320/311/320 353/353/353 321/318/321
f 308/321/308 339/351/339 340/354/340
f 294/315/294 327/355/327 295/323/295
f 321/318/321 322/335/322 290/327/290
f 309/329/309 340/354/340 341/356/341
f 295/323/295 328/357/328 296/331/296
f 310/309/310 341/356/341 342/358/342
f 296/331/296 329/359/329 297/231/297
f 311/310/311 342/358/342 343/360/343
f 297/231/297 330/361/330 298/312/298
f 312/317/312 343/360/343 344/362/344
f 298/319/298 331/363/331 299/320/299
f 313/325/313 344/362/344 345/364/345
f 300/328/300 331/363/331 332/365/332
f 314/332/314 345/364/345 346/301/346
f 301/307/301 332/365/332 333/338/333
f 367/366/367 398/367/398 399/368/399
f 349/342/349 382/369/382 350/344/350
f 337/345/337 368/370/368 369/371/369
f 323/337/323 356/372/356 324/346/324
f 350/344/350 383/373/383 351/347/351
f 338/348/338 369/371/369 370/374/370
f 324/346/324 357/375/357 325/349/325
f 351/347/351 384/376/384 352/350/352
f 339/351/339 370/374/370 371/377/371
f 325/349/325 358/378/358 326/352/326
f 352/350/352 385/379/385 353/353/353
f 340/354/340 371/377/371 372/380/372
f 326/352/326 359/381/359 327/355/327
f 353/353/353 354/382/354 322/335/322
f 341/356/341 372/380/372 373/383/373
f 327/355/327 360/384/360 328/357/328
f 342/358/342 373/383/373 374/385/374
f 328/357/328 361/386/361 329/359/329
f 343/360/343 374/385/374 375/387/375
f 329/359/329 362/388/362 330/361/330
f 344/362/344 375/387/375 376/389/376
f 331/363/331 362/390/362 363/391/363
f 345/364/345 376/389/376 377/392/377
f 332/365/332 363/391/363 364/393/364
f 346/301/346 377/392/377 378/394/378
f 333/338/333 364/393/364 365/395/365
f 346/301/346 379/396/379 347/302/347
f 334/339/334 365/395/365 366/397/366
f 347/302/347 380/398/380 348/340/348
f 335/341/335 366/397/366 367/366/367
f 348/340/348 381/399/381 349/342/349
f 336/343/336 367/366/367 368/370/368
f 402/400/402 433/401/433 434/402/434
f 380/398/380 413/403/413 381/399/381
f 368/370/368 399/368/399 400/404/400
f 354/382/354 387/405/387 355/336/355
f 381/399/381 414/406/414 382/369/382
f 369/371/369 400/404/400 401/407/401
f 355/336/355 388/408/388 356/372/356
f 382/369/382 415/409/415 383/373/383
f 370/374/370 401/407/401 402/400/402
f 356/372/356 389/410/389 357/375/357
f 383/373/383 416/411/416 384/376/384
f 371/377/371 402/400/402 403/412/403
f 357/375/357 390/413/390 358/378/358
f 384/376/384 417/414/417 385/379/385
f 372/380/372 403/412/403 404/415/404
f 358/378/358 391/416/391 359/381/359
f 385/379/385 386/417/386 354/382/354
f 373/383/373 404/415/404 405/418/405
f 359/381/359 392/419/392 360/384/360
f 374/385/374 405/418/405 406/420/406
f 360/384/360 393/421/393 361/386/361
f 375/387/375 406/420/406 407/422/407
f 361/386/361 394/423/394 362/388/362
f 376/389/376 407/422/407 408/424/408
f 363/391/363 394/425/394 395/426/395
f 377/392/377 408/424/408 409/427/409
f 364/393/364 395/426/395 396/428/396
f 378/394/378 409/427/409 410/429/410
f 365/395/365 396/428/396 397/430/397
f 378/394/378 411/431/411 379/396/379
f 366/397/366 397/430/397 398/367/398
f 379/396/379 412/432/412 380/398/380
f 437/433/437 468/434/468 469/435/469
f 388/408/388 421/436/421 389/410/389
f 415/409/415 448/437/448 416/411/416
f 403/412/403 434/402/434 435/438/435
f 389/410/389 422/439/422 390/413/390
f 416/411/416 449/440/449 417/414/417
f 404/415/404 435/438/435 436/441/436
f 390/413/390 423/442/423 391/416/391
f 417/414/417 418/443/418 386/417/386
f 405/418/405 436/441/436 437/433/437
f 391/416/391 424/444/424 392/419/392
f 406/420/406 437/433/437 438/445/438
f 392/419/392 425/446/425 393/421/393
f 407/422/407 438/445/438 439/447/439
f 393/421/393 426/448/426 394/423/394
f 408/424/408 439/447/439 440/449/440
f 395/426/395 426/450/426 427/451/427
f 409/427/409 440/449/440 441/452/441
f 396/428/396 427/451/427 428/453/428
f 410/429/410 441/452/441 442/454/442
f 397/430/397 428/453/428 429/455/429
f 410/429/410 443/456/443 411/431/411
f 398/367/398 429/455/429 430/457/430
f 411/431/411 444/458/444 412/432/412
f 399/368/399 430/457/430 431/459/431
f 412/432/412 445/460/445 413/403/413
f 400/404/400 431/459/431 432/461/432
f 386/417/386 419/462/419 387/405/387
f 413/403/413 446/463/446 414/406/414
f 401/407/401 432/461/432 433/401/433
f 387/405/387 420/464/420 388/408/388
f 414/406/414 447/465/447 415/409/415
f 472/466/472 503/467/503 504/468/504
f 423/442/423 456/469/456 424/444/424
f 438/445/438 469/435/469 470/470/470
f 424/444/424 457/471/457 425/446/425
f 439/447/439 470/470/470 471/472/471
f 425/446/425 458/473/458 426/448/426
f 440/449/440 471/472/471 472/466/472
f 426/450/426 459/474/459 427/451/427
f 441/452/441 472/466/472 473/475/473
f 428/453/428 459/474/459 460/476/460
f 442/454/442 473/475/473 474/477/474
f 429/455/429 460/476/460 461/478/461
f 442/454/442 475/479/475 443/456/443
f 430/457/430 461/478/461 462/480/462
f 443/456/443 476/481/476 444/458/444
f 431/459/431 462/480/462 463/482/463
f 444/458/444 477/483/477 445/460/445
f 432/461/432 463/482/463 464/484/464
f 418/443/418 451/485/451 419/462/419
f 445/460/445 478/486/478 446/463/446
f 433/401/433 464/484/464 465/487/465
f 419/462/419 452/488/452 420/464/420
f 446/463/446 479/489/479 447/465/447
f 434/402/434 465/487/465 466/490/466
f 420/464/420 453/491/453 421/436/421
f 447/465/447 480/492/480 448/437/448
f 435/438/435 466/490/466 467/493/467
f 421/436/421 454/494/454 422/439/422
f 448/437/448 481/495/481 449/440/449
f 436/441/436 467/493/467 468/434/468
f 422/439/422 455/496/455 423/442/423
f 449/440/449 450/497/450 418/443/418
f 507/498/507 538/499/538 539/500/539
f 459/474/459 490/501/490 491/502/491
f 473/475/473 504/468/504 505/503/505
f 460/476/460 491/502/491 492/504/492
f 474/477/474 505/503/505 506/505/506
f 461/478/461 492/504/492 493/506/493
f 474/477/474 507/498/507 475/479/475
f 462/480/462 493/506/493 494/507/494
f 475/479/475 508/508/508 476/481/476
f 463/482/463 494/507/494 495/509/495
f 476/481/476 509/510/509 477/483/477
f 464/484/464 495/509/495 496/511/496
f 450/497/450 483/512/483 451/485/451
f 477/483/477 510/513/510 478/486/478
f 465/487/465 496/511/496 497/514/497
f 451/485/451 484/515/484 452/488/452
f 478/486/478 511/516/511 479/489/479
f 466/490/466 497/514/497 498/517/498
f 452/488/452 485/518/485 453/491/453
f 479/489/479 512/519/512 480/492/480
f 467/493/467 498/517/498 499/520/499
f 453/491/453 486/521/486 454/494/454
f 480/492/480 513/522/513 481/495/481
f 468/434/468 499/520/499 500/523/500
f 454/494/454 487/524/487 455/496/455
f 481/495/481 482/525/482 450/497/450
f 469/435/469 500/523/500 501/526/501
f 455/496/455 488/527/488 456/469/456
f 470/470/470 501/526/501 502/528/502
f 456/469/456 489/529/489 457/471/457
f 471/472/471 502/528/502 503/467/503
f 457/471/457 490/530/490 458/473/458
f 529/531/529 562/532/562 530/533/530
f 494/507/494 525/534/525 526/535/526
f 508/508/508 539/500/539 540/536/540
f 495/509/495 526/535/526 527/537/527
f 508/508/508 541/538/541 509/510/509
f 496/511/496 527/537/527 528/539/528
f 482/525/482 515/540/515 483/512/483
f 509/510/509 542/541/542 510/513/510
f 497/514/497 528/539/528 529/531/529
f 483/512/483 516/542/516 484/515/484
f 510/513/510 543/543/543 511/516/511
f 498/517/498 529/531/529 530/533/530
f 484/515/484 517/544/517 485/518/485
f 511/516/511 544/545/544 512/519/512
f 499/520/499 530/533/530 531/546/531
f 485/518/485 518/547/518 486/521/486
f 512/519/512 545/548/545 513/522/513
f 500/523/500 531/546/531 532/549/532
f 486/521/486 519/550/519 487/524/487
f 513/522/513 514/551/514 482/525/482
f 501/526/501 532/549/532 533/552/533
f 487/524/487 520/553/520 488/527/488
f 502/528/502 533/552/533 534/554/534
f 488/527/488 521/555/521 489/529/489
f 503/467/503 534/554/534 535/556/535
f 489/529/489 522/557/522 490/530/490
f 504/468/504 535/556/535 536/558/536
f 490/501/490 523/559/523 491/502/491
f 505/503/505 536/558/536 537/560/537
f 491/502/491 524/561/524 492/504/492
f 506/505/506 537/560/537 538/499/538
f 493/506/493 524/561/524 525/534/525
f 564/562/564 597/563/597 565/564/565
f 517/544/517 548/565/548 549/566/549
f 544/545/544 575/567/575 576/568/576
f 530/533/530 563/569/563 531/546/531
f 518/547/518 549/566/549 550/570/550
f 545/548/545 576/568/576 577/571/577
f 531/546/531 564/562/564 532/549/532
f 519/550/519 550/570/550 551/572/551
f 514/551/514 577/571/577 546/573/546
f 532/549/532 565/564/565 533/552/533
f 520/553/520 551/572/551 552/574/552
f 533/552/533 566/575/566 534/554/534
f 521/555/521 552/574/552 553/576/553
f 534/554/534 567/577/567 535/556/535
f 521/555/521 554/578/554 522/557/522
f 535/556/535 568/579/568 536/558/536
f 522/580/522 555/581/555 523/559/523
f 536/558/536 569/582/569 537/560/537
f 523/559/523 556/583/556 524/561/524
f 537/560/537 570/584/570 538/499/538
f 524/561/524 557/585/557 525/534/525
f 538/499/538 571/586/571 539/500/539
f 525/534/525 558/587/558 526/535/526
f 540/536/540 571/586/571 572/588/572
f 526/535/526 559/589/559 527/537/527
f 541/538/541 572/588/572 573/590/573
f 527/537/527 560/591/560 528/539/528
f 515/540/515 546/573/546 547/592/547
f 542/541/542 573/590/573 574/593/574
f 528/539/528 561/594/561 529/531/529
f 516/542/516 547/592/547 548/565/548
f 543/543/543 574/593/574 575/567/575
f 599/595/599 632/596/632 600/597/600
f 552/574/552 583/598/583 584/599/584
f 565/564/565 598/600/598 566/575/566
f 552/574/552 585/601/585 553/576/553
f 566/575/566 599/595/599 567/577/567
f 553/576/553 586/602/586 554/578/554
f 567/577/567 600/597/600 568/579/568
f 554/603/554 587/604/587 555/581/555
f 568/579/568 601/605/601 569/582/569
f 555/581/555 588/606/588 556/583/556
f 569/582/569 602/607/602 570/584/570
f 556/583/556 589/608/589 557/585/557
f 571/586/571 602/607/602 603/609/603
f 557/585/557 590/610/590 558/587/558
f 572/588/572 603/609/603 604/611/604
f 558/587/558 591/612/591 559/589/559
f 573/590/573 604/611/604 605/613/605
f 559/589/559 592/614/592 560/591/560
f 547/592/547 578/615/578 579/616/579
f 574/593/574 605/613/605 606/617/606
f 560/591/560 593/618/593 561/594/561
f 548/565/548 579/616/579 580/619/580
f 575/567/575 606/617/606 607/620/607
f 561/594/561 594/621/594 562/532/562
f 549/566/549 580/619/580 581/622/581
f 576/568/576 607/620/607 608/623/608
f 562/532/562 595/624/595 563/569/563
f 550/570/550 581/622/581 582/625/582
f 577/571/577 608/623/608 609/626/609
f 563/569/563 596/627/596 564/562/564
f 551/572/551 582/625/582 583/598/583
f 546/573/546 609/626/609 578/615/578
f 637/628/637 668/629/668 669/630/669
f 586/631/586 619/632/619 587/604/587
f 600/597/600 633/633/633 601/605/601
f 587/604/587 620/634/620 588/606/588
f 601/605/601 634/635/634 602/607/602
f 588/606/588 621/636/621 589/608/589
f 603/609/603 634/635/634 635/637/635
f 589/608/589 622/638/622 590/610/590
f 604/611/604 635/637/635 636/639/636
f 590/610/590 623/640/623 591/612/591
f 605/613/605 636/639/636 637/628/637
f 591/612/591 624/641/624 592/614/592
f 579/616/579 610/642/610 611/643/611
f 606/617/606 637/628/637 638/644/638
f 592/614/592 625/645/625 593/618/593
f 580/619/580 611/643/611 612/646/612
f 607/620/607 638/644/638 639/647/639
f 593/618/593 626/648/626 594/621/594
f 581/622/581 612/646/612 613/649/613
f 608/623/608 639/647/639 640/650/640
f 594/621/594 627/651/627 595/624/595
f 582/625/582 613/649/613 614/652/614
f 609/626/609 640/650/640 641/653/641
f 595/624/595 628/654/628 596/627/596
f 583/598/583 614/652/614 615/655/615
f 578/615/578 641/653/641 610/642/610
f 596/627/596 629/656/629 597/563/597
f 584/599/584 615/655/615 616/657/616
f 597/563/597 630/658/630 598/600/598
f 585/601/585 616/657/616 617/659/617
f 598/600/598 631/660/631 599/595/599
f 585/601/585 618/661/618 586/602/586
f 645/662/645 676/663/676 677/664/677
f 623/640/623 656/665/656 624/641/624
f 611/643/611 642/666/642 643/667/643
f 638/644/638 669/630/669 670/668/670
f 624/641/624 657/669/657 625/645/625
f 612/646/612 643/667/643 644/670/644
f 639/647/639 670/668/670 671/671/671
f 625/645/625 658/672/658 626/648/626
f 613/649/613 644/670/644 645/662/645
f 640/650/640 671/671/671 672/673/672
f 626/648/626 659/674/659 627/651/627
f 614/652/614 645/662/645 646/675/646
f 641/653/641 672/673/672 673/676/673
f 627/651/627 660/677/660 628/654/628
f 615/655/615 646/675/646 647/678/647
f 610/642/610 673/676/673 642/666/642
f 628/654/628 661/679/661 629/656/629
f 616/657/616 647/678/647 648/680/648
f 629/656/629 662/681/662 630/658/630
f 617/659/617 648/680/648 649/682/649
f 630/658/630 663/683/663 631/660/631
f 617/659/617 650/684/650 618/661/618
f 631/660/631 664/685/664 632/596/632
f 618/686/618 651/687/651 619/632/619
f 632/596/632 665/688/665 633/633/633
f 619/632/619 652/689/652 620/634/620
f 633/633/633 666/690/666 634/635/634
f 620/634/620 653/691/653 621/636/621
f 635/637/635 666/690/666 667/692/667
f 621/636/621 654/693/654 622/638/622
f 636/639/636 667/692/667 668/629/668
f 622/638/622 655/694/655 623/640/623
f 680/695/680 711/696/711 712/697/712
f 672/673/672 703/698/703 704/699/704
f 658/672/658 691/700/691 659/674/659
f 646/675/646 677/664/677 678/701/678
f 673/676/673 704/699/704 705/702/705
f 659/674/659 692/703/692 660/677/660
f 647/678/647 678/701/678 679/704/679
f 642/666/642 705/702/705 674/705/674
f 660/677/660 693/706/693 661/679/661
f 648/680/648 679/704/679 680/695/680
f 661/679/661 694/707/694 662/681/662
f 649/682/649 680/695/680 681/708/681
f 662/681/662 695/709/695 663/683/663
f 649/682/649 682/710/682 650/684/650
f 663/683/663 696/711/696 664/685/664
f 650/712/650 683/713/683 651/687/651
f 664/685/664 697/714/697 665/688/665
f 651/687/651 684/715/684 652/689/652
f 666/690/666 697/714/697 698/716/698
f 652/689/652 685/717/685 653/691/653
f 667/692/667 698/716/698 699/718/699
f 653/691/653 686/719/686 654/693/654
f 668/629/668 699/718/699 700/720/700
f 654/693/654 687/721/687 655/694/655
f 669/630/669 700/720/700 701/722/701
f 655/694/655 688/723/688 656/665/656
f 643/667/643 674/705/674 675/724/675
f 670/668/670 701/722/701 702/725/702
f 656/665/656 689/726/689 657/669/657
f 644/670/644 675/724/675 676/663/676
f 671/671/671 702/725/702 703/698/703
f 657/669/657 690/727/690 658/672/658
f 715/728/715 746/729/746 747/730/747
f 693/706/693 726/731/726 694/707/694
f 681/708/681 712/697/712 713/732/713
f 694/707/694 727/733/727 695/709/695
f 682/710/682 713/732/713 714/734/714
f 695/709/695 728/735/728 696/711/696
f 683/713/683 714/736/714 715/728/715
f 696/711/696 729/737/729 697/714/697
f 683/713/683 716/738/716 684/715/684
f 697/714/697 730/739/730 698/716/698
f 684/715/684 717/740/717 685/717/685
f 699/718/699 730/739/730 731/741/731
f 685/717/685 718/742/718 686/719/686
f 700/720/700 731/741/731 732/743/732
f 686/719/686 719/744/719 687/721/687
f 701/722/701 732/743/732 733/745/733
f 687/721/687 720/746/720 688/723/688
f 675/724/675 706/747/706 707/748/707
f 702/725/702 733/745/733 734/749/734
f 688/723/688 721/750/721 689/726/689
f 676/663/676 707/748/707 708/751/708
f 703/698/703 734/749/734 735/752/735
f 689/726/689 722/753/722 690/727/690
f 677/664/677 708/751/708 709/754/709
f 704/699/704 735/752/735 736/755/736
f 690/727/690 723/756/723 691/700/691
f 678/701/678 709/754/709 710/757/710
f 705/702/705 736/755/736 737/758/737
f 691/700/691 724/759/724 692/703/692
f 679/704/679 710/757/710 711/696/711
f 674/705/674 737/758/737 706/747/706
f 692/703/692 725/760/725 693/706/693
f 743/761/743 776/762/776 744/763/744
f 729/737/729 760/764/760 761/765/761
f 716/738/716 747/730/747 748/766/748
f 730/739/730 761/765/761 762/767/762
f 717/740/717 748/766/748 749/768/749
f 731/741/731 762/767/762 763/769/763
f 718/742/718 749/768/749 750/770/750
f 732/743/732 763/769/763 764/771/764
f 719/744/719 750/770/750 751/772/751
f 733/745/733 764/771/764 765/773/765
f 720/746/720 751/772/751 752/774/752
f 707/748/707 738/775/738 739/776/739
f 734/749/734 765/773/765 766/777/766
f 721/750/721 752/774/752 753/778/753
f 708/751/708 739/776/739 740/779/740
f 735/752/735 766/777/766 767/780/767
f 722/753/722 753/778/753 754/781/754
f 709/754/709 740/779/740 741/782/741
f 736/755/736 767/780/767 768/783/768
f 723/756/723 754/781/754 755/784/755
f 710/757/710 741/782/741 742/785/742
f 737/758/737 768/783/768 769/786/769
f 724/759/724 755/784/755 756/787/756
f 711/696/711 742/785/742 743/761/743
f 706/747/706 769/786/769 738/775/738
f 725/760/725 756/787/756 757/788/757
f 712/697/712 743/761/743 744/763/744
f 726/731/726 757/788/757 758/789/758
f 713/732/713 744/763/744 745/790/745
f 727/733/727 758/789/758 759/791/759
f 714/734/714 745/790/745 746/792/746
f 728/735/728 759/791/759 760/764/760
f 774/793/774 773/794/773 782/795/782
f 757/788/757 790/796/790 758/789/758
f 744/763/744 777/797/777 745/790/745
f 758/789/758 791/798/791 759/791/759
f 745/790/745 778/799/778 746/792/746
f 759/791/759 792/800/792 760/764/760
f 747/730/747 778/799/778 779/801/779
f 760/764/760 793/802/793 761/765/761
f 748/766/748 779/801/779 780/803/780
f 761/765/761 794/804/794 762/767/762
f 749/768/749 780/803/780 781/805/781
f 763/769/763 794/804/794 795/806/795
f 750/770/750 781/805/781 782/795/782
f 764/771/764 795/806/795 796/807/796
f 751/772/751 782/795/782 783/808/783
f 765/773/765 796/807/796 797/809/797
f 752/774/752 783/808/783 784/810/784
f 739/776/739 770/811/770 771/812/771
f 766/777/766 797/809/797 798/813/798
f 752/774/752 785/814/785 753/778/753
f 739/776/739 772/815/772 740/779/740
f 767/780/767 798/813/798 799/816/799
f 753/778/753 786/817/786 754/781/754
f 740/779/740 773/794/773 741/782/741
f 768/783/768 799/816/799 800/818/800
f 754/781/754 787/819/787 755/784/755
f 741/782/741 774/793/774 742/785/742
f 769/786/769 800/818/800 801/820/801
f 755/784/755 788/821/788 756/787/756
f 742/785/742 775/822/775 743/761/743
f 738/775/738 801/820/801 770/811/770
f 756/787/756 789/823/789 757/788/757
f 827/824/827 858/825/858 859/826/859
f 835/827/835 866/828/866 867/829/867
f 813/830/813 846/831/846 814/832/814
f 828/833/828 859/826/859 860/834/860
f 814/832/814 847/835/847 815/836/815
f 829/837/829 860/834/860 861/838/861
f 815/836/815 848/839/848 816/840/816
f 802/841/802 835/827/835 803/842/803
f 830/843/830 861/838/861 862/844/862
f 816/840/816 849/845/849 817/846/817
f 803/842/803 836/847/836 804/848/804
f 831/849/831 862/844/862 863/850/863
f 818/851/818 849/845/849 850/852/850
f 804/853/804 837/854/837 805/855/805
f 832/856/832 863/850/863 864/857/864
f 819/858/819 850/852/850 851/859/851
f 805/855/805 838/860/838 806/861/806
f 833/862/833 864/857/864 865/863/865
f 820/864/820 851/859/851 852/865/852
f 806/861/806 839/866/839 807/867/807
f 833/862/833 834/868/834 802/841/802
f 821/869/821 852/865/852 853/870/853
f 807/867/807 840/871/840 808/872/808
f 822/873/822 853/870/853 854/874/854
f 808/872/808 841/875/841 809/876/809
f 823/877/823 854/874/854 855/878/855
f 809/876/809 842/879/842 810/880/810
f 824/881/824 855/878/855 856/882/856
f 810/880/810 843/883/843 811/884/811
f 825/885/825 856/882/856 857/886/857
f 811/884/811 844/887/844 812/888/812
f 826/889/826 857/886/857 858/825/858
f 812/888/812 845/890/845 813/830/813
f 879/891/879 910/892/910 911/893/911
f 861/838/861 894/894/894 862/844/862
f 849/845/849 880/895/880 881/896/881
f 836/847/836 867/829/867 868/897/868
f 862/844/862 895/898/895 863/850/863
f 849/845/849 882/899/882 850/852/850
f 837/854/837 868/900/868 869/901/869
f 863/850/863 896/902/896 864/857/864
f 850/852/850 883/903/883 851/859/851
f 838/860/838 869/901/869 870/904/870
f 864/857/864 897/905/897 865/863/865
f 851/859/851 884/906/884 852/865/852
f 839/866/839 870/904/870 871/907/871
f 834/868/834 897/905/897 866/828/866
f 852/865/852 885/908/885 853/870/853
f 840/871/840 871/907/871 872/909/872
f 853/870/853 886/910/886 854/874/854
f 841/875/841 872/909/872 873/911/873
f 854/874/854 887/912/887 855/878/855
f 842/879/842 873/911/873 874/913/874
f 855/878/855 888/914/888 856/882/856
f 843/883/843 874/913/874 875/915/875
f 856/882/856 889/916/889 857/886/857
f 844/887/844 875/915/875 876/917/876
f 857/886/857 890/918/890 858/825/858
f 845/890/845 876/917/876 877/919/877
f 858/825/858 891/920/891 859/826/859
f 846/831/846 877/919/877 878/921/878
f 859/826/859 892/922/892 860/834/860
f 847/835/847 878/921/878 879/891/879
f 860/834/860 893/923/893 861/838/861
f 848/839/848 879/891/879 880/895/880
f 913/924/913 946/925/946 914/926/914
f 892/922/892 925/927/925 893/923/893
f 880/895/880 911/893/911 912/928/912
f 867/829/867 898/929/898 899/930/899
f 893/923/893 926/931/926 894/894/894
f 881/896/881 912/928/912 913/924/913
f 868/897/868 899/930/899 900/932/900
f 894/894/894 927/933/927 895/898/895
f 881/896/881 914/926/914 882/899/882
f 869/901/869 900/934/900 901/935/901
f 895/898/895 928/936/928 896/902/896
f 882/899/882 915/937/915 883/903/883
f 870/904/870 901/935/901 902/938/902
f 896/902/896 929/939/929 897/905/897
f 883/903/883 916/940/916 884/906/884
f 871/907/871 902/938/902 903/941/903
f 866/828/866 929/939/929 898/929/898
f 884/906/884 917/942/917 885/908/885
f 872/909/872 903/941/903 904/943/904
f 885/908/885 918/944/918 886/910/886
f 873/911/873 904/943/904 905/945/905
f 886/910/886 919/946/919 887/912/887
f 874/913/874 905/945/905 906/947/906
f 887/912/887 920/948/920 888/914/888
f 875/915/875 906/947/906 907/949/907
f 888/914/888 921/950/921 889/916/889
f 876/917/876 907/949/907 908/951/908
f 889/916/889 922/952/922 890/918/890
f 877/919/877 908/951/908 909/953/909
f 890/918/890 923/954/923 891/920/891
f 878/921/878 909/953/909 910/892/910
f 891/920/891 924/955/924 892/922/892
f 948/956/948 981/957/981 949/958/949
f 901/935/901 932/959/932 933/960/933
f 927/933/927 960/961/960 928/936/928
f 914/926/914 947/962/947 915/937/915
f 902/938/902 933/960/933 934/963/934
f 928/936/928 961/964/961 929/939/929
f 915/937/915 948/956/948 916/940/916
f 903/941/903 934/963/934 935/965/935
f 898/929/898 961/964/961 930/966/930
f 916/940/916 949/958/949 917/942/917
f 904/943/904 935/965/935 936/967/936
f 917/942/917 950/968/950 918/944/918
f 905/945/905 936/967/936 937/969/937
f 918/944/918 951/970/951 919/946/919
f 906/947/906 937/969/937 938/971/938
f 919/946/919 952/972/952 920/948/920
f 907/949/907 938/971/938 939/973/939
f 920/948/920 953/974/953 921/950/921
f 908/951/908 939/973/939 940/975/940
f 921/950/921 954/976/954 922/952/922
f 909/953/909 940/975/940 941/977/941
f 922/952/922 955/978/955 923/954/923
f 910/892/910 941/977/941 942/979/942
f 923/954/923 956/980/956 924/955/924
f 911/893/911 942/979/942 943/981/943
f 924/955/924 957/982/957 925/927/925
f 912/928/912 943/981/943 944/983/944
f 899/930/899 930/966/930 931/984/931
f 925/927/925 958/985/958 926/931/926
f 913/924/913 944/983/944 945/986/945
f 900/932/900 931/984/931 932/987/932
f 926/931/926 959/988/959 927/933/927
f 983/989/983 1016/990/1016 984/991/984
f 936/967/936 967/992/967 968/993/968
f 949/958/949 982/994/982 950/968/950
f 937/969/937 968/993/968 969/995/969
f 950/968/950 983/989/983 951/970/951
f 938/971/938 969/995/969 970/996/970
f 951/970/951 984/991/984 952/972/952
f 939/973/939 970/996/970 971/997/971
f 952/972/952 985/998/985 953/974/953
f 940/975/940 971/997/971 972/999/972
f 953/974/953 986/1000/986 954/976/954
f 941/977/941 972/999/972 973/1001/973
f 954/976/954 987/1002/987 955/978/955
f 942/979/942 973/1001/973 974/1003/974
f 955/978/955 988/1004/988 956/980/956
f 943/981/943 974/1003/974 975/1005/975
f 956/980/956 989/1006/989 957/982/957
f 944/983/944 975/1005/975 976/1007/976
f 931/984/931 962/1008/962 963/1009/963
f 957/982/957 990/1010/990 958/985/958
f 945/986/945 976/1007/976 977/1011/977
f 932/987/932 963/1009/963 964/1012/964
f 958/985/958 991/1013/991 959/988/959
f 945/986/945 978/1014/978 946/925/946
f 933/960/933 964/1015/964 965/1016/965
f 959/988/959 992/1017/992 960/961/960
f 946/925/946 979/1018/979 947/962/947
f 934/963/934 965/1016/965 966/1019/966
f 960/961/960 993/1020/993 961/964/961
f 947/962/947 980/1021/980 948/956/948
f 935/965/935 966/1019/966 967/992/967
f 930/966/930 993/1020/993 962/1008/962
f 1018/1022/1018 1051/1023/1051 1019/1024/1019
f 971/997/971 1002/1025/1002 1003/1026/1003
f 984/991/984 1017/1027/1017 985/998/985
f 972/999/972 1003/1026/1003 1004/1028/1004
f 985/998/985 1018/1022/1018 986/1000/986
f 973/1001/973 1004/1028/1004 1005/1029/1005
f 986/1000/986 1019/1024/1019 987/1002/987
f 974/1003/974 1005/1029/1005 1006/1030/1006
f 987/1002/987 1020/1031/1020 988/1004/988
f 975/1005/975 1006/1030/1006 1007/1032/1007
f 988/1004/988 1021/1033/1021 989/1006/989
f 976/1007/976 1007/1032/1007 1008/1034/1008
f 963/1009/963 994/1035/994 995/1036/995
f 989/1006/989 1022/1037/1022 990/1010/990
f 976/1007/976 1009/1038/1009 977/1011/977
f 964/1012/964 995/1036/995 996/1039/996
f 990/1010/990 1023/1040/1023 991/1013/991
f 977/1011/977 1010/1041/1010 978/1014/978
f 965/1016/965 996/1042/996 997/1043/997
f 991/1013/991 1024/1044/1024 992/1017/992
f 978/1014/978 1011/1045/1011 979/1018/979
f 966/1019/966 997/1043/997 998/1046/998
f 993/1020/993 1024/1044/1024 1025/1047/1025
f 979/1018/979 1012/1048/1012 980/1021/980
f 967/992/967 998/1046/998 999/1049/999
f 962/1008/962 1025/1047/1025 994/1035/994
f 980/1021/980 1013/1050/1013 981/957/981
f 968/993/968 999/1049/999 1000/1051/1000
f 981/957/981 1014/1052/1014 982/994/982
f 969/995/969 1000/1051/1000 1001/1053/1001
f 982/994/982 1015/1054/1015 983/989/983
f 970/996/970 1001/1053/1001 1002/1025/1002
f 1041/1055/1041 1074/1056/1074 1042/1057/1042
f 1005/1029/1005 1038/1058/1038 1006/1030/1006
f 1019/1024/1019 1052/1059/1052 1020/1031/1020
f 1006/1030/1006 1039/1060/1039 1007/1032/1007
f 1020/1031/1020 1053/1061/1053 1021/1033/1021
f 1007/1032/1007 1040/1062/1040 1008/1034/1008
f 995/1036/995 1026/1063/1026 1027/1064/1027
f 1022/1037/1022 1053/1061/1053 1054/1065/1054
f 1008/1034/1008 1041/1055/1041 1009/1038/1009
f 996/1039/996 1027/1064/1027 1028/1066/1028
f 1023/1040/1023 1054/1065/1054 1055/1067/1055
f 1009/1038/1009 1042/1057/1042 1010/1041/1010
f 997/1043/997 1028/1068/1028 1029/1069/1029
f 1024/1044/1024 1055/1067/1055 1056/1070/1056
f 1010/1041/1010 1043/1071/1043 1011/1045/1011
f 998/1046/998 1029/1069/1029 1030/1072/1030
f 1025/1047/1025 1056/1070/1056 1057/1073/1057
f 1011/1045/1011 1044/1074/1044 1012/1048/1012
f 999/1049/999 1030/1072/1030 1031/1075/1031
f 994/1035/994 1057/1073/1057 1026/1063/1026
f 1012/1048/1012 1045/1076/1045 1013/1050/1013
f 1000/1051/1000 1031/1075/1031 1032/1077/1032
f 1013/1050/1013 1046/1078/1046 1014/1052/1014
f 1001/1053/1001 1032/1077/1032 1033/1079/1033
f 1014/1052/1014 1047/1080/1047 1015/1054/1015
f 1002/1025/1002 1033/1079/1033 1034/1081/1034
f 1015/1054/1015 1048/1082/1048 1016/990/1016
f 1003/1026/1003 1034/1081/1034 1035/1083/1035
f 1016/990/1016 1049/1084/1049 1017/1027/1017
f 1004/1028/1004 1035/1083/1035 1036/1085/1036
f 1017/1027/1017 1050/1086/1050 1018/1022/1018
f 1005/1029/1005 1036/1085/1036 1037/1087/1037
f 1077/1088/1077 1108/1089/1108 1109/1090/1109
f 1029/1069/1029 1060/1091/1060 1061/1092/1061
f 1056/1070/1056 1087/1093/1087 1088/1094/1088
f 1042/1057/1042 1075/1095/1075 1043/1071/1043
f 1029/1069/1029 1062/1096/1062 1030/1072/1030
f 1057/1073/1057 1088/1094/1088 1089/1097/1089
f 1043/1071/1043 1076/1098/1076 1044/1074/1044
f 1030/1072/1030 1063/1099/1063 1031/1075/1031
f 1026/1063/1026 1089/1097/1089 1058/1100/1058
f 1044/1074/1044 1077/1088/1077 1045/1076/1045
f 1031/1075/1031 1064/1101/1064 1032/1077/1032
f 1046/1078/1046 1077/1088/1077 1078/1102/1078
f 1032/1077/1032 1065/1103/1065 1033/1079/1033
f 1047/1080/1047 1078/1102/1078 1079/1104/1079
f 1033/1079/1033 1066/1105/1066 1034/1081/1034
f 1048/1082/1048 1079/1104/1079 1080/1106/1080
f 1034/1081/1034 1067/1107/1067 1035/1083/1035
f 1049/1084/1049 1080/1106/1080 1081/1108/1081
f 1035/1083/1035 1068/1109/1068 1036/1085/1036
f 1050/1086/1050 1081/1108/1081 1082/1110/1082
f 1036/1085/1036 1069/1111/1069 1037/1087/1037
f 1051/1023/1051 1082/1110/1082 1083/1112/1083
f 1037/1087/1037 1070/1113/1070 1038/1058/1038
f 1052/1059/1052 1083/1112/1083 1084/1114/1084
f 1038/1058/1038 1071/1115/1071 1039/1060/1039
f 1053/1061/1053 1084/1114/1084 1085/1116/1085
f 1039/1060/1039 1072/1117/1072 1040/1062/1040
f 1027/1064/1027 1058/1100/1058 1059/1118/1059
f 1054/1065/1054 1085/1116/1085 1086/1119/1086
f 1040/1062/1040 1073/1120/1073 1041/1055/1041
f 1028/1066/1028 1059/1118/1059 1060/1121/1060
f 1055/1067/1055 1086/1119/1086 1087/1093/1087
f 1112/1122/1112 1143/1123/1143 1144/1124/1144
f 1063/1099/1063 1096/1125/1096 1064/1101/1064
f 1078/1102/1078 1109/1090/1109 1110/1126/1110
f 1064/1101/1064 1097/1127/1097 1065/1103/1065
f 1079/1104/1079 1110/1126/1110 1111/1128/1111
f 1065/1103/1065 1098/1129/1098 1066/1105/1066
f 1080/1106/1080 1111/1128/1111 1112/1122/1112
f 1066/1105/1066 1099/1130/1099 1067/1107/1067
f 1081/1108/1081 1112/1122/1112 1113/1131/1113
f 1067/1107/1067 1100/1132/1100 1068/1109/1068
f 1082/1110/1082 1113/1131/1113 1114/1133/1114
f 1068/1109/1068 1101/1134/1101 1069/1111/1069
f 1083/1112/1083 1114/1133/1114 1115/1135/1115
f 1069/1111/1069 1102/1136/1102 1070/1113/1070
f 1084/1114/1084 1115/1135/1115 1116/1137/1116
f 1070/1113/1070 1103/1138/1103 1071/1115/1071
f 1085/1116/1085 1116/1137/1116 1117/1139/1117
f 1071/1115/1071 1104/1140/1104 1072/1117/1072
f 1059/1118/1059 1090/1141/1090 1091/1142/1091
f 1086/1119/1086 1117/1139/1117 1118/1143/1118
f 1072/1117/1072 1105/1144/1105 1073/1120/1073
f 1059/1118/1059 1092/1145/1092 1060/1121/1060
f 1087/1093/1087 1118/1143/1118 1119/1146/1119
f 1073/1120/1073 1106/1147/1106 1074/1056/1074
f 1060/1091/1060 1093/1148/1093 1061/1092/1061
f 1088/1094/1088 1119/1146/1119 1120/1149/1120
f 1074/1056/1074 1107/1150/1107 1075/1095/1075
f 1061/1092/1061 1094/1151/1094 1062/1096/1062
f 1089/1097/1089 1120/1149/1120 1121/1152/1121
f 1076/1098/1076 1107/1150/1107 1108/1089/1108
f 1062/1096/1062 1095/1153/1095 1063/1099/1063
f 1058/1100/1058 1121/1152/1121 1090/1141/1090
f 1149/1154/1149 1180/1155/1180 1181/1156/1181
f 1098/1129/1098 1131/1157/1131 1099/1130/1099
f 1113/1131/1113 1144/1124/1144 1145/1158/1145
f 1099/1130/1099 1132/1159/1132 1100/1132/1100
f 1114/1133/1114 1145/1158/1145 1146/1160/1146
f 1100/1132/1100 1133/1161/1133 1101/1134/1101
f 1115/1135/1115 1146/1160/1146 1147/1162/1147
f 1101/1134/1101 1134/1163/1134 1102/1136/1102
f 1116/1137/1116 1147/1162/1147 1148/1164/1148
f 1102/1136/1102 1135/1165/1135 1103/1138/1103
f 1117/1139/1117 1148/1164/1148 1149/1154/1149
f 1103/1138/1103 1136/1166/1136 1104/1140/1104
f 1091/1142/1091 1122/1167/1122 1123/1168/1123
f 1118/1143/1118 1149/1154/1149 1150/1169/1150
f 1104/1140/1104 1137/1170/1137 1105/1144/1105
f 1091/1142/1091 1124/1171/1124 1092/1145/1092
f 1119/1146/1119 1150/1169/1150 1151/1172/1151
f 1105/1144/1105 1138/1173/1138 1106/1147/1106
f 1092/1174/1092 1125/1175/1125 1093/1148/1093
f 1120/1149/1120 1151/1172/1151 1152/1176/1152
f 1106/1147/1106 1139/1177/1139 1107/1150/1107
f 1093/1148/1093 1126/1178/1126 1094/1151/1094
f 1121/1152/1121 1152/1176/1152 1153/1179/1153
f 1108/1089/1108 1139/1177/1139 1140/1180/1140
f 1094/1151/1094 1127/1181/1127 1095/1153/1095
f 1090/1141/1090 1153/1179/1153 1122/1167/1122
f 1109/1090/1109 1140/1180/1140 1141/1182/1141
f 1095/1153/1095 1128/1183/1128 1096/1125/1096
f 1110/1126/1110 1141/1182/1141 1142/1184/1142
f 1096/1125/1096 1129/1185/1129 1097/1127/1097
f 1111/1128/1111 1142/1184/1142 1143/1123/1143
f 1097/1127/1097 1130/1186/1130 1098/1129/1098
f 1156/1187/1156 1189/1188/1189 1157/1189/1157
f 1135/1165/1135 1168/1190/1168 1136/1166/1136
f 1123/1168/1123 1154/1191/1154 1155/1192/1155
f 1150/1169/1150 1181/1156/1181 1182/1193/1182
f 1136/1166/1136 1169/1194/1169 1137/1170/1137
f 1123/1168/1123 1156/1195/1156 1124/1171/1124
f 1151/1172/1151 1182/1193/1182 1183/1196/1183
f 1137/1170/1137 1170/1197/1170 1138/1173/1138
f 1124/1198/1124 1157/1189/1157 1125/1175/1125
f 1152/1176/1152 1183/1196/1183 1184/1199/1184
f 1138/1173/1138 1171/1200/1171 1139/1177/1139
f 1125/1175/1125 1158/1201/1158 1126/1178/1126
f 1153/1179/1153 1184/1199/1184 1185/1202/1185
f 1140/1180/1140 1171/1200/1171 1172/1203/1172
f 1126/1178/1126 1159/1204/1159 1127/1181/1127
f 1122/1167/1122 1185/1202/1185 1154/1191/1154
f 1141/1182/1141 1172/1203/1172 1173/1205/1173
f 1127/1181/1127 1160/1206/1160 1128/1183/1128
f 1142/1184/1142 1173/1205/1173 1174/1207/1174
f 1128/1183/1128 1161/1208/1161 1129/1185/1129
f 1143/1123/1143 1174/1207/1174 1175/1209/1175
f 1129/1185/1129 1162/1210/1162 1130/1186/1130
f 1144/1124/1144 1175/1209/1175 1176/1211/1176
f 1130/1186/1130 1163/1212/1163 1131/1157/1131
f 1145/1158/1145 1176/1211/1176 1177/1213/1177
f 1131/1157/1131 1164/1214/1164 1132/1159/1132
f 1146/1160/1146 1177/1213/1177 1178/1215/1178
f 1132/1159/1132 1165/1216/1165 1133/1161/1133
f 1147/1162/1147 1178/1215/1178 1179/1217/1179
f 1133/1161/1133 1166/1218/1166 1134/1163/1134
f 1148/1164/1148 1179/1217/1179 1180/1155/1180
f 1134/1163/1134 1167/1219/1167 1135/1165/1135
f 1192/1220/1192 1223/1221/1223 1224/1222/1224
f 1184/1199/1184 1215/1223/1215 1216/1224/1216
f 1170/1197/1170 1203/1225/1203 1171/1200/1171
f 1157/1189/1157 1190/1226/1190 1158/1201/1158
f 1185/1202/1185 1216/1224/1216 1217/1227/1217
f 1172/1203/1172 1203/1225/1203 1204/1228/1204
f 1158/1201/1158 1191/1229/1191 1159/1204/1159
f 1154/1191/1154 1217/1227/1217 1186/1230/1186
f 1173/1205/1173 1204/1228/1204 1205/1231/1205
f 1159/1204/1159 1192/1220/1192 1160/1206/1160
f 1174/1207/1174 1205/1231/1205 1206/1232/1206
f 1160/1206/1160 1193/1233/1193 1161/1208/1161
f 1175/1209/1175 1206/1232/1206 1207/1234/1207
f 1161/1208/1161 1194/1235/1194 1162/1210/1162
f 1176/1211/1176 1207/1234/1207 1208/1236/1208
f 1162/1210/1162 1195/1237/1195 1163/1212/1163
f 1177/1213/1177 1208/1236/1208 1209/1238/1209
f 1163/1212/1163 1196/1239/1196 1164/1214/1164
f 1178/1215/1178 1209/1238/1209 1210/1240/1210
f 1164/1214/1164 1197/1241/1197 1165/1216/1165
f 1179/1217/1179 1210/1240/1210 1211/1242/1211
f 1165/1216/1165 1198/1243/1198 1166/1218/1166
f 1180/1155/1180 1211/1242/1211 1212/1244/1212
f 1166/1218/1166 1199/1245/1199 1167/1219/1167
f 1181/1156/1181 1212/1244/1212 1213/1246/1213
f 1167/1219/1167 1200/1247/1200 1168/1190/1168
f 1155/1192/1155 1186/1230/1186 1187/1248/1187
f 1182/1193/1182 1213/1246/1213 1214/1249/1214
f 1168/1190/1168 1201/1250/1201 1169/1194/1169
f 1155/1192/1155 1188/1251/1188 1156/1195/1156
f 1183/1196/1183 1214/1249/1214 1215/1223/1215
f 1169/1194/1169 1202/1252/1202 1170/1197/1170
f 1227/1253/1227 1258/1254/1258 1259/1255/1259
f 1206/1232/1206 1237/1256/1237 1238/1257/1238
f 1193/1233/1193 1224/1222/1224 1225/1258/1225
f 1206/1232/1206 1239/1259/1239 1207/1234/1207
f 1194/1235/1194 1225/1258/1225 1226/1260/1226
f 1207/1234/1207 1240/1261/1240 1208/1236/1208
f 1195/1237/1195 1226/1260/1226 1227/1253/1227
f 1208/1236/1208 1241/1262/1241 1209/1238/1209
f 1196/1239/1196 1227/1253/1227 1228/1263/1228
f 1209/1238/1209 1242/1264/1242 1210/1240/1210
f 1197/1241/1197 1228/1263/1228 1229/1265/1229
f 1210/1240/1210 1243/1266/1243 1211/1242/1211
f 1198/1243/1198 1229/1265/1229 1230/1267/1230
f 1211/1242/1211 1244/1268/1244 1212/1244/1212
f 1199/1245/1199 1230/1267/1230 1231/1269/1231
f 1212/1244/1212 1245/1270/1245 1213/1246/1213
f 1199/1245/1199 1232/1271/1232 1200/1247/1200
f 1186/1230/1186 1219/1272/1219 1187/1248/1187
f 1213/1246/1213 1246/1273/1246 1214/1249/1214
f 1200/1247/1200 1233/1274/1233 1201/1250/1201
f 1188/1251/1188 1219/1272/1219 1220/1275/1220
f 1214/1249/1214 1247/1276/1247 1215/1223/1215
f 1201/1250/1201 1234/1277/1234 1202/1252/1202
f 1189/1188/1189 1220/1278/1220 1221/1279/1221
f 1215/1223/1215 1248/1280/1248 1216/1224/1216
f 1202/1252/1202 1235/1281/1235 1203/1225/1203
f 1190/1226/1190 1221/1279/1221 1222/1282/1222
f 1216/1224/1216 1249/1283/1249 1217/1227/1217
f 1204/1228/1204 1235/1281/1235 1236/1284/1236
f 1191/1229/1191 1222/1282/1222 1223/1221/1223
f 1217/1227/1217 1218/1285/1218 1186/1230/1186
f 1205/1231/1205 1236/1284/1236 1237/1256/1237
f 1256/1286/1256 1287/1287/1287 1288/1288/1288
f 1241/1262/1241 1272/1289/1272 1273/1290/1273
f 1228/1263/1228 1259/1255/1259 1260/1291/1260
f 1242/1264/1242 1273/1290/1273 1274/1292/1274
f 1229/1265/1229 1260/1291/1260 1261/1293/1261
f 1243/1266/1243 1274/1292/1274 1275/1294/1275
f 1230/1267/1230 1261/1293/1261 1262/1295/1262
f 1244/1268/1244 1275/1294/1275 1276/1296/1276
f 1231/1269/1231 1262/1295/1262 1263/1297/1263
f 1245/1270/1245 1276/1296/1276 1277/1298/1277
f 1232/1271/1232 1263/1297/1263 1264/1299/1264
f 1219/1272/1219 1250/1300/1250 1251/1301/1251
f 1246/1273/1246 1277/1298/1277 1278/1302/1278
f 1233/1274/1233 1264/1299/1264 1265/1303/1265
f 1220/1275/1220 1251/1301/1251 1252/1304/1252
f 1247/1276/1247 1278/1302/1278 1279/1305/1279
f 1234/1277/1234 1265/1303/1265 1266/1306/1266
f 1221/1279/1221 1252/1307/1252 1253/1308/1253
f 1248/1280/1248 1279/1305/1279 1280/1309/1280
f 1235/1281/1235 1266/1306/1266 1267/1310/1267
f 1222/1282/1222 1253/1308/1253 1254/1311/1254
f 1249/1283/1249 1280/1309/1280 1281/1312/1281
f 1236/1284/1236 1267/1310/1267 1268/1313/1268
f 1223/1221/1223 1254/1311/1254 1255/1314/1255
f 1218/1285/1218 1281/1312/1281 1250/1300/1250
f 1237/1256/1237 1268/1313/1268 1269/1315/1269
f 1224/1222/1224 1255/1314/1255 1256/1286/1256
f 1238/1257/1238 1269/1315/1269 1270/1316/1270
f 1225/1258/1225 1256/1286/1256 1257/1317/1257
f 1239/1259/1239 1270/1316/1270 1271/1318/1271
f 1226/1260/1226 1257/1317/1257 1258/1254/1258
f 1240/1261/1240 1271/1318/1271 1272/1289/1272
f 1286/1319/1286 1285/1320/1285 1312/1321/1312
f 1270/1316/1270 1301/1322/1301 1302/1323/1302
f 1257/1317/1257 1288/1288/1288 1289/1324/1289
f 1271/1318/1271 1302/1323/1302 1303/1325/1303
f 1258/1254/1258 1289/1324/1289 1290/1326/1290
f 1272/1289/1272 1303/1325/1303 1304/1327/1304
f 1259/1255/1259 1290/1326/1290 1291/1328/1291
f 1273/1290/1273 1304/1327/1304 1305/1329/1305
f 1260/1291/1260 1291/1328/1291 1292/1330/1292
f 1274/1292/1274 1305/1329/1305 1306/1331/1306
f 1260/1291/1260 1293/1332/1293 1261/1293/1261
f 1274/1292/1274 1307/1333/1307 1275/1294/1275
f 1261/1293/1261 1294/1334/1294 1262/1295/1262
f 1275/1294/1275 1308/1335/1308 1276/1296/1276
f 1262/1295/1262 1295/1336/1295 1263/1297/1263
f 1276/1296/1276 1309/1337/1309 1277/1298/1277
f 1263/1297/1263 1296/1338/1296 1264/1299/1264
f 1250/1300/1250 1283/1339/1283 1251/1301/1251
f 1277/1298/1277 1310/1340/1310 1278/1302/1278
f 1264/1299/1264 1297/1341/1297 1265/1303/1265
f 1252/1304/1252 1283/1339/1283 1284/1342/1284
f 1278/1302/1278 1311/1343/1311 1279/1305/1279
f 1265/1303/1265 1298/1344/1298 1266/1306/1266
f 1253/1308/1253 1284/1342/1284 1285/1320/1285
f 1279/1305/1279 1312/1321/1312 1280/1309/1280
f 1266/1306/1266 1299/1345/1299 1267/1310/1267
f 1254/1311/1254 1285/1320/1285 1286/1319/1286
f 1280/1309/1280 1313/1346/1313 1281/1312/1281
f 1268/1313/1268 1299/1345/1299 1300/1347/1300
f 1255/1314/1255 1286/1319/1286 1287/1287/1287
f 1281/1312/1281 1282/1348/1282 1250/1300/1250
f 1269/1315/1269 1300/1347/1300 1301/1322/1301
f 1321/1349/1321 1352/1350/1352 1353/1351/1353
f 1370/1352/1370 1403/1353/1403 1371/1354/1371
f 1329/1355/1329 1362/1356/1362 1330/1357/1330
f 1338/1358/1338 1371/1354/1371 1339/1359/1339
f 1317/1360/1317 1348/1361/1348 1349/1362/1349
f 1325/1363/1325 1358/1364/1358 1326/1365/1326
f 1334/1366/1334 1367/1367/1367 1335/1368/1335
f 1344/1369/1344 1375/1370/1375 1376/1371/1376
f 1322/1372/1322 1353/1351/1353 1354/1373/1354
f 1330/1357/1330 1363/1374/1363 1331/1375/1331
f 1339/1359/1339 1372/1376/1372 1340/1377/1340
f 1318/1378/1318 1349/1362/1349 1350/1379/1350
f 1326/1365/1326 1359/1380/1359 1327/1381/1327
f 1335/1368/1335 1368/1382/1368 1336/1383/1336
f 1345/1384/1345 1376/1371/1376 1377/1385/1377
f 1323/1386/1323 1354/1373/1354 1355/1387/1355
f 1331/1375/1331 1364/1388/1364 1332/1389/1332
f 1341/1390/1341 1372/1391/1372 1373/1392/1373
f 1319/1393/1319 1350/1379/1350 1351/1394/1351
f 1327/1381/1327 1360/1395/1360 1328/1396/1328
f 1336/1383/1336 1369/1397/1369 1337/1398/1337
f 1315/1399/1315 1346/1400/1346 1347/1401/1347
f 1314/1402/1314 1377/1385/1377 1346/1400/1346
f 1324/1403/1324 1355/1387/1355 1356/1404/1356
f 1332/1389/1332 1365/1405/1365 1333/1406/1333
f 1342/1407/1342 1373/1392/1373 1374/1408/1374
f 1320/1409/1320 1351/1394/1351 1352/1350/1352
f 1328/1396/1328 1361/1410/1361 1329/1355/1329
f 1337/1398/1337 1370/1352/1370 1338/1358/1338
f 1316/1411/1316 1347/1401/1347 1348/1361/1348
f 1324/1403/1324 1357/1412/1357 1325/1363/1325
f 1333/1406/1333 1366/1413/1366 1334/1366/1334
f 1343/1414/1343 1374/1408/1374 1375/1370/1375
f 1379/1415/1379 1410/1416/1410 1411/1417/1411
f 1357/1412/1357 1390/1418/1390 1358/1364/1358
f 1371/1354/1371 1404/1419/1404 1372/1376/1372
f 1358/1364/1358 1391/1420/1391 1359/1380/1359
f 1373/1392/1373 1404/1421/1404 1405/1422/1405
f 1359/1380/1359 1392/1423/1392 1360/1395/1360
f 1347/1401/1347 1378/1424/1378 1379/1415/1379
f 1374/1408/1374 1405/1422/1405 1406/1425/1406
f 1360/1395/1360 1393/1426/1393 1361/1410/1361
f 1348/1361/1348 1379/1415/1379 1380/1427/1380
f 1375/1370/1375 1406/1425/1406 1407/1428/1407
f 1361/1410/1361 1394/1429/1394 1362/1356/1362
f 1349/1362/1349 1380/1427/1380 1381/1430/1381
f 1376/1371/1376 1407/1428/1407 1408/1431/1408
f 1362/1356/1362 1395/1432/1395 1363/1374/1363
f 1350/1379/1350 1381/1430/1381 1382/1433/1382
f 1377/1385/1377 1408/1431/1408 1409/1434/1409
f 1363/1374/1363 1396/1435/1396 1364/1388/1364
f 1351/1394/1351 1382/1433/1382 1383/1436/1383
f 1346/1400/1346 1409/1434/1409 1378/1424/1378
f 1364/1388/1364 1397/1437/1397 1365/1405/1365
f 1352/1350/1352 1383/1436/1383 1384/1438/1384
f 1365/1405/1365 1398/1439/1398 1366/1413/1366
f 1353/1351/1353 1384/1438/1384 1385/1440/1385
f 1366/1413/1366 1399/1441/1399 1367/1367/1367
f 1354/1373/1354 1385/1440/1385 1386/1442/1386
f 1367/1367/1367 1400/1443/1400 1368/1382/1368
f 1355/1387/1355 1386/1442/1386 1387/1444/1387
f 1368/1382/1368 1401/1445/1401 1369/1397/1369
f 1356/1404/1356 1387/1444/1387 1388/1446/1388
f 1369/1397/1369 1402/1447/1402 1370/1352/1370
f 1356/1404/1356 1389/1448/1389 1357/1412/1357
f 1422/1449/1422 1455/1450/1455 1423/1451/1423
f 1406/1425/1406 1437/1452/1437 1438/1453/1438
f 1392/1423/1392 1425/1454/1425 1393/1426/1393
f 1380/1427/1380 1411/1417/1411 1412/1455/1412
f 1407/1428/1407 1438/1453/1438 1439/1456/1439
f 1393/1426/1393 1426/1457/1426 1394/1429/1394
f 1381/1430/1381 1412/1455/1412 1413/1458/1413
f 1408/1431/1408 1439/1456/1439 1440/1459/1440
f 1394/1429/1394 1427/1460/1427 1395/1432/1395
f 1382/1433/1382 1413/1458/1413 1414/1461/1414
f 1409/1434/1409 1440/1459/1440 1441/1462/1441
f 1395/1432/1395 1428/1463/1428 1396/1435/1396
f 1383/1436/1383 1414/1461/1414 1415/1464/1415
f 1378/1424/1378 1441/1462/1441 1410/1416/1410
f 1396/1435/1396 1429/1465/1429 1397/1437/1397
f 1384/1438/1384 1415/1464/1415 1416/1466/1416
f 1397/1437/1397 1430/1467/1430 1398/1439/1398
f 1385/1440/1385 1416/1466/1416 1417/1468/1417
f 1398/1439/1398 1431/1469/1431 1399/1441/1399
f 1386/1442/1386 1417/1468/1417 1418/1470/1418
f 1399/1441/1399 1432/1471/1432 1400/1443/1400
f 1387/1444/1387 1418/1470/1418 1419/1472/1419
f 1400/1443/1400 1433/1473/1433 1401/1445/1401
f 1388/1446/1388 1419/1472/1419 1420/1474/1420
f 1401/1445/1401 1434/1475/1434 1402/1447/1402
f 1388/1446/1388 1421/1476/1421 1389/1448/1389
f 1402/1447/1402 1435/1477/1435 1403/1353/1403
f 1389/1448/1389 1422/1449/1422 1390/1418/1390
f 1403/1353/1403 1436/1478/1436 1404/1419/1404
f 1390/1418/1390 1423/1451/1423 1391/1420/1391
f 1405/1422/1405 1436/1479/1436 1437/1452/1437
f 1391/1420/1391 1424/1480/1424 1392/1423/1392
f 1457/1481/1457 1490/1482/1490 1458/1483/1458
f 1437/1452/1437 1468/1484/1468 1469/1485/1469
f 1423/1451/1423 1456/1486/1456 1424/1480/1424
f 1411/1417/1411 1442/1487/1442 1443/1488/1443
f 1438/1453/1438 1469/1485/1469 1470/1489/1470
f 1424/1480/1424 1457/1481/1457 1425/1454/1425
f 1412/1455/1412 1443/1488/1443 1444/1490/1444
f 1439/1456/1439 1470/1489/1470 1471/1491/1471
f 1425/1454/1425 1458/1483/1458 1426/1457/1426
f 1413/1458/1413 1444/1490/1444 1445/1492/1445
f 1440/1459/1440 1471/1491/1471 1472/1493/1472
f 1426/1457/1426 1459/1494/1459 1427/1460/1427
f 1414/1461/1414 1445/1492/1445 1446/1495/1446
f 1441/1462/1441 1472/1493/1472 1473/1496/1473
f 1427/1460/1427 1460/1497/1460 1428/1463/1428
f 1415/1464/1415 1446/1495/1446 1447/1498/1447
f 1410/1416/1410 1473/1496/1473 1442/1487/1442
f 1428/1463/1428 1461/1499/1461 1429/1465/1429
f 1416/1466/1416 1447/1498/1447 1448/1500/1448
f 1429/1465/1429 1462/1501/1462 1430/1467/1430
f 1417/1468/1417 1448/1500/1448 1449/1502/1449
f 1430/1467/1430 1463/1503/1463 1431/1469/1431
f 1418/1470/1418 1449/1502/1449 1450/1504/1450
f 1431/1469/1431 1464/1505/1464 1432/1471/1432
f 1419/1472/1419 1450/1504/1450 1451/1506/1451
f 1432/1471/1432 1465/1507/1465 1433/1473/1433
f 1420/1474/1420 1451/1506/1451 1452/1508/1452
f 1433/1473/1433 1466/1509/1466 1434/1475/1434
f 1420/1474/1420 1453/1510/1453 1421/1476/1421
f 1434/1475/1434 1467/1511/1467 1435/1477/1435
f 1421/1476/1421 1454/1512/1454 1422/1449/1422
f 1435/1477/1435 1468/1513/1468 1436/1478/1436
f 1492/1514/1492 1525/1515/1525 1493/1516/1493
f 1445/1492/1445 1476/1517/1476 1477/1518/1477
f 1472/1493/1472 1503/1519/1503 1504/1520/1504
f 1458/1483/1458 1491/1521/1491 1459/1494/1459
f 1446/1495/1446 1477/1518/1477 1478/1522/1478
f 1473/1496/1473 1504/1520/1504 1505/1523/1505
f 1459/1494/1459 1492/1514/1492 1460/1497/1460
f 1447/1498/1447 1478/1522/1478 1479/1524/1479
f 1442/1487/1442 1505/1523/1505 1474/1525/1474
f 1460/1497/1460 1493/1516/1493 1461/1499/1461
f 1448/1500/1448 1479/1524/1479 1480/1526/1480
f 1461/1499/1461 1494/1527/1494 1462/1501/1462
f 1449/1502/1449 1480/1526/1480 1481/1528/1481
f 1462/1501/1462 1495/1529/1495 1463/1503/1463
f 1450/1504/1450 1481/1528/1481 1482/1530/1482
f 1463/1503/1463 1496/1531/1496 1464/1505/1464
f 1451/1506/1451 1482/1530/1482 1483/1532/1483
f 1464/1505/1464 1497/1533/1497 1465/1507/1465
f 1452/1508/1452 1483/1532/1483 1484/1534/1484
f 1465/1507/1465 1498/1535/1498 1466/1509/1466
f 1452/1508/1452 1485/1536/1485 1453/1510/1453
f 1466/1509/1466 1499/1537/1499 1467/1511/1467
f 1453/1510/1453 1486/1538/1486 1454/1512/1454
f 1467/1511/1467 1500/1539/1500 1468/1513/1468
f 1454/1512/1454 1487/1540/1487 1455/1450/1455
f 1469/1485/1469 1500/1541/1500 1501/1542/1501
f 1455/1450/1455 1488/1543/1488 1456/1486/1456
f 1443/1488/1443 1474/1525/1474 1475/1544/1475
f 1470/1489/1470 1501/1542/1501 1502/1545/1502
f 1456/1486/1456 1489/1546/1489 1457/1481/1457
f 1444/1490/1444 1475/1544/1475 1476/1517/1476
f 1471/1491/1471 1502/1545/1502 1503/1519/1503
f 1527/1547/1527 1560/1548/1560 1528/1549/1528
f 1480/1526/1480 1511/1550/1511 1512/1551/1512
f 1493/1516/1493 1526/1552/1526 1494/1527/1494
f 1481/1528/1481 1512/1551/1512 1513/1553/1513
f 1494/1527/1494 1527/1547/1527 1495/1529/1495
f 1482/1530/1482 1513/1553/1513 1514/1554/1514
f 1495/1529/1495 1528/1549/1528 1496/1531/1496
f 1483/1532/1483 1514/1554/1514 1515/1555/1515
f 1496/1531/1496 1529/1556/1529 1497/1533/1497
f 1483/1532/1483 1516/1557/1516 1484/1534/1484
f 1497/1533/1497 1530/1558/1530 1498/1535/1498
f 1484/1534/1484 1517/1559/1517 1485/1536/1485
f 1498/1535/1498 1531/1560/1531 1499/1537/1499
f 1485/1536/1485 1518/1561/1518 1486/1538/1486
f 1500/1539/1500 1531/1560/1531 1532/1562/1532
f 1486/1538/1486 1519/1563/1519 1487/1540/1487
f 1501/1542/1501 1532/1564/1532 1533/1565/1533
f 1487/1540/1487 1520/1566/1520 1488/1543/1488
f 1475/1544/1475 1506/1567/1506 1507/1568/1507
f 1502/1545/1502 1533/1565/1533 1534/1569/1534
f 1488/1543/1488 1521/1570/1521 1489/1546/1489
f 1476/1517/1476 1507/1568/1507 1508/1571/1508
f 1503/1519/1503 1534/1569/1534 1535/1572/1535
f 1489/1546/1489 1522/1573/1522 1490/1482/1490
f 1477/1518/1477 1508/1571/1508 1509/1574/1509
f 1504/1520/1504 1535/1572/1535 1536/1575/1536
f 1490/1482/1490 1523/1576/1523 1491/1521/1491
f 1478/1522/1478 1509/1574/1509 1510/1577/1510
f 1505/1523/1505 1536/1575/1536 1537/1578/1537
f 1491/1521/1491 1524/1579/1524 1492/1514/1492
f 1479/1524/1479 1510/1577/1510 1511/1550/1511
f 1474/1525/1474 1537/1578/1537 1506/1567/1506
f 1563/1580/1563 1594/1581/1594 1595/1582/1595
f 1514/1554/1514 1547/1583/1547 1515/1555/1515
f 1528/1549/1528 1561/1584/1561 1529/1556/1529
f 1515/1555/1515 1548/1585/1548 1516/1557/1516
f 1529/1556/1529 1562/1586/1562 1530/1558/1530
f 1516/1557/1516 1549/1587/1549 1517/1559/1517
f 1531/1560/1531 1562/1586/1562 1563/1580/1563
f 1517/1559/1517 1550/1588/1550 1518/1561/1518
f 1532/1562/1532 1563/1580/1563 1564/1589/1564
f 1518/1561/1518 1551/1590/1551 1519/1563/1519
f 1533/1565/1533 1564/1591/1564 1565/1592/1565
f 1519/1563/1519 1552/1593/1552 1520/1566/1520
f 1507/1568/1507 1538/1594/1538 1539/1595/1539
f 1534/1569/1534 1565/1592/1565 1566/1596/1566
f 1520/1566/1520 1553/1597/1553 1521/1570/1521
f 1508/1571/1508 1539/1595/1539 1540/1598/1540
f 1535/1572/1535 1566/1596/1566 1567/1599/1567
f 1521/1570/1521 1554/1600/1554 1522/1573/1522
f 1509/1574/1509 1540/1598/1540 1541/1601/1541
f 1536/1575/1536 1567/1599/1567 1568/1602/1568
f 1522/1573/1522 1555/1603/1555 1523/1576/1523
f 1510/1577/1510 1541/1601/1541 1542/1604/1542
f 1537/1578/1537 1568/1602/1568 1569/1605/1569
f 1523/1576/1523 1556/1606/1556 1524/1579/1524
f 1511/1550/1511 1542/1604/1542 1543/1607/1543
f 1506/1567/1506 1569/1605/1569 1538/1594/1538
f 1524/1579/1524 1557/1608/1557 1525/1515/1525
f 1512/1551/1512 1543/1607/1543 1544/1609/1544
f 1525/1515/1525 1558/1610/1558 1526/1552/1526
f 1513/1553/1513 1544/1609/1544 1545/1611/1545
f 1526/1552/1526 1559/1612/1559 1527/1547/1527
f 1514/1554/1514 1545/1611/1545 1546/1613/1546
f 1585/1614/1585 1618/1615/1618 1586/1616/1586
f 1549/1587/1549 1582/1617/1582 1550/1588/1550
f 1564/1589/1564 1595/1582/1595 1596/1618/1596
f 1550/1588/1550 1583/1619/1583 1551/1590/1551
f 1565/1592/1565 1596/1620/1596 1597/1621/1597
f 1551/1590/1551 1584/1622/1584 1552/1593/1552
f 1539/1595/1539 1570/1623/1570 1571/1624/1571
f 1566/1596/1566 1597/1621/1597 1598/1625/1598
f 1552/1593/1552 1585/1614/1585 1553/1597/1553
f 1540/1598/1540 1571/1624/1571 1572/1626/1572
f 1567/1599/1567 1598/1625/1598 1599/1627/1599
f 1553/1597/1553 1586/1616/1586 1554/1600/1554
f 1541/1601/1541 1572/1626/1572 1573/1628/1573
f 1568/1602/1568 1599/1627/1599 1600/1629/1600
f 1554/1600/1554 1587/1630/1587 1555/1603/1555
f 1542/1604/1542 1573/1628/1573 1574/1631/1574
f 1569/1605/1569 1600/1629/1600 1601/1632/1601
f 1555/1603/1555 1588/1633/1588 1556/1606/1556
f 1543/1607/1543 1574/1631/1574 1575/1634/1575
f 1538/1594/1538 1601/1632/1601 1570/1623/1570
f 1556/1606/1556 1589/1635/1589 1557/1608/1557
f 1544/1609/1544 1575/1634/1575 1576/1636/1576
f 1557/1608/1557 1590/1637/1590 1558/1610/1558
f 1545/1611/1545 1576/1636/1576 1577/1638/1577
f 1558/1610/1558 1591/1639/1591 1559/1612/1559
f 1545/1611/1545 1578/1640/1578 1546/1613/1546
f 1559/1612/1559 1592/1641/1592 1560/1548/1560
f 1546/1613/1546 1579/1642/1579 1547/1583/1547
f 1560/1548/1560 1593/1643/1593 1561/1584/1561
f 1547/1583/1547 1580/1644/1580 1548/1585/1548
f 1562/1586/1562 1593/1643/1593 1594/1581/1594
f 1548/1585/1548 1581/1645/1581 1549/1587/1549
f 1620/1646/1620 1653/1647/1653 1621/1648/1621
f 1573/1628/1573 1604/1649/1604 1605/1650/1605
f 1600/1629/1600 1631/1651/1631 1632/1652/1632
f 1586/1616/1586 1619/1653/1619 1587/1630/1587
f 1574/1631/1574 1605/1650/1605 1606/1654/1606
f 1601/1632/1601 1632/1652/1632 1633/1655/1633
f 1587/1630/1587 1620/1646/1620 1588/1633/1588
f 1575/1634/1575 1606/1654/1606 1607/1656/1607
f 1570/1623/1570 1633/1655/1633 1602/1657/1602
f 1588/1633/1588 1621/1648/1621 1589/1635/1589
f 1576/1636/1576 1607/1656/1607 1608/1658/1608
f 1589/1635/1589 1622/1659/1622 1590/1637/1590
f 1576/1636/1576 1609/1660/1609 1577/1638/1577
f 1590/1637/1590 1623/1661/1623 1591/1639/1591
f 1577/1638/1577 1610/1662/1610 1578/1640/1578
f 1591/1639/1591 1624/1663/1624 1592/1641/1592
f 1578/1640/1578 1611/1664/1611 1579/1642/1579
f 1593/1643/1593 1624/1663/1624 1625/1665/1625
f 1579/1642/1579 1612/1666/1612 1580/1644/1580
f 1594/1581/1594 1625/1665/1625 1626/1667/1626
f 1580/1644/1580 1613/1668/1613 1581/1645/1581
f 1595/1582/1595 1626/1667/1626 1627/1669/1627
f 1581/1645/1581 1614/1670/1614 1582/1617/1582
f 1596/1618/1596 1627/1669/1627 1628/1671/1628
f 1582/1617/1582 1615/1672/1615 1583/1619/1583
f 1597/1621/1597 1628/1673/1628 1629/1674/1629
f 1583/1619/1583 1616/1675/1616 1584/1622/1584
f 1571/1624/1571 1602/1657/1602 1603/1676/1603
f 1598/1625/1598 1629/1674/1629 1630/1677/1630
f 1584/1622/1584 1617/1678/1617 1585/1614/1585
f 1572/1626/1572 1603/1676/1603 1604/1649/1604
f 1599/1627/1599 1630/1677/1630 1631/1651/1631
f 1656/1679/1656 1687/1680/1687 1688/1681/1688
f 1607/1656/1607 1640/1682/1640 1608/1658/1608
f 1621/1648/1621 1654/1683/1654 1622/1659/1622
f 1608/1658/1608 1641/1684/1641 1609/1660/1609
f 1622/1659/1622 1655/1685/1655 1623/1661/1623
f 1609/1660/1609 1642/1686/1642 1610/1662/1610
f 1624/1663/1624 1655/1685/1655 1656/1679/1656
f 1610/1662/1610 1643/1687/1643 1611/1664/1611
f 1625/1665/1625 1656/1679/1656 1657/1688/1657
f 1611/1664/1611 1644/1689/1644 1612/1666/1612
f 1626/1667/1626 1657/1688/1657 1658/1690/1658
f 1612/1666/1612 1645/1691/1645 1613/1668/1613
f 1627/1669/1627 1658/1690/1658 1659/1692/1659
f 1613/1668/1613 1646/1693/1646 1614/1670/1614
f 1628/1671/1628 1659/1692/1659 1660/1694/1660
f 1614/1670/1614 1647/1695/1647 1615/1672/1615
f 1629/1674/1629 1660/1696/1660 1661/1697/1661
f 1615/1672/1615 1648/1698/1648 1616/1675/1616
f 1603/1676/1603 1634/1699/1634 1635/1700/1635
f 1630/1677/1630 1661/1697/1661 1662/1701/1662
f 1616/1675/1616 1649/1702/1649 1617/1678/1617
f 1604/1649/1604 1635/1700/1635 1636/1703/1636
f 1631/1651/1631 1662/1701/1662 1663/1704/1663
f 1617/1678/1617 1650/1705/1650 1618/1615/1618
f 1605/1650/1605 1636/1703/1636 1637/1706/1637
f 1632/1652/1632 1663/1704/1663 1664/1707/1664
f 1618/1615/1618 1651/1708/1651 1619/1653/1619
f 1606/1654/1606 1637/1706/1637 1638/1709/1638
f 1633/1655/1633 1664/1707/1664 1665/1710/1665
f 1619/1653/1619 1652/1711/1652 1620/1646/1620
f 1607/1656/1607 1638/1709/1638 1639/1712/1639
f 1602/1657/1602 1665/1710/1665 1634/1699/1634
f 1692/1713/1692 1725/1714/1725 1693/1715/1693
f 1642/1686/1642 1675/1716/1675 1643/1687/1643
f 1657/1688/1657 1688/1681/1688 1689/1717/1689
f 1643/1687/1643 1676/1718/1676 1644/1689/1644
f 1658/1690/1658 1689/1717/1689 1690/1719/1690
f 1644/1689/1644 1677/1720/1677 1645/1691/1645
f 1659/1692/1659 1690/1719/1690 1691/1721/1691
f 1645/1691/1645 1678/1722/1678 1646/1693/1646
f 1660/1694/1660 1691/1721/1691 1692/1723/1692
f 1646/1693/1646 1679/1724/1679 1647/1695/1647
f 1661/1697/1661 1692/1713/1692 1693/1715/1693
f 1647/1695/1647 1680/1725/1680 1648/1698/1648
f 1634/1699/1634 1667/1726/1667 1635/1700/1635
f 1662/1701/1662 1693/1715/1693 1694/1727/1694
f 1648/1698/1648 1681/1728/1681 1649/1702/1649
f 1635/1700/1635 1668/1729/1668 1636/1703/1636
f 1663/1704/1663 1694/1727/1694 1695/1730/1695
f 1649/1702/1649 1682/1731/1682 1650/1705/1650
f 1636/1703/1636 1669/1732/1669 1637/1706/1637
f 1664/1707/1664 1695/1730/1695 1696/1733/1696
f 1650/1705/1650 1683/1734/1683 1651/1708/1651
f 1637/1706/1637 1670/1735/1670 1638/1709/1638
f 1665/1710/1665 1696/1733/1696 1697/1736/1697
f 1651/1708/1651 1684/1737/1684 1652/1711/1652
f 1638/1709/1638 1671/1738/1671 1639/1712/1639
f 1665/1710/1665 1666/1739/1666 1634/1699/1634
f 1652/1711/1652 1685/1740/1685 1653/1647/1653
f 1639/1712/1639 1672/1741/1672 1640/1682/1640
f 1653/1647/1653 1686/1742/1686 1654/1683/1654
f 1640/1682/1640 1673/1743/1673 1641/1684/1641
f 1655/1685/1655 1686/1742/1686 1687/1680/1687
f 1641/1684/1641 1674/1744/1674 1642/1686/1642
f 1700/1745/1700 1733/1746/1733 1701/1747/1701
f 1680/1725/1680 1711/1748/1711 1712/1749/1712
f 1666/1739/1666 1699/1750/1699 1667/1726/1667
f 1693/1715/1693 1726/1751/1726 1694/1727/1694
f 1681/1728/1681 1712/1749/1712 1713/1752/1713
f 1667/1726/1667 1700/1745/1700 1668/1729/1668
f 1694/1727/1694 1727/1753/1727 1695/1730/1695
f 1682/1731/1682 1713/1752/1713 1714/1754/1714
f 1668/1729/1668 1701/1747/1701 1669/1732/1669
f 1695/1730/1695 1728/1755/1728 1696/1733/1696
f 1683/1734/1683 1714/1754/1714 1715/1756/1715
f 1669/1732/1669 1702/1757/1702 1670/1735/1670
f 1696/1733/1696 1729/1758/1729 1697/1736/1697
f 1684/1737/1684 1715/1756/1715 1716/1759/1716
f 1670/1735/1670 1703/1760/1703 1671/1738/1671
f 1697/1736/1697 1698/1761/1698 1666/1739/1666
f 1685/1740/1685 1716/1759/1716 1717/1762/1717
f 1671/1738/1671 1704/1763/1704 1672/1741/1672
f 1686/1742/1686 1717/1762/1717 1718/1764/1718
f 1673/1743/1673 1704/1763/1704 1705/1765/1705
f 1687/1680/1687 1718/1764/1718 1719/1766/1719
f 1674/1744/1674 1705/1765/1705 1706/1767/1706
f 1688/1681/1688 1719/1766/1719 1720/1768/1720
f 1675/1716/1675 1706/1767/1706 1707/1769/1707
f 1689/1717/1689 1720/1768/1720 1721/1770/1721
f 1676/1718/1676 1707/1769/1707 1708/1771/1708
f 1689/1717/1689 1722/1772/1722 1690/1719/1690
f 1677/1720/1677 1708/1771/1708 1709/1773/1709
f 1690/1719/1690 1723/1774/1723 1691/1721/1691
f 1678/1722/1678 1709/1773/1709 1710/1775/1710
f 1691/1721/1691 1724/1776/1724 1692/1723/1692
f 1679/1724/1679 1710/1775/1710 1711/1748/1711
f 1735/1777/1735 1768/1778/1768 1736/1779/1736
f 1727/1753/1727 1760/1780/1760 1728/1755/1728
f 1715/1756/1715 1746/1781/1746 1747/1782/1747
f 1701/1747/1701 1734/1783/1734 1702/1757/1702
f 1728/1755/1728 1761/1784/1761 1729/1758/1729
f 1716/1759/1716 1747/1782/1747 1748/1785/1748
f 1702/1757/1702 1735/1777/1735 1703/1760/1703
f 1729/1758/1729 1730/1786/1730 1698/1761/1698
f 1717/1762/1717 1748/1785/1748 1749/1787/1749
f 1703/1760/1703 1736/1779/1736 1704/1763/1704
f 1718/1764/1718 1749/1787/1749 1750/1788/1750
f 1704/1763/1704 1737/1789/1737 1705/1765/1705
f 1719/1766/1719 1750/1788/1750 1751/1790/1751
f 1706/1767/1706 1737/1789/1737 1738/1791/1738
f 1720/1768/1720 1751/1790/1751 1752/1792/1752
f 1707/1769/1707 1738/1791/1738 1739/1793/1739
f 1721/1770/1721 1752/1792/1752 1753/1794/1753
f 1708/1771/1708 1739/1793/1739 1740/1795/1740
f 1721/1770/1721 1754/1796/1754 1722/1772/1722
f 1709/1773/1709 1740/1795/1740 1741/1797/1741
f 1722/1772/1722 1755/1798/1755 1723/1774/1723
f 1710/1775/1710 1741/1797/1741 1742/1799/1742
f 1723/1774/1723 1756/1800/1756 1724/1776/1724
f 1711/1748/1711 1742/1799/1742 1743/1801/1743
f 1724/1802/1724 1757/1803/1757 1725/1714/1725
f 1712/1749/1712 1743/1801/1743 1744/1804/1744
f 1698/1761/1698 1731/1805/1731 1699/1750/1699
f 1725/1714/1725 1758/1806/1758 1726/1751/1726
f 1713/1752/1713 1744/1804/1744 1745/1807/1745
f 1699/1750/1699 1732/1808/1732 1700/1745/1700
f 1726/1751/1726 1759/1809/1759 1727/1753/1727
f 1714/1754/1714 1745/1807/1745 1746/1781/1746
f 1771/1810/1771 1802/1811/1802 1803/1812/1803
f 1750/1788/1750 1781/1813/1781 1782/1814/1782
f 1737/1789/1737 1768/1778/1768 1769/1815/1769
f 1751/1790/1751 1782/1814/1782 1783/1816/1783
f 1738/1791/1738 1769/1815/1769 1770/1817/1770
f 1751/1790/1751 1784/1818/1784 1752/1792/1752
f 1739/1793/1739 1770/1817/1770 1771/1810/1771
f 1752/1792/1752 1785/1819/1785 1753/1794/1753
f 1740/1795/1740 1771/1810/1771 1772/1820/1772
f 1753/1794/1753 1786/1821/1786 1754/1796/1754
f 1741/1797/1741 1772/1820/1772 1773/1822/1773
f 1754/1796/1754 1787/1823/1787 1755/1798/1755
f 1742/1799/1742 1773/1822/1773 1774/1824/1774
f 1755/1798/1755 1788/1825/1788 1756/1800/1756
f 1743/1801/1743 1774/1824/1774 1775/1826/1775
f 1756/1827/1756 1789/1828/1789 1757/1803/1757
f 1744/1804/1744 1775/1826/1775 1776/1829/1776
f 1730/1786/1730 1763/1830/1763 1731/1805/1731
f 1757/1803/1757 1790/1831/1790 1758/1806/1758
f 1745/1807/1745 1776/1829/1776 1777/1832/1777
f 1731/1805/1731 1764/1833/1764 1732/1808/1732
f 1758/1806/1758 1791/1834/1791 1759/1809/1759
f 1746/1781/1746 1777/1832/1777 1778/1835/1778
f 1732/1808/1732 1765/1836/1765 1733/1746/1733
f 1759/1809/1759 1792/1837/1792 1760/1780/1760
f 1747/1782/1747 1778/1835/1778 1779/1838/1779
f 1733/1746/1733 1766/1839/1766 1734/1783/1734
f 1760/1780/1760 1793/1840/1793 1761/1784/1761
f 1748/1785/1748 1779/1838/1779 1780/1841/1780
f 1734/1783/1734 1767/1842/1767 1735/1777/1735
f 1761/1784/1761 1762/1843/1762 1730/1786/1730
f 1749/1787/1749 1780/1841/1780 1781/1813/1781
f 1799/1844/1799 1832/1845/1832 1800/1846/1800
f 1785/1819/1785 1816/1847/1816 1817/1848/1817
f 1772/1820/1772 1803/1812/1803 1804/1849/1804
f 1786/1821/1786 1817/1848/1817 1818/1850/1818
f 1773/1822/1773 1804/1849/1804 1805/1851/1805
f 1787/1823/1787 1818/1850/1818 1819/1852/1819
f 1774/1824/1774 1805/1851/1805 1806/1853/1806
f 1788/1825/1788 1819/1852/1819 1820/1854/1820
f 1775/1826/1775 1806/1853/1806 1807/1855/1807
f 1789/1828/1789 1820/1856/1820 1821/1857/1821
f 1776/1829/1776 1807/1855/1807 1808/1858/1808
f 1763/1830/1763 1794/1859/1794 1795/1860/1795
f 1790/1831/1790 1821/1857/1821 1822/1861/1822
f 1777/1832/1777 1808/1858/1808 1809/1862/1809
f 1764/1833/1764 1795/1860/1795 1796/1863/1796
f 1791/1834/1791 1822/1861/1822 1823/1864/1823
f 1778/1835/1778 1809/1862/1809 1810/1865/1810
f 1765/1836/1765 1796/1863/1796 1797/1866/1797
f 1792/1837/1792 1823/1864/1823 1824/1867/1824
f 1779/1838/1779 1810/1865/1810 1811/1868/1811
f 1766/1839/1766 1797/1866/1797 1798/1869/1798
f 1793/1840/1793 1824/1867/1824 1825/1870/1825
f 1780/1841/1780 1811/1868/1811 1812/1871/1812
f 1767/1842/1767 1798/1869/1798 1799/1844/1799
f 1762/1843/1762 1825/1870/1825 1794/1859/1794
f 1781/1813/1781 1812/1871/1812 1813/1872/1813
f 1768/1778/1768 1799/1844/1799 1800/1846/1800
f 1782/1814/1782 1813/1872/1813 1814/1873/1814
f 1769/1815/1769 1800/1846/1800 1801/1874/1801
f 1783/1816/1783 1814/1873/1814 1815/1875/1815
f 1770/1817/1770 1801/1874/1801 1802/1811/1802
f 1784/1818/1784 1815/1875/1815 1816/1847/1816
f 1829/1876/1829 1828/1877/1828 1836/1878/1836
f 1813/1872/1813 1846/1879/1846 1814/1873/1814
f 1801/1874/1801 1832/1845/1832 1833/1880/1833
f 1814/1873/1814 1847/1881/1847 1815/1875/1815
f 1802/1811/1802 1833/1880/1833 1834/1882/1834
f 1815/1875/1815 1848/1883/1848 1816/1847/1816
f 1803/1812/1803 1834/1882/1834 1835/1884/1835
f 1816/1847/1816 1849/1885/1849 1817/1848/1817
f 1804/1849/1804 1835/1884/1835 1836/1878/1836
f 1818/1850/1818 1849/1885/1849 1850/1886/1850
f 1805/1851/1805 1836/1878/1836 1837/1887/1837
f 1819/1852/1819 1850/1886/1850 1851/1888/1851
f 1806/1853/1806 1837/1887/1837 1838/1889/1838
f 1820/1854/1820 1851/1888/1851 1852/1890/1852
f 1807/1855/1807 1838/1889/1838 1839/1891/1839
f 1821/1857/1821 1852/1890/1852 1853/1892/1853
f 1808/1858/1808 1839/1891/1839 1840/1893/1840
f 1794/1859/1794 1827/1894/1827 1795/1860/1795
f 1822/1861/1822 1853/1892/1853 1854/1895/1854
f 1809/1862/1809 1840/1893/1840 1841/1896/1841
f 1795/1860/1795 1828/1877/1828 1796/1863/1796
f 1822/1861/1822 1855/1897/1855 1823/1864/1823
f 1810/1865/1810 1841/1896/1841 1842/1898/1842
f 1796/1863/1796 1829/1876/1829 1797/1866/1797
f 1823/1864/1823 1856/1899/1856 1824/1867/1824
f 1810/1865/1810 1843/1900/1843 1811/1868/1811
f 1797/1866/1797 1830/1901/1830 1798/1869/1798
f 1824/1867/1824 1857/1902/1857 1825/1870/1825
f 1811/1868/1811 1844/1903/1844 1812/1871/1812
f 1798/1869/1798 1831/1904/1831 1799/1844/1799
f 1825/1870/1825 1826/1905/1826 1794/1859/1794
f 1812/1871/1812 1845/1906/1845 1813/1872/1813
f 1858/1907/1858 1890/1908/1890 1859/1909/1859
f 1859/1909/1859 1890/1908/1890 1860/1910/1860
f 1860/1910/1860 1890/1908/1890 1861/1911/1861
f 1861/1911/1861 1890/1908/1890 1862/1912/1862
f 1862/1912/1862 1890/1908/1890 1863/1913/1863
f 1863/1913/1863 1890/1908/1890 1864/1914/1864
f 1864/1914/1864 1890/1908/1890 1865/1915/1865
f 1865/1915/1865 1890/1908/1890 1866/1916/1866
f 1866/1917/1866 1890/1918/1890 1867/1919/1867
f 1867/1919/1867 1890/1918/1890 1868/1920/1868
f 1868/1920/1868 1890/1918/1890 1869/1921/1869
f 1869/1921/1869 1890/1918/1890 1870/1922/1870
f 1870/1922/1870 1890/1918/1890 1871/1923/1871
f 1871/1923/1871 1890/1918/1890 1872/1924/1872
f 1872/1924/1872 1890/1918/1890 1873/1925/1873
f 1873/1925/1873 1890/1918/1890 1874/1926/1874
f 1874/1926/1874 1890/1918/1890 1875/1927/1875
f 1875/1927/1875 1890/1918/1890 1876/1928/1876
f 1876/1928/1876 1890/1918/1890 1877/1929/1877
f 1877/1929/1877 1890/1918/1890 1878/1930/1878
f 1878/1930/1878 1890/1918/1890 1879/1931/1879
f 1879/1931/1879 1890/1918/1890 1880/1932/1880
f 1880/1932/1880 1890/1918/1890 1881/1933/1881
f 1881/1933/1881 1890/1918/1890 1882/1934/1882
f 1882/1934/1882 1890/1918/1890 1883/1935/1883
f 1883/1936/1883 1890/1908/1890 1884/1937/1884
f 1884/1937/1884 1890/1908/1890 1885/1938/1885
f 1885/1938/1885 1890/1908/1890 1886/1939/1886
f 1886/1939/1886 1890/1908/1890 1887/1940/1887
f 1887/1940/1887 1890/1908/1890 1888/1941/1888
f 1869/1921/1869 1903/1942/1903 1902/1943/1902
f 1888/1941/1888 1890/1908/1890 1889/1944/1889
f 1889/1944/1889 1890/1908/1890 1858/1907/1858
f 1877/1929/1877 1909/1945/1909 1876/1928/1876
f 1884/1937/1884 1916/1946/1916 1883/1936/1883
f 1863/1913/1863 1897/1947/1897 1896/1948/1896
f 1871/1923/1871 1903/1942/1903 1870/1922/1870
f 1878/1930/1878 1910/1949/1910 1877/1929/1877
f 1885/1938/1885 1917/1950/1917 1884/1937/1884
f 1864/1914/1864 1898/1951/1898 1897/1947/1897
f 1858/1907/1858 1892/1952/1892 1891/1953/1891
f 1872/1924/1872 1904/1954/1904 1871/1923/1871
f 1879/1931/1879 1911/1955/1911 1878/1930/1878
f 1886/1939/1886 1918/1956/1918 1885/1938/1885
f 1865/1915/1865 1899/1957/1899 1898/1951/1898
f 1873/1925/1873 1905/1958/1905 1872/1924/1872
f 1880/1932/1880 1912/1959/1912 1879/1931/1879
f 1859/1909/1859 1893/1960/1893 1892/1952/1892
f 1887/1940/1887 1919/1961/1919 1886/1939/1886
f 1866/1917/1866 1900/1962/1900 1899/1963/1899
f 1874/1926/1874 1906/1964/1906 1873/1925/1873
f 1881/1933/1881 1913/1965/1913 1880/1932/1880
f 1860/1910/1860 1894/1966/1894 1893/1960/1893
f 1888/1941/1888 1920/1967/1920 1887/1940/1887
f 1867/1919/1867 1901/1968/1901 1900/1962/1900
f 1875/1927/1875 1907/1969/1907 1874/1926/1874
f 1882/1934/1882 1914/1970/1914 1881/1933/1881
f 1861/1911/1861 1895/1971/1895 1894/1966/1894
f 1889/1944/1889 1921/1972/1921 1888/1941/1888
f 1868/1920/1868 1902/1943/1902 1901/1968/1901
f 1876/1928/1876 1908/1973/1908 1875/1927/1875
f 1883/1935/1883 1915/1974/1915 1882/1934/1882
f 1862/1912/1862 1896/1948/1896 1895/1971/1895
f 1889/1944/1889 1891/1953/1891 1922/1975/1922
f 1952/1976/1952 1953/1977/1953 1924/1978/1924
f 1957/1979/1957 1955/1980/1955 1956/1981/1956
f 1959/1982/1959 1958/1983/1958 1957/1979/1957
f 1961/1984/1961 1960/1985/1960 1959/1982/1959
f 1963/1986/1963 1962/1987/1962 1961/1984/1961
f 1963/1986/1963 1966/1988/1966 1964/1989/1964
f 1965/1990/1965 1968/1991/1968 1966/1988/1966
f 1967/1992/1967 1970/1993/1970 1968/1991/1968
f 1969/1994/1969 1972/1995/1972 1970/1993/1970
f 1971/1996/1971 1974/1997/1974 1972/1998/1972
f 1973/1999/1973 1976/2000/1976 1974/1997/1974
f 1975/2001/1975 1978/2002/1978 1976/2000/1976
f 1977/2003/1977 1980/2004/1980 1978/2002/1978
f 1979/2005/1979 1982/2006/1982 1980/2004/1980
f 1981/2007/1981 1984/2008/1984 1982/2006/1982
f 1983/2009/1983 1986/2010/1986 1984/2008/1984
f 1987/2011/1987 1986/2010/1986 1985/2012/1985
f 1989/2013/1989 1988/2014/1988 1987/2011/1987
f 1991/2015/1991 1990/2016/1990 1989/2013/1989
f 1993/2017/1993 1992/2018/1992 1991/2015/1991
f 1995/2019/1995 1994/2020/1994 1993/2017/1993
f 1997/2021/1997 1996/2022/1996 1995/2019/1995
f 1999/2023/1999 1998/2024/1998 1997/2021/1997
f 2001/2025/2001 2000/2026/2000 1999/2023/1999
f 2003/2027/2003 2002/2028/2002 2001/2025/2001
f 2005/2029/2005 2004/2030/2004 2003/2027/2003
f 2007/2031/2007 2006/2032/2006 2005/2033/2005
f 2009/2034/2009 2008/2035/2008 2007/2031/2007
f 2009/2034/2009 2012/2036/2012 2010/2037/2010
f 2011/2038/2011 2014/2039/2014 2012/2036/2012
f 2013/2040/2013 2016/2041/2016 2014/2039/2014
f 2015/2042/2015 2018/2043/2018 2016/2041/2016
f 2017/2044/2017 1955/1980/1955 2018/2043/2018
f 1958/1983/1958 1923/2045/1923 1955/1980/1955
f 1922/1975/1922 1956/1981/1956 2017/2044/2017
f 1891/1953/1891 1957/1979/1957 1956/1981/1956
f 1955/1980/1955 1954/2046/1954 2018/2043/2018
f 1960/1985/1960 1924/1978/1924 1958/1983/1958
f 1892/1952/1892 1959/1982/1959 1957/1979/1957
f 1962/1987/1962 1925/2047/1925 1960/1985/1960
f 1893/1960/1893 1961/1984/1961 1959/1982/1959
f 1964/1989/1964 1926/2048/1926 1962/1987/1962
f 1894/1966/1894 1963/1986/1963 1961/1984/1961
f 1966/1988/1966 1927/2049/1927 1964/1989/1964
f 1895/1971/1895 1965/1990/1965 1963/1986/1963
f 1968/1991/1968 1928/2050/1928 1966/1988/1966
f 1896/1948/1896 1967/1992/1967 1965/1990/1965
f 1968/1991/1968 1930/2051/1930 1929/2052/1929
f 1897/1947/1897 1969/1994/1969 1967/1992/1967
f 1970/1993/1970 1931/2053/1931 1930/2051/1930
f 1898/1951/1898 1971/2054/1971 1969/1994/1969
f 1972/1998/1972 1932/2055/1932 1931/2053/1931
f 1899/1963/1899 1973/1999/1973 1971/1996/1971
f 1974/1997/1974 1933/2056/1933 1932/2055/1932
f 1900/1962/1900 1975/2001/1975 1973/1999/1973
f 1976/2000/1976 1934/2057/1934 1933/2056/1933
f 1901/1968/1901 1977/2003/1977 1975/2001/1975
f 1978/2002/1978 1935/2058/1935 1934/2057/1934
f 1902/1943/1902 1979/2005/1979 1977/2003/1977
f 1980/2004/1980 1936/2059/1936 1935/2058/1935
f 1903/1942/1903 1981/2007/1981 1979/2005/1979
f 1982/2006/1982 1937/2060/1937 1936/2059/1936
f 1904/1954/1904 1983/2009/1983 1981/2007/1981
f 1984/2008/1984 1938/2061/1938 1937/2060/1937
f 1905/1958/1905 1985/2012/1985 1983/2009/1983
f 1988/2014/1988 1938/2061/1938 1986/2010/1986
f 1907/1969/1907 1985/2012/1985 1906/1964/1906
f 1990/2016/1990 1939/2062/1939 1988/2014/1988
f 1908/1973/1908 1987/2011/1987 1907/1969/1907
f 1992/2018/1992 1940/2063/1940 1990/2016/1990
f 1909/1945/1909 1989/2013/1989 1908/1973/1908
f 1994/2020/1994 1941/2064/1941 1992/2018/1992
f 1910/1949/1910 1991/2015/1991 1909/1945/1909
f 1996/2022/1996 1942/2065/1942 1994/2020/1994
f 1911/1955/1911 1993/2017/1993 1910/1949/1910
f 1998/2024/1998 1943/2066/1943 1996/2022/1996
f 1912/1959/1912 1995/2019/1995 1911/1955/1911
f 2000/2026/2000 1944/2067/1944 1998/2024/1998
f 1913/1965/1913 1997/2021/1997 1912/1959/1912
f 2002/2028/2002 1945/2068/1945 2000/2026/2000
f 1914/1970/1914 1999/2023/1999 1913/1965/1913
f 2004/2030/2004 1946/2069/1946 2002/2028/2002
f 1915/1974/1915 2001/2025/2001 1914/1970/1914
f 2004/2030/2004 1948/2070/1948 1947/2071/1947
f 1916/2072/1916 2003/2027/2003 1915/1974/1915
f 2006/2032/2006 1949/2073/1949 1948/2070/1948
f 1917/1950/1917 2005/2033/2005 1916/1946/1916
f 2008/2035/2008 1950/2074/1950 1949/2073/1949
f 1918/1956/1918 2007/2031/2007 1917/1950/1917
f 2010/2037/2010 1951/2075/1951 1950/2074/1950
f 1919/1961/1919 2009/2034/2009 1918/1956/1918
f 2012/2036/2012 1952/1976/1952 1951/2075/1951
f 1920/1967/1920 2011/2038/2011 1919/1961/1919
f 2014/2039/2014 1953/1977/1953 1952/1976/1952
f 1921/1972/1921 2013/2040/2013 1920/1967/1920
f 2016/2041/2016 1954/2046/1954 1953/1977/1953
f 1922/1975/1922 2015/2042/2015 1921/1972/1921
f 2019/2076/2019 2051/2077/2051 2020/2078/2020
f 2020/2078/2020 2051/2077/2051 2021/2079/2021
f 2021/2079/2021 2051/2077/2051 2022/2080/2022
f 2022/2080/2022 2051/2077/2051 2023/2081/2023
f 2023/2081/2023 2051/2077/2051 2024/2082/2024
f 2024/2082/2024 2051/2077/2051 2025/2083/2025
f 2025/2083/2025 2051/2077/2051 2026/2084/2026
f 2026/2084/2026 2051/2077/2051 2027/2085/2027
f 2027/2086/2027 2051/2087/2051 2028/2088/2028
f 2028/2088/2028 2051/2087/2051 2029/2089/2029
f 2029/2089/2029 2051/2087/2051 2030/2090/2030
f 2030/2090/2030 2051/2087/2051 2031/2091/2031
f 2031/2091/2031 2051/2087/2051 2032/2092/2032
f 2032/2092/2032 2051/2087/2051 2033/2093/2033
f 2033/2093/2033 2051/2087/2051 2034/2094/2034
f 2034/2094/2034 2051/2087/2051 2035/2095/2035
f 2035/2095/2035 2051/2087/2051 2036/2096/2036
f 2036/2096/2036 2051/2087/2051 2037/2097/2037
f 2037/2097/2037 2051/2087/2051 2038/2098/2038
f 2038/2098/2038 2051/2087/2051 2039/2099/2039
f 2039/2099/2039 2051/2087/2051 2040/2100/2040
f 2040/2100/2040 2051/2087/2051 2041/2101/2041
f 2041/2101/2041 2051/2087/2051 2042/2102/2042
f 2042/2102/2042 2051/2087/2051 2043/2103/2043
f 2043/2104/2043 2051/2077/2051 2044/2105/2044
f 2044/2105/2044 2051/2077/2051 2045/2106/2045
f 2045/2106/2045 2051/2077/2051 2046/2107/2046
f 2046/2107/2046 2051/2077/2051 2047/2108/2047
f 2047/2108/2047 2051/2077/2051 2048/2109/2048
f 2048/2109/2048 2051/2077/2051 2049/2110/2049
f 2031/2091/2031 2063/2111/2063 2030/2090/2030
f 2049/2110/2049 2051/2077/2051 2050/2112/2050
f 2050/2112/2050 2051/2077/2051 2019/2076/2019
f 2037/2097/2037 2071/2113/2071 2070/2114/2070
f 2045/2106/2045 2077/2115/2077 2044/2105/2044
f 2024/2082/2024 2058/2116/2058 2057/2117/2057
f 2032/2092/2032 2064/2118/2064 2031/2091/2031
f 2038/2098/2038 2072/2119/2072 2071/2113/2071
f 2046/2107/2046 2078/2120/2078 2045/2106/2045
f 2025/2083/2025 2059/2121/2059 2058/2116/2058
f 2019/2076/2019 2053/2122/2053 2052/2123/2052
f 2033/2093/2033 2065/2124/2065 2032/2092/2032
f 2039/2099/2039 2073/2125/2073 2072/2119/2072
f 2047/2108/2047 2079/2126/2079 2046/2107/2046
f 2026/2084/2026 2060/2127/2060 2059/2121/2059
f 2034/2094/2034 2066/2128/2066 2033/2093/2033
f 2041/2101/2041 2073/2125/2073 2040/2100/2040
f 2020/2078/2020 2054/2129/2054 2053/2122/2053
f 2048/2109/2048 2080/2130/2080 2047/2108/2047
f 2027/2086/2027 2061/2131/2061 2060/2132/2060
f 2035/2095/2035 2067/2133/2067 2034/2094/2034
f 2042/2102/2042 2074/2134/2074 2041/2101/2041
f 2021/2079/2021 2055/2135/2055 2054/2129/2054
f 2049/2110/2049 2081/2136/2081 2048/2109/2048
f 2028/2088/2028 2062/2137/2062 2061/2131/2061
f 2035/2095/2035 2069/2138/2069 2068/2139/2068
f 2043/2103/2043 2075/2140/2075 2042/2102/2042
f 2022/2080/2022 2056/2141/2056 2055/2135/2055
f 2050/2112/2050 2082/2142/2082 2049/2110/2049
f 2029/2089/2029 2063/2111/2063 2062/2137/2062
f 2036/2096/2036 2070/2114/2070 2069/2138/2069
f 2044/2105/2044 2076/2143/2076 2043/2104/2043
f 2023/2081/2023 2057/2117/2057 2056/2141/2056
f 2019/2076/2019 2083/2144/2083 2050/2112/2050
f 2113/2145/2113 2114/2146/2114 2086/2147/2086
f 2118/2148/2118 2116/2149/2116 2117/2150/2117
f 2120/2151/2120 2119/2152/2119 2118/2148/2118
f 2122/2153/2122 2121/2154/2121 2120/2151/2120
f 2124/2155/2124 2123/2156/2123 2122/2153/2122
f 2126/2157/2126 2125/2158/2125 2124/2155/2124
f 2128/2159/2128 2127/2160/2127 2126/2157/2126
f 2128/2159/2128 2131/2161/2131 2129/2162/2129
f 2130/2163/2130 2133/2164/2133 2131/2161/2131
f 2132/2165/2132 2135/2166/2135 2133/2167/2133
f 2134/2168/2134 2137/2169/2137 2135/2166/2135
f 2136/2170/2136 2139/2171/2139 2137/2169/2137
f 2138/2172/2138 2141/2173/2141 2139/2171/2139
f 2140/2174/2140 2143/2175/2143 2141/2173/2141
f 2142/2176/2142 2145/2177/2145 2143/2175/2143
f 2144/2178/2144 2147/2179/2147 2145/2177/2145
f 2146/2180/2146 2149/2181/2149 2147/2179/2147
f 2150/2182/2150 2149/2181/2149 2148/2183/2148
f 2152/2184/2152 2151/2185/2151 2150/2182/2150
f 2154/2186/2154 2153/2187/2153 2152/2184/2152
f 2156/2188/2156 2155/2189/2155 2154/2186/2154
f 2158/2190/2158 2157/2191/2157 2156/2188/2156
f 2160/2192/2160 2159/2193/2159 2158/2190/2158
f 2162/2194/2162 2161/2195/2161 2160/2192/2160
f 2164/2196/2164 2163/2197/2163 2162/2194/2162
f 2166/2198/2166 2165/2199/2165 2164/2200/2164
f 2168/2201/2168 2167/2202/2167 2166/2198/2166
f 2168/2201/2168 2171/2203/2171 2169/2204/2169
f 2170/2205/2170 2173/2206/2173 2171/2203/2171
f 2172/2207/2172 2175/2208/2175 2173/2206/2173
f 2174/2209/2174 2177/2210/2177 2175/2208/2175
f 2176/2211/2176 2179/2212/2179 2177/2210/2177
f 2178/2213/2178 2116/2149/2116 2179/2212/2179
f 2119/2152/2119 2084/2214/2084 2116/2149/2116
f 2052/2123/2052 2178/2213/2178 2083/2144/2083
f 2052/2123/2052 2118/2148/2118 2117/2150/2117
f 2179/2212/2179 2084/2214/2084 2115/2215/2115
f 2121/2154/2121 2085/2216/2085 2119/2152/2119
f 2053/2122/2053 2120/2151/2120 2118/2148/2118
f 2123/2156/2123 2086/2147/2086 2121/2154/2121
f 2054/2129/2054 2122/2153/2122 2120/2151/2120
f 2125/2158/2125 2087/2217/2087 2123/2156/2123
f 2055/2135/2055 2124/2155/2124 2122/2153/2122
f 2127/2160/2127 2088/2218/2088 2125/2158/2125
f 2056/2141/2056 2126/2157/2126 2124/2155/2124
f 2129/2162/2129 2089/2219/2089 2127/2160/2127
f 2057/2117/2057 2128/2159/2128 2126/2157/2126
f 2131/2161/2131 2090/2220/2090 2129/2162/2129
f 2058/2116/2058 2130/2163/2130 2128/2159/2128
f 2131/2161/2131 2092/2221/2092 2091/2222/2091
f 2059/2121/2059 2132/2223/2132 2130/2163/2130
f 2133/2167/2133 2093/2224/2093 2092/2221/2092
f 2060/2132/2060 2134/2168/2134 2132/2165/2132
f 2135/2166/2135 2094/2225/2094 2093/2224/2093
f 2061/2131/2061 2136/2170/2136 2134/2168/2134
f 2137/2169/2137 2095/2226/2095 2094/2225/2094
f 2062/2137/2062 2138/2172/2138 2136/2170/2136
f 2139/2171/2139 2096/2227/2096 2095/2226/2095
f 2063/2111/2063 2140/2174/2140 2138/2172/2138
f 2141/2173/2141 2097/2228/2097 2096/2227/2096
f 2064/2118/2064 2142/2176/2142 2140/2174/2140
f 2143/2175/2143 2098/2229/2098 2097/2228/2097
f 2065/2124/2065 2144/2178/2144 2142/2176/2142
f 2145/2177/2145 2099/2230/2099 2098/2229/2098
f 2066/2128/2066 2146/2180/2146 2144/2178/2144
f 2147/2179/2147 2100/2231/2100 2099/2230/2099
f 2067/2133/2067 2148/2183/2148 2146/2180/2146
f 2151/2185/2151 2100/2231/2100 2149/2181/2149
f 2068/2139/2068 2150/2182/2150 2148/2183/2148
f 2153/2187/2153 2101/2232/2101 2151/2185/2151
f 2070/2114/2070 2150/2182/2150 2069/2138/2069
f 2155/2189/2155 2102/2233/2102 2153/2187/2153
f 2071/2113/2071 2152/2184/2152 2070/2114/2070
f 2157/2191/2157 2103/2234/2103 2155/2189/2155
f 2072/2119/2072 2154/2186/2154 2071/2113/2071
f 2159/2193/2159 2104/2235/2104 2157/2191/2157
f 2073/2125/2073 2156/2188/2156 2072/2119/2072
f 2161/2195/2161 2105/2236/2105 2159/2193/2159
f 2074/2134/2074 2158/2190/2158 2073/2125/2073
f 2163/2197/2163 2106/2237/2106 2161/2195/2161
f 2075/2140/2075 2160/2192/2160 2074/2134/2074
f 2165/2238/2165 2107/2239/2107 2163/2197/2163
f 2076/2240/2076 2162/2194/2162 2075/2140/2075
f 2167/2202/2167 2108/2241/2108 2165/2199/2165
f 2077/2115/2077 2164/2200/2164 2076/2143/2076
f 2167/2202/2167 2110/2242/2110 2109/2243/2109
f 2078/2120/2078 2166/2198/2166 2077/2115/2077
f 2169/2204/2169 2111/2244/2111 2110/2242/2110
f 2079/2126/2079 2168/2201/2168 2078/2120/2078
f 2171/2203/2171 2112/2245/2112 2111/2244/2111
f 2080/2130/2080 2170/2205/2170 2079/2126/2079
f 2173/2206/2173 2113/2145/2113 2112/2245/2112
f 2081/2136/2081 2172/2207/2172 2080/2130/2080
f 2175/2208/2175 2114/2146/2114 2113/2145/2113
f 2082/2142/2082 2174/2209/2174 2081/2136/2081
f 2177/2210/2177 2115/2215/2115 2114/2146/2114
f 2083/2144/2083 2176/2211/2176 2082/2142/2082
f 13/16/13 46/43/46 45/36/45
f 19/22/19 20/23/20 53/38/53
f 27/31/27 60/45/60 59/40/59
f 7/8/7 40/46/40 39/41/39
f 13/16/13 14/17/14 47/42/47
f 20/23/20 21/24/21 54/44/54
f 28/32/28 61/50/61 60/45/60
f 8/9/8 41/51/41 40/46/40
f 1/1/1 2/3/2 35/47/35
f 14/17/14 15/18/15 48/49/48
f 22/25/22 55/53/55 54/44/54
f 29/33/29 62/56/62 61/50/61
f 9/10/9 42/57/42 41/51/41
f 15/18/15 16/19/16 49/52/49
f 23/26/23 56/59/56 55/53/55
f 2/3/2 3/4/3 36/54/36
f 29/33/29 30/34/30 63/55/63
f 10/11/10 43/149/43 42/57/42
f 16/19/16 17/20/17 50/58/50
f 24/27/24 57/64/57 56/59/56
f 3/4/3 4/5/4 37/60/37
f 30/34/30 31/35/31 64/61/64
f 11/14/11 44/67/44 43/62/43
f 17/20/17 18/21/18 51/63/51
f 25/28/25 58/165/58 57/64/57
f 4/5/4 5/6/5 38/65/38
f 31/35/31 32/37/32 65/66/65
f 12/15/12 45/36/45 44/67/44
f 18/21/18 19/22/19 52/39/52
f 26/30/26 59/40/59 58/68/58
f 6/7/6 39/41/39 38/65/38
f 32/37/32 1/1/1 34/48/34
f 97/139/97 66/138/66 90/164/90
f 66/138/66 67/140/67 89/163/89
f 67/140/67 68/141/68 88/162/88
f 68/141/68 69/142/69 87/160/87
f 67/140/67 88/162/88 89/163/89
f 69/142/69 70/144/70 86/161/86
f 70/144/70 71/143/71 85/159/85
f 71/143/71 72/145/72 84/158/84
f 72/145/72 73/146/73 83/157/83
f 71/143/71 84/158/84 85/159/85
f 73/146/73 74/147/74 82/156/82
f 74/147/74 75/148/75 81/155/81
f 75/148/75 76/150/76 80/154/80
f 76/150/76 77/151/77 79/153/79
f 75/148/75 80/154/80 81/155/81
f 77/151/77 78/152/78 79/153/79
f 79/153/79 80/154/80 76/150/76
f 81/155/81 82/156/82 74/147/74
f 82/156/82 83/157/83 73/146/73
f 83/157/83 84/158/84 72/145/72
f 85/159/85 86/161/86 70/144/70
f 86/161/86 87/160/87 69/142/69
f 87/160/87 88/162/88 68/141/68
f 89/163/89 90/164/90 66/138/66
f 90/164/90 91/166/91 97/139/97
f 91/166/91 92/71/92 96/70/96
f 92/71/92 93/167/93 95/69/95
f 91/166/91 96/70/96 97/139/97
f 93/167/93 94/168/94 95/69/95
f 100/72/100 101/76/101 98/73/98
f 102/75/102 103/78/103 101/76/101
f 104/77/104 105/80/105 103/78/103
f 106/79/106 107/82/107 105/80/105
f 106/79/106 108/83/108 109/81/109
f 108/83/108 110/85/110 111/84/111
f 110/85/110 112/87/112 113/86/113
f 112/87/112 114/89/114 115/88/115
f 114/89/114 116/2246/116 117/90/117
f 116/91/116 118/94/118 119/92/119
f 118/94/118 120/96/120 121/95/121
f 120/96/120 122/99/122 123/97/123
f 124/98/124 125/101/125 123/97/123
f 126/100/126 127/103/127 125/101/125
f 128/102/128 129/105/129 127/103/127
f 130/104/130 131/107/131 129/105/129
f 132/106/132 133/109/133 131/107/131
f 134/108/134 135/111/135 133/109/133
f 136/110/136 137/113/137 135/111/135
f 138/112/138 139/115/139 137/113/137
f 138/112/138 140/116/140 141/114/141
f 140/116/140 142/118/142 143/117/143
f 142/118/142 144/120/144 145/119/145
f 144/120/144 146/2247/146 147/121/147
f 146/122/146 148/125/148 149/123/149
f 148/125/148 150/127/150 151/126/151
f 150/127/150 152/129/152 153/128/153
f 152/129/152 154/132/154 155/130/155
f 156/131/156 157/134/157 155/130/155
f 158/133/158 159/136/159 157/134/157
f 160/135/160 161/137/161 159/136/159
f 99/74/99 98/73/98 161/137/161
f 101/76/101 67/140/67 66/138/66
f 65/66/65 34/48/34 99/74/99
f 34/48/34 35/47/35 100/72/100
f 98/73/98 66/138/66 97/139/97
f 103/78/103 68/141/68 67/140/67
f 35/47/35 36/54/36 102/75/102
f 105/80/105 69/142/69 68/141/68
f 36/54/36 37/60/37 104/77/104
f 107/82/107 70/144/70 69/142/69
f 37/60/37 38/65/38 106/79/106
f 107/82/107 109/81/109 71/143/71
f 39/41/39 108/83/108 106/79/106
f 109/81/109 111/84/111 72/145/72
f 40/46/40 110/85/110 108/83/108
f 111/84/111 113/86/113 73/146/73
f 41/51/41 112/87/112 110/85/110
f 113/86/113 115/88/115 74/147/74
f 42/57/42 114/89/114 112/87/112
f 115/88/115 117/90/117 75/148/75
f 43/149/43 116/2246/116 114/89/114
f 117/93/117 119/92/119 76/150/76
f 44/67/44 118/94/118 116/91/116
f 119/92/119 121/95/121 77/151/77
f 45/36/45 120/96/120 118/94/118
f 121/95/121 123/97/123 78/152/78
f 46/43/46 122/99/122 120/96/120
f 125/101/125 79/153/79 78/152/78
f 46/43/46 47/42/47 124/98/124
f 127/103/127 80/154/80 79/153/79
f 47/42/47 48/49/48 126/100/126
f 129/105/129 81/155/81 80/154/80
f 48/49/48 49/52/49 128/102/128
f 131/107/131 82/156/82 81/155/81
f 49/52/49 50/58/50 130/104/130
f 133/109/133 83/157/83 82/156/82
f 50/58/50 51/63/51 132/106/132
f 135/111/135 84/158/84 83/157/83
f 51/63/51 52/39/52 134/108/134
f 137/113/137 85/159/85 84/158/84
f 52/39/52 53/38/53 136/110/136
f 139/115/139 86/161/86 85/159/85
f 53/38/53 54/44/54 138/112/138
f 139/115/139 141/114/141 87/160/87
f 55/53/55 140/116/140 138/112/138
f 141/114/141 143/117/143 88/162/88
f 56/59/56 142/118/142 140/116/140
f 143/117/143 145/119/145 89/163/89
f 57/64/57 144/120/144 142/118/142
f 145/119/145 147/121/147 90/164/90
f 58/165/58 146/2247/146 144/120/144
f 147/124/147 149/123/149 91/166/91
f 59/40/59 148/125/148 146/122/146
f 149/123/149 151/126/151 92/71/92
f 60/45/60 150/127/150 148/125/148
f 151/126/151 153/128/153 93/167/93
f 61/50/61 152/129/152 150/127/150
f 153/128/153 155/130/155 94/168/94
f 62/56/62 154/132/154 152/129/152
f 157/134/157 95/69/95 94/168/94
f 62/56/62 63/55/63 156/131/156
f 159/136/159 96/70/96 95/69/95
f 63/55/63 64/61/64 158/133/158
f 161/137/161 97/139/97 96/70/96
f 64/61/64 65/66/65 160/135/160
f 162/169/162 163/234/163 165/170/165
f 164/171/164 165/170/165 167/172/167
f 166/173/166 167/172/167 169/174/169
f 168/175/168 169/174/169 171/176/171
f 170/177/170 171/176/171 173/178/173
f 172/179/172 173/178/173 175/180/175
f 174/181/174 175/180/175 177/182/177
f 176/183/176 177/182/177 179/184/179
f 179/186/179 181/189/181 180/187/180
f 181/189/181 183/191/183 182/190/182
f 183/191/183 185/193/185 184/192/184
f 185/193/185 187/195/187 186/194/186
f 187/195/187 189/197/189 188/196/188
f 189/197/189 191/199/191 190/198/190
f 191/199/191 193/201/193 192/200/192
f 193/201/193 195/203/195 194/202/194
f 195/203/195 197/205/197 196/204/196
f 197/205/197 199/207/199 198/206/198
f 199/207/199 201/209/201 200/208/200
f 201/209/201 203/211/203 202/210/202
f 203/211/203 205/213/205 204/212/204
f 205/213/205 207/215/207 206/214/206
f 207/215/207 209/217/209 208/216/208
f 209/217/209 211/305/211 210/218/210
f 210/218/210 211/305/211 213/219/213
f 212/220/212 213/219/213 215/221/215
f 214/222/214 215/221/215 217/223/217
f 216/224/216 217/223/217 219/225/219
f 218/226/218 219/225/219 221/227/221
f 220/228/220 221/227/221 223/229/223
f 175/180/175 296/331/296 297/231/297
f 222/230/222 223/229/223 225/232/225
f 224/233/224 225/232/225 163/234/163
f 258/235/258 229/259/229 228/236/228
f 257/281/257 226/279/226 242/254/242
f 226/279/226 227/293/227 241/290/241
f 227/293/227 228/236/228 241/290/241
f 228/236/228 229/259/229 240/275/240
f 241/290/241 228/236/228 240/275/240
f 229/259/229 230/273/230 238/242/238
f 230/273/230 231/288/231 237/243/237
f 231/288/231 232/297/232 237/243/237
f 232/297/232 233/250/233 236/283/236
f 237/243/237 232/297/232 236/283/236
f 233/250/233 234/267/234 235/266/235
f 235/266/235 236/283/236 233/250/233
f 237/243/237 238/242/238 230/273/230
f 238/242/238 239/261/239 229/259/229
f 239/261/239 240/275/240 229/259/229
f 241/290/241 242/254/242 226/279/226
f 242/254/242 243/253/243 257/281/257
f 243/253/243 244/269/244 257/281/257
f 244/269/244 245/240/245 256/239/256
f 257/281/257 244/269/244 256/239/256
f 245/240/245 246/245/246 254/286/254
f 246/245/246 247/263/247 253/271/253
f 247/263/247 248/277/248 253/271/253
f 248/277/248 249/292/249 252/256/252
f 253/271/253 248/277/248 252/256/252
f 249/292/249 250/299/250 251/257/251
f 251/257/251 252/256/252 249/292/249
f 253/271/253 254/286/254 246/245/246
f 254/286/254 255/238/255 245/240/245
f 261/241/261 260/260/260 238/242/238
f 262/244/262 247/263/247 246/245/246
f 264/247/264 256/239/256 255/238/255
f 266/249/266 234/267/234 233/250/233
f 269/252/269 268/268/268 243/253/243
f 271/255/271 270/270/270 252/256/252
f 272/258/272 230/273/230 229/259/229
f 260/260/260 273/274/273 239/261/239
f 274/262/274 248/277/248 247/263/247
f 275/264/275 257/281/257 256/239/256
f 266/265/266 276/282/276 235/266/235
f 268/268/268 277/284/277 244/269/244
f 270/270/270 278/285/278 253/271/253
f 279/272/279 231/288/231 230/273/230
f 273/274/273 280/289/280 240/275/240
f 281/276/281 249/292/249 248/277/248
f 282/278/282 227/293/227 226/279/226
f 283/280/283 226/279/226 257/281/257
f 276/282/276 284/294/284 236/283/236
f 277/284/277 285/295/285 245/240/245
f 278/285/278 286/296/286 254/286/254
f 287/287/287 232/297/232 231/288/231
f 280/289/280 288/298/288 241/290/241
f 289/291/289 250/299/250 249/292/249
f 259/237/259 228/236/228 227/293/227
f 284/294/284 261/241/261 237/243/237
f 263/246/263 246/245/246 245/240/245
f 286/296/286 265/248/265 255/238/255
f 267/251/267 233/250/233 232/297/232
f 288/298/288 269/252/269 242/254/242
f 289/291/289 271/255/271 251/257/251
f 212/220/212 271/255/271 289/291/289
f 192/200/192 194/202/194 269/252/269
f 176/183/176 267/251/267 287/287/287
f 220/228/220 265/248/265 286/296/286
f 200/208/200 202/210/202 263/246/263
f 182/190/182 184/192/184 261/241/261
f 166/173/166 259/237/259 282/278/282
f 208/216/208 210/218/210 289/291/289
f 190/198/190 192/200/192 288/298/288
f 174/181/174 287/287/287 279/272/279
f 218/226/218 286/296/286 278/285/278
f 198/206/198 200/208/200 285/295/285
f 180/187/180 182/190/182 284/294/284
f 162/169/162 283/280/283 275/264/275
f 164/171/164 282/278/282 283/280/283
f 206/214/206 208/216/208 281/276/281
f 188/196/188 190/198/190 280/289/280
f 172/179/172 279/272/279 272/258/272
f 216/224/216 278/285/278 270/270/270
f 196/204/196 198/206/198 277/284/277
f 178/188/178 180/187/180 276/282/276
f 224/233/224 275/264/275 264/247/264
f 204/212/204 206/214/206 274/262/274
f 186/194/186 188/196/188 273/274/273
f 170/177/170 272/258/272 258/235/258
f 214/222/214 270/270/270 271/255/271
f 194/202/194 196/204/196 268/268/268
f 178/185/178 266/249/266 267/251/267
f 222/230/222 264/247/264 265/248/265
f 202/210/202 204/212/204 262/244/262
f 184/192/184 186/194/186 260/260/260
f 168/175/168 258/235/258 259/237/259
f 315/300/315 314/332/314 346/301/346
f 195/203/195 193/201/193 305/303/305
f 211/305/211 314/332/314 315/300/315
f 167/172/167 292/333/292 293/306/293
f 187/195/187 185/193/185 301/307/301
f 205/213/205 203/211/203 310/309/310
f 221/227/221 319/334/319 320/311/320
f 177/182/177 297/231/297 298/312/298
f 197/205/197 195/203/195 306/304/306
f 213/219/213 315/300/315 316/314/316
f 169/174/169 293/306/293 294/315/294
f 189/197/189 187/195/187 302/308/302
f 207/215/207 205/213/205 311/310/311
f 223/229/223 320/311/320 321/318/321
f 181/189/181 179/186/179 298/319/298
f 199/207/199 197/205/197 307/313/307
f 215/221/215 316/314/316 317/322/317
f 171/176/171 294/315/294 295/323/295
f 191/199/191 189/197/189 303/316/303
f 209/217/209 207/215/207 312/317/312
f 163/234/163 290/327/290 291/326/291
f 225/232/225 321/318/321 290/327/290
f 183/191/183 181/189/181 299/320/299
f 201/209/201 199/207/199 308/321/308
f 217/223/217 317/322/317 318/330/318
f 173/178/173 295/323/295 296/331/296
f 193/201/193 191/199/191 304/324/304
f 211/305/211 209/217/209 313/325/313
f 165/170/165 291/326/291 292/333/292
f 185/193/185 183/191/183 300/328/300
f 203/211/203 201/209/201 309/329/309
f 219/225/219 318/330/318 319/334/319
f 322/335/322 354/382/354 355/336/355
f 302/308/302 301/307/301 333/338/333
f 315/300/315 347/302/347 348/340/348
f 303/316/303 302/308/302 334/339/334
f 316/314/316 348/340/348 349/342/349
f 304/324/304 303/316/303 335/341/335
f 290/327/290 322/335/322 323/337/323
f 317/322/317 349/342/349 350/344/350
f 305/303/305 304/324/304 336/343/336
f 291/326/291 323/337/323 324/346/324
f 318/330/318 350/344/350 351/347/351
f 306/304/306 305/303/305 337/345/337
f 292/333/292 324/346/324 325/349/325
f 319/334/319 351/347/351 352/350/352
f 307/313/307 306/304/306 338/348/338
f 293/306/293 325/349/325 326/352/326
f 320/311/320 352/350/352 353/353/353
f 308/321/308 307/313/307 339/351/339
f 294/315/294 326/352/326 327/355/327
f 321/318/321 353/353/353 322/335/322
f 309/329/309 308/321/308 340/354/340
f 295/323/295 327/355/327 328/357/328
f 310/309/310 309/329/309 341/356/341
f 296/331/296 328/357/328 329/359/329
f 311/310/311 310/309/310 342/358/342
f 297/231/297 329/359/329 330/361/330
f 312/317/312 311/310/311 343/360/343
f 298/319/298 330/2248/330 331/363/331
f 313/325/313 312/317/312 344/362/344
f 300/328/300 299/320/299 331/363/331
f 314/332/314 313/325/313 345/364/345
f 301/307/301 300/328/300 332/365/332
f 367/366/367 366/397/366 398/367/398
f 349/342/349 381/399/381 382/369/382
f 337/345/337 336/343/336 368/370/368
f 323/337/323 355/336/355 356/372/356
f 350/344/350 382/369/382 383/373/383
f 338/348/338 337/345/337 369/371/369
f 324/346/324 356/372/356 357/375/357
f 351/347/351 383/373/383 384/376/384
f 339/351/339 338/348/338 370/374/370
f 325/349/325 357/375/357 358/378/358
f 352/350/352 384/376/384 385/379/385
f 340/354/340 339/351/339 371/377/371
f 326/352/326 358/378/358 359/381/359
f 353/353/353 385/379/385 354/382/354
f 341/356/341 340/354/340 372/380/372
f 327/355/327 359/381/359 360/384/360
f 342/358/342 341/356/341 373/383/373
f 328/357/328 360/384/360 361/386/361
f 343/360/343 342/358/342 374/385/374
f 329/359/329 361/386/361 362/388/362
f 344/362/344 343/360/343 375/387/375
f 331/363/331 330/2248/330 362/390/362
f 345/364/345 344/362/344 376/389/376
f 332/365/332 331/363/331 363/391/363
f 346/301/346 345/364/345 377/392/377
f 333/338/333 332/365/332 364/393/364
f 346/301/346 378/394/378 379/396/379
f 334/339/334 333/338/333 365/395/365
f 347/302/347 379/396/379 380/398/380
f 335/341/335 334/339/334 366/397/366
f 348/340/348 380/398/380 381/399/381
f 336/343/336 335/341/335 367/366/367
f 402/400/402 401/407/401 433/401/433
f 380/398/380 412/432/412 413/403/413
f 368/370/368 367/366/367 399/368/399
f 354/382/354 386/417/386 387/405/387
f 381/399/381 413/403/413 414/406/414
f 369/371/369 368/370/368 400/404/400
f 355/336/355 387/405/387 388/408/388
f 382/369/382 414/406/414 415/409/415
f 370/374/370 369/371/369 401/407/401
f 356/372/356 388/408/388 389/410/389
f 383/373/383 415/409/415 416/411/416
f 371/377/371 370/374/370 402/400/402
f 357/375/357 389/410/389 390/413/390
f 384/376/384 416/411/416 417/414/417
f 372/380/372 371/377/371 403/412/403
f 358/378/358 390/413/390 391/416/391
f 385/379/385 417/414/417 386/417/386
f 373/383/373 372/380/372 404/415/404
f 359/381/359 391/416/391 392/419/392
f 374/385/374 373/383/373 405/418/405
f 360/384/360 392/419/392 393/421/393
f 375/387/375 374/385/374 406/420/406
f 361/386/361 393/421/393 394/423/394
f 376/389/376 375/387/375 407/422/407
f 363/391/363 362/390/362 394/425/394
f 377/392/377 376/389/376 408/424/408
f 364/393/364 363/391/363 395/426/395
f 378/394/378 377/392/377 409/427/409
f 365/395/365 364/393/364 396/428/396
f 378/394/378 410/429/410 411/431/411
f 366/397/366 365/395/365 397/430/397
f 379/396/379 411/431/411 412/432/412
f 437/433/437 436/441/436 468/434/468
f 388/408/388 420/464/420 421/436/421
f 415/409/415 447/465/447 448/437/448
f 403/412/403 402/400/402 434/402/434
f 389/410/389 421/436/421 422/439/422
f 416/411/416 448/437/448 449/440/449
f 404/415/404 403/412/403 435/438/435
f 390/413/390 422/439/422 423/442/423
f 417/414/417 449/440/449 418/443/418
f 405/418/405 404/415/404 436/441/436
f 391/416/391 423/442/423 424/444/424
f 406/420/406 405/418/405 437/433/437
f 392/419/392 424/444/424 425/446/425
f 407/422/407 406/420/406 438/445/438
f 393/421/393 425/446/425 426/448/426
f 408/424/408 407/422/407 439/447/439
f 395/426/395 394/425/394 426/450/426
f 409/427/409 408/424/408 440/449/440
f 396/428/396 395/426/395 427/451/427
f 410/429/410 409/427/409 441/452/441
f 397/430/397 396/428/396 428/453/428
f 410/429/410 442/454/442 443/456/443
f 398/367/398 397/430/397 429/455/429
f 411/431/411 443/456/443 444/458/444
f 399/368/399 398/367/398 430/457/430
f 412/432/412 444/458/444 445/460/445
f 400/404/400 399/368/399 431/459/431
f 386/417/386 418/443/418 419/462/419
f 413/403/413 445/460/445 446/463/446
f 401/407/401 400/404/400 432/461/432
f 387/405/387 419/462/419 420/464/420
f 414/406/414 446/463/446 447/465/447
f 472/466/472 471/472/471 503/467/503
f 423/442/423 455/496/455 456/469/456
f 438/445/438 437/433/437 469/435/469
f 424/444/424 456/469/456 457/471/457
f 439/447/439 438/445/438 470/470/470
f 425/446/425 457/471/457 458/473/458
f 440/449/440 439/447/439 471/472/471
f 426/450/426 458/2249/458 459/474/459
f 441/452/441 440/449/440 472/466/472
f 428/453/428 427/451/427 459/474/459
f 442/454/442 441/452/441 473/475/473
f 429/455/429 428/453/428 460/476/460
f 442/454/442 474/477/474 475/479/475
f 430/457/430 429/455/429 461/478/461
f 443/456/443 475/479/475 476/481/476
f 431/459/431 430/457/430 462/480/462
f 444/458/444 476/481/476 477/483/477
f 432/461/432 431/459/431 463/482/463
f 418/443/418 450/497/450 451/485/451
f 445/460/445 477/483/477 478/486/478
f 433/401/433 432/461/432 464/484/464
f 419/462/419 451/485/451 452/488/452
f 446/463/446 478/486/478 479/489/479
f 434/402/434 433/401/433 465/487/465
f 420/464/420 452/488/452 453/491/453
f 447/465/447 479/489/479 480/492/480
f 435/438/435 434/402/434 466/490/466
f 421/436/421 453/491/453 454/494/454
f 448/437/448 480/492/480 481/495/481
f 436/441/436 435/438/435 467/493/467
f 422/439/422 454/494/454 455/496/455
f 449/440/449 481/495/481 450/497/450
f 507/498/507 506/505/506 538/499/538
f 459/474/459 458/2249/458 490/501/490
f 473/475/473 472/466/472 504/468/504
f 460/476/460 459/474/459 491/502/491
f 474/477/474 473/475/473 505/503/505
f 461/478/461 460/476/460 492/504/492
f 474/477/474 506/505/506 507/498/507
f 462/480/462 461/478/461 493/506/493
f 475/479/475 507/498/507 508/508/508
f 463/482/463 462/480/462 494/507/494
f 476/481/476 508/508/508 509/510/509
f 464/484/464 463/482/463 495/509/495
f 450/497/450 482/525/482 483/512/483
f 477/483/477 509/510/509 510/513/510
f 465/487/465 464/484/464 496/511/496
f 451/485/451 483/512/483 484/515/484
f 478/486/478 510/513/510 511/516/511
f 466/490/466 465/487/465 497/514/497
f 452/488/452 484/515/484 485/518/485
f 479/489/479 511/516/511 512/519/512
f 467/493/467 466/490/466 498/517/498
f 453/491/453 485/518/485 486/521/486
f 480/492/480 512/519/512 513/522/513
f 468/434/468 467/493/467 499/520/499
f 454/494/454 486/521/486 487/524/487
f 481/495/481 513/522/513 482/525/482
f 469/435/469 468/434/468 500/523/500
f 455/496/455 487/524/487 488/527/488
f 470/470/470 469/435/469 501/526/501
f 456/469/456 488/527/488 489/529/489
f 471/472/471 470/470/470 502/528/502
f 457/471/457 489/529/489 490/530/490
f 529/531/529 561/594/561 562/532/562
f 494/507/494 493/506/493 525/534/525
f 508/508/508 507/498/507 539/500/539
f 495/509/495 494/507/494 526/535/526
f 508/508/508 540/536/540 541/538/541
f 496/511/496 495/509/495 527/537/527
f 482/525/482 514/551/514 515/540/515
f 509/510/509 541/538/541 542/541/542
f 497/514/497 496/511/496 528/539/528
f 483/512/483 515/540/515 516/542/516
f 510/513/510 542/541/542 543/543/543
f 498/517/498 497/514/497 529/531/529
f 484/515/484 516/542/516 517/544/517
f 511/516/511 543/543/543 544/545/544
f 499/520/499 498/517/498 530/533/530
f 485/518/485 517/544/517 518/547/518
f 512/519/512 544/545/544 545/548/545
f 500/523/500 499/520/499 531/546/531
f 486/521/486 518/547/518 519/550/519
f 513/522/513 545/548/545 514/551/514
f 501/526/501 500/523/500 532/549/532
f 487/524/487 519/550/519 520/553/520
f 502/528/502 501/526/501 533/552/533
f 488/527/488 520/553/520 521/555/521
f 503/467/503 502/528/502 534/554/534
f 489/529/489 521/555/521 522/557/522
f 504/468/504 503/467/503 535/556/535
f 490/501/490 522/580/522 523/559/523
f 505/503/505 504/468/504 536/558/536
f 491/502/491 523/559/523 524/561/524
f 506/505/506 505/503/505 537/560/537
f 493/506/493 492/504/492 524/561/524
f 564/562/564 596/627/596 597/563/597
f 517/544/517 516/542/516 548/565/548
f 544/545/544 543/543/543 575/567/575
f 530/533/530 562/532/562 563/569/563
f 518/547/518 517/544/517 549/566/549
f 545/548/545 544/545/544 576/568/576
f 531/546/531 563/569/563 564/562/564
f 519/550/519 518/547/518 550/570/550
f 514/551/514 545/548/545 577/571/577
f 532/549/532 564/562/564 565/564/565
f 520/553/520 519/550/519 551/572/551
f 533/552/533 565/564/565 566/575/566
f 521/555/521 520/553/520 552/574/552
f 534/554/534 566/575/566 567/577/567
f 521/555/521 553/576/553 554/578/554
f 535/556/535 567/577/567 568/579/568
f 522/580/522 554/603/554 555/581/555
f 536/558/536 568/579/568 569/582/569
f 523/559/523 555/581/555 556/583/556
f 537/560/537 569/582/569 570/584/570
f 524/561/524 556/583/556 557/585/557
f 538/499/538 570/584/570 571/586/571
f 525/534/525 557/585/557 558/587/558
f 540/536/540 539/500/539 571/586/571
f 526/535/526 558/587/558 559/589/559
f 541/538/541 540/536/540 572/588/572
f 527/537/527 559/589/559 560/591/560
f 515/540/515 514/551/514 546/573/546
f 542/541/542 541/538/541 573/590/573
f 528/539/528 560/591/560 561/594/561
f 516/542/516 515/540/515 547/592/547
f 543/543/543 542/541/542 574/593/574
f 599/595/599 631/660/631 632/596/632
f 552/574/552 551/572/551 583/598/583
f 565/564/565 597/563/597 598/600/598
f 552/574/552 584/599/584 585/601/585
f 566/575/566 598/600/598 599/595/599
f 553/576/553 585/601/585 586/602/586
f 567/577/567 599/595/599 600/597/600
f 554/603/554 586/631/586 587/604/587
f 568/579/568 600/597/600 601/605/601
f 555/581/555 587/604/587 588/606/588
f 569/582/569 601/605/601 602/607/602
f 556/583/556 588/606/588 589/608/589
f 571/586/571 570/584/570 602/607/602
f 557/585/557 589/608/589 590/610/590
f 572/588/572 571/586/571 603/609/603
f 558/587/558 590/610/590 591/612/591
f 573/590/573 572/588/572 604/611/604
f 559/589/559 591/612/591 592/614/592
f 547/592/547 546/573/546 578/615/578
f 574/593/574 573/590/573 605/613/605
f 560/591/560 592/614/592 593/618/593
f 548/565/548 547/592/547 579/616/579
f 575/567/575 574/593/574 606/617/606
f 561/594/561 593/618/593 594/621/594
f 549/566/549 548/565/548 580/619/580
f 576/568/576 575/567/575 607/620/607
f 562/532/562 594/621/594 595/624/595
f 550/570/550 549/566/549 581/622/581
f 577/571/577 576/568/576 608/623/608
f 563/569/563 595/624/595 596/627/596
f 551/572/551 550/570/550 582/625/582
f 546/573/546 577/571/577 609/626/609
f 637/628/637 636/639/636 668/629/668
f 586/631/586 618/686/618 619/632/619
f 600/597/600 632/596/632 633/633/633
f 587/604/587 619/632/619 620/634/620
f 601/605/601 633/633/633 634/635/634
f 588/606/588 620/634/620 621/636/621
f 603/609/603 602/607/602 634/635/634
f 589/608/589 621/636/621 622/638/622
f 604/611/604 603/609/603 635/637/635
f 590/610/590 622/638/622 623/640/623
f 605/613/605 604/611/604 636/639/636
f 591/612/591 623/640/623 624/641/624
f 579/616/579 578/615/578 610/642/610
f 606/617/606 605/613/605 637/628/637
f 592/614/592 624/641/624 625/645/625
f 580/619/580 579/616/579 611/643/611
f 607/620/607 606/617/606 638/644/638
f 593/618/593 625/645/625 626/648/626
f 581/622/581 580/619/580 612/646/612
f 608/623/608 607/620/607 639/647/639
f 594/621/594 626/648/626 627/651/627
f 582/625/582 581/622/581 613/649/613
f 609/626/609 608/623/608 640/650/640
f 595/624/595 627/651/627 628/654/628
f 583/598/583 582/625/582 614/652/614
f 578/615/578 609/626/609 641/653/641
f 596/627/596 628/654/628 629/656/629
f 584/599/584 583/598/583 615/655/615
f 597/563/597 629/656/629 630/658/630
f 585/601/585 584/599/584 616/657/616
f 598/600/598 630/658/630 631/660/631
f 585/601/585 617/659/617 618/661/618
f 645/662/645 644/670/644 676/663/676
f 623/640/623 655/694/655 656/665/656
f 611/643/611 610/642/610 642/666/642
f 638/644/638 637/628/637 669/630/669
f 624/641/624 656/665/656 657/669/657
f 612/646/612 611/643/611 643/667/643
f 639/647/639 638/644/638 670/668/670
f 625/645/625 657/669/657 658/672/658
f 613/649/613 612/646/612 644/670/644
f 640/650/640 639/647/639 671/671/671
f 626/648/626 658/672/658 659/674/659
f 614/652/614 613/649/613 645/662/645
f 641/653/641 640/650/640 672/673/672
f 627/651/627 659/674/659 660/677/660
f 615/655/615 614/652/614 646/675/646
f 610/642/610 641/653/641 673/676/673
f 628/654/628 660/677/660 661/679/661
f 616/657/616 615/655/615 647/678/647
f 629/656/629 661/679/661 662/681/662
f 617/659/617 616/657/616 648/680/648
f 630/658/630 662/681/662 663/683/663
f 617/659/617 649/682/649 650/684/650
f 631/660/631 663/683/663 664/685/664
f 618/686/618 650/712/650 651/687/651
f 632/596/632 664/685/664 665/688/665
f 619/632/619 651/687/651 652/689/652
f 633/633/633 665/688/665 666/690/666
f 620/634/620 652/689/652 653/691/653
f 635/637/635 634/635/634 666/690/666
f 621/636/621 653/691/653 654/693/654
f 636/639/636 635/637/635 667/692/667
f 622/638/622 654/693/654 655/694/655
f 680/695/680 679/704/679 711/696/711
f 672/673/672 671/671/671 703/698/703
f 658/672/658 690/727/690 691/700/691
f 646/675/646 645/662/645 677/664/677
f 673/676/673 672/673/672 704/699/704
f 659/674/659 691/700/691 692/703/692
f 647/678/647 646/675/646 678/701/678
f 642/666/642 673/676/673 705/702/705
f 660/677/660 692/703/692 693/706/693
f 648/680/648 647/678/647 679/704/679
f 661/679/661 693/706/693 694/707/694
f 649/682/649 648/680/648 680/695/680
f 662/681/662 694/707/694 695/709/695
f 649/682/649 681/708/681 682/710/682
f 663/683/663 695/709/695 696/711/696
f 650/712/650 682/2250/682 683/713/683
f 664/685/664 696/711/696 697/714/697
f 651/687/651 683/713/683 684/715/684
f 666/690/666 665/688/665 697/714/697
f 652/689/652 684/715/684 685/717/685
f 667/692/667 666/690/666 698/716/698
f 653/691/653 685/717/685 686/719/686
f 668/629/668 667/692/667 699/718/699
f 654/693/654 686/719/686 687/721/687
f 669/630/669 668/629/668 700/720/700
f 655/694/655 687/721/687 688/723/688
f 643/667/643 642/666/642 674/705/674
f 670/668/670 669/630/669 701/722/701
f 656/665/656 688/723/688 689/726/689
f 644/670/644 643/667/643 675/724/675
f 671/671/671 670/668/670 702/725/702
f 657/669/657 689/726/689 690/727/690
f 715/728/715 714/736/714 746/729/746
f 693/706/693 725/760/725 726/731/726
f 681/708/681 680/695/680 712/697/712
f 694/707/694 726/731/726 727/733/727
f 682/710/682 681/708/681 713/732/713
f 695/709/695 727/733/727 728/735/728
f 683/713/683 682/2250/682 714/736/714
f 696/711/696 728/735/728 729/737/729
f 683/713/683 715/728/715 716/738/716
f 697/714/697 729/737/729 730/739/730
f 684/715/684 716/738/716 717/740/717
f 699/718/699 698/716/698 730/739/730
f 685/717/685 717/740/717 718/742/718
f 700/720/700 699/718/699 731/741/731
f 686/719/686 718/742/718 719/744/719
f 701/722/701 700/720/700 732/743/732
f 687/721/687 719/744/719 720/746/720
f 675/724/675 674/705/674 706/747/706
f 702/725/702 701/722/701 733/745/733
f 688/723/688 720/746/720 721/750/721
f 676/663/676 675/724/675 707/748/707
f 703/698/703 702/725/702 734/749/734
f 689/726/689 721/750/721 722/753/722
f 677/664/677 676/663/676 708/751/708
f 704/699/704 703/698/703 735/752/735
f 690/727/690 722/753/722 723/756/723
f 678/701/678 677/664/677 709/754/709
f 705/702/705 704/699/704 736/755/736
f 691/700/691 723/756/723 724/759/724
f 679/704/679 678/701/678 710/757/710
f 674/705/674 705/702/705 737/758/737
f 692/703/692 724/759/724 725/760/725
f 743/761/743 775/822/775 776/762/776
f 729/737/729 728/735/728 760/764/760
f 716/738/716 715/728/715 747/730/747
f 730/739/730 729/737/729 761/765/761
f 717/740/717 716/738/716 748/766/748
f 731/741/731 730/739/730 762/767/762
f 718/742/718 717/740/717 749/768/749
f 732/743/732 731/741/731 763/769/763
f 719/744/719 718/742/718 750/770/750
f 733/745/733 732/743/732 764/771/764
f 720/746/720 719/744/719 751/772/751
f 707/748/707 706/747/706 738/775/738
f 734/749/734 733/745/733 765/773/765
f 721/750/721 720/746/720 752/774/752
f 708/751/708 707/748/707 739/776/739
f 735/752/735 734/749/734 766/777/766
f 722/753/722 721/750/721 753/778/753
f 709/754/709 708/751/708 740/779/740
f 736/755/736 735/752/735 767/780/767
f 723/756/723 722/753/722 754/781/754
f 710/757/710 709/754/709 741/782/741
f 737/758/737 736/755/736 768/783/768
f 724/759/724 723/756/723 755/784/755
f 711/696/711 710/757/710 742/785/742
f 706/747/706 737/758/737 769/786/769
f 725/760/725 724/759/724 756/787/756
f 712/697/712 711/696/711 743/761/743
f 726/731/726 725/760/725 757/788/757
f 713/732/713 712/697/712 744/763/744
f 727/733/727 726/731/726 758/789/758
f 714/734/714 713/732/713 745/790/745
f 728/735/728 727/733/727 759/791/759
f 772/815/772 771/812/771 784/810/784
f 771/812/771 770/811/770 785/814/785
f 785/814/785 770/811/770 786/817/786
f 770/811/770 801/820/801 786/817/786
f 801/820/801 800/818/800 787/819/787
f 787/819/787 800/818/800 788/821/788
f 800/818/800 799/816/799 788/821/788
f 799/816/799 798/813/798 789/823/789
f 788/821/788 799/816/799 789/823/789
f 798/813/798 797/809/797 790/796/790
f 797/809/797 796/807/796 791/798/791
f 790/796/790 797/809/797 791/798/791
f 796/807/796 795/806/795 792/800/792
f 795/806/795 794/804/794 793/802/793
f 792/800/792 795/806/795 793/802/793
f 792/800/792 791/798/791 796/807/796
f 790/796/790 789/823/789 798/813/798
f 787/819/787 786/817/786 801/820/801
f 785/814/785 784/810/784 771/812/771
f 784/810/784 783/808/783 772/815/772
f 783/808/783 782/795/782 773/794/773
f 772/815/772 783/808/783 773/794/773
f 782/795/782 781/805/781 774/793/774
f 781/805/781 780/803/780 775/822/775
f 774/793/774 781/805/781 775/822/775
f 780/803/780 779/801/779 776/762/776
f 779/801/779 778/799/778 777/797/777
f 776/762/776 779/801/779 777/797/777
f 776/762/776 775/822/775 780/803/780
f 757/788/757 789/823/789 790/796/790
f 744/763/744 776/762/776 777/797/777
f 758/789/758 790/796/790 791/798/791
f 745/790/745 777/797/777 778/799/778
f 759/791/759 791/798/791 792/800/792
f 747/730/747 746/729/746 778/799/778
f 760/764/760 792/800/792 793/802/793
f 748/766/748 747/730/747 779/801/779
f 761/765/761 793/802/793 794/804/794
f 749/768/749 748/766/748 780/803/780
f 763/769/763 762/767/762 794/804/794
f 750/770/750 749/768/749 781/805/781
f 764/771/764 763/769/763 795/806/795
f 751/772/751 750/770/750 782/795/782
f 765/773/765 764/771/764 796/807/796
f 752/774/752 751/772/751 783/808/783
f 739/776/739 738/775/738 770/811/770
f 766/777/766 765/773/765 797/809/797
f 752/774/752 784/810/784 785/814/785
f 739/776/739 771/812/771 772/815/772
f 767/780/767 766/777/766 798/813/798
f 753/778/753 785/814/785 786/817/786
f 740/779/740 772/815/772 773/794/773
f 768/783/768 767/780/767 799/816/799
f 754/781/754 786/817/786 787/819/787
f 741/782/741 773/794/773 774/793/774
f 769/786/769 768/783/768 800/818/800
f 755/784/755 787/819/787 788/821/788
f 742/785/742 774/793/774 775/822/775
f 738/775/738 769/786/769 801/820/801
f 756/787/756 788/821/788 789/823/789
f 827/824/827 826/889/826 858/825/858
f 835/827/835 834/868/834 866/828/866
f 813/830/813 845/890/845 846/831/846
f 828/833/828 827/824/827 859/826/859
f 814/832/814 846/831/846 847/835/847
f 829/837/829 828/833/828 860/834/860
f 815/836/815 847/835/847 848/839/848
f 802/841/802 834/868/834 835/827/835
f 830/843/830 829/837/829 861/838/861
f 816/840/816 848/839/848 849/845/849
f 803/842/803 835/827/835 836/847/836
f 831/849/831 830/843/830 862/844/862
f 818/851/818 817/846/817 849/845/849
f 804/853/804 836/2251/836 837/854/837
f 832/856/832 831/849/831 863/850/863
f 819/858/819 818/851/818 850/852/850
f 805/855/805 837/854/837 838/860/838
f 833/862/833 832/856/832 864/857/864
f 820/864/820 819/858/819 851/859/851
f 806/861/806 838/860/838 839/866/839
f 833/862/833 865/863/865 834/868/834
f 821/869/821 820/864/820 852/865/852
f 807/867/807 839/866/839 840/871/840
f 822/873/822 821/869/821 853/870/853
f 808/872/808 840/871/840 841/875/841
f 823/877/823 822/873/822 854/874/854
f 809/876/809 841/875/841 842/879/842
f 824/881/824 823/877/823 855/878/855
f 810/880/810 842/879/842 843/883/843
f 825/885/825 824/881/824 856/882/856
f 811/884/811 843/883/843 844/887/844
f 826/889/826 825/885/825 857/886/857
f 812/888/812 844/887/844 845/890/845
f 879/891/879 878/921/878 910/892/910
f 861/838/861 893/923/893 894/894/894
f 849/845/849 848/839/848 880/895/880
f 836/847/836 835/827/835 867/829/867
f 862/844/862 894/894/894 895/898/895
f 849/845/849 881/896/881 882/899/882
f 837/854/837 836/2251/836 868/900/868
f 863/850/863 895/898/895 896/902/896
f 850/852/850 882/899/882 883/903/883
f 838/860/838 837/854/837 869/901/869
f 864/857/864 896/902/896 897/905/897
f 851/859/851 883/903/883 884/906/884
f 839/866/839 838/860/838 870/904/870
f 834/868/834 865/863/865 897/905/897
f 852/865/852 884/906/884 885/908/885
f 840/871/840 839/866/839 871/907/871
f 853/870/853 885/908/885 886/910/886
f 841/875/841 840/871/840 872/909/872
f 854/874/854 886/910/886 887/912/887
f 842/879/842 841/875/841 873/911/873
f 855/878/855 887/912/887 888/914/888
f 843/883/843 842/879/842 874/913/874
f 856/882/856 888/914/888 889/916/889
f 844/887/844 843/883/843 875/915/875
f 857/886/857 889/916/889 890/918/890
f 845/890/845 844/887/844 876/917/876
f 858/825/858 890/918/890 891/920/891
f 846/831/846 845/890/845 877/919/877
f 859/826/859 891/920/891 892/922/892
f 847/835/847 846/831/846 878/921/878
f 860/834/860 892/922/892 893/923/893
f 848/839/848 847/835/847 879/891/879
f 913/924/913 945/986/945 946/925/946
f 892/922/892 924/955/924 925/927/925
f 880/895/880 879/891/879 911/893/911
f 867/829/867 866/828/866 898/929/898
f 893/923/893 925/927/925 926/931/926
f 881/896/881 880/895/880 912/928/912
f 868/897/868 867/829/867 899/930/899
f 894/894/894 926/931/926 927/933/927
f 881/896/881 913/924/913 914/926/914
f 869/901/869 868/900/868 900/934/900
f 895/898/895 927/933/927 928/936/928
f 882/899/882 914/926/914 915/937/915
f 870/904/870 869/901/869 901/935/901
f 896/902/896 928/936/928 929/939/929
f 883/903/883 915/937/915 916/940/916
f 871/907/871 870/904/870 902/938/902
f 866/828/866 897/905/897 929/939/929
f 884/906/884 916/940/916 917/942/917
f 872/909/872 871/907/871 903/941/903
f 885/908/885 917/942/917 918/944/918
f 873/911/873 872/909/872 904/943/904
f 886/910/886 918/944/918 919/946/919
f 874/913/874 873/911/873 905/945/905
f 887/912/887 919/946/919 920/948/920
f 875/915/875 874/913/874 906/947/906
f 888/914/888 920/948/920 921/950/921
f 876/917/876 875/915/875 907/949/907
f 889/916/889 921/950/921 922/952/922
f 877/919/877 876/917/876 908/951/908
f 890/918/890 922/952/922 923/954/923
f 878/921/878 877/919/877 909/953/909
f 891/920/891 923/954/923 924/955/924
f 948/956/948 980/1021/980 981/957/981
f 901/935/901 900/934/900 932/959/932
f 927/933/927 959/988/959 960/961/960
f 914/926/914 946/925/946 947/962/947
f 902/938/902 901/935/901 933/960/933
f 928/936/928 960/961/960 961/964/961
f 915/937/915 947/962/947 948/956/948
f 903/941/903 902/938/902 934/963/934
f 898/929/898 929/939/929 961/964/961
f 916/940/916 948/956/948 949/958/949
f 904/943/904 903/941/903 935/965/935
f 917/942/917 949/958/949 950/968/950
f 905/945/905 904/943/904 936/967/936
f 918/944/918 950/968/950 951/970/951
f 906/947/906 905/945/905 937/969/937
f 919/946/919 951/970/951 952/972/952
f 907/949/907 906/947/906 938/971/938
f 920/948/920 952/972/952 953/974/953
f 908/951/908 907/949/907 939/973/939
f 921/950/921 953/974/953 954/976/954
f 909/953/909 908/951/908 940/975/940
f 922/952/922 954/976/954 955/978/955
f 910/892/910 909/953/909 941/977/941
f 923/954/923 955/978/955 956/980/956
f 911/893/911 910/892/910 942/979/942
f 924/955/924 956/980/956 957/982/957
f 912/928/912 911/893/911 943/981/943
f 899/930/899 898/929/898 930/966/930
f 925/927/925 957/982/957 958/985/958
f 913/924/913 912/928/912 944/983/944
f 900/932/900 899/930/899 931/984/931
f 926/931/926 958/985/958 959/988/959
f 983/989/983 1015/1054/1015 1016/990/1016
f 936/967/936 935/965/935 967/992/967
f 949/958/949 981/957/981 982/994/982
f 937/969/937 936/967/936 968/993/968
f 950/968/950 982/994/982 983/989/983
f 938/971/938 937/969/937 969/995/969
f 951/970/951 983/989/983 984/991/984
f 939/973/939 938/971/938 970/996/970
f 952/972/952 984/991/984 985/998/985
f 940/975/940 939/973/939 971/997/971
f 953/974/953 985/998/985 986/1000/986
f 941/977/941 940/975/940 972/999/972
f 954/976/954 986/1000/986 987/1002/987
f 942/979/942 941/977/941 973/1001/973
f 955/978/955 987/1002/987 988/1004/988
f 943/981/943 942/979/942 974/1003/974
f 956/980/956 988/1004/988 989/1006/989
f 944/983/944 943/981/943 975/1005/975
f 931/984/931 930/966/930 962/1008/962
f 957/982/957 989/1006/989 990/1010/990
f 945/986/945 944/983/944 976/1007/976
f 932/987/932 931/984/931 963/1009/963
f 958/985/958 990/1010/990 991/1013/991
f 945/986/945 977/1011/977 978/1014/978
f 933/960/933 932/959/932 964/1015/964
f 959/988/959 991/1013/991 992/1017/992
f 946/925/946 978/1014/978 979/1018/979
f 934/963/934 933/960/933 965/1016/965
f 960/961/960 992/1017/992 993/1020/993
f 947/962/947 979/1018/979 980/1021/980
f 935/965/935 934/963/934 966/1019/966
f 930/966/930 961/964/961 993/1020/993
f 1018/1022/1018 1050/1086/1050 1051/1023/1051
f 971/997/971 970/996/970 1002/1025/1002
f 984/991/984 1016/990/1016 1017/1027/1017
f 972/999/972 971/997/971 1003/1026/1003
f 985/998/985 1017/1027/1017 1018/1022/1018
f 973/1001/973 972/999/972 1004/1028/1004
f 986/1000/986 1018/1022/1018 1019/1024/1019
f 974/1003/974 973/1001/973 1005/1029/1005
f 987/1002/987 1019/1024/1019 1020/1031/1020
f 975/1005/975 974/1003/974 1006/1030/1006
f 988/1004/988 1020/1031/1020 1021/1033/1021
f 976/1007/976 975/1005/975 1007/1032/1007
f 963/1009/963 962/1008/962 994/1035/994
f 989/1006/989 1021/1033/1021 1022/1037/1022
f 976/1007/976 1008/1034/1008 1009/1038/1009
f 964/1012/964 963/1009/963 995/1036/995
f 990/1010/990 1022/1037/1022 1023/1040/1023
f 977/1011/977 1009/1038/1009 1010/1041/1010
f 965/1016/965 964/1015/964 996/1042/996
f 991/1013/991 1023/1040/1023 1024/1044/1024
f 978/1014/978 1010/1041/1010 1011/1045/1011
f 966/1019/966 965/1016/965 997/1043/997
f 993/1020/993 992/1017/992 1024/1044/1024
f 979/1018/979 1011/1045/1011 1012/1048/1012
f 967/992/967 966/1019/966 998/1046/998
f 962/1008/962 993/1020/993 1025/1047/1025
f 980/1021/980 1012/1048/1012 1013/1050/1013
f 968/993/968 967/992/967 999/1049/999
f 981/957/981 1013/1050/1013 1014/1052/1014
f 969/995/969 968/993/968 1000/1051/1000
f 982/994/982 1014/1052/1014 1015/1054/1015
f 970/996/970 969/995/969 1001/1053/1001
f 1041/1055/1041 1073/1120/1073 1074/1056/1074
f 1005/1029/1005 1037/1087/1037 1038/1058/1038
f 1019/1024/1019 1051/1023/1051 1052/1059/1052
f 1006/1030/1006 1038/1058/1038 1039/1060/1039
f 1020/1031/1020 1052/1059/1052 1053/1061/1053
f 1007/1032/1007 1039/1060/1039 1040/1062/1040
f 995/1036/995 994/1035/994 1026/1063/1026
f 1022/1037/1022 1021/1033/1021 1053/1061/1053
f 1008/1034/1008 1040/1062/1040 1041/1055/1041
f 996/1039/996 995/1036/995 1027/1064/1027
f 1023/1040/1023 1022/1037/1022 1054/1065/1054
f 1009/1038/1009 1041/1055/1041 1042/1057/1042
f 997/1043/997 996/1042/996 1028/1068/1028
f 1024/1044/1024 1023/1040/1023 1055/1067/1055
f 1010/1041/1010 1042/1057/1042 1043/1071/1043
f 998/1046/998 997/1043/997 1029/1069/1029
f 1025/1047/1025 1024/1044/1024 1056/1070/1056
f 1011/1045/1011 1043/1071/1043 1044/1074/1044
f 999/1049/999 998/1046/998 1030/1072/1030
f 994/1035/994 1025/1047/1025 1057/1073/1057
f 1012/1048/1012 1044/1074/1044 1045/1076/1045
f 1000/1051/1000 999/1049/999 1031/1075/1031
f 1013/1050/1013 1045/1076/1045 1046/1078/1046
f 1001/1053/1001 1000/1051/1000 1032/1077/1032
f 1014/1052/1014 1046/1078/1046 1047/1080/1047
f 1002/1025/1002 1001/1053/1001 1033/1079/1033
f 1015/1054/1015 1047/1080/1047 1048/1082/1048
f 1003/1026/1003 1002/1025/1002 1034/1081/1034
f 1016/990/1016 1048/1082/1048 1049/1084/1049
f 1004/1028/1004 1003/1026/1003 1035/1083/1035
f 1017/1027/1017 1049/1084/1049 1050/1086/1050
f 1005/1029/1005 1004/1028/1004 1036/1085/1036
f 1077/1088/1077 1076/1098/1076 1108/1089/1108
f 1029/1069/1029 1028/1068/1028 1060/1091/1060
f 1056/1070/1056 1055/1067/1055 1087/1093/1087
f 1042/1057/1042 1074/1056/1074 1075/1095/1075
f 1029/1069/1029 1061/1092/1061 1062/1096/1062
f 1057/1073/1057 1056/1070/1056 1088/1094/1088
f 1043/1071/1043 1075/1095/1075 1076/1098/1076
f 1030/1072/1030 1062/1096/1062 1063/1099/1063
f 1026/1063/1026 1057/1073/1057 1089/1097/1089
f 1044/1074/1044 1076/1098/1076 1077/1088/1077
f 1031/1075/1031 1063/1099/1063 1064/1101/1064
f 1046/1078/1046 1045/1076/1045 1077/1088/1077
f 1032/1077/1032 1064/1101/1064 1065/1103/1065
f 1047/1080/1047 1046/1078/1046 1078/1102/1078
f 1033/1079/1033 1065/1103/1065 1066/1105/1066
f 1048/1082/1048 1047/1080/1047 1079/1104/1079
f 1034/1081/1034 1066/1105/1066 1067/1107/1067
f 1049/1084/1049 1048/1082/1048 1080/1106/1080
f 1035/1083/1035 1067/1107/1067 1068/1109/1068
f 1050/1086/1050 1049/1084/1049 1081/1108/1081
f 1036/1085/1036 1068/1109/1068 1069/1111/1069
f 1051/1023/1051 1050/1086/1050 1082/1110/1082
f 1037/1087/1037 1069/1111/1069 1070/1113/1070
f 1052/1059/1052 1051/1023/1051 1083/1112/1083
f 1038/1058/1038 1070/1113/1070 1071/1115/1071
f 1053/1061/1053 1052/1059/1052 1084/1114/1084
f 1039/1060/1039 1071/1115/1071 1072/1117/1072
f 1027/1064/1027 1026/1063/1026 1058/1100/1058
f 1054/1065/1054 1053/1061/1053 1085/1116/1085
f 1040/1062/1040 1072/1117/1072 1073/1120/1073
f 1028/1066/1028 1027/1064/1027 1059/1118/1059
f 1055/1067/1055 1054/1065/1054 1086/1119/1086
f 1112/1122/1112 1111/1128/1111 1143/1123/1143
f 1063/1099/1063 1095/1153/1095 1096/1125/1096
f 1078/1102/1078 1077/1088/1077 1109/1090/1109
f 1064/1101/1064 1096/1125/1096 1097/1127/1097
f 1079/1104/1079 1078/1102/1078 1110/1126/1110
f 1065/1103/1065 1097/1127/1097 1098/1129/1098
f 1080/1106/1080 1079/1104/1079 1111/1128/1111
f 1066/1105/1066 1098/1129/1098 1099/1130/1099
f 1081/1108/1081 1080/1106/1080 1112/1122/1112
f 1067/1107/1067 1099/1130/1099 1100/1132/1100
f 1082/1110/1082 1081/1108/1081 1113/1131/1113
f 1068/1109/1068 1100/1132/1100 1101/1134/1101
f 1083/1112/1083 1082/1110/1082 1114/1133/1114
f 1069/1111/1069 1101/1134/1101 1102/1136/1102
f 1084/1114/1084 1083/1112/1083 1115/1135/1115
f 1070/1113/1070 1102/1136/1102 1103/1138/1103
f 1085/1116/1085 1084/1114/1084 1116/1137/1116
f 1071/1115/1071 1103/1138/1103 1104/1140/1104
f 1059/1118/1059 1058/1100/1058 1090/1141/1090
f 1086/1119/1086 1085/1116/1085 1117/1139/1117
f 1072/1117/1072 1104/1140/1104 1105/1144/1105
f 1059/1118/1059 1091/1142/1091 1092/1145/1092
f 1087/1093/1087 1086/1119/1086 1118/1143/1118
f 1073/1120/1073 1105/1144/1105 1106/1147/1106
f 1060/1091/1060 1092/1174/1092 1093/1148/1093
f 1088/1094/1088 1087/1093/1087 1119/1146/1119
f 1074/1056/1074 1106/1147/1106 1107/1150/1107
f 1061/1092/1061 1093/1148/1093 1094/1151/1094
f 1089/1097/1089 1088/1094/1088 1120/1149/1120
f 1076/1098/1076 1075/1095/1075 1107/1150/1107
f 1062/1096/1062 1094/1151/1094 1095/1153/1095
f 1058/1100/1058 1089/1097/1089 1121/1152/1121
f 1149/1154/1149 1148/1164/1148 1180/1155/1180
f 1098/1129/1098 1130/1186/1130 1131/1157/1131
f 1113/1131/1113 1112/1122/1112 1144/1124/1144
f 1099/1130/1099 1131/1157/1131 1132/1159/1132
f 1114/1133/1114 1113/1131/1113 1145/1158/1145
f 1100/1132/1100 1132/1159/1132 1133/1161/1133
f 1115/1135/1115 1114/1133/1114 1146/1160/1146
f 1101/1134/1101 1133/1161/1133 1134/1163/1134
f 1116/1137/1116 1115/1135/1115 1147/1162/1147
f 1102/1136/1102 1134/1163/1134 1135/1165/1135
f 1117/1139/1117 1116/1137/1116 1148/1164/1148
f 1103/1138/1103 1135/1165/1135 1136/1166/1136
f 1091/1142/1091 1090/1141/1090 1122/1167/1122
f 1118/1143/1118 1117/1139/1117 1149/1154/1149
f 1104/1140/1104 1136/1166/1136 1137/1170/1137
f 1091/1142/1091 1123/1168/1123 1124/1171/1124
f 1119/1146/1119 1118/1143/1118 1150/1169/1150
f 1105/1144/1105 1137/1170/1137 1138/1173/1138
f 1092/1174/1092 1124/1198/1124 1125/1175/1125
f 1120/1149/1120 1119/1146/1119 1151/1172/1151
f 1106/1147/1106 1138/1173/1138 1139/1177/1139
f 1093/1148/1093 1125/1175/1125 1126/1178/1126
f 1121/1152/1121 1120/1149/1120 1152/1176/1152
f 1108/1089/1108 1107/1150/1107 1139/1177/1139
f 1094/1151/1094 1126/1178/1126 1127/1181/1127
f 1090/1141/1090 1121/1152/1121 1153/1179/1153
f 1109/1090/1109 1108/1089/1108 1140/1180/1140
f 1095/1153/1095 1127/1181/1127 1128/1183/1128
f 1110/1126/1110 1109/1090/1109 1141/1182/1141
f 1096/1125/1096 1128/1183/1128 1129/1185/1129
f 1111/1128/1111 1110/1126/1110 1142/1184/1142
f 1097/1127/1097 1129/1185/1129 1130/1186/1130
f 1156/1187/1156 1188/2252/1188 1189/1188/1189
f 1135/1165/1135 1167/1219/1167 1168/1190/1168
f 1123/1168/1123 1122/1167/1122 1154/1191/1154
f 1150/1169/1150 1149/1154/1149 1181/1156/1181
f 1136/1166/1136 1168/1190/1168 1169/1194/1169
f 1123/1168/1123 1155/1192/1155 1156/1195/1156
f 1151/1172/1151 1150/1169/1150 1182/1193/1182
f 1137/1170/1137 1169/1194/1169 1170/1197/1170
f 1124/1198/1124 1156/1187/1156 1157/1189/1157
f 1152/1176/1152 1151/1172/1151 1183/1196/1183
f 1138/1173/1138 1170/1197/1170 1171/1200/1171
f 1125/1175/1125 1157/1189/1157 1158/1201/1158
f 1153/1179/1153 1152/1176/1152 1184/1199/1184
f 1140/1180/1140 1139/1177/1139 1171/1200/1171
f 1126/1178/1126 1158/1201/1158 1159/1204/1159
f 1122/1167/1122 1153/1179/1153 1185/1202/1185
f 1141/1182/1141 1140/1180/1140 1172/1203/1172
f 1127/1181/1127 1159/1204/1159 1160/1206/1160
f 1142/1184/1142 1141/1182/1141 1173/1205/1173
f 1128/1183/1128 1160/1206/1160 1161/1208/1161
f 1143/1123/1143 1142/1184/1142 1174/1207/1174
f 1129/1185/1129 1161/1208/1161 1162/1210/1162
f 1144/1124/1144 1143/1123/1143 1175/1209/1175
f 1130/1186/1130 1162/1210/1162 1163/1212/1163
f 1145/1158/1145 1144/1124/1144 1176/1211/1176
f 1131/1157/1131 1163/1212/1163 1164/1214/1164
f 1146/1160/1146 1145/1158/1145 1177/1213/1177
f 1132/1159/1132 1164/1214/1164 1165/1216/1165
f 1147/1162/1147 1146/1160/1146 1178/1215/1178
f 1133/1161/1133 1165/1216/1165 1166/1218/1166
f 1148/1164/1148 1147/1162/1147 1179/1217/1179
f 1134/1163/1134 1166/1218/1166 1167/1219/1167
f 1192/1220/1192 1191/1229/1191 1223/1221/1223
f 1184/1199/1184 1183/1196/1183 1215/1223/1215
f 1170/1197/1170 1202/1252/1202 1203/1225/1203
f 1157/1189/1157 1189/1188/1189 1190/1226/1190
f 1185/1202/1185 1184/1199/1184 1216/1224/1216
f 1172/1203/1172 1171/1200/1171 1203/1225/1203
f 1158/1201/1158 1190/1226/1190 1191/1229/1191
f 1154/1191/1154 1185/1202/1185 1217/1227/1217
f 1173/1205/1173 1172/1203/1172 1204/1228/1204
f 1159/1204/1159 1191/1229/1191 1192/1220/1192
f 1174/1207/1174 1173/1205/1173 1205/1231/1205
f 1160/1206/1160 1192/1220/1192 1193/1233/1193
f 1175/1209/1175 1174/1207/1174 1206/1232/1206
f 1161/1208/1161 1193/1233/1193 1194/1235/1194
f 1176/1211/1176 1175/1209/1175 1207/1234/1207
f 1162/1210/1162 1194/1235/1194 1195/1237/1195
f 1177/1213/1177 1176/1211/1176 1208/1236/1208
f 1163/1212/1163 1195/1237/1195 1196/1239/1196
f 1178/1215/1178 1177/1213/1177 1209/1238/1209
f 1164/1214/1164 1196/1239/1196 1197/1241/1197
f 1179/1217/1179 1178/1215/1178 1210/1240/1210
f 1165/1216/1165 1197/1241/1197 1198/1243/1198
f 1180/1155/1180 1179/1217/1179 1211/1242/1211
f 1166/1218/1166 1198/1243/1198 1199/1245/1199
f 1181/1156/1181 1180/1155/1180 1212/1244/1212
f 1167/1219/1167 1199/1245/1199 1200/1247/1200
f 1155/1192/1155 1154/1191/1154 1186/1230/1186
f 1182/1193/1182 1181/1156/1181 1213/1246/1213
f 1168/1190/1168 1200/1247/1200 1201/1250/1201
f 1155/1192/1155 1187/1248/1187 1188/1251/1188
f 1183/1196/1183 1182/1193/1182 1214/1249/1214
f 1169/1194/1169 1201/1250/1201 1202/1252/1202
f 1227/1253/1227 1226/1260/1226 1258/1254/1258
f 1206/1232/1206 1205/1231/1205 1237/1256/1237
f 1193/1233/1193 1192/1220/1192 1224/1222/1224
f 1206/1232/1206 1238/1257/1238 1239/1259/1239
f 1194/1235/1194 1193/1233/1193 1225/1258/1225
f 1207/1234/1207 1239/1259/1239 1240/1261/1240
f 1195/1237/1195 1194/1235/1194 1226/1260/1226
f 1208/1236/1208 1240/1261/1240 1241/1262/1241
f 1196/1239/1196 1195/1237/1195 1227/1253/1227
f 1209/1238/1209 1241/1262/1241 1242/1264/1242
f 1197/1241/1197 1196/1239/1196 1228/1263/1228
f 1210/1240/1210 1242/1264/1242 1243/1266/1243
f 1198/1243/1198 1197/1241/1197 1229/1265/1229
f 1211/1242/1211 1243/1266/1243 1244/1268/1244
f 1199/1245/1199 1198/1243/1198 1230/1267/1230
f 1212/1244/1212 1244/1268/1244 1245/1270/1245
f 1199/1245/1199 1231/1269/1231 1232/1271/1232
f 1186/1230/1186 1218/1285/1218 1219/1272/1219
f 1213/1246/1213 1245/1270/1245 1246/1273/1246
f 1200/1247/1200 1232/1271/1232 1233/1274/1233
f 1188/1251/1188 1187/1248/1187 1219/1272/1219
f 1214/1249/1214 1246/1273/1246 1247/1276/1247
f 1201/1250/1201 1233/1274/1233 1234/1277/1234
f 1189/1188/1189 1188/2252/1188 1220/1278/1220
f 1215/1223/1215 1247/1276/1247 1248/1280/1248
f 1202/1252/1202 1234/1277/1234 1235/1281/1235
f 1190/1226/1190 1189/1188/1189 1221/1279/1221
f 1216/1224/1216 1248/1280/1248 1249/1283/1249
f 1204/1228/1204 1203/1225/1203 1235/1281/1235
f 1191/1229/1191 1190/1226/1190 1222/1282/1222
f 1217/1227/1217 1249/1283/1249 1218/1285/1218
f 1205/1231/1205 1204/1228/1204 1236/1284/1236
f 1256/1286/1256 1255/1314/1255 1287/1287/1287
f 1241/1262/1241 1240/1261/1240 1272/1289/1272
f 1228/1263/1228 1227/1253/1227 1259/1255/1259
f 1242/1264/1242 1241/1262/1241 1273/1290/1273
f 1229/1265/1229 1228/1263/1228 1260/1291/1260
f 1243/1266/1243 1242/1264/1242 1274/1292/1274
f 1230/1267/1230 1229/1265/1229 1261/1293/1261
f 1244/1268/1244 1243/1266/1243 1275/1294/1275
f 1231/1269/1231 1230/1267/1230 1262/1295/1262
f 1245/1270/1245 1244/1268/1244 1276/1296/1276
f 1232/1271/1232 1231/1269/1231 1263/1297/1263
f 1219/1272/1219 1218/1285/1218 1250/1300/1250
f 1246/1273/1246 1245/1270/1245 1277/1298/1277
f 1233/1274/1233 1232/1271/1232 1264/1299/1264
f 1220/1275/1220 1219/1272/1219 1251/1301/1251
f 1247/1276/1247 1246/1273/1246 1278/1302/1278
f 1234/1277/1234 1233/1274/1233 1265/1303/1265
f 1221/1279/1221 1220/1278/1220 1252/1307/1252
f 1248/1280/1248 1247/1276/1247 1279/1305/1279
f 1235/1281/1235 1234/1277/1234 1266/1306/1266
f 1222/1282/1222 1221/1279/1221 1253/1308/1253
f 1249/1283/1249 1248/1280/1248 1280/1309/1280
f 1236/1284/1236 1235/1281/1235 1267/1310/1267
f 1223/1221/1223 1222/1282/1222 1254/1311/1254
f 1218/1285/1218 1249/1283/1249 1281/1312/1281
f 1237/1256/1237 1236/1284/1236 1268/1313/1268
f 1224/1222/1224 1223/1221/1223 1255/1314/1255
f 1238/1257/1238 1237/1256/1237 1269/1315/1269
f 1225/1258/1225 1224/1222/1224 1256/1286/1256
f 1239/1259/1239 1238/1257/1238 1270/1316/1270
f 1226/1260/1226 1225/1258/1225 1257/1317/1257
f 1240/1261/1240 1239/1259/1239 1271/1318/1271
f 1284/1342/1284 1283/1339/1283 1282/1348/1282
f 1282/1348/1282 1313/1346/1313 1284/1342/1284
f 1313/1346/1313 1312/1321/1312 1285/1320/1285
f 1284/1342/1284 1313/1346/1313 1285/1320/1285
f 1312/1321/1312 1311/1343/1311 1286/1319/1286
f 1311/1343/1311 1310/1340/1310 1287/1287/1287
f 1287/1287/1287 1310/1340/1310 1288/1288/1288
f 1310/1340/1310 1309/1337/1309 1288/1288/1288
f 1309/1337/1309 1308/1335/1308 1289/1324/1289
f 1288/1288/1288 1309/1337/1309 1289/1324/1289
f 1308/1335/1308 1307/1333/1307 1290/1326/1290
f 1307/1333/1307 1306/1331/1306 1291/1328/1291
f 1291/1328/1291 1306/1331/1306 1292/1330/1292
f 1306/1331/1306 1305/1329/1305 1292/1330/1292
f 1305/1329/1305 1304/1327/1304 1293/1332/1293
f 1292/1330/1292 1305/1329/1305 1293/1332/1293
f 1304/1327/1304 1303/1325/1303 1294/1334/1294
f 1303/1325/1303 1302/1323/1302 1295/1336/1295
f 1295/1336/1295 1302/1323/1302 1296/1338/1296
f 1302/1323/1302 1301/1322/1301 1296/1338/1296
f 1301/1322/1301 1300/1347/1300 1297/1341/1297
f 1296/1338/1296 1301/1322/1301 1297/1341/1297
f 1300/1347/1300 1299/1345/1299 1298/1344/1298
f 1298/1344/1298 1297/1341/1297 1300/1347/1300
f 1295/1336/1295 1294/1334/1294 1303/1325/1303
f 1294/1334/1294 1293/1332/1293 1304/1327/1304
f 1291/1328/1291 1290/1326/1290 1307/1333/1307
f 1290/1326/1290 1289/1324/1289 1308/1335/1308
f 1287/1287/1287 1286/1319/1286 1311/1343/1311
f 1270/1316/1270 1269/1315/1269 1301/1322/1301
f 1257/1317/1257 1256/1286/1256 1288/1288/1288
f 1271/1318/1271 1270/1316/1270 1302/1323/1302
f 1258/1254/1258 1257/1317/1257 1289/1324/1289
f 1272/1289/1272 1271/1318/1271 1303/1325/1303
f 1259/1255/1259 1258/1254/1258 1290/1326/1290
f 1273/1290/1273 1272/1289/1272 1304/1327/1304
f 1260/1291/1260 1259/1255/1259 1291/1328/1291
f 1274/1292/1274 1273/1290/1273 1305/1329/1305
f 1260/1291/1260 1292/1330/1292 1293/1332/1293
f 1274/1292/1274 1306/1331/1306 1307/1333/1307
f 1261/1293/1261 1293/1332/1293 1294/1334/1294
f 1275/1294/1275 1307/1333/1307 1308/1335/1308
f 1262/1295/1262 1294/1334/1294 1295/1336/1295
f 1276/1296/1276 1308/1335/1308 1309/1337/1309
f 1263/1297/1263 1295/1336/1295 1296/1338/1296
f 1250/1300/1250 1282/1348/1282 1283/1339/1283
f 1277/1298/1277 1309/1337/1309 1310/1340/1310
f 1264/1299/1264 1296/1338/1296 1297/1341/1297
f 1252/1304/1252 1251/1301/1251 1283/1339/1283
f 1278/1302/1278 1310/1340/1310 1311/1343/1311
f 1265/1303/1265 1297/1341/1297 1298/1344/1298
f 1253/1308/1253 1252/1307/1252 1284/1342/1284
f 1279/1305/1279 1311/1343/1311 1312/1321/1312
f 1266/1306/1266 1298/1344/1298 1299/1345/1299
f 1254/1311/1254 1253/1308/1253 1285/1320/1285
f 1280/1309/1280 1312/1321/1312 1313/1346/1313
f 1268/1313/1268 1267/1310/1267 1299/1345/1299
f 1255/1314/1255 1254/1311/1254 1286/1319/1286
f 1281/1312/1281 1313/1346/1313 1282/1348/1282
f 1269/1315/1269 1268/1313/1268 1300/1347/1300
f 1321/1349/1321 1320/1409/1320 1352/1350/1352
f 1370/1352/1370 1402/1447/1402 1403/1353/1403
f 1329/1355/1329 1361/1410/1361 1362/1356/1362
f 1338/1358/1338 1370/1352/1370 1371/1354/1371
f 1317/1360/1317 1316/1411/1316 1348/1361/1348
f 1325/1363/1325 1357/1412/1357 1358/1364/1358
f 1334/1366/1334 1366/1413/1366 1367/1367/1367
f 1344/1369/1344 1343/1414/1343 1375/1370/1375
f 1322/1372/1322 1321/1349/1321 1353/1351/1353
f 1330/1357/1330 1362/1356/1362 1363/1374/1363
f 1339/1359/1339 1371/1354/1371 1372/1376/1372
f 1318/1378/1318 1317/1360/1317 1349/1362/1349
f 1326/1365/1326 1358/1364/1358 1359/1380/1359
f 1335/1368/1335 1367/1367/1367 1368/1382/1368
f 1345/1384/1345 1344/1369/1344 1376/1371/1376
f 1323/1386/1323 1322/1372/1322 1354/1373/1354
f 1331/1375/1331 1363/1374/1363 1364/1388/1364
f 1341/1390/1341 1340/2253/1340 1372/1391/1372
f 1319/1393/1319 1318/1378/1318 1350/1379/1350
f 1327/1381/1327 1359/1380/1359 1360/1395/1360
f 1336/1383/1336 1368/1382/1368 1369/1397/1369
f 1315/1399/1315 1314/1402/1314 1346/1400/1346
f 1314/1402/1314 1345/1384/1345 1377/1385/1377
f 1324/1403/1324 1323/1386/1323 1355/1387/1355
f 1332/1389/1332 1364/1388/1364 1365/1405/1365
f 1342/1407/1342 1341/1390/1341 1373/1392/1373
f 1320/1409/1320 1319/1393/1319 1351/1394/1351
f 1328/1396/1328 1360/1395/1360 1361/1410/1361
f 1337/1398/1337 1369/1397/1369 1370/1352/1370
f 1316/1411/1316 1315/1399/1315 1347/1401/1347
f 1324/1403/1324 1356/1404/1356 1357/1412/1357
f 1333/1406/1333 1365/1405/1365 1366/1413/1366
f 1343/1414/1343 1342/1407/1342 1374/1408/1374
f 1379/1415/1379 1378/1424/1378 1410/1416/1410
f 1357/1412/1357 1389/1448/1389 1390/1418/1390
f 1371/1354/1371 1403/1353/1403 1404/1419/1404
f 1358/1364/1358 1390/1418/1390 1391/1420/1391
f 1373/1392/1373 1372/1391/1372 1404/1421/1404
f 1359/1380/1359 1391/1420/1391 1392/1423/1392
f 1347/1401/1347 1346/1400/1346 1378/1424/1378
f 1374/1408/1374 1373/1392/1373 1405/1422/1405
f 1360/1395/1360 1392/1423/1392 1393/1426/1393
f 1348/1361/1348 1347/1401/1347 1379/1415/1379
f 1375/1370/1375 1374/1408/1374 1406/1425/1406
f 1361/1410/1361 1393/1426/1393 1394/1429/1394
f 1349/1362/1349 1348/1361/1348 1380/1427/1380
f 1376/1371/1376 1375/1370/1375 1407/1428/1407
f 1362/1356/1362 1394/1429/1394 1395/1432/1395
f 1350/1379/1350 1349/1362/1349 1381/1430/1381
f 1377/1385/1377 1376/1371/1376 1408/1431/1408
f 1363/1374/1363 1395/1432/1395 1396/1435/1396
f 1351/1394/1351 1350/1379/1350 1382/1433/1382
f 1346/1400/1346 1377/1385/1377 1409/1434/1409
f 1364/1388/1364 1396/1435/1396 1397/1437/1397
f 1352/1350/1352 1351/1394/1351 1383/1436/1383
f 1365/1405/1365 1397/1437/1397 1398/1439/1398
f 1353/1351/1353 1352/1350/1352 1384/1438/1384
f 1366/1413/1366 1398/1439/1398 1399/1441/1399
f 1354/1373/1354 1353/1351/1353 1385/1440/1385
f 1367/1367/1367 1399/1441/1399 1400/1443/1400
f 1355/1387/1355 1354/1373/1354 1386/1442/1386
f 1368/1382/1368 1400/1443/1400 1401/1445/1401
f 1356/1404/1356 1355/1387/1355 1387/1444/1387
f 1369/1397/1369 1401/1445/1401 1402/1447/1402
f 1356/1404/1356 1388/1446/1388 1389/1448/1389
f 1422/1449/1422 1454/1512/1454 1455/1450/1455
f 1406/1425/1406 1405/1422/1405 1437/1452/1437
f 1392/1423/1392 1424/1480/1424 1425/1454/1425
f 1380/1427/1380 1379/1415/1379 1411/1417/1411
f 1407/1428/1407 1406/1425/1406 1438/1453/1438
f 1393/1426/1393 1425/1454/1425 1426/1457/1426
f 1381/1430/1381 1380/1427/1380 1412/1455/1412
f 1408/1431/1408 1407/1428/1407 1439/1456/1439
f 1394/1429/1394 1426/1457/1426 1427/1460/1427
f 1382/1433/1382 1381/1430/1381 1413/1458/1413
f 1409/1434/1409 1408/1431/1408 1440/1459/1440
f 1395/1432/1395 1427/1460/1427 1428/1463/1428
f 1383/1436/1383 1382/1433/1382 1414/1461/1414
f 1378/1424/1378 1409/1434/1409 1441/1462/1441
f 1396/1435/1396 1428/1463/1428 1429/1465/1429
f 1384/1438/1384 1383/1436/1383 1415/1464/1415
f 1397/1437/1397 1429/1465/1429 1430/1467/1430
f 1385/1440/1385 1384/1438/1384 1416/1466/1416
f 1398/1439/1398 1430/1467/1430 1431/1469/1431
f 1386/1442/1386 1385/1440/1385 1417/1468/1417
f 1399/1441/1399 1431/1469/1431 1432/1471/1432
f 1387/1444/1387 1386/1442/1386 1418/1470/1418
f 1400/1443/1400 1432/1471/1432 1433/1473/1433
f 1388/1446/1388 1387/1444/1387 1419/1472/1419
f 1401/1445/1401 1433/1473/1433 1434/1475/1434
f 1388/1446/1388 1420/1474/1420 1421/1476/1421
f 1402/1447/1402 1434/1475/1434 1435/1477/1435
f 1389/1448/1389 1421/1476/1421 1422/1449/1422
f 1403/1353/1403 1435/1477/1435 1436/1478/1436
f 1390/1418/1390 1422/1449/1422 1423/1451/1423
f 1405/1422/1405 1404/1421/1404 1436/1479/1436
f 1391/1420/1391 1423/1451/1423 1424/1480/1424
f 1457/1481/1457 1489/1546/1489 1490/1482/1490
f 1437/1452/1437 1436/1479/1436 1468/1484/1468
f 1423/1451/1423 1455/1450/1455 1456/1486/1456
f 1411/1417/1411 1410/1416/1410 1442/1487/1442
f 1438/1453/1438 1437/1452/1437 1469/1485/1469
f 1424/1480/1424 1456/1486/1456 1457/1481/1457
f 1412/1455/1412 1411/1417/1411 1443/1488/1443
f 1439/1456/1439 1438/1453/1438 1470/1489/1470
f 1425/1454/1425 1457/1481/1457 1458/1483/1458
f 1413/1458/1413 1412/1455/1412 1444/1490/1444
f 1440/1459/1440 1439/1456/1439 1471/1491/1471
f 1426/1457/1426 1458/1483/1458 1459/1494/1459
f 1414/1461/1414 1413/1458/1413 1445/1492/1445
f 1441/1462/1441 1440/1459/1440 1472/1493/1472
f 1427/1460/1427 1459/1494/1459 1460/1497/1460
f 1415/1464/1415 1414/1461/1414 1446/1495/1446
f 1410/1416/1410 1441/1462/1441 1473/1496/1473
f 1428/1463/1428 1460/1497/1460 1461/1499/1461
f 1416/1466/1416 1415/1464/1415 1447/1498/1447
f 1429/1465/1429 1461/1499/1461 1462/1501/1462
f 1417/1468/1417 1416/1466/1416 1448/1500/1448
f 1430/1467/1430 1462/1501/1462 1463/1503/1463
f 1418/1470/1418 1417/1468/1417 1449/1502/1449
f 1431/1469/1431 1463/1503/1463 1464/1505/1464
f 1419/1472/1419 1418/1470/1418 1450/1504/1450
f 1432/1471/1432 1464/1505/1464 1465/1507/1465
f 1420/1474/1420 1419/1472/1419 1451/1506/1451
f 1433/1473/1433 1465/1507/1465 1466/1509/1466
f 1420/1474/1420 1452/1508/1452 1453/1510/1453
f 1434/1475/1434 1466/1509/1466 1467/1511/1467
f 1421/1476/1421 1453/1510/1453 1454/1512/1454
f 1435/1477/1435 1467/1511/1467 1468/1513/1468
f 1492/1514/1492 1524/1579/1524 1525/1515/1525
f 1445/1492/1445 1444/1490/1444 1476/1517/1476
f 1472/1493/1472 1471/1491/1471 1503/1519/1503
f 1458/1483/1458 1490/1482/1490 1491/1521/1491
f 1446/1495/1446 1445/1492/1445 1477/1518/1477
f 1473/1496/1473 1472/1493/1472 1504/1520/1504
f 1459/1494/1459 1491/1521/1491 1492/1514/1492
f 1447/1498/1447 1446/1495/1446 1478/1522/1478
f 1442/1487/1442 1473/1496/1473 1505/1523/1505
f 1460/1497/1460 1492/1514/1492 1493/1516/1493
f 1448/1500/1448 1447/1498/1447 1479/1524/1479
f 1461/1499/1461 1493/1516/1493 1494/1527/1494
f 1449/1502/1449 1448/1500/1448 1480/1526/1480
f 1462/1501/1462 1494/1527/1494 1495/1529/1495
f 1450/1504/1450 1449/1502/1449 1481/1528/1481
f 1463/1503/1463 1495/1529/1495 1496/1531/1496
f 1451/1506/1451 1450/1504/1450 1482/1530/1482
f 1464/1505/1464 1496/1531/1496 1497/1533/1497
f 1452/1508/1452 1451/1506/1451 1483/1532/1483
f 1465/1507/1465 1497/1533/1497 1498/1535/1498
f 1452/1508/1452 1484/1534/1484 1485/1536/1485
f 1466/1509/1466 1498/1535/1498 1499/1537/1499
f 1453/1510/1453 1485/1536/1485 1486/1538/1486
f 1467/1511/1467 1499/1537/1499 1500/1539/1500
f 1454/1512/1454 1486/1538/1486 1487/1540/1487
f 1469/1485/1469 1468/1484/1468 1500/1541/1500
f 1455/1450/1455 1487/1540/1487 1488/1543/1488
f 1443/1488/1443 1442/1487/1442 1474/1525/1474
f 1470/1489/1470 1469/1485/1469 1501/1542/1501
f 1456/1486/1456 1488/1543/1488 1489/1546/1489
f 1444/1490/1444 1443/1488/1443 1475/1544/1475
f 1471/1491/1471 1470/1489/1470 1502/1545/1502
f 1527/1547/1527 1559/1612/1559 1560/1548/1560
f 1480/1526/1480 1479/1524/1479 1511/1550/1511
f 1493/1516/1493 1525/1515/1525 1526/1552/1526
f 1481/1528/1481 1480/1526/1480 1512/1551/1512
f 1494/1527/1494 1526/1552/1526 1527/1547/1527
f 1482/1530/1482 1481/1528/1481 1513/1553/1513
f 1495/1529/1495 1527/1547/1527 1528/1549/1528
f 1483/1532/1483 1482/1530/1482 1514/1554/1514
f 1496/1531/1496 1528/1549/1528 1529/1556/1529
f 1483/1532/1483 1515/1555/1515 1516/1557/1516
f 1497/1533/1497 1529/1556/1529 1530/1558/1530
f 1484/1534/1484 1516/1557/1516 1517/1559/1517
f 1498/1535/1498 1530/1558/1530 1531/1560/1531
f 1485/1536/1485 1517/1559/1517 1518/1561/1518
f 1500/1539/1500 1499/1537/1499 1531/1560/1531
f 1486/1538/1486 1518/1561/1518 1519/1563/1519
f 1501/1542/1501 1500/1541/1500 1532/1564/1532
f 1487/1540/1487 1519/1563/1519 1520/1566/1520
f 1475/1544/1475 1474/1525/1474 1506/1567/1506
f 1502/1545/1502 1501/1542/1501 1533/1565/1533
f 1488/1543/1488 1520/1566/1520 1521/1570/1521
f 1476/1517/1476 1475/1544/1475 1507/1568/1507
f 1503/1519/1503 1502/1545/1502 1534/1569/1534
f 1489/1546/1489 1521/1570/1521 1522/1573/1522
f 1477/1518/1477 1476/1517/1476 1508/1571/1508
f 1504/1520/1504 1503/1519/1503 1535/1572/1535
f 1490/1482/1490 1522/1573/1522 1523/1576/1523
f 1478/1522/1478 1477/1518/1477 1509/1574/1509
f 1505/1523/1505 1504/1520/1504 1536/1575/1536
f 1491/1521/1491 1523/1576/1523 1524/1579/1524
f 1479/1524/1479 1478/1522/1478 1510/1577/1510
f 1474/1525/1474 1505/1523/1505 1537/1578/1537
f 1563/1580/1563 1562/1586/1562 1594/1581/1594
f 1514/1554/1514 1546/1613/1546 1547/1583/1547
f 1528/1549/1528 1560/1548/1560 1561/1584/1561
f 1515/1555/1515 1547/1583/1547 1548/1585/1548
f 1529/1556/1529 1561/1584/1561 1562/1586/1562
f 1516/1557/1516 1548/1585/1548 1549/1587/1549
f 1531/1560/1531 1530/1558/1530 1562/1586/1562
f 1517/1559/1517 1549/1587/1549 1550/1588/1550
f 1532/1562/1532 1531/1560/1531 1563/1580/1563
f 1518/1561/1518 1550/1588/1550 1551/1590/1551
f 1533/1565/1533 1532/1564/1532 1564/1591/1564
f 1519/1563/1519 1551/1590/1551 1552/1593/1552
f 1507/1568/1507 1506/1567/1506 1538/1594/1538
f 1534/1569/1534 1533/1565/1533 1565/1592/1565
f 1520/1566/1520 1552/1593/1552 1553/1597/1553
f 1508/1571/1508 1507/1568/1507 1539/1595/1539
f 1535/1572/1535 1534/1569/1534 1566/1596/1566
f 1521/1570/1521 1553/1597/1553 1554/1600/1554
f 1509/1574/1509 1508/1571/1508 1540/1598/1540
f 1536/1575/1536 1535/1572/1535 1567/1599/1567
f 1522/1573/1522 1554/1600/1554 1555/1603/1555
f 1510/1577/1510 1509/1574/1509 1541/1601/1541
f 1537/1578/1537 1536/1575/1536 1568/1602/1568
f 1523/1576/1523 1555/1603/1555 1556/1606/1556
f 1511/1550/1511 1510/1577/1510 1542/1604/1542
f 1506/1567/1506 1537/1578/1537 1569/1605/1569
f 1524/1579/1524 1556/1606/1556 1557/1608/1557
f 1512/1551/1512 1511/1550/1511 1543/1607/1543
f 1525/1515/1525 1557/1608/1557 1558/1610/1558
f 1513/1553/1513 1512/1551/1512 1544/1609/1544
f 1526/1552/1526 1558/1610/1558 1559/1612/1559
f 1514/1554/1514 1513/1553/1513 1545/1611/1545
f 1585/1614/1585 1617/1678/1617 1618/1615/1618
f 1549/1587/1549 1581/1645/1581 1582/1617/1582
f 1564/1589/1564 1563/1580/1563 1595/1582/1595
f 1550/1588/1550 1582/1617/1582 1583/1619/1583
f 1565/1592/1565 1564/1591/1564 1596/1620/1596
f 1551/1590/1551 1583/1619/1583 1584/1622/1584
f 1539/1595/1539 1538/1594/1538 1570/1623/1570
f 1566/1596/1566 1565/1592/1565 1597/1621/1597
f 1552/1593/1552 1584/1622/1584 1585/1614/1585
f 1540/1598/1540 1539/1595/1539 1571/1624/1571
f 1567/1599/1567 1566/1596/1566 1598/1625/1598
f 1553/1597/1553 1585/1614/1585 1586/1616/1586
f 1541/1601/1541 1540/1598/1540 1572/1626/1572
f 1568/1602/1568 1567/1599/1567 1599/1627/1599
f 1554/1600/1554 1586/1616/1586 1587/1630/1587
f 1542/1604/1542 1541/1601/1541 1573/1628/1573
f 1569/1605/1569 1568/1602/1568 1600/1629/1600
f 1555/1603/1555 1587/1630/1587 1588/1633/1588
f 1543/1607/1543 1542/1604/1542 1574/1631/1574
f 1538/1594/1538 1569/1605/1569 1601/1632/1601
f 1556/1606/1556 1588/1633/1588 1589/1635/1589
f 1544/1609/1544 1543/1607/1543 1575/1634/1575
f 1557/1608/1557 1589/1635/1589 1590/1637/1590
f 1545/1611/1545 1544/1609/1544 1576/1636/1576
f 1558/1610/1558 1590/1637/1590 1591/1639/1591
f 1545/1611/1545 1577/1638/1577 1578/1640/1578
f 1559/1612/1559 1591/1639/1591 1592/1641/1592
f 1546/1613/1546 1578/1640/1578 1579/1642/1579
f 1560/1548/1560 1592/1641/1592 1593/1643/1593
f 1547/1583/1547 1579/1642/1579 1580/1644/1580
f 1562/1586/1562 1561/1584/1561 1593/1643/1593
f 1548/1585/1548 1580/1644/1580 1581/1645/1581
f 1620/1646/1620 1652/1711/1652 1653/1647/1653
f 1573/1628/1573 1572/1626/1572 1604/1649/1604
f 1600/1629/1600 1599/1627/1599 1631/1651/1631
f 1586/1616/1586 1618/1615/1618 1619/1653/1619
f 1574/1631/1574 1573/1628/1573 1605/1650/1605
f 1601/1632/1601 1600/1629/1600 1632/1652/1632
f 1587/1630/1587 1619/1653/1619 1620/1646/1620
f 1575/1634/1575 1574/1631/1574 1606/1654/1606
f 1570/1623/1570 1601/1632/1601 1633/1655/1633
f 1588/1633/1588 1620/1646/1620 1621/1648/1621
f 1576/1636/1576 1575/1634/1575 1607/1656/1607
f 1589/1635/1589 1621/1648/1621 1622/1659/1622
f 1576/1636/1576 1608/1658/1608 1609/1660/1609
f 1590/1637/1590 1622/1659/1622 1623/1661/1623
f 1577/1638/1577 1609/1660/1609 1610/1662/1610
f 1591/1639/1591 1623/1661/1623 1624/1663/1624
f 1578/1640/1578 1610/1662/1610 1611/1664/1611
f 1593/1643/1593 1592/1641/1592 1624/1663/1624
f 1579/1642/1579 1611/1664/1611 1612/1666/1612
f 1594/1581/1594 1593/1643/1593 1625/1665/1625
f 1580/1644/1580 1612/1666/1612 1613/1668/1613
f 1595/1582/1595 1594/1581/1594 1626/1667/1626
f 1581/1645/1581 1613/1668/1613 1614/1670/1614
f 1596/1618/1596 1595/1582/1595 1627/1669/1627
f 1582/1617/1582 1614/1670/1614 1615/1672/1615
f 1597/1621/1597 1596/1620/1596 1628/1673/1628
f 1583/1619/1583 1615/1672/1615 1616/1675/1616
f 1571/1624/1571 1570/1623/1570 1602/1657/1602
f 1598/1625/1598 1597/1621/1597 1629/1674/1629
f 1584/1622/1584 1616/1675/1616 1617/1678/1617
f 1572/1626/1572 1571/1624/1571 1603/1676/1603
f 1599/1627/1599 1598/1625/1598 1630/1677/1630
f 1656/1679/1656 1655/1685/1655 1687/1680/1687
f 1607/1656/1607 1639/1712/1639 1640/1682/1640
f 1621/1648/1621 1653/1647/1653 1654/1683/1654
f 1608/1658/1608 1640/1682/1640 1641/1684/1641
f 1622/1659/1622 1654/1683/1654 1655/1685/1655
f 1609/1660/1609 1641/1684/1641 1642/1686/1642
f 1624/1663/1624 1623/1661/1623 1655/1685/1655
f 1610/1662/1610 1642/1686/1642 1643/1687/1643
f 1625/1665/1625 1624/1663/1624 1656/1679/1656
f 1611/1664/1611 1643/1687/1643 1644/1689/1644
f 1626/1667/1626 1625/1665/1625 1657/1688/1657
f 1612/1666/1612 1644/1689/1644 1645/1691/1645
f 1627/1669/1627 1626/1667/1626 1658/1690/1658
f 1613/1668/1613 1645/1691/1645 1646/1693/1646
f 1628/1671/1628 1627/1669/1627 1659/1692/1659
f 1614/1670/1614 1646/1693/1646 1647/1695/1647
f 1629/1674/1629 1628/1673/1628 1660/1696/1660
f 1615/1672/1615 1647/1695/1647 1648/1698/1648
f 1603/1676/1603 1602/1657/1602 1634/1699/1634
f 1630/1677/1630 1629/1674/1629 1661/1697/1661
f 1616/1675/1616 1648/1698/1648 1649/1702/1649
f 1604/1649/1604 1603/1676/1603 1635/1700/1635
f 1631/1651/1631 1630/1677/1630 1662/1701/1662
f 1617/1678/1617 1649/1702/1649 1650/1705/1650
f 1605/1650/1605 1604/1649/1604 1636/1703/1636
f 1632/1652/1632 1631/1651/1631 1663/1704/1663
f 1618/1615/1618 1650/1705/1650 1651/1708/1651
f 1606/1654/1606 1605/1650/1605 1637/1706/1637
f 1633/1655/1633 1632/1652/1632 1664/1707/1664
f 1619/1653/1619 1651/1708/1651 1652/1711/1652
f 1607/1656/1607 1606/1654/1606 1638/1709/1638
f 1602/1657/1602 1633/1655/1633 1665/1710/1665
f 1692/1713/1692 1724/1802/1724 1725/1714/1725
f 1642/1686/1642 1674/1744/1674 1675/1716/1675
f 1657/1688/1657 1656/1679/1656 1688/1681/1688
f 1643/1687/1643 1675/1716/1675 1676/1718/1676
f 1658/1690/1658 1657/1688/1657 1689/1717/1689
f 1644/1689/1644 1676/1718/1676 1677/1720/1677
f 1659/1692/1659 1658/1690/1658 1690/1719/1690
f 1645/1691/1645 1677/1720/1677 1678/1722/1678
f 1660/1694/1660 1659/1692/1659 1691/1721/1691
f 1646/1693/1646 1678/1722/1678 1679/1724/1679
f 1661/1697/1661 1660/1696/1660 1692/1713/1692
f 1647/1695/1647 1679/1724/1679 1680/1725/1680
f 1634/1699/1634 1666/1739/1666 1667/1726/1667
f 1662/1701/1662 1661/1697/1661 1693/1715/1693
f 1648/1698/1648 1680/1725/1680 1681/1728/1681
f 1635/1700/1635 1667/1726/1667 1668/1729/1668
f 1663/1704/1663 1662/1701/1662 1694/1727/1694
f 1649/1702/1649 1681/1728/1681 1682/1731/1682
f 1636/1703/1636 1668/1729/1668 1669/1732/1669
f 1664/1707/1664 1663/1704/1663 1695/1730/1695
f 1650/1705/1650 1682/1731/1682 1683/1734/1683
f 1637/1706/1637 1669/1732/1669 1670/1735/1670
f 1665/1710/1665 1664/1707/1664 1696/1733/1696
f 1651/1708/1651 1683/1734/1683 1684/1737/1684
f 1638/1709/1638 1670/1735/1670 1671/1738/1671
f 1665/1710/1665 1697/1736/1697 1666/1739/1666
f 1652/1711/1652 1684/1737/1684 1685/1740/1685
f 1639/1712/1639 1671/1738/1671 1672/1741/1672
f 1653/1647/1653 1685/1740/1685 1686/1742/1686
f 1640/1682/1640 1672/1741/1672 1673/1743/1673
f 1655/1685/1655 1654/1683/1654 1686/1742/1686
f 1641/1684/1641 1673/1743/1673 1674/1744/1674
f 1700/1745/1700 1732/1808/1732 1733/1746/1733
f 1680/1725/1680 1679/1724/1679 1711/1748/1711
f 1666/1739/1666 1698/1761/1698 1699/1750/1699
f 1693/1715/1693 1725/1714/1725 1726/1751/1726
f 1681/1728/1681 1680/1725/1680 1712/1749/1712
f 1667/1726/1667 1699/1750/1699 1700/1745/1700
f 1694/1727/1694 1726/1751/1726 1727/1753/1727
f 1682/1731/1682 1681/1728/1681 1713/1752/1713
f 1668/1729/1668 1700/1745/1700 1701/1747/1701
f 1695/1730/1695 1727/1753/1727 1728/1755/1728
f 1683/1734/1683 1682/1731/1682 1714/1754/1714
f 1669/1732/1669 1701/1747/1701 1702/1757/1702
f 1696/1733/1696 1728/1755/1728 1729/1758/1729
f 1684/1737/1684 1683/1734/1683 1715/1756/1715
f 1670/1735/1670 1702/1757/1702 1703/1760/1703
f 1697/1736/1697 1729/1758/1729 1698/1761/1698
f 1685/1740/1685 1684/1737/1684 1716/1759/1716
f 1671/1738/1671 1703/1760/1703 1704/1763/1704
f 1686/1742/1686 1685/1740/1685 1717/1762/1717
f 1673/1743/1673 1672/1741/1672 1704/1763/1704
f 1687/1680/1687 1686/1742/1686 1718/1764/1718
f 1674/1744/1674 1673/1743/1673 1705/1765/1705
f 1688/1681/1688 1687/1680/1687 1719/1766/1719
f 1675/1716/1675 1674/1744/1674 1706/1767/1706
f 1689/1717/1689 1688/1681/1688 1720/1768/1720
f 1676/1718/1676 1675/1716/1675 1707/1769/1707
f 1689/1717/1689 1721/1770/1721 1722/1772/1722
f 1677/1720/1677 1676/1718/1676 1708/1771/1708
f 1690/1719/1690 1722/1772/1722 1723/1774/1723
f 1678/1722/1678 1677/1720/1677 1709/1773/1709
f 1691/1721/1691 1723/1774/1723 1724/1776/1724
f 1679/1724/1679 1678/1722/1678 1710/1775/1710
f 1735/1777/1735 1767/1842/1767 1768/1778/1768
f 1727/1753/1727 1759/1809/1759 1760/1780/1760
f 1715/1756/1715 1714/1754/1714 1746/1781/1746
f 1701/1747/1701 1733/1746/1733 1734/1783/1734
f 1728/1755/1728 1760/1780/1760 1761/1784/1761
f 1716/1759/1716 1715/1756/1715 1747/1782/1747
f 1702/1757/1702 1734/1783/1734 1735/1777/1735
f 1729/1758/1729 1761/1784/1761 1730/1786/1730
f 1717/1762/1717 1716/1759/1716 1748/1785/1748
f 1703/1760/1703 1735/1777/1735 1736/1779/1736
f 1718/1764/1718 1717/1762/1717 1749/1787/1749
f 1704/1763/1704 1736/1779/1736 1737/1789/1737
f 1719/1766/1719 1718/1764/1718 1750/1788/1750
f 1706/1767/1706 1705/1765/1705 1737/1789/1737
f 1720/1768/1720 1719/1766/1719 1751/1790/1751
f 1707/1769/1707 1706/1767/1706 1738/1791/1738
f 1721/1770/1721 1720/1768/1720 1752/1792/1752
f 1708/1771/1708 1707/1769/1707 1739/1793/1739
f 1721/1770/1721 1753/1794/1753 1754/1796/1754
f 1709/1773/1709 1708/1771/1708 1740/1795/1740
f 1722/1772/1722 1754/1796/1754 1755/1798/1755
f 1710/1775/1710 1709/1773/1709 1741/1797/1741
f 1723/1774/1723 1755/1798/1755 1756/1800/1756
f 1711/1748/1711 1710/1775/1710 1742/1799/1742
f 1724/1802/1724 1756/1827/1756 1757/1803/1757
f 1712/1749/1712 1711/1748/1711 1743/1801/1743
f 1698/1761/1698 1730/1786/1730 1731/1805/1731
f 1725/1714/1725 1757/1803/1757 1758/1806/1758
f 1713/1752/1713 1712/1749/1712 1744/1804/1744
f 1699/1750/1699 1731/1805/1731 1732/1808/1732
f 1726/1751/1726 1758/1806/1758 1759/1809/1759
f 1714/1754/1714 1713/1752/1713 1745/1807/1745
f 1771/1810/1771 1770/1817/1770 1802/1811/1802
f 1750/1788/1750 1749/1787/1749 1781/1813/1781
f 1737/1789/1737 1736/1779/1736 1768/1778/1768
f 1751/1790/1751 1750/1788/1750 1782/1814/1782
f 1738/1791/1738 1737/1789/1737 1769/1815/1769
f 1751/1790/1751 1783/1816/1783 1784/1818/1784
f 1739/1793/1739 1738/1791/1738 1770/1817/1770
f 1752/1792/1752 1784/1818/1784 1785/1819/1785
f 1740/1795/1740 1739/1793/1739 1771/1810/1771
f 1753/1794/1753 1785/1819/1785 1786/1821/1786
f 1741/1797/1741 1740/1795/1740 1772/1820/1772
f 1754/1796/1754 1786/1821/1786 1787/1823/1787
f 1742/1799/1742 1741/1797/1741 1773/1822/1773
f 1755/1798/1755 1787/1823/1787 1788/1825/1788
f 1743/1801/1743 1742/1799/1742 1774/1824/1774
f 1756/1827/1756 1788/2254/1788 1789/1828/1789
f 1744/1804/1744 1743/1801/1743 1775/1826/1775
f 1730/1786/1730 1762/1843/1762 1763/1830/1763
f 1757/1803/1757 1789/1828/1789 1790/1831/1790
f 1745/1807/1745 1744/1804/1744 1776/1829/1776
f 1731/1805/1731 1763/1830/1763 1764/1833/1764
f 1758/1806/1758 1790/1831/1790 1791/1834/1791
f 1746/1781/1746 1745/1807/1745 1777/1832/1777
f 1732/1808/1732 1764/1833/1764 1765/1836/1765
f 1759/1809/1759 1791/1834/1791 1792/1837/1792
f 1747/1782/1747 1746/1781/1746 1778/1835/1778
f 1733/1746/1733 1765/1836/1765 1766/1839/1766
f 1760/1780/1760 1792/1837/1792 1793/1840/1793
f 1748/1785/1748 1747/1782/1747 1779/1838/1779
f 1734/1783/1734 1766/1839/1766 1767/1842/1767
f 1761/1784/1761 1793/1840/1793 1762/1843/1762
f 1749/1787/1749 1748/1785/1748 1780/1841/1780
f 1799/1844/1799 1831/1904/1831 1832/1845/1832
f 1785/1819/1785 1784/1818/1784 1816/1847/1816
f 1772/1820/1772 1771/1810/1771 1803/1812/1803
f 1786/1821/1786 1785/1819/1785 1817/1848/1817
f 1773/1822/1773 1772/1820/1772 1804/1849/1804
f 1787/1823/1787 1786/1821/1786 1818/1850/1818
f 1774/1824/1774 1773/1822/1773 1805/1851/1805
f 1788/1825/1788 1787/1823/1787 1819/1852/1819
f 1775/1826/1775 1774/1824/1774 1806/1853/1806
f 1789/1828/1789 1788/2254/1788 1820/1856/1820
f 1776/1829/1776 1775/1826/1775 1807/1855/1807
f 1763/1830/1763 1762/1843/1762 1794/1859/1794
f 1790/1831/1790 1789/1828/1789 1821/1857/1821
f 1777/1832/1777 1776/1829/1776 1808/1858/1808
f 1764/1833/1764 1763/1830/1763 1795/1860/1795
f 1791/1834/1791 1790/1831/1790 1822/1861/1822
f 1778/1835/1778 1777/1832/1777 1809/1862/1809
f 1765/1836/1765 1764/1833/1764 1796/1863/1796
f 1792/1837/1792 1791/1834/1791 1823/1864/1823
f 1779/1838/1779 1778/1835/1778 1810/1865/1810
f 1766/1839/1766 1765/1836/1765 1797/1866/1797
f 1793/1840/1793 1792/1837/1792 1824/1867/1824
f 1780/1841/1780 1779/1838/1779 1811/1868/1811
f 1767/1842/1767 1766/1839/1766 1798/1869/1798
f 1762/1843/1762 1793/1840/1793 1825/1870/1825
f 1781/1813/1781 1780/1841/1780 1812/1871/1812
f 1768/1778/1768 1767/1842/1767 1799/1844/1799
f 1782/1814/1782 1781/1813/1781 1813/1872/1813
f 1769/1815/1769 1768/1778/1768 1800/1846/1800
f 1783/1816/1783 1782/1814/1782 1814/1873/1814
f 1770/1817/1770 1769/1815/1769 1801/1874/1801
f 1784/1818/1784 1783/1816/1783 1815/1875/1815
f 1828/1877/1828 1827/1894/1827 1837/1887/1837
f 1827/1894/1827 1826/1905/1826 1838/1889/1838
f 1826/1905/1826 1857/1902/1857 1839/1891/1839
f 1857/1902/1857 1856/1899/1856 1840/1893/1840
f 1856/1899/1856 1855/1897/1855 1841/1896/1841
f 1855/1897/1855 1854/1895/1854 1842/1898/1842
f 1854/1895/1854 1853/1892/1853 1843/1900/1843
f 1853/1892/1853 1852/1890/1852 1844/1903/1844
f 1852/1890/1852 1851/1888/1851 1845/1906/1845
f 1851/1888/1851 1850/1886/1850 1846/1879/1846
f 1850/1886/1850 1849/1885/1849 1847/1881/1847
f 1849/1885/1849 1848/1883/1848 1847/1881/1847
f 1847/1881/1847 1846/1879/1846 1850/1886/1850
f 1846/1879/1846 1845/1906/1845 1851/1888/1851
f 1845/1906/1845 1844/1903/1844 1852/1890/1852
f 1844/1903/1844 1843/1900/1843 1853/1892/1853
f 1843/1900/1843 1842/1898/1842 1854/1895/1854
f 1842/1898/1842 1841/1896/1841 1855/1897/1855
f 1841/1896/1841 1840/1893/1840 1856/1899/1856
f 1840/1893/1840 1839/1891/1839 1857/1902/1857
f 1839/1891/1839 1838/1889/1838 1826/1905/1826
f 1838/1889/1838 1837/1887/1837 1827/1894/1827
f 1837/1887/1837 1836/1878/1836 1828/1877/1828
f 1836/1878/1836 1835/1884/1835 1829/1876/1829
f 1835/1884/1835 1834/1882/1834 1830/1901/1830
f 1834/1882/1834 1833/1880/1833 1831/1904/1831
f 1833/1880/1833 1832/1845/1832 1831/1904/1831
f 1831/1904/1831 1830/1901/1830 1834/1882/1834
f 1830/1901/1830 1829/1876/1829 1835/1884/1835
f 1813/1872/1813 1845/1906/1845 1846/1879/1846
f 1801/1874/1801 1800/1846/1800 1832/1845/1832
f 1814/1873/1814 1846/1879/1846 1847/1881/1847
f 1802/1811/1802 1801/1874/1801 1833/1880/1833
f 1815/1875/1815 1847/1881/1847 1848/1883/1848
f 1803/1812/1803 1802/1811/1802 1834/1882/1834
f 1816/1847/1816 1848/1883/1848 1849/1885/1849
f 1804/1849/1804 1803/1812/1803 1835/1884/1835
f 1818/1850/1818 1817/1848/1817 1849/1885/1849
f 1805/1851/1805 1804/1849/1804 1836/1878/1836
f 1819/1852/1819 1818/1850/1818 1850/1886/1850
f 1806/1853/1806 1805/1851/1805 1837/1887/1837
f 1820/1854/1820 1819/1852/1819 1851/1888/1851
f 1807/1855/1807 1806/1853/1806 1838/1889/1838
f 1821/1857/1821 1820/1856/1820 1852/1890/1852
f 1808/1858/1808 1807/1855/1807 1839/1891/1839
f 1794/1859/1794 1826/1905/1826 1827/1894/1827
f 1822/1861/1822 1821/1857/1821 1853/1892/1853
f 1809/1862/1809 1808/1858/1808 1840/1893/1840
f 1795/1860/1795 1827/1894/1827 1828/1877/1828
f 1822/1861/1822 1854/1895/1854 1855/1897/1855
f 1810/1865/1810 1809/1862/1809 1841/1896/1841
f 1796/1863/1796 1828/1877/1828 1829/1876/1829
f 1823/1864/1823 1855/1897/1855 1856/1899/1856
f 1810/1865/1810 1842/1898/1842 1843/1900/1843
f 1797/1866/1797 1829/1876/1829 1830/1901/1830
f 1824/1867/1824 1856/1899/1856 1857/1902/1857
f 1811/1868/1811 1843/1900/1843 1844/1903/1844
f 1798/1869/1798 1830/1901/1830 1831/1904/1831
f 1825/1870/1825 1857/1902/1857 1826/1905/1826
f 1812/1871/1812 1844/1903/1844 1845/1906/1845
f 1869/1921/1869 1870/1922/1870 1903/1942/1903
f 1877/1929/1877 1910/1949/1910 1909/1945/1909
f 1884/1937/1884 1917/1950/1917 1916/1946/1916
f 1863/1913/1863 1864/1914/1864 1897/1947/1897
f 1871/1923/1871 1904/1954/1904 1903/1942/1903
f 1878/1930/1878 1911/1955/1911 1910/1949/1910
f 1885/1938/1885 1918/1956/1918 1917/1950/1917
f 1864/1914/1864 1865/1915/1865 1898/1951/1898
f 1858/1907/1858 1859/1909/1859 1892/1952/1892
f 1872/1924/1872 1905/1958/1905 1904/1954/1904
f 1879/1931/1879 1912/1959/1912 1911/1955/1911
f 1886/1939/1886 1919/1961/1919 1918/1956/1918
f 1865/1915/1865 1866/1916/1866 1899/1957/1899
f 1873/1925/1873 1906/1964/1906 1905/1958/1905
f 1880/1932/1880 1913/1965/1913 1912/1959/1912
f 1859/1909/1859 1860/1910/1860 1893/1960/1893
f 1887/1940/1887 1920/1967/1920 1919/1961/1919
f 1866/1917/1866 1867/1919/1867 1900/1962/1900
f 1874/1926/1874 1907/1969/1907 1906/1964/1906
f 1881/1933/1881 1914/1970/1914 1913/1965/1913
f 1860/1910/1860 1861/1911/1861 1894/1966/1894
f 1888/1941/1888 1921/1972/1921 1920/1967/1920
f 1867/1919/1867 1868/1920/1868 1901/1968/1901
f 1875/1927/1875 1908/1973/1908 1907/1969/1907
f 1882/1934/1882 1915/1974/1915 1914/1970/1914
f 1861/1911/1861 1862/1912/1862 1895/1971/1895
f 1889/1944/1889 1922/1975/1922 1921/1972/1921
f 1868/1920/1868 1869/1921/1869 1902/1943/1902
f 1876/1928/1876 1909/1945/1909 1908/1973/1908
f 1883/1935/1883 1916/2072/1916 1915/1974/1915
f 1862/1912/1862 1863/1913/1863 1896/1948/1896
f 1889/1944/1889 1858/1907/1858 1891/1953/1891
f 1954/2046/1954 1923/2045/1923 1953/1977/1953
f 1923/2045/1923 1924/1978/1924 1953/1977/1953
f 1924/1978/1924 1925/2047/1925 1952/1976/1952
f 1925/2047/1925 1926/2048/1926 1951/2075/1951
f 1952/1976/1952 1925/2047/1925 1951/2075/1951
f 1926/2048/1926 1927/2049/1927 1950/2074/1950
f 1927/2049/1927 1928/2050/1928 1949/2073/1949
f 1950/2074/1950 1927/2049/1927 1949/2073/1949
f 1928/2050/1928 1929/2052/1929 1948/2070/1948
f 1929/2052/1929 1930/2051/1930 1947/2071/1947
f 1948/2070/1948 1929/2052/1929 1947/2071/1947
f 1930/2051/1930 1931/2053/1931 1946/2069/1946
f 1931/2053/1931 1932/2055/1932 1945/2068/1945
f 1946/2069/1946 1931/2053/1931 1945/2068/1945
f 1932/2055/1932 1933/2056/1933 1944/2067/1944
f 1933/2056/1933 1934/2057/1934 1943/2066/1943
f 1944/2067/1944 1933/2056/1933 1943/2066/1943
f 1934/2057/1934 1935/2058/1935 1942/2065/1942
f 1935/2058/1935 1936/2059/1936 1941/2064/1941
f 1942/2065/1942 1935/2058/1935 1941/2064/1941
f 1936/2059/1936 1937/2060/1937 1940/2063/1940
f 1937/2060/1937 1938/2061/1938 1939/2062/1939
f 1940/2063/1940 1937/2060/1937 1939/2062/1939
f 1940/2063/1940 1941/2064/1941 1936/2059/1936
f 1942/2065/1942 1943/2066/1943 1934/2057/1934
f 1944/2067/1944 1945/2068/1945 1932/2055/1932
f 1946/2069/1946 1947/2071/1947 1930/2051/1930
f 1948/2070/1948 1949/2073/1949 1928/2050/1928
f 1950/2074/1950 1951/2075/1951 1926/2048/1926
f 1957/1979/1957 1958/1983/1958 1955/1980/1955
f 1959/1982/1959 1960/1985/1960 1958/1983/1958
f 1961/1984/1961 1962/1987/1962 1960/1985/1960
f 1963/1986/1963 1964/1989/1964 1962/1987/1962
f 1963/1986/1963 1965/1990/1965 1966/1988/1966
f 1965/1990/1965 1967/1992/1967 1968/1991/1968
f 1967/1992/1967 1969/1994/1969 1970/1993/1970
f 1969/1994/1969 1971/2054/1971 1972/1995/1972
f 1971/1996/1971 1973/1999/1973 1974/1997/1974
f 1973/1999/1973 1975/2001/1975 1976/2000/1976
f 1975/2001/1975 1977/2003/1977 1978/2002/1978
f 1977/2003/1977 1979/2005/1979 1980/2004/1980
f 1979/2005/1979 1981/2007/1981 1982/2006/1982
f 1981/2007/1981 1983/2009/1983 1984/2008/1984
f 1983/2009/1983 1985/2012/1985 1986/2010/1986
f 1987/2011/1987 1988/2014/1988 1986/2010/1986
f 1989/2013/1989 1990/2016/1990 1988/2014/1988
f 1991/2015/1991 1992/2018/1992 1990/2016/1990
f 1993/2017/1993 1994/2020/1994 1992/2018/1992
f 1995/2019/1995 1996/2022/1996 1994/2020/1994
f 1997/2021/1997 1998/2024/1998 1996/2022/1996
f 1999/2023/1999 2000/2026/2000 1998/2024/1998
f 2001/2025/2001 2002/2028/2002 2000/2026/2000
f 2003/2027/2003 2004/2030/2004 2002/2028/2002
f 2005/2029/2005 2006/2255/2006 2004/2030/2004
f 2007/2031/2007 2008/2035/2008 2006/2032/2006
f 2009/2034/2009 2010/2037/2010 2008/2035/2008
f 2009/2034/2009 2011/2038/2011 2012/2036/2012
f 2011/2038/2011 2013/2040/2013 2014/2039/2014
f 2013/2040/2013 2015/2042/2015 2016/2041/2016
f 2015/2042/2015 2017/2044/2017 2018/2043/2018
f 2017/2044/2017 1956/1981/1956 1955/1980/1955
f 1958/1983/1958 1924/1978/1924 1923/2045/1923
f 1922/1975/1922 1891/1953/1891 1956/1981/1956
f 1891/1953/1891 1892/1952/1892 1957/1979/1957
f 1955/1980/1955 1923/2045/1923 1954/2046/1954
f 1960/1985/1960 1925/2047/1925 1924/1978/1924
f 1892/1952/1892 1893/1960/1893 1959/1982/1959
f 1962/1987/1962 1926/2048/1926 1925/2047/1925
f 1893/1960/1893 1894/1966/1894 1961/1984/1961
f 1964/1989/1964 1927/2049/1927 1926/2048/1926
f 1894/1966/1894 1895/1971/1895 1963/1986/1963
f 1966/1988/1966 1928/2050/1928 1927/2049/1927
f 1895/1971/1895 1896/1948/1896 1965/1990/1965
f 1968/1991/1968 1929/2052/1929 1928/2050/1928
f 1896/1948/1896 1897/1947/1897 1967/1992/1967
f 1968/1991/1968 1970/1993/1970 1930/2051/1930
f 1897/1947/1897 1898/1951/1898 1969/1994/1969
f 1970/1993/1970 1972/1995/1972 1931/2053/1931
f 1898/1951/1898 1899/1957/1899 1971/2054/1971
f 1972/1998/1972 1974/1997/1974 1932/2055/1932
f 1899/1963/1899 1900/1962/1900 1973/1999/1973
f 1974/1997/1974 1976/2000/1976 1933/2056/1933
f 1900/1962/1900 1901/1968/1901 1975/2001/1975
f 1976/2000/1976 1978/2002/1978 1934/2057/1934
f 1901/1968/1901 1902/1943/1902 1977/2003/1977
f 1978/2002/1978 1980/2004/1980 1935/2058/1935
f 1902/1943/1902 1903/1942/1903 1979/2005/1979
f 1980/2004/1980 1982/2006/1982 1936/2059/1936
f 1903/1942/1903 1904/1954/1904 1981/2007/1981
f 1982/2006/1982 1984/2008/1984 1937/2060/1937
f 1904/1954/1904 1905/1958/1905 1983/2009/1983
f 1984/2008/1984 1986/2010/1986 1938/2061/1938
f 1905/1958/1905 1906/1964/1906 1985/2012/1985
f 1988/2014/1988 1939/2062/1939 1938/2061/1938
f 1907/1969/1907 1987/2011/1987 1985/2012/1985
f 1990/2016/1990 1940/2063/1940 1939/2062/1939
f 1908/1973/1908 1989/2013/1989 1987/2011/1987
f 1992/2018/1992 1941/2064/1941 1940/2063/1940
f 1909/1945/1909 1991/2015/1991 1989/2013/1989
f 1994/2020/1994 1942/2065/1942 1941/2064/1941
f 1910/1949/1910 1993/2017/1993 1991/2015/1991
f 1996/2022/1996 1943/2066/1943 1942/2065/1942
f 1911/1955/1911 1995/2019/1995 1993/2017/1993
f 1998/2024/1998 1944/2067/1944 1943/2066/1943
f 1912/1959/1912 1997/2021/1997 1995/2019/1995
f 2000/2026/2000 1945/2068/1945 1944/2067/1944
f 1913/1965/1913 1999/2023/1999 1997/2021/1997
f 2002/2028/2002 1946/2069/1946 1945/2068/1945
f 1914/1970/1914 2001/2025/2001 1999/2023/1999
f 2004/2030/2004 1947/2071/1947 1946/2069/1946
f 1915/1974/1915 2003/2027/2003 2001/2025/2001
f 2004/2030/2004 2006/2255/2006 1948/2070/1948
f 1916/2072/1916 2005/2029/2005 2003/2027/2003
f 2006/2032/2006 2008/2035/2008 1949/2073/1949
f 1917/1950/1917 2007/2031/2007 2005/2033/2005
f 2008/2035/2008 2010/2037/2010 1950/2074/1950
f 1918/1956/1918 2009/2034/2009 2007/2031/2007
f 2010/2037/2010 2012/2036/2012 1951/2075/1951
f 1919/1961/1919 2011/2038/2011 2009/2034/2009
f 2012/2036/2012 2014/2039/2014 1952/1976/1952
f 1920/1967/1920 2013/2040/2013 2011/2038/2011
f 2014/2039/2014 2016/2041/2016 1953/1977/1953
f 1921/1972/1921 2015/2042/2015 2013/2040/2013
f 2016/2041/2016 2018/2043/2018 1954/2046/1954
f 1922/1975/1922 2017/2044/2017 2015/2042/2015
f 2031/2091/2031 2064/2118/2064 2063/2111/2063
f 2037/2097/2037 2038/2098/2038 2071/2113/2071
f 2045/2106/2045 2078/2120/2078 2077/2115/2077
f 2024/2082/2024 2025/2083/2025 2058/2116/2058
f 2032/2092/2032 2065/2124/2065 2064/2118/2064
f 2038/2098/2038 2039/2099/2039 2072/2119/2072
f 2046/2107/2046 2079/2126/2079 2078/2120/2078
f 2025/2083/2025 2026/2084/2026 2059/2121/2059
f 2019/2076/2019 2020/2078/2020 2053/2122/2053
f 2033/2093/2033 2066/2128/2066 2065/2124/2065
f 2039/2099/2039 2040/2100/2040 2073/2125/2073
f 2047/2108/2047 2080/2130/2080 2079/2126/2079
f 2026/2084/2026 2027/2085/2027 2060/2127/2060
f 2034/2094/2034 2067/2133/2067 2066/2128/2066
f 2041/2101/2041 2074/2134/2074 2073/2125/2073
f 2020/2078/2020 2021/2079/2021 2054/2129/2054
f 2048/2109/2048 2081/2136/2081 2080/2130/2080
f 2027/2086/2027 2028/2088/2028 2061/2131/2061
f 2035/2095/2035 2068/2139/2068 2067/2133/2067
f 2042/2102/2042 2075/2140/2075 2074/2134/2074
f 2021/2079/2021 2022/2080/2022 2055/2135/2055
f 2049/2110/2049 2082/2142/2082 2081/2136/2081
f 2028/2088/2028 2029/2089/2029 2062/2137/2062
f 2035/2095/2035 2036/2096/2036 2069/2138/2069
f 2043/2103/2043 2076/2240/2076 2075/2140/2075
f 2022/2080/2022 2023/2081/2023 2056/2141/2056
f 2050/2112/2050 2083/2144/2083 2082/2142/2082
f 2029/2089/2029 2030/2090/2030 2063/2111/2063
f 2036/2096/2036 2037/2097/2037 2070/2114/2070
f 2044/2105/2044 2077/2115/2077 2076/2143/2076
f 2023/2081/2023 2024/2082/2024 2057/2117/2057
f 2019/2076/2019 2052/2123/2052 2083/2144/2083
f 2115/2215/2115 2084/2214/2084 2085/2216/2085
f 2085/2216/2085 2086/2147/2086 2114/2146/2114
f 2086/2147/2086 2087/2217/2087 2113/2145/2113
f 2085/2216/2085 2114/2146/2114 2115/2215/2115
f 2087/2217/2087 2088/2218/2088 2112/2245/2112
f 2088/2218/2088 2089/2219/2089 2111/2244/2111
f 2089/2219/2089 2090/2220/2090 2110/2242/2110
f 2090/2220/2090 2091/2222/2091 2109/2243/2109
f 2089/2219/2089 2110/2242/2110 2111/2244/2111
f 2091/2222/2091 2092/2221/2092 2108/2241/2108
f 2092/2221/2092 2093/2224/2093 2107/2239/2107
f 2093/2224/2093 2094/2225/2094 2106/2237/2106
f 2094/2225/2094 2095/2226/2095 2105/2236/2105
f 2093/2224/2093 2106/2237/2106 2107/2239/2107
f 2095/2226/2095 2096/2227/2096 2104/2235/2104
f 2096/2227/2096 2097/2228/2097 2103/2234/2103
f 2097/2228/2097 2098/2229/2098 2102/2233/2102
f 2098/2229/2098 2099/2230/2099 2101/2232/2101
f 2097/2228/2097 2102/2233/2102 2103/2234/2103
f 2099/2230/2099 2100/2231/2100 2101/2232/2101
f 2101/2232/2101 2102/2233/2102 2098/2229/2098
f 2103/2234/2103 2104/2235/2104 2096/2227/2096
f 2104/2235/2104 2105/2236/2105 2095/2226/2095
f 2105/2236/2105 2106/2237/2106 2094/2225/2094
f 2107/2239/2107 2108/2241/2108 2092/2221/2092
f 2108/2241/2108 2109/2243/2109 2091/2222/2091
f 2109/2243/2109 2110/2242/2110 2090/2220/2090
f 2111/2244/2111 2112/2245/2112 2088/2218/2088
f 2112/2245/2112 2113/2145/2113 2087/2217/2087
f 2118/2148/2118 2119/2152/2119 2116/2149/2116
f 2120/2151/2120 2121/2154/2121 2119/2152/2119
f 2122/2153/2122 2123/2156/2123 2121/2154/2121
f 2124/2155/2124 2125/2158/2125 2123/2156/2123
f 2126/2157/2126 2127/2160/2127 2125/2158/2125
f 2128/2159/2128 2129/2162/2129 2127/2160/2127
f 2128/2159/2128 2130/2163/2130 2131/2161/2131
f 2130/2163/2130 2132/2223/2132 2133/2164/2133
f 2132/2165/2132 2134/2168/2134 2135/2166/2135
f 2134/2168/2134 2136/2170/2136 2137/2169/2137
f 2136/2170/2136 2138/2172/2138 2139/2171/2139
f 2138/2172/2138 2140/2174/2140 2141/2173/2141
f 2140/2174/2140 2142/2176/2142 2143/2175/2143
f 2142/2176/2142 2144/2178/2144 2145/2177/2145
f 2144/2178/2144 2146/2180/2146 2147/2179/2147
f 2146/2180/2146 2148/2183/2148 2149/2181/2149
f 2150/2182/2150 2151/2185/2151 2149/2181/2149
f 2152/2184/2152 2153/2187/2153 2151/2185/2151
f 2154/2186/2154 2155/2189/2155 2153/2187/2153
f 2156/2188/2156 2157/2191/2157 2155/2189/2155
f 2158/2190/2158 2159/2193/2159 2157/2191/2157
f 2160/2192/2160 2161/2195/2161 2159/2193/2159
f 2162/2194/2162 2163/2197/2163 2161/2195/2161
f 2164/2196/2164 2165/2238/2165 2163/2197/2163
f 2166/2198/2166 2167/2202/2167 2165/2199/2165
f 2168/2201/2168 2169/2204/2169 2167/2202/2167
f 2168/2201/2168 2170/2205/2170 2171/2203/2171
f 2170/2205/2170 2172/2207/2172 2173/2206/2173
f 2172/2207/2172 2174/2209/2174 2175/2208/2175
f 2174/2209/2174 2176/2211/2176 2177/2210/2177
f 2176/2211/2176 2178/2213/2178 2179/2212/2179
f 2178/2213/2178 2117/2150/2117 2116/2149/2116
f 2119/2152/2119 2085/2216/2085 2084/2214/2084
f 2052/2123/2052 2117/2150/2117 2178/2213/2178
f 2052/2123/2052 2053/2122/2053 2118/2148/2118
f 2179/2212/2179 2116/2149/2116 2084/2214/2084
f 2121/2154/2121 2086/2147/2086 2085/2216/2085
f 2053/2122/2053 2054/2129/2054 2120/2151/2120
f 2123/2156/2123 2087/2217/2087 2086/2147/2086
f 2054/2129/2054 2055/2135/2055 2122/2153/2122
f 2125/2158/2125 2088/2218/2088 2087/2217/2087
f 2055/2135/2055 2056/2141/2056 2124/2155/2124
f 2127/2160/2127 2089/2219/2089 2088/2218/2088
f 2056/2141/2056 2057/2117/2057 2126/2157/2126
f 2129/2162/2129 2090/2220/2090 2089/2219/2089
f 2057/2117/2057 2058/2116/2058 2128/2159/2128
f 2131/2161/2131 2091/2222/2091 2090/2220/2090
f 2058/2116/2058 2059/2121/2059 2130/2163/2130
f 2131/2161/2131 2133/2164/2133 2092/2221/2092
f 2059/2121/2059 2060/2127/2060 2132/2223/2132
f 2133/2167/2133 2135/2166/2135 2093/2224/2093
f 2060/2132/2060 2061/2131/2061 2134/2168/2134
f 2135/2166/2135 2137/2169/2137 2094/2225/2094
f 2061/2131/2061 2062/2137/2062 2136/2170/2136
f 2137/2169/2137 2139/2171/2139 2095/2226/2095
f 2062/2137/2062 2063/2111/2063 2138/2172/2138
f 2139/2171/2139 2141/2173/2141 2096/2227/2096
f 2063/2111/2063 2064/2118/2064 2140/2174/2140
f 2141/2173/2141 2143/2175/2143 2097/2228/2097
f 2064/2118/2064 2065/2124/2065 2142/2176/2142
f 2143/2175/2143 2145/2177/2145 2098/2229/2098
f 2065/2124/2065 2066/2128/2066 2144/2178/2144
f 2145/2177/2145 2147/2179/2147 2099/2230/2099
f 2066/2128/2066 2067/2133/2067 2146/2180/2146
f 2147/2179/2147 2149/2181/2149 2100/2231/2100
f 2067/2133/2067 2068/2139/2068 2148/2183/2148
f 2151/2185/2151 2101/2232/2101 2100/2231/2100
f 2068/2139/2068 2069/2138/2069 2150/2182/2150
f 2153/2187/2153 2102/2233/2102 2101/2232/2101
f 2070/2114/2070 2152/2184/2152 2150/2182/2150
f 2155/2189/2155 2103/2234/2103 2102/2233/2102
f 2071/2113/2071 2154/2186/2154 2152/2184/2152
f 2157/2191/2157 2104/2235/2104 2103/2234/2103
f 2072/2119/2072 2156/2188/2156 2154/2186/2154
f 2159/2193/2159 2105/2236/2105 2104/2235/2104
f 2073/2125/2073 2158/2190/2158 2156/2188/2156
f 2161/2195/2161 2106/2237/2106 2105/2236/2105
f 2074/2134/2074 2160/2192/2160 2158/2190/2158
f 2163/2197/2163 2107/2239/2107 2106/2237/2106
f 2075/2140/2075 2162/2194/2162 2160/2192/2160
f 2165/2238/2165 2108/2241/2108 2107/2239/2107
f 2076/2240/2076 2164/2196/2164 2162/2194/2162
f 2167/2202/2167 2109/2243/2109 2108/2241/2108
f 2077/2115/2077 2166/2198/2166 2164/2200/2164
f 2167/2202/2167 2169/2204/2169 2110/2242/2110
f 2078/2120/2078 2168/2201/2168 2166/2198/2166
f 2169/2204/2169 2171/2203/2171 2111/2244/2111
f 2079/2126/2079 2170/2205/2170 2168/2201/2168
f 2171/2203/2171 2173/2206/2173 2112/2245/2112
f 2080/2130/2080 2172/2207/2172 2170/2205/2170
f 2173/2206/2173 2175/2208/2175 2113/2145/2113
f 2081/2136/2081 2174/2209/2174 2172/2207/2172
f 2175/2208/2175 2177/2210/2177 2114/2146/2114
f 2082/2142/2082 2176/2211/2176 2174/2209/2174
f 2177/2210/2177 2179/2212/2179 2115/2215/2115
f 2083/2144/2083 2178/2213/2178 2176/2211/2176
