# Blender 4.5.4 LTS
# www.blender.org
mtllib peppers.mtl
o ghost_pepper
v 0.000000 0.208934 0.637801
v 0.000000 0.186229 3.886880
v 0.040761 0.204920 0.637801
v 0.036514 0.182651 3.887239
v 0.079956 0.193030 0.637801
v 0.071625 0.172053 3.888302
v 0.116078 0.173722 0.637801
v 0.103983 0.154844 3.890028
v 0.147739 0.147739 0.637801
v 0.132345 0.131684 3.892352
v 0.173722 0.116078 0.637801
v 0.155621 0.103463 3.895183
v 0.193030 0.079956 0.637801
v 0.172917 0.071267 3.898413
v 0.204920 0.040761 0.637801
v 0.183568 0.036331 3.901918
v 0.208934 -0.000000 0.637801
v 0.187164 -0.000000 3.905563
v 0.204920 -0.040761 0.637801
v 0.183568 -0.036332 3.909207
v 0.193030 -0.079956 0.637801
v 0.172917 -0.071267 3.912712
v 0.173722 -0.116078 0.637801
v 0.155621 -0.103464 3.915942
v 0.147739 -0.147739 0.637801
v 0.132345 -0.131684 3.918773
v 0.116078 -0.173722 0.637801
v 0.103983 -0.154844 3.921097
v 0.079956 -0.193030 0.637801
v 0.071625 -0.172053 3.922823
v 0.040761 -0.204920 0.637801
v 0.036514 -0.182651 3.923886
v 0.000000 -0.208934 0.637801
v 0.000000 -0.186229 3.924246
v -0.040761 -0.204920 0.637801
v -0.036514 -0.182651 3.923886
v -0.079956 -0.193030 0.637801
v -0.071625 -0.172053 3.922823
v -0.116078 -0.173722 0.637801
v -0.103983 -0.154844 3.921097
v -0.147739 -0.147739 0.637801
v -0.132345 -0.131684 3.918773
v -0.173722 -0.116078 0.637801
v -0.155621 -0.103464 3.915942
v -0.193030 -0.079956 0.637801
v -0.172917 -0.071267 3.912712
v -0.204920 -0.040761 0.637801
v -0.183568 -0.036332 3.909207
v -0.208934 -0.000000 0.637801
v -0.187164 -0.000000 3.905563
v -0.204920 0.040761 0.637801
v -0.183568 0.036331 3.901918
v -0.193030 0.079956 0.637801
v -0.172917 0.071267 3.898413
v -0.173722 0.116078 0.637801
v -0.155621 0.103463 3.895183
v -0.147739 0.147739 0.637801
v -0.132345 0.131684 3.892352
v -0.116078 0.173722 0.637801
v -0.103983 0.154844 3.890028
v -0.079956 0.193030 0.637801
v -0.071625 0.172053 3.888302
v -0.040761 0.204920 0.637801
v -0.036514 0.182651 3.887239
v -0.000000 0.376375 0.044367
v 0.073427 0.369143 0.044367
v 0.144032 0.347725 0.044367
v 0.209103 0.312945 0.044367
v 0.266137 0.266138 0.044367
v 0.312944 0.209103 0.044367
v 0.347725 0.144033 0.044367
v 0.369143 0.073427 0.044367
v 0.376375 -0.000000 0.044367
v 0.369143 -0.073427 0.044367
v 0.347725 -0.144033 0.044367
v 0.312944 -0.209103 0.044367
v 0.266137 -0.266138 0.044367
v 0.209103 -0.312945 0.044367
v 0.144032 -0.347725 0.044367
v 0.073427 -0.369143 0.044367
v -0.000000 -0.376375 0.044367
v -0.073428 -0.369143 0.044367
v -0.144033 -0.347725 0.044367
v -0.209103 -0.312945 0.044367
v -0.266138 -0.266138 0.044367
v -0.312945 -0.209103 0.044367
v -0.347726 -0.144033 0.044367
v -0.369144 -0.073427 0.044367
v -0.376376 -0.000000 0.044367
v -0.369144 0.073427 0.044367
v -0.347726 0.144033 0.044367
v -0.312945 0.209103 0.044367
v -0.266138 0.266138 0.044367
v -0.209103 0.312945 0.044367
v -0.144033 0.347725 0.044367
v -0.073428 0.369143 0.044367
v 0.146794 0.219693 0.283267
v 0.101113 0.244110 0.283267
v 0.186833 -0.186834 0.283267
v 0.219693 -0.146794 0.283267
v -0.219693 -0.146794 0.283267
v -0.186834 -0.186834 0.283267
v -0.101114 0.244110 0.283267
v -0.146794 0.219693 0.283267
v 0.264222 -0.000000 0.283267
v 0.259145 0.051547 0.283267
v -0.051547 -0.259146 0.283267
v -0.000000 -0.264223 0.283267
v -0.244110 0.101114 0.283267
v -0.259146 0.051547 0.283267
v 0.186833 0.186834 0.283267
v 0.146794 -0.219693 0.283267
v -0.244110 -0.101114 0.283267
v -0.051547 0.259146 0.283267
v 0.259145 -0.051547 0.283267
v -0.101114 -0.244110 0.283267
v -0.219693 0.146794 0.283267
v 0.219693 0.146794 0.283267
v 0.101113 -0.244110 0.283267
v -0.259146 -0.051547 0.283267
v 0.051547 0.259146 0.283267
v -0.000000 0.264223 0.283267
v 0.244110 -0.101114 0.283267
v -0.146794 -0.219693 0.283267
v -0.186834 0.186834 0.283267
v 0.244110 0.101114 0.283267
v 0.051547 -0.259146 0.283267
v -0.264223 -0.000000 0.283267
v 0.000000 0.237767 4.571102
v 0.036514 0.234181 4.571377
v 0.071625 0.223561 4.572189
v 0.103983 0.206316 4.573509
v 0.132345 0.183108 4.575285
v 0.155621 0.154828 4.577449
v 0.172917 0.122564 4.579918
v 0.183568 0.087556 4.582598
v 0.187164 0.051149 4.585384
v 0.183568 0.014741 4.588171
v 0.172917 -0.020267 4.590849
v 0.155621 -0.052531 4.593319
v 0.132345 -0.080810 4.595483
v 0.103983 -0.104019 4.597260
v 0.071625 -0.121264 4.598579
v 0.036514 -0.131884 4.599391
v 0.000000 -0.135469 4.599666
v -0.036514 -0.131884 4.599391
v -0.071624 -0.121264 4.598579
v -0.103983 -0.104019 4.597260
v -0.132345 -0.080810 4.595483
v -0.155621 -0.052531 4.593319
v -0.172917 -0.020267 4.590849
v -0.183567 0.014741 4.588171
v -0.187164 0.051149 4.585384
v -0.183567 0.087556 4.582598
v -0.172917 0.122564 4.579918
v -0.155621 0.154828 4.577449
v -0.132345 0.183108 4.575285
v -0.103983 0.206316 4.573509
v -0.071624 0.223561 4.572189
v -0.036514 0.234181 4.571377
v 0.000000 0.283045 5.216273
v 0.036514 0.279481 5.215796
v 0.071625 0.268924 5.214385
v 0.103983 0.251781 5.212093
v 0.132345 0.228710 5.209008
v 0.155621 0.200598 5.205249
v 0.172917 0.168525 5.200961
v 0.183568 0.133724 5.196308
v 0.187164 0.097533 5.191469
v 0.183568 0.061341 5.186630
v 0.172917 0.026540 5.181977
v 0.155621 -0.005533 5.177689
v 0.132345 -0.033645 5.173930
v 0.103983 -0.056716 5.170845
v 0.071625 -0.073859 5.168553
v 0.036514 -0.084416 5.167141
v 0.000000 -0.087981 5.166665
v -0.036514 -0.084416 5.167141
v -0.071624 -0.073859 5.168553
v -0.103983 -0.056716 5.170845
v -0.132345 -0.033645 5.173930
v -0.155621 -0.005533 5.177689
v -0.172917 0.026540 5.181977
v -0.183567 0.061341 5.186630
v -0.187164 0.097533 5.191469
v -0.183567 0.133724 5.196308
v -0.172917 0.168525 5.200961
v -0.155621 0.200598 5.205249
v -0.132345 0.228710 5.209008
v -0.103983 0.251781 5.212093
v -0.071624 0.268924 5.214385
v -0.036514 0.279481 5.215796
v 0.000000 0.203379 5.793083
v 0.036514 0.199941 5.792030
v 0.071625 0.189757 5.788911
v 0.103983 0.173219 5.783845
v 0.132345 0.150964 5.777029
v 0.155621 0.123845 5.768723
v 0.172917 0.092906 5.759246
v 0.183568 0.059335 5.748963
v 0.187164 0.024422 5.738270
v 0.183568 -0.010491 5.727576
v 0.172917 -0.044062 5.717294
v 0.155621 -0.075002 5.707817
v 0.132345 -0.102121 5.699511
v 0.103983 -0.124376 5.692695
v 0.071625 -0.140914 5.687629
v 0.036514 -0.151097 5.684510
v 0.000000 -0.154536 5.683457
v -0.036514 -0.151097 5.684510
v -0.071624 -0.140914 5.687629
v -0.103983 -0.124376 5.692695
v -0.132345 -0.102121 5.699511
v -0.155621 -0.075002 5.707817
v -0.172917 -0.044062 5.717294
v -0.183567 -0.010491 5.727576
v -0.187164 0.024422 5.738270
v -0.183567 0.059335 5.748963
v -0.172917 0.092906 5.759246
v -0.155621 0.123845 5.768723
v -0.132345 0.150964 5.777029
v -0.103983 0.173219 5.783845
v -0.071624 0.189757 5.788911
v -0.036514 0.199941 5.792030
v -0.000000 0.036689 6.307212
v 0.034897 0.033489 6.305958
v 0.068452 0.024013 6.302242
v 0.099377 0.008624 6.296207
v 0.126484 -0.012086 6.288087
v 0.148729 -0.037321 6.278191
v 0.165259 -0.066112 6.266903
v 0.175438 -0.097352 6.254653
v 0.178875 -0.129841 6.241913
v 0.175438 -0.162329 6.229174
v 0.165259 -0.193569 6.216925
v 0.148729 -0.222360 6.205636
v 0.126484 -0.247595 6.195741
v 0.099377 -0.268305 6.187619
v 0.068452 -0.283694 6.181585
v 0.034897 -0.293171 6.177870
v -0.000000 -0.296371 6.176614
v -0.034897 -0.293171 6.177870
v -0.068452 -0.283694 6.181585
v -0.099378 -0.268305 6.187619
v -0.126484 -0.247595 6.195741
v -0.148729 -0.222360 6.205636
v -0.165259 -0.193569 6.216925
v -0.175438 -0.162329 6.229174
v -0.178875 -0.129841 6.241913
v -0.175438 -0.097352 6.254653
v -0.165259 -0.066112 6.266903
v -0.148729 -0.037321 6.278191
v -0.126484 -0.012086 6.288087
v -0.099378 0.008624 6.296207
v -0.068452 0.024013 6.302242
v -0.034897 0.033489 6.305958
v -0.000000 -0.125939 6.591541
v 0.034897 -0.128764 6.589584
v 0.068452 -0.137132 6.583788
v 0.099377 -0.150720 6.574376
v 0.126483 -0.169007 6.561709
v 0.148729 -0.191290 6.546274
v 0.165259 -0.216712 6.528666
v 0.175438 -0.244297 6.509559
v 0.178875 -0.272984 6.489688
v 0.175438 -0.301671 6.469818
v 0.165259 -0.329255 6.450710
v 0.148729 -0.354677 6.433102
v 0.126483 -0.376960 6.417667
v 0.099377 -0.395247 6.405000
v 0.068452 -0.408835 6.395588
v 0.034897 -0.417203 6.389792
v -0.000000 -0.420028 6.387835
v -0.034897 -0.417203 6.389792
v -0.068453 -0.408835 6.395588
v -0.099378 -0.395247 6.405000
v -0.126484 -0.376960 6.417667
v -0.148729 -0.354677 6.433102
v -0.165259 -0.329255 6.450710
v -0.175438 -0.301671 6.469818
v -0.178875 -0.272984 6.489688
v -0.175438 -0.244297 6.509559
v -0.165259 -0.216712 6.528666
v -0.148729 -0.191290 6.546274
v -0.126484 -0.169007 6.561709
v -0.099378 -0.150720 6.574376
v -0.068453 -0.137132 6.583788
v -0.034897 -0.128764 6.589584
v -0.000000 -0.360747 6.857544
v 0.031837 -0.362630 6.855037
v 0.062451 -0.368205 6.847610
v 0.090666 -0.377257 6.835547
v 0.115395 -0.389440 6.819316
v 0.135691 -0.404285 6.799537
v 0.150772 -0.421222 6.776973
v 0.160058 -0.439599 6.752488
v 0.163194 -0.458711 6.727024
v 0.160058 -0.477823 6.701561
v 0.150772 -0.496200 6.677076
v 0.135691 -0.513137 6.654512
v 0.115395 -0.527981 6.634733
v 0.090666 -0.540164 6.618500
v 0.062451 -0.549217 6.606440
v 0.031837 -0.554792 6.599012
v -0.000000 -0.556674 6.596504
v -0.031838 -0.554792 6.599012
v -0.062452 -0.549217 6.606440
v -0.090666 -0.540164 6.618500
v -0.115396 -0.527981 6.634733
v -0.135691 -0.513137 6.654512
v -0.150772 -0.496200 6.677076
v -0.160059 -0.477823 6.701561
v -0.163194 -0.458711 6.727024
v -0.160059 -0.439599 6.752488
v -0.150772 -0.421222 6.776973
v -0.135691 -0.404285 6.799537
v -0.115396 -0.389440 6.819316
v -0.090666 -0.377257 6.835547
v -0.062452 -0.368205 6.847610
v -0.031838 -0.362630 6.855037
v -0.000000 -0.632552 6.989872
v 0.031837 -0.633310 6.986830
v 0.062452 -0.635554 6.977819
v 0.090666 -0.639197 6.963184
v 0.115396 -0.644101 6.943491
v 0.135691 -0.650075 6.919494
v 0.150772 -0.656893 6.892116
v 0.160058 -0.664290 6.862408
v 0.163194 -0.671982 6.831514
v 0.160058 -0.679674 6.800620
v 0.150772 -0.687071 6.770912
v 0.135691 -0.693889 6.743535
v 0.115396 -0.699863 6.719537
v 0.090666 -0.704767 6.699843
v 0.062452 -0.708411 6.685209
v 0.031837 -0.710655 6.676198
v -0.000000 -0.711412 6.673154
v -0.031838 -0.710655 6.676198
v -0.062452 -0.708411 6.685209
v -0.090666 -0.704767 6.699843
v -0.115396 -0.699863 6.719537
v -0.135691 -0.693889 6.743535
v -0.150772 -0.687071 6.770912
v -0.160059 -0.679674 6.800620
v -0.163194 -0.671982 6.831514
v -0.160059 -0.664290 6.862408
v -0.150772 -0.656893 6.892116
v -0.135691 -0.650075 6.919494
v -0.115396 -0.644101 6.943491
v -0.090666 -0.639197 6.963184
v -0.062452 -0.635554 6.977819
v -0.031838 -0.633310 6.986830
v -0.000000 -0.959060 7.016101
v 0.031837 -0.958594 7.013000
v 0.062452 -0.957215 7.003817
v 0.090666 -0.954974 6.988904
v 0.115396 -0.951959 6.968833
v 0.135691 -0.948285 6.944378
v 0.150772 -0.944094 6.916477
v 0.160058 -0.939546 6.886203
v 0.163194 -0.934816 6.854718
v 0.160058 -0.930087 6.823234
v 0.150772 -0.925538 6.792959
v 0.135691 -0.921348 6.765059
v 0.115396 -0.917674 6.740603
v 0.090666 -0.914658 6.720533
v 0.062452 -0.912418 6.705619
v 0.031837 -0.911039 6.696436
v -0.000000 -0.910572 6.693335
v -0.031838 -0.911039 6.696436
v -0.062452 -0.912418 6.705619
v -0.090666 -0.914658 6.720533
v -0.115396 -0.917674 6.740603
v -0.135691 -0.921348 6.765059
v -0.150772 -0.925538 6.792959
v -0.160059 -0.930087 6.823234
v -0.163194 -0.934816 6.854718
v -0.160059 -0.939546 6.886203
v -0.150772 -0.944094 6.916477
v -0.135691 -0.948285 6.944378
v -0.115396 -0.951959 6.968833
v -0.090666 -0.954974 6.988904
v -0.062452 -0.957215 7.003817
v -0.031838 -0.958594 7.013000
v -0.000000 -1.225071 6.910636
v 0.029560 -1.223691 6.908072
v 0.057984 -1.219601 6.900483
v 0.084179 -1.212959 6.888156
v 0.107140 -1.204021 6.871567
v 0.125983 -1.193129 6.851355
v 0.139985 -1.180703 6.828293
v 0.148608 -1.167220 6.803271
v 0.151519 -1.153198 6.777248
v 0.148608 -1.139177 6.751226
v 0.139985 -1.125693 6.726203
v 0.125983 -1.113268 6.703142
v 0.107140 -1.102376 6.682929
v 0.084179 -1.093438 6.666341
v 0.057984 -1.086796 6.654014
v 0.029560 -1.082706 6.646424
v -0.000000 -1.081325 6.643861
v -0.029560 -1.082706 6.646424
v -0.057984 -1.086796 6.654014
v -0.084180 -1.093438 6.666341
v -0.107140 -1.102376 6.682929
v -0.125984 -1.113268 6.703142
v -0.139986 -1.125693 6.726203
v -0.148608 -1.139177 6.751226
v -0.151519 -1.153198 6.777248
v -0.148608 -1.167220 6.803271
v -0.139986 -1.180703 6.828293
v -0.125984 -1.193129 6.851355
v -0.107140 -1.204021 6.871567
v -0.084180 -1.212959 6.888156
v -0.057984 -1.219601 6.900483
v -0.029560 -1.223691 6.908072
v -0.000000 -1.479425 6.696481
v 0.026773 -1.477234 6.695013
v 0.052518 -1.470746 6.690666
v 0.076245 -1.460209 6.683609
v 0.097041 -1.446030 6.674110
v 0.114108 -1.428751 6.662537
v 0.126791 -1.409039 6.649332
v 0.134600 -1.387650 6.635004
v 0.137237 -1.365405 6.620103
v 0.134600 -1.343161 6.605202
v 0.126791 -1.321771 6.590875
v 0.114108 -1.302059 6.577670
v 0.097041 -1.284781 6.566096
v 0.076245 -1.270600 6.556598
v 0.052518 -1.260064 6.549539
v 0.026773 -1.253576 6.545193
v -0.000000 -1.251385 6.543726
v -0.026774 -1.253576 6.545193
v -0.052519 -1.260064 6.549539
v -0.076246 -1.270600 6.556598
v -0.097042 -1.284781 6.566096
v -0.114109 -1.302059 6.577670
v -0.126791 -1.321771 6.590875
v -0.134601 -1.343161 6.605202
v -0.137238 -1.365405 6.620103
v -0.134601 -1.387650 6.635004
v -0.126791 -1.409039 6.649332
v -0.114109 -1.428751 6.662537
v -0.097042 -1.446030 6.674110
v -0.076246 -1.460209 6.683609
v -0.052519 -1.470746 6.690666
v -0.026774 -1.477234 6.695013
v -0.000000 -1.605296 6.449472
v 0.025389 -1.602885 6.448805
v 0.049802 -1.595748 6.446832
v 0.072302 -1.584156 6.443627
v 0.092023 -1.568557 6.439315
v 0.108208 -1.549549 6.434062
v 0.120234 -1.527863 6.428065
v 0.127640 -1.504332 6.421560
v 0.130140 -1.479861 6.414796
v 0.127640 -1.455389 6.408031
v 0.120234 -1.431858 6.401526
v 0.108208 -1.410173 6.395531
v 0.092023 -1.391165 6.390276
v 0.072302 -1.375565 6.385965
v 0.049802 -1.363973 6.382760
v 0.025389 -1.356835 6.380786
v -0.000000 -1.354425 6.380120
v -0.025389 -1.356835 6.380786
v -0.049803 -1.363973 6.382760
v -0.072302 -1.375565 6.385965
v -0.092023 -1.391165 6.390276
v -0.108208 -1.410173 6.395531
v -0.120234 -1.431858 6.401526
v -0.127640 -1.455389 6.408031
v -0.130140 -1.479861 6.414796
v -0.127640 -1.504332 6.421560
v -0.120234 -1.527863 6.428065
v -0.108208 -1.549549 6.434062
v -0.092023 -1.568557 6.439315
v -0.072302 -1.584156 6.443627
v -0.049803 -1.595748 6.446832
v -0.025389 -1.602885 6.448805
v -0.000000 -1.652486 6.242718
v 0.023797 -1.650157 6.242446
v 0.046680 -1.643263 6.241646
v 0.067769 -1.632066 6.240346
v 0.086253 -1.616997 6.238596
v 0.101423 -1.598636 6.236465
v 0.112695 -1.577688 6.234032
v 0.119637 -1.554958 6.231392
v 0.121980 -1.531319 6.228648
v 0.119637 -1.507681 6.225903
v 0.112695 -1.484951 6.223263
v 0.101423 -1.464003 6.220831
v 0.086253 -1.445642 6.218699
v 0.067769 -1.430573 6.216950
v 0.046680 -1.419376 6.215650
v 0.023797 -1.412481 6.214849
v -0.000000 -1.410153 6.214579
v -0.023797 -1.412481 6.214849
v -0.046680 -1.419376 6.215650
v -0.067769 -1.430573 6.216950
v -0.086253 -1.445642 6.218699
v -0.101423 -1.464003 6.220831
v -0.112696 -1.484951 6.223263
v -0.119637 -1.507681 6.225903
v -0.121981 -1.531319 6.228648
v -0.119637 -1.554958 6.231392
v -0.112696 -1.577688 6.234032
v -0.101423 -1.598636 6.236465
v -0.086253 -1.616997 6.238596
v -0.067769 -1.632066 6.240346
v -0.046680 -1.643263 6.241646
v -0.023797 -1.650157 6.242446
v -0.000000 -1.670406 5.910227
v 0.020785 -1.668397 5.910624
v 0.040772 -1.662450 5.911801
v 0.059192 -1.652792 5.913713
v 0.075337 -1.639794 5.916287
v 0.088587 -1.623957 5.919422
v 0.098433 -1.605887 5.922999
v 0.104496 -1.586281 5.926880
v 0.106543 -1.565891 5.930917
v 0.104496 -1.545501 5.934953
v 0.098433 -1.525894 5.938834
v 0.088587 -1.507825 5.942411
v 0.075337 -1.491988 5.945547
v 0.059192 -1.478990 5.948121
v 0.040772 -1.469331 5.950032
v 0.020785 -1.463384 5.951209
v -0.000000 -1.461376 5.951607
v -0.020786 -1.463384 5.951209
v -0.040773 -1.469331 5.950032
v -0.059193 -1.478990 5.948121
v -0.075338 -1.491988 5.945547
v -0.088588 -1.507825 5.942411
v -0.098434 -1.525894 5.938834
v -0.104497 -1.545501 5.934953
v -0.106544 -1.565891 5.930917
v -0.104497 -1.586281 5.926880
v -0.098434 -1.605887 5.922999
v -0.088588 -1.623957 5.919422
v -0.075338 -1.639794 5.916287
v -0.059193 -1.652792 5.913713
v -0.040773 -1.662450 5.911801
v -0.020786 -1.668397 5.910624
v -0.000000 -1.601120 5.726738
v 0.014477 -1.599721 5.727015
v 0.028398 -1.595579 5.727835
v 0.041228 -1.588852 5.729167
v 0.052473 -1.579799 5.730959
v 0.061702 -1.568768 5.733143
v 0.068560 -1.556182 5.735634
v 0.072782 -1.542526 5.738338
v 0.074208 -1.528324 5.741149
v 0.072782 -1.514122 5.743960
v 0.068560 -1.500466 5.746664
v 0.061702 -1.487881 5.749155
v 0.052473 -1.476850 5.751339
v 0.041228 -1.467797 5.753132
v 0.028398 -1.461069 5.754463
v 0.014477 -1.456927 5.755283
v -0.000000 -1.455528 5.755559
v -0.014478 -1.456927 5.755283
v -0.028399 -1.461069 5.754463
v -0.041228 -1.467797 5.753132
v -0.052474 -1.476850 5.751339
v -0.061703 -1.487881 5.749155
v -0.068560 -1.500466 5.746664
v -0.072783 -1.514122 5.743960
v -0.074209 -1.528324 5.741149
v -0.072783 -1.542526 5.738338
v -0.068560 -1.556182 5.735634
v -0.061703 -1.568768 5.733143
v -0.052474 -1.579799 5.730959
v -0.041228 -1.588852 5.729167
v -0.028399 -1.595579 5.727835
v -0.014478 -1.599721 5.727015
v -0.000000 -1.601120 5.726738
v 0.014477 -1.599721 5.727015
v 0.028398 -1.595579 5.727835
v 0.041228 -1.588852 5.729167
v 0.052473 -1.579799 5.730959
v 0.061702 -1.568768 5.733143
v 0.068560 -1.556182 5.735634
v 0.072782 -1.542526 5.738338
v 0.074208 -1.528324 5.741149
v 0.072782 -1.514122 5.743960
v 0.068560 -1.500466 5.746664
v 0.061702 -1.487881 5.749155
v 0.052473 -1.476850 5.751339
v 0.041228 -1.467797 5.753132
v 0.028398 -1.461069 5.754463
v 0.014477 -1.456927 5.755283
v -0.000000 -1.455528 5.755559
v -0.014478 -1.456927 5.755283
v -0.028399 -1.461069 5.754463
v -0.041228 -1.467797 5.753132
v -0.052474 -1.476850 5.751339
v -0.061703 -1.487881 5.749155
v -0.068560 -1.500466 5.746664
v -0.072783 -1.514122 5.743960
v -0.074209 -1.528324 5.741149
v -0.072783 -1.542526 5.738338
v -0.068560 -1.556182 5.735634
v -0.061703 -1.568768 5.733143
v -0.052474 -1.579799 5.730959
v -0.041228 -1.588852 5.729167
v -0.028399 -1.595579 5.727835
v -0.014478 -1.599721 5.727015
v -0.000000 -1.547446 5.676887
v 0.005869 -1.546879 5.676999
v 0.011513 -1.545200 5.677331
v 0.016714 -1.542473 5.677872
v 0.021274 -1.538802 5.678598
v 0.025015 -1.534330 5.679483
v 0.027795 -1.529228 5.680493
v 0.029507 -1.523691 5.681589
v 0.030086 -1.517933 5.682729
v 0.029507 -1.512176 5.683869
v 0.027795 -1.506639 5.684965
v 0.025015 -1.501537 5.685975
v 0.021274 -1.497064 5.686860
v 0.016714 -1.493394 5.687587
v 0.011513 -1.490667 5.688127
v 0.005869 -1.488987 5.688459
v -0.000000 -1.488420 5.688572
v -0.005870 -1.488987 5.688459
v -0.011514 -1.490667 5.688127
v -0.016715 -1.493394 5.687587
v -0.021274 -1.497064 5.686860
v -0.025016 -1.501537 5.685975
v -0.027796 -1.506639 5.684965
v -0.029508 -1.512176 5.683869
v -0.030086 -1.517933 5.682729
v -0.029508 -1.523691 5.681589
v -0.027796 -1.529228 5.680493
v -0.025016 -1.534330 5.679483
v -0.021274 -1.538802 5.678598
v -0.016715 -1.542473 5.677872
v -0.011514 -1.545200 5.677331
v -0.005870 -1.546879 5.676999
v -0.148600 0.027398 3.326337
v -0.140112 0.059078 3.324820
v -0.125611 0.088480 3.323012
v -0.105655 0.114473 3.320983
v -0.081011 0.136058 3.318812
v -0.052625 0.152407 3.316582
v -0.021589 0.162890 3.314378
v 0.010905 0.167106 3.312287
v 0.043608 0.164891 3.310386
v 0.075263 0.156331 3.308749
v 0.104653 0.141755 3.307441
v 0.130651 0.121723 3.306511
v 0.152255 0.097005 3.305993
v 0.168637 0.068551 3.305910
v 0.179165 0.037455 3.306263
v 0.183437 0.004910 3.307039
v 0.181288 -0.027831 3.308209
v 0.172800 -0.059512 3.309726
v 0.158299 -0.088913 3.311534
v 0.138343 -0.114906 3.313562
v 0.113699 -0.136492 3.315733
v 0.085313 -0.152840 3.317964
v 0.054277 -0.163324 3.320167
v 0.021783 -0.167539 3.322259
v -0.010920 -0.165324 3.324160
v -0.042575 -0.156764 3.325796
v -0.071966 -0.142188 3.327105
v -0.097963 -0.122157 3.328036
v -0.119567 -0.097439 3.328552
v -0.135949 -0.068985 3.328636
v -0.146478 -0.037888 3.328283
v -0.150750 -0.005343 3.327507
v -0.110199 0.045135 3.903545
v -0.101820 0.076805 3.901364
v -0.087644 0.106179 3.897592
v -0.068214 0.132125 3.892373
v -0.044277 0.153649 3.885909
v -0.016754 0.169922 3.878448
v 0.013298 0.180319 3.870276
v 0.044724 0.184440 3.861708
v 0.076316 0.182128 3.853073
v 0.106861 0.173470 3.844702
v 0.135184 0.158800 3.836918
v 0.160197 0.138682 3.830019
v 0.180939 0.113889 3.824270
v 0.196612 0.085372 3.819894
v 0.206615 0.054229 3.817057
v 0.210563 0.021656 3.815869
v 0.208304 -0.011095 3.816375
v 0.199926 -0.042765 3.818556
v 0.185749 -0.072139 3.822329
v 0.166319 -0.098085 3.827547
v 0.142382 -0.119609 3.834011
v 0.114859 -0.135882 3.841472
v 0.084807 -0.146278 3.849644
v 0.053381 -0.150400 3.858212
v 0.021789 -0.148087 3.866847
v -0.008756 -0.139430 3.875218
v -0.037079 -0.124760 3.883003
v -0.062092 -0.104642 3.889901
v -0.082834 -0.079848 3.895649
v -0.098507 -0.051332 3.900026
v -0.108510 -0.020189 3.902863
v -0.112458 0.012384 3.904051
v 0.029214 0.043057 4.405606
v 0.037413 0.074737 4.402929
v 0.051057 0.104136 4.397686
v 0.069622 0.130127 4.390080
v 0.092394 0.151708 4.380403
v 0.118499 0.168052 4.369025
v 0.146932 0.178530 4.356386
v 0.176602 0.182739 4.342971
v 0.206368 0.180518 4.329294
v 0.235086 0.171952 4.315883
v 0.261653 0.157370 4.303251
v 0.285048 0.137332 4.291885
v 0.304371 0.112610 4.282221
v 0.318880 0.084152 4.274631
v 0.328018 0.053052 4.269406
v 0.331433 0.020506 4.266747
v 0.328994 -0.012236 4.266757
v 0.320796 -0.043916 4.269435
v 0.307151 -0.073316 4.274677
v 0.288586 -0.099306 4.282284
v 0.265814 -0.120888 4.291961
v 0.239710 -0.137231 4.303338
v 0.211276 -0.147709 4.315978
v 0.181607 -0.151918 4.329393
v 0.151840 -0.149697 4.343069
v 0.123122 -0.141131 4.356481
v 0.096555 -0.126549 4.369112
v 0.073161 -0.106512 4.380479
v 0.053838 -0.081789 4.390143
v 0.039328 -0.053331 4.397733
v 0.030190 -0.022231 4.402957
v 0.026775 0.010315 4.405616
v 0.237160 0.026922 4.841971
v 0.244891 0.057207 4.839202
v 0.257618 0.085331 4.833570
v 0.274852 0.110212 4.825291
v 0.295932 0.130894 4.814684
v 0.320047 0.146582 4.802155
v 0.346271 0.156674 4.788188
v 0.373595 0.160782 4.773318
v 0.400970 0.158747 4.758115
v 0.427343 0.150649 4.743167
v 0.451702 0.136797 4.729045
v 0.473110 0.117726 4.716294
v 0.490744 0.094166 4.705403
v 0.503927 0.067025 4.696790
v 0.512152 0.037345 4.690788
v 0.515103 0.006265 4.687625
v 0.512667 -0.025018 4.687424
v 0.504937 -0.055303 4.690194
v 0.492210 -0.083427 4.695826
v 0.474975 -0.108308 4.704104
v 0.453895 -0.128990 4.714712
v 0.429780 -0.144678 4.727240
v 0.403557 -0.154770 4.741208
v 0.376233 -0.158878 4.756078
v 0.348857 -0.156843 4.771280
v 0.322484 -0.148745 4.786229
v 0.298125 -0.134893 4.800351
v 0.276717 -0.115822 4.813101
v 0.259083 -0.092262 4.823993
v 0.245900 -0.065121 4.832605
v 0.237675 -0.035440 4.838608
v 0.234724 -0.004361 4.841770
v 0.413771 0.007483 5.075092
v 0.421089 0.037813 5.071745
v 0.432595 0.066066 5.064398
v 0.447846 0.091158 5.053334
v 0.466257 0.112125 5.038979
v 0.487120 0.128160 5.021883
v 0.509633 0.138647 5.002706
v 0.532931 0.143184 4.982182
v 0.556119 0.141595 4.961101
v 0.578306 0.133943 4.940272
v 0.598639 0.120521 4.920497
v 0.616337 0.101844 4.902537
v 0.630719 0.078631 4.887079
v 0.641232 0.051775 4.874718
v 0.647474 0.022305 4.865931
v 0.649204 -0.008644 4.861054
v 0.646355 -0.039883 4.860273
v 0.639038 -0.070212 4.863622
v 0.627532 -0.098466 4.870969
v 0.612280 -0.123558 4.882032
v 0.593870 -0.144525 4.896388
v 0.573007 -0.160560 4.913483
v 0.550494 -0.171047 4.932660
v 0.527195 -0.175584 4.953184
v 0.504007 -0.173995 4.974265
v 0.481820 -0.166343 4.995093
v 0.461488 -0.152921 5.014868
v 0.443790 -0.134244 5.032828
v 0.429408 -0.111031 5.048288
v 0.418894 -0.084174 5.060647
v 0.412653 -0.054705 5.069436
v 0.410923 -0.023756 5.074314
v 0.651296 -0.023042 5.283566
v 0.657277 0.004720 5.279953
v 0.665714 0.030768 5.271593
v 0.676283 0.054101 5.258809
v 0.688578 0.073821 5.242091
v 0.702127 0.089172 5.222082
v 0.716409 0.099564 5.199552
v 0.730874 0.104596 5.175365
v 0.744967 0.104076 5.150453
v 0.758147 0.098024 5.125770
v 0.769907 0.086672 5.102267
v 0.779795 0.070456 5.080847
v 0.787431 0.050000 5.062332
v 0.792521 0.026089 5.047434
v 0.794871 -0.000357 5.036727
v 0.794390 -0.028322 5.030620
v 0.791095 -0.056731 5.029348
v 0.785114 -0.084493 5.032963
v 0.776677 -0.110541 5.041323
v 0.766107 -0.133873 5.054107
v 0.753812 -0.153594 5.070825
v 0.740264 -0.168945 5.090834
v 0.725982 -0.179337 5.113363
v 0.711517 -0.184369 5.137550
v 0.697423 -0.183849 5.162463
v 0.684244 -0.177797 5.187146
v 0.672484 -0.166444 5.210649
v 0.662595 -0.150229 5.232069
v 0.654960 -0.129772 5.250583
v 0.649869 -0.105862 5.265481
v 0.647520 -0.079416 5.276189
v 0.648002 -0.051451 5.282297
v 0.905016 -0.061364 5.369233
v 0.909949 -0.033443 5.365275
v 0.915282 -0.006925 5.355900
v 0.920808 0.017171 5.341464
v 0.926319 0.037919 5.322524
v 0.931599 0.054523 5.299808
v 0.936449 0.066343 5.274190
v 0.940679 0.072926 5.246652
v 0.944128 0.074018 5.218254
v 0.946664 0.069578 5.190087
v 0.948189 0.059776 5.163231
v 0.948645 0.044989 5.138723
v 0.948013 0.025785 5.117500
v 0.946318 0.002902 5.100381
v 0.943626 -0.022780 5.088023
v 0.940040 -0.050275 5.080899
v 0.935696 -0.078525 5.079285
v 0.930764 -0.106446 5.083242
v 0.925432 -0.132964 5.092619
v 0.919904 -0.157060 5.107054
v 0.914394 -0.177809 5.125993
v 0.909113 -0.194412 5.148709
v 0.904264 -0.206233 5.174327
v 0.900034 -0.212815 5.201866
v 0.896584 -0.213907 5.230264
v 0.894049 -0.209467 5.258432
v 0.892524 -0.199665 5.285286
v 0.892068 -0.184878 5.309795
v 0.892700 -0.165674 5.331017
v 0.894394 -0.142792 5.348136
v 0.897087 -0.117110 5.360496
v 0.900674 -0.089615 5.367619
v 1.193753 -0.109658 5.354474
v 1.197608 -0.081555 5.350607
v 1.199751 -0.054499 5.341500
v 1.200098 -0.029529 5.327502
v 1.198637 -0.007605 5.309151
v 1.195423 0.010431 5.287152
v 1.190582 0.023885 5.262352
v 1.184296 0.032241 5.235702
v 1.176810 0.035178 5.208226
v 1.168410 0.032582 5.180981
v 1.159419 0.024553 5.155015
v 1.150184 0.011401 5.131324
v 1.141058 -0.006371 5.110818
v 1.132391 -0.028078 5.094288
v 1.124520 -0.052886 5.082366
v 1.117743 -0.079843 5.075512
v 1.112323 -0.107912 5.073988
v 1.108468 -0.136014 5.077855
v 1.106325 -0.163070 5.086963
v 1.105977 -0.188040 5.100961
v 1.107439 -0.209964 5.119311
v 1.110653 -0.228001 5.141310
v 1.115494 -0.241455 5.166111
v 1.121780 -0.249811 5.192761
v 1.129266 -0.252748 5.220237
v 1.137666 -0.250152 5.247481
v 1.146657 -0.242123 5.273448
v 1.155892 -0.228970 5.297139
v 1.165018 -0.211199 5.317644
v 1.173684 -0.189492 5.334175
v 1.181557 -0.164684 5.346097
v 1.188333 -0.137727 5.352951
v 1.413657 -0.151162 5.230012
v 1.416445 -0.124923 5.226812
v 1.416091 -0.099367 5.219513
v 1.412607 -0.075477 5.208396
v 1.406129 -0.054170 5.193887
v 1.396904 -0.036265 5.176542
v 1.385289 -0.022451 5.157031
v 1.371727 -0.013258 5.136100
v 1.356741 -0.009039 5.114557
v 1.340907 -0.009957 5.093227
v 1.324834 -0.015976 5.072932
v 1.309139 -0.026866 5.054450
v 1.294424 -0.042207 5.038493
v 1.281256 -0.061409 5.025674
v 1.270141 -0.083736 5.016483
v 1.261506 -0.108329 5.011276
v 1.255682 -0.134243 5.010253
v 1.252895 -0.160482 5.013452
v 1.253249 -0.186038 5.020751
v 1.256732 -0.209928 5.031869
v 1.263211 -0.231235 5.046379
v 1.272436 -0.249140 5.063722
v 1.284051 -0.262954 5.083234
v 1.297613 -0.272147 5.104165
v 1.312599 -0.276366 5.125708
v 1.328432 -0.275448 5.147037
v 1.344506 -0.269428 5.167333
v 1.360201 -0.258539 5.185814
v 1.374916 -0.243198 5.201771
v 1.388083 -0.223995 5.214592
v 1.399199 -0.201668 5.223781
v 1.407833 -0.177075 5.228988
v 1.610225 -0.192775 5.010555
v 1.612031 -0.168854 5.008523
v 1.609581 -0.145249 5.004478
v 1.602968 -0.122865 4.998576
v 1.592448 -0.102564 4.991040
v 1.578423 -0.085126 4.982164
v 1.561433 -0.071221 4.972286
v 1.542131 -0.061382 4.961787
v 1.521259 -0.055989 4.951070
v 1.499618 -0.055248 4.940548
v 1.478041 -0.059188 4.930624
v 1.457357 -0.067658 4.921679
v 1.438360 -0.080332 4.914059
v 1.421780 -0.096722 4.908055
v 1.408255 -0.116200 4.903898
v 1.398305 -0.138016 4.901748
v 1.392311 -0.161333 4.901688
v 1.390505 -0.185254 4.903718
v 1.392955 -0.208859 4.907763
v 1.399567 -0.231242 4.913667
v 1.410088 -0.251543 4.921201
v 1.424113 -0.268982 4.930078
v 1.441103 -0.282887 4.939956
v 1.460405 -0.292725 4.950455
v 1.481277 -0.298119 4.961171
v 1.502918 -0.298859 4.971694
v 1.524495 -0.294919 4.981617
v 1.545179 -0.286449 4.990562
v 1.564176 -0.273776 4.998182
v 1.580756 -0.257385 5.004187
v 1.594281 -0.237908 5.008344
v 1.604231 -0.216091 5.010493
v 1.690448 -0.215767 4.776931
v 1.691958 -0.193021 4.775686
v 1.689034 -0.170453 4.773870
v 1.681785 -0.148929 4.771551
v 1.670493 -0.129277 4.768818
v 1.655591 -0.112251 4.765778
v 1.637651 -0.098507 4.762545
v 1.617363 -0.088572 4.759245
v 1.595507 -0.082829 4.756005
v 1.572922 -0.081497 4.752948
v 1.550476 -0.084628 4.750194
v 1.529033 -0.092101 4.747847
v 1.509416 -0.103631 4.745997
v 1.492378 -0.118772 4.744716
v 1.478575 -0.136945 4.744052
v 1.468538 -0.157449 4.744032
v 1.462651 -0.179498 4.744657
v 1.461141 -0.202243 4.745901
v 1.464066 -0.224812 4.747717
v 1.471314 -0.246336 4.750038
v 1.482607 -0.265988 4.752769
v 1.497509 -0.283013 4.755811
v 1.515448 -0.296758 4.759043
v 1.535736 -0.306693 4.762342
v 1.557592 -0.312436 4.765583
v 1.580178 -0.313768 4.768639
v 1.602623 -0.310637 4.771394
v 1.624066 -0.303163 4.773741
v 1.643684 -0.291634 4.775591
v 1.660721 -0.276492 4.776872
v 1.674524 -0.258320 4.777534
v 1.684561 -0.237816 4.777554
v 1.706724 -0.226329 4.588152
v 1.708122 -0.204994 4.587307
v 1.705327 -0.183792 4.586558
v 1.698450 -0.163539 4.585933
v 1.687752 -0.145013 4.585457
v 1.673645 -0.128926 4.585146
v 1.656672 -0.115897 4.585013
v 1.637483 -0.106425 4.585063
v 1.616819 -0.100876 4.585297
v 1.595472 -0.099461 4.585701
v 1.574261 -0.102237 4.586263
v 1.554004 -0.109095 4.586960
v 1.535478 -0.119772 4.587766
v 1.519395 -0.133859 4.588650
v 1.506372 -0.150813 4.589577
v 1.496912 -0.169984 4.590511
v 1.491377 -0.190634 4.591418
v 1.489979 -0.211969 4.592262
v 1.492773 -0.233171 4.593012
v 1.499651 -0.253424 4.593637
v 1.510350 -0.271950 4.594114
v 1.524456 -0.288037 4.594425
v 1.541429 -0.301066 4.594557
v 1.560617 -0.310538 4.594506
v 1.581282 -0.316087 4.594274
v 1.602629 -0.317502 4.593869
v 1.623839 -0.314726 4.593307
v 1.644097 -0.307868 4.592610
v 1.662624 -0.297191 4.591805
v 1.678706 -0.283104 4.590921
v 1.691728 -0.266150 4.589994
v 1.701188 -0.246979 4.589059
v 1.682199 -0.234662 4.291317
v 1.683518 -0.216019 4.291138
v 1.681370 -0.197480 4.292139
v 1.675837 -0.179756 4.294281
v 1.667133 -0.163530 4.297481
v 1.655590 -0.149424 4.301616
v 1.641653 -0.137980 4.306528
v 1.625857 -0.129639 4.312028
v 1.608811 -0.124721 4.317904
v 1.591167 -0.123414 4.323932
v 1.573605 -0.125770 4.329878
v 1.556800 -0.131697 4.335515
v 1.541397 -0.140968 4.340626
v 1.527989 -0.153226 4.345015
v 1.517089 -0.168002 4.348511
v 1.509119 -0.184725 4.350983
v 1.504383 -0.202755 4.352334
v 1.503063 -0.221397 4.352512
v 1.505211 -0.239937 4.351511
v 1.510744 -0.257660 4.349371
v 1.519449 -0.273887 4.346170
v 1.530992 -0.287993 4.342035
v 1.544928 -0.299437 4.337122
v 1.560724 -0.307778 4.331623
v 1.577771 -0.312696 4.325746
v 1.595414 -0.314003 4.319718
v 1.612976 -0.311647 4.313772
v 1.629781 -0.305720 4.308136
v 1.645184 -0.296449 4.303025
v 1.658593 -0.284190 4.298637
v 1.669492 -0.269415 4.295139
v 1.677462 -0.252692 4.292668
v 1.599417 -0.227441 4.136722
v 1.600336 -0.214456 4.136598
v 1.598839 -0.201544 4.137294
v 1.594986 -0.189199 4.138786
v 1.588923 -0.177897 4.141015
v 1.580884 -0.168072 4.143895
v 1.571176 -0.160101 4.147317
v 1.560174 -0.154292 4.151147
v 1.548301 -0.150866 4.155241
v 1.536012 -0.149956 4.159439
v 1.523780 -0.151597 4.163580
v 1.512076 -0.155725 4.167506
v 1.501347 -0.162182 4.171067
v 1.492008 -0.170721 4.174123
v 1.484416 -0.181011 4.176558
v 1.478865 -0.192660 4.178280
v 1.475566 -0.205218 4.179221
v 1.474647 -0.218202 4.179346
v 1.476143 -0.231115 4.178648
v 1.479997 -0.243460 4.177157
v 1.486060 -0.254762 4.174928
v 1.494100 -0.264587 4.172048
v 1.503806 -0.272557 4.168627
v 1.514808 -0.278367 4.164795
v 1.526682 -0.281793 4.160703
v 1.538970 -0.282703 4.156504
v 1.551203 -0.281062 4.152363
v 1.562908 -0.276934 4.148436
v 1.573636 -0.270476 4.144877
v 1.582975 -0.261938 4.141820
v 1.590566 -0.251647 4.139384
v 1.596118 -0.239999 4.137663
v 1.599417 -0.227441 4.136722
v 1.600336 -0.214456 4.136598
v 1.598839 -0.201544 4.137294
v 1.594986 -0.189199 4.138786
v 1.588923 -0.177897 4.141015
v 1.580884 -0.168072 4.143895
v 1.571176 -0.160101 4.147317
v 1.560174 -0.154292 4.151147
v 1.548301 -0.150866 4.155241
v 1.536012 -0.149956 4.159439
v 1.523780 -0.151597 4.163580
v 1.512076 -0.155725 4.167506
v 1.501347 -0.162182 4.171067
v 1.492008 -0.170721 4.174123
v 1.484416 -0.181011 4.176558
v 1.478865 -0.192660 4.178280
v 1.475566 -0.205218 4.179221
v 1.474647 -0.218202 4.179346
v 1.476143 -0.231115 4.178648
v 1.479997 -0.243460 4.177157
v 1.486060 -0.254762 4.174928
v 1.494100 -0.264587 4.172048
v 1.503806 -0.272557 4.168627
v 1.514808 -0.278367 4.164795
v 1.526682 -0.281793 4.160703
v 1.538970 -0.282703 4.156504
v 1.551203 -0.281062 4.152363
v 1.562908 -0.276934 4.148436
v 1.573636 -0.270476 4.144877
v 1.582975 -0.261938 4.141820
v 1.590566 -0.251647 4.139384
v 1.596118 -0.239999 4.137663
v 1.546447 -0.220277 4.098778
v 1.546819 -0.215013 4.098727
v 1.546213 -0.209778 4.099010
v 1.544650 -0.204773 4.099615
v 1.542192 -0.200191 4.100518
v 1.538933 -0.196208 4.101686
v 1.534997 -0.192976 4.103073
v 1.530537 -0.190621 4.104626
v 1.525723 -0.189232 4.106286
v 1.520741 -0.188863 4.107987
v 1.515782 -0.189528 4.109667
v 1.511037 -0.191202 4.111259
v 1.506687 -0.193820 4.112701
v 1.502901 -0.197282 4.113941
v 1.499823 -0.201454 4.114928
v 1.497572 -0.206176 4.115626
v 1.496235 -0.211267 4.116008
v 1.495862 -0.216532 4.116058
v 1.496469 -0.221767 4.115776
v 1.498031 -0.226772 4.115171
v 1.500489 -0.231354 4.114267
v 1.503749 -0.235337 4.113100
v 1.507684 -0.238568 4.111713
v 1.512145 -0.240924 4.110159
v 1.516958 -0.242313 4.108500
v 1.521940 -0.242682 4.106798
v 1.526900 -0.242017 4.105119
v 1.531645 -0.240343 4.103527
v 1.535995 -0.237725 4.102084
v 1.539780 -0.234263 4.100845
v 1.542858 -0.230091 4.099857
v 1.545109 -0.225369 4.099159
v 0.066457 -0.110048 4.265159
v 0.038862 -0.118874 4.268020
v 0.010017 -0.122176 4.270178
v -0.018969 -0.119827 4.271553
v -0.046981 -0.111917 4.272089
v -0.072945 -0.098750 4.271766
v -0.095861 -0.080833 4.270598
v -0.114850 -0.058853 4.268628
v -0.129181 -0.033655 4.265933
v -0.138304 -0.006208 4.262616
v -0.141868 0.022434 4.258803
v -0.139737 0.051169 4.254644
v -0.131991 0.078894 4.250297
v -0.118930 0.104543 4.245927
v -0.101054 0.127131 4.241705
v -0.079050 0.145789 4.237792
v -0.053766 0.159800 4.234338
v -0.026171 0.168627 4.231477
v 0.002674 0.171929 4.229319
v 0.031660 0.169580 4.227944
v 0.059672 0.161670 4.227408
v 0.085636 0.148503 4.227731
v 0.108552 0.130585 4.228899
v 0.127541 0.108605 4.230869
v 0.141872 0.083407 4.233565
v 0.150995 0.055960 4.236882
v 0.154559 0.027319 4.240694
v 0.152428 -0.001417 4.244853
v 0.144682 -0.029142 4.249201
v 0.131621 -0.054791 4.253570
v 0.113745 -0.077378 4.257792
v 0.091742 -0.096036 4.261705
v 0.092620 -0.022232 4.801846
v 0.065021 -0.031069 4.804639
v 0.036166 -0.034400 4.806602
v 0.007163 -0.032100 4.807656
v -0.020873 -0.024255 4.807762
v -0.046865 -0.011168 4.806914
v -0.069814 0.006659 4.805147
v -0.088837 0.028541 4.802528
v -0.103205 0.053637 4.799158
v -0.112364 0.080982 4.795165
v -0.115964 0.109525 4.790704
v -0.113864 0.138169 4.785946
v -0.106147 0.165815 4.781075
v -0.093109 0.191399 4.776275
v -0.075250 0.213938 4.771733
v -0.053258 0.232566 4.767622
v -0.027976 0.246568 4.764102
v -0.000378 0.255404 4.761308
v 0.028478 0.258736 4.759346
v 0.057480 0.256435 4.758292
v 0.085516 0.248591 4.758186
v 0.111508 0.235503 4.759033
v 0.134457 0.217676 4.760800
v 0.153481 0.195794 4.763420
v 0.167849 0.170699 4.766790
v 0.177008 0.143354 4.770782
v 0.180607 0.114811 4.775244
v 0.178508 0.086166 4.780001
v 0.170791 0.058520 4.784873
v 0.157752 0.032936 4.789672
v 0.139894 0.010397 4.794215
v 0.117901 -0.008231 4.798325
v 0.116214 0.062915 5.307369
v 0.088612 0.053927 5.309587
v 0.059747 0.050147 5.309841
v 0.030727 0.051720 5.308122
v 0.002668 0.058585 5.304496
v -0.023351 0.070479 5.299101
v -0.046331 0.086944 5.292146
v -0.065389 0.107348 5.283897
v -0.079792 0.130907 5.274672
v -0.088987 0.156716 5.264825
v -0.092621 0.183781 5.254735
v -0.090553 0.211064 5.244788
v -0.082863 0.237516 5.235368
v -0.069848 0.262121 5.226837
v -0.052006 0.283932 5.219522
v -0.030024 0.302112 5.213704
v -0.004746 0.315962 5.209608
v 0.022856 0.324950 5.207390
v 0.051722 0.328730 5.207135
v 0.080742 0.327157 5.208854
v 0.108800 0.320292 5.212481
v 0.134820 0.308398 5.217875
v 0.157800 0.291932 5.224830
v 0.176858 0.271528 5.233079
v 0.191261 0.247970 5.242304
v 0.200456 0.222161 5.252151
v 0.204089 0.195096 5.262242
v 0.202022 0.167813 5.272188
v 0.194332 0.141360 5.281608
v 0.181316 0.116756 5.290139
v 0.163474 0.094945 5.297455
v 0.141492 0.076765 5.303272
v 0.098361 0.223899 5.740077
v 0.070792 0.214718 5.741870
v 0.042023 0.210364 5.740866
v 0.013162 0.211005 5.737102
v -0.014684 0.216618 5.730724
v -0.040445 0.226984 5.721977
v -0.063129 0.241707 5.711196
v -0.081866 0.260221 5.698797
v -0.095936 0.281814 5.685256
v -0.104797 0.305655 5.671091
v -0.108109 0.330831 5.656850
v -0.105746 0.356371 5.643079
v -0.097797 0.381296 5.630306
v -0.084569 0.404648 5.619023
v -0.066569 0.425527 5.609663
v -0.044489 0.443134 5.602587
v -0.019178 0.456790 5.598065
v 0.008391 0.465972 5.596272
v 0.037159 0.470325 5.597277
v 0.066021 0.469684 5.601041
v 0.093867 0.464072 5.607418
v 0.119627 0.453705 5.616166
v 0.142311 0.438982 5.626947
v 0.161048 0.420469 5.639346
v 0.175118 0.398876 5.652887
v 0.183979 0.375034 5.667051
v 0.187292 0.349859 5.681293
v 0.184928 0.324318 5.695064
v 0.176979 0.299393 5.707837
v 0.163751 0.276042 5.719119
v 0.145751 0.255162 5.728479
v 0.123672 0.237555 5.735557
v 0.051431 0.434968 6.110435
v 0.025108 0.426088 6.111970
v -0.002314 0.421612 6.110484
v -0.029779 0.421715 6.106032
v -0.056232 0.426391 6.098786
v -0.080657 0.435462 6.089024
v -0.102116 0.448578 6.077121
v -0.119783 0.465235 6.063536
v -0.132979 0.484794 6.048789
v -0.141198 0.506502 6.033448
v -0.144124 0.529526 6.018101
v -0.141643 0.552981 6.003340
v -0.133853 0.575965 5.989731
v -0.121051 0.597595 5.977798
v -0.103730 0.617039 5.967998
v -0.082555 0.633552 5.960707
v -0.058341 0.646497 5.956208
v -0.032017 0.655378 5.954672
v -0.004596 0.659853 5.956159
v 0.022869 0.659751 5.960611
v 0.049323 0.655074 5.967857
v 0.073748 0.646004 5.977620
v 0.095206 0.632888 5.989522
v 0.112873 0.616230 6.003108
v 0.126070 0.596672 6.017853
v 0.134289 0.574963 6.033195
v 0.137214 0.551939 6.048542
v 0.134734 0.528485 6.063302
v 0.126943 0.505501 6.076911
v 0.114141 0.483871 6.088845
v 0.096820 0.464426 6.098645
v 0.075646 0.447914 6.105935
v 0.002642 0.601450 6.303966
v -0.023570 0.592177 6.305019
v -0.050660 0.586541 6.302104
v -0.077588 0.584759 6.295331
v -0.103319 0.586898 6.284963
v -0.126864 0.592877 6.271395
v -0.147317 0.602467 6.255152
v -0.163894 0.615298 6.236856
v -0.175957 0.630877 6.217211
v -0.183042 0.648606 6.196971
v -0.184878 0.667803 6.176915
v -0.181393 0.687731 6.157813
v -0.172721 0.707624 6.140398
v -0.159196 0.726717 6.125342
v -0.141338 0.744277 6.113222
v -0.119833 0.759628 6.104503
v -0.095507 0.772181 6.099522
v -0.069295 0.781455 6.098469
v -0.042205 0.787090 6.101384
v -0.015276 0.788873 6.108155
v 0.010454 0.786733 6.118525
v 0.033999 0.780754 6.132092
v 0.054453 0.771165 6.148335
v 0.071029 0.758334 6.166631
v 0.083092 0.742755 6.186276
v 0.090177 0.725026 6.206516
v 0.092013 0.705829 6.226572
v 0.088528 0.685900 6.245674
v 0.079856 0.666008 6.263089
v 0.066332 0.646915 6.278145
v 0.048474 0.629355 6.290266
v 0.026968 0.614003 6.298984
v -0.069798 0.815585 6.471779
v -0.093497 0.806503 6.472294
v -0.117575 0.799518 6.468311
v -0.141106 0.794899 6.459985
v -0.163187 0.792823 6.447636
v -0.182968 0.793370 6.431737
v -0.199691 0.796520 6.412900
v -0.212711 0.802150 6.391850
v -0.221529 0.810045 6.369393
v -0.225806 0.819902 6.346394
v -0.225377 0.831341 6.323737
v -0.220259 0.843923 6.302292
v -0.210648 0.857164 6.282883
v -0.196915 0.870555 6.266257
v -0.179586 0.883583 6.253052
v -0.159328 0.895746 6.243776
v -0.136919 0.906576 6.238784
v -0.113220 0.915659 6.238270
v -0.089143 0.922644 6.242251
v -0.065611 0.927263 6.250577
v -0.043531 0.929338 6.262927
v -0.023749 0.928791 6.278826
v -0.007027 0.925641 6.297662
v 0.005993 0.920011 6.318714
v 0.014811 0.912116 6.341170
v 0.019088 0.902260 6.364169
v 0.018659 0.890821 6.386827
v 0.013541 0.878238 6.408271
v 0.003931 0.864998 6.427680
v -0.009803 0.851606 6.444306
v -0.027131 0.838579 6.457511
v -0.047389 0.826416 6.466788
v -0.156079 1.031582 6.530427
v -0.179421 1.021608 6.530709
v -0.202441 1.011984 6.526037
v -0.224254 1.003077 6.516591
v -0.244023 0.995231 6.502734
v -0.260988 0.988747 6.484998
v -0.274496 0.983876 6.464066
v -0.284029 0.980803 6.440740
v -0.289220 0.979647 6.415920
v -0.289870 0.980452 6.390556
v -0.285954 0.983187 6.365624
v -0.277622 0.987748 6.342085
v -0.265195 0.993959 6.320838
v -0.249149 1.001580 6.302704
v -0.230103 1.010320 6.288380
v -0.208787 1.019843 6.278413
v -0.186021 1.029782 6.273188
v -0.162679 1.039756 6.272908
v -0.139659 1.049381 6.277579
v -0.117846 1.058287 6.287025
v -0.098077 1.066133 6.300882
v -0.081112 1.072617 6.318617
v -0.067604 1.077488 6.339550
v -0.058071 1.080561 6.362875
v -0.052880 1.081717 6.387697
v -0.052230 1.080913 6.413061
v -0.056146 1.078177 6.437992
v -0.064478 1.073616 6.461532
v -0.076905 1.067406 6.482777
v -0.092951 1.059784 6.500911
v -0.111997 1.051044 6.515237
v -0.133313 1.041522 6.525203
v -0.261560 1.266954 6.498369
v -0.284506 1.256106 6.498802
v -0.306353 1.243890 6.494577
v -0.326263 1.230777 6.485858
v -0.343470 1.217270 6.472980
v -0.357313 1.203888 6.456436
v -0.367260 1.191147 6.436864
v -0.372929 1.179535 6.415014
v -0.374102 1.169498 6.391728
v -0.370733 1.161422 6.367899
v -0.362952 1.155618 6.344443
v -0.351059 1.152309 6.322263
v -0.335510 1.151621 6.302209
v -0.316903 1.153581 6.285053
v -0.295953 1.158115 6.271455
v -0.273465 1.165047 6.261936
v -0.250303 1.174111 6.256863
v -0.227357 1.184960 6.256430
v -0.205510 1.197176 6.260655
v -0.185600 1.210288 6.269374
v -0.168393 1.223795 6.282253
v -0.154550 1.237177 6.298796
v -0.144602 1.249918 6.318369
v -0.138934 1.261531 6.340218
v -0.137761 1.271568 6.363505
v -0.141130 1.279644 6.387334
v -0.148911 1.285448 6.410789
v -0.160803 1.288757 6.432970
v -0.176353 1.289445 6.453022
v -0.194959 1.287484 6.470179
v -0.215910 1.282951 6.483777
v -0.238398 1.276019 6.493296
v -0.349250 1.435690 6.374295
v -0.370242 1.425005 6.375093
v -0.389603 1.411849 6.372344
v -0.406589 1.396728 6.366154
v -0.420546 1.380223 6.356760
v -0.430940 1.362968 6.344524
v -0.437369 1.345627 6.329915
v -0.439588 1.328865 6.313497
v -0.437510 1.313326 6.295897
v -0.431217 1.299609 6.277795
v -0.420948 1.288240 6.259884
v -0.407100 1.279656 6.242854
v -0.390204 1.274187 6.227360
v -0.370910 1.272042 6.213995
v -0.349959 1.273305 6.203274
v -0.328156 1.277928 6.195610
v -0.306339 1.285731 6.191295
v -0.285347 1.296416 6.190497
v -0.265986 1.309572 6.193246
v -0.249000 1.324692 6.199437
v -0.235042 1.341197 6.208831
v -0.224649 1.358453 6.221066
v -0.218219 1.375794 6.235675
v -0.216001 1.392556 6.252094
v -0.218078 1.408094 6.269694
v -0.224372 1.421812 6.287795
v -0.234641 1.433181 6.305707
v -0.248489 1.441765 6.322737
v -0.265385 1.447234 6.338231
v -0.284679 1.449378 6.351596
v -0.305630 1.448115 6.362316
v -0.327433 1.443493 6.369980
v -0.434662 1.576459 6.168148
v -0.453359 1.566272 6.169680
v -0.469958 1.552850 6.169589
v -0.483821 1.536706 6.167878
v -0.494414 1.518463 6.164613
v -0.501332 1.498821 6.159919
v -0.504307 1.478535 6.153975
v -0.503227 1.458385 6.147013
v -0.498131 1.439144 6.139297
v -0.489217 1.421553 6.131125
v -0.476826 1.406286 6.122811
v -0.461435 1.393933 6.114675
v -0.443635 1.384965 6.107029
v -0.424111 1.379729 6.100168
v -0.403612 1.378426 6.094353
v -0.382927 1.381105 6.089809
v -0.362850 1.387664 6.086713
v -0.344153 1.397851 6.085179
v -0.327554 1.411274 6.085270
v -0.313692 1.427417 6.086982
v -0.303098 1.445660 6.090247
v -0.296181 1.465302 6.094941
v -0.293205 1.485588 6.100883
v -0.294286 1.505739 6.107848
v -0.299382 1.524979 6.115563
v -0.308296 1.542571 6.123735
v -0.320687 1.557837 6.132049
v -0.336077 1.570191 6.140185
v -0.353877 1.579158 6.147830
v -0.373401 1.584394 6.154693
v -0.393900 1.585698 6.160507
v -0.414585 1.583018 6.165050
v -0.478879 1.620517 5.957214
v -0.496492 1.610754 5.959280
v -0.511883 1.597720 5.961010
v -0.524462 1.581915 5.962339
v -0.533745 1.563947 5.963214
v -0.539375 1.544507 5.963601
v -0.541136 1.524341 5.963486
v -0.538961 1.504224 5.962872
v -0.532932 1.484930 5.961784
v -0.523282 1.467200 5.960264
v -0.510382 1.451715 5.958371
v -0.494726 1.439071 5.956175
v -0.476918 1.429753 5.953763
v -0.457640 1.424120 5.951228
v -0.437635 1.422387 5.948664
v -0.417671 1.424622 5.946173
v -0.398514 1.430739 5.943849
v -0.380902 1.440502 5.941782
v -0.365510 1.453537 5.940051
v -0.352931 1.469341 5.938724
v -0.343649 1.487310 5.937849
v -0.338018 1.506750 5.937462
v -0.336257 1.526916 5.937577
v -0.338433 1.547033 5.938190
v -0.344461 1.566326 5.939279
v -0.354111 1.584057 5.940797
v -0.367012 1.599541 5.942692
v -0.382667 1.612186 5.944888
v -0.400476 1.621503 5.947299
v -0.419753 1.627137 5.949836
v -0.439758 1.628869 5.952398
v -0.459723 1.626634 5.954890
v -0.497034 1.616313 5.789975
v -0.513515 1.607177 5.792197
v -0.527860 1.595006 5.794662
v -0.539519 1.580266 5.797276
v -0.548044 1.563525 5.799937
v -0.553106 1.545426 5.802544
v -0.554511 1.526664 5.804997
v -0.552205 1.507960 5.807201
v -0.546278 1.490033 5.809072
v -0.536956 1.473572 5.810536
v -0.524597 1.459209 5.811539
v -0.509678 1.447498 5.812042
v -0.492771 1.438886 5.812026
v -0.474526 1.433706 5.811491
v -0.455643 1.432157 5.810456
v -0.436850 1.434298 5.808965
v -0.418867 1.440046 5.807071
v -0.402386 1.449182 5.804849
v -0.388041 1.461353 5.802384
v -0.376382 1.476093 5.799771
v -0.367858 1.492834 5.797109
v -0.362796 1.510933 5.794503
v -0.361390 1.529695 5.792049
v -0.363696 1.548399 5.789846
v -0.369623 1.566326 5.787976
v -0.378946 1.582787 5.786510
v -0.391304 1.597150 5.785507
v -0.406223 1.608861 5.785005
v -0.423130 1.617473 5.785020
v -0.441376 1.622653 5.785556
v -0.460258 1.624202 5.786589
v -0.479051 1.622061 5.788081
v -0.507438 1.568608 5.530320
v -0.521833 1.560761 5.532745
v -0.534361 1.550524 5.536336
v -0.544542 1.538289 5.540953
v -0.551984 1.524527 5.546419
v -0.556401 1.509766 5.552524
v -0.557623 1.494575 5.559032
v -0.555604 1.479535 5.565696
v -0.550421 1.465226 5.572258
v -0.542273 1.452198 5.578465
v -0.531473 1.440951 5.584079
v -0.518437 1.431917 5.588885
v -0.503665 1.425444 5.592699
v -0.487726 1.421780 5.595373
v -0.471230 1.421066 5.596805
v -0.454813 1.423329 5.596938
v -0.439106 1.428483 5.595769
v -0.424711 1.436330 5.593343
v -0.412183 1.446567 5.589754
v -0.402002 1.458802 5.585136
v -0.394560 1.472564 5.579670
v -0.390143 1.487325 5.573565
v -0.388921 1.502516 5.567056
v -0.390940 1.517556 5.560392
v -0.396123 1.531864 5.553832
v -0.404271 1.544893 5.547624
v -0.415071 1.556140 5.542009
v -0.428107 1.565174 5.537203
v -0.442879 1.571647 5.533390
v -0.458819 1.575311 5.530716
v -0.475314 1.576025 5.529285
v -0.491731 1.573761 5.529151
v -0.487514 1.486360 5.399712
v -0.497540 1.480895 5.401402
v -0.506266 1.473764 5.403902
v -0.513357 1.465243 5.407119
v -0.518541 1.455658 5.410925
v -0.521617 1.445377 5.415176
v -0.522469 1.434795 5.419711
v -0.521062 1.424320 5.424351
v -0.517452 1.414354 5.428922
v -0.511777 1.405280 5.433245
v -0.504255 1.397446 5.437156
v -0.495175 1.391154 5.440504
v -0.484886 1.386645 5.443160
v -0.473784 1.384093 5.445022
v -0.462295 1.383595 5.446019
v -0.450860 1.385172 5.446112
v -0.439920 1.388762 5.445298
v -0.429894 1.394227 5.443609
v -0.421168 1.401357 5.441108
v -0.414077 1.409879 5.437892
v -0.408893 1.419465 5.434085
v -0.405817 1.429746 5.429832
v -0.404965 1.440327 5.425300
v -0.406372 1.450802 5.420659
v -0.409982 1.460768 5.416088
v -0.415657 1.469842 5.411764
v -0.423179 1.477676 5.407854
v -0.432259 1.483968 5.404507
v -0.442548 1.488477 5.401850
v -0.453650 1.491029 5.399988
v -0.465139 1.491526 5.398991
v -0.476573 1.489950 5.398898
v -0.487514 1.486360 5.399712
v -0.497540 1.480895 5.401402
v -0.506266 1.473764 5.403902
v -0.513357 1.465243 5.407119
v -0.518541 1.455658 5.410925
v -0.521617 1.445377 5.415176
v -0.522469 1.434795 5.419711
v -0.521062 1.424320 5.424351
v -0.517452 1.414354 5.428922
v -0.511777 1.405280 5.433245
v -0.504255 1.397446 5.437156
v -0.495175 1.391154 5.440504
v -0.484886 1.386645 5.443160
v -0.473784 1.384093 5.445022
v -0.462295 1.383595 5.446019
v -0.450860 1.385172 5.446112
v -0.439920 1.388762 5.445298
v -0.429894 1.394227 5.443609
v -0.421168 1.401357 5.441108
v -0.414077 1.409879 5.437892
v -0.408893 1.419465 5.434085
v -0.405817 1.429746 5.429832
v -0.404965 1.440327 5.425300
v -0.406372 1.450802 5.420659
v -0.409982 1.460768 5.416088
v -0.415657 1.469842 5.411764
v -0.423179 1.477676 5.407854
v -0.432259 1.483968 5.404507
v -0.442548 1.488477 5.401850
v -0.453650 1.491029 5.399988
v -0.465139 1.491526 5.398991
v -0.476573 1.489950 5.398898
v -0.470804 1.439401 5.369811
v -0.474869 1.437185 5.370496
v -0.478406 1.434294 5.371510
v -0.481281 1.430839 5.372814
v -0.483383 1.426953 5.374357
v -0.484630 1.422785 5.376081
v -0.484975 1.418495 5.377919
v -0.484405 1.414248 5.379800
v -0.482941 1.410208 5.381653
v -0.480641 1.406529 5.383407
v -0.477591 1.403353 5.384992
v -0.473910 1.400802 5.386349
v -0.469738 1.398974 5.387425
v -0.465237 1.397939 5.388181
v -0.460579 1.397738 5.388585
v -0.455944 1.398377 5.388623
v -0.451508 1.399832 5.388293
v -0.447443 1.402048 5.387607
v -0.443906 1.404939 5.386594
v -0.441031 1.408394 5.385291
v -0.438929 1.412280 5.383747
v -0.437682 1.416448 5.382023
v -0.437337 1.420738 5.380185
v -0.437907 1.424985 5.378303
v -0.439371 1.429025 5.376451
v -0.441671 1.432704 5.374698
v -0.444721 1.435880 5.373112
v -0.448402 1.438431 5.371755
v -0.452574 1.440259 5.370678
v -0.457075 1.441293 5.369923
v -0.461733 1.441495 5.369519
v -0.466368 1.440856 5.369481
v 1.536890 -0.076116 4.124643
v 1.527251 -0.053196 4.094851
v 1.582040 -0.034789 3.489654
v 1.696809 -0.100764 3.217294
v 1.559404 -0.172658 4.172982
v 1.566423 -0.141866 4.158011
v 1.569899 -0.113355 4.136240
v 1.569699 -0.088222 4.108507
v 1.565831 -0.067431 4.075876
v 1.563237 0.000694 3.999619
v 1.565262 0.033856 3.900112
v 1.560272 0.022454 3.791882
v 1.575655 0.002425 3.702262
v 1.607157 -0.018427 3.598248
v 1.637995 -0.050761 3.499254
v 1.686223 -0.090904 3.346171
v 1.741995 -0.113662 3.225047
v 1.803642 -0.161591 3.101233
v 1.885538 -0.221658 2.971684
v 1.565313 -0.184526 4.169538
v 1.578014 -0.165146 4.151255
v 1.586727 -0.147153 4.126432
v 1.591117 -0.131237 4.096025
v 1.591016 -0.118013 4.061198
v 1.603984 -0.072472 3.986775
v 1.615831 -0.051920 3.893004
v 1.609276 -0.060667 3.784994
v 1.623158 -0.073944 3.712930
v 1.652077 -0.090645 3.608335
v 1.677869 -0.114865 3.508208
v 1.719983 -0.145180 3.353753
v 1.774195 -0.165429 3.232277
v 1.829393 -0.202989 3.107016
v 1.903225 -0.250093 2.975655
v 1.566495 -0.201742 4.168025
v 1.580333 -0.198916 4.148288
v 1.590094 -0.196180 4.122125
v 1.595403 -0.193637 4.090541
v 1.596056 -0.191387 4.054750
v 1.614370 -0.178987 3.981522
v 1.630224 -0.177321 3.890850
v 1.623224 -0.182189 3.782907
v 1.638774 -0.187192 3.719968
v 1.666845 -0.197736 3.614991
v 1.690977 -0.209925 3.514117
v 1.731082 -0.225666 3.358755
v 1.784780 -0.242194 3.237049
v 1.837858 -0.264380 3.110831
v 1.909040 -0.292259 2.978276
v 1.562635 -0.219693 4.168849
v 1.572760 -0.234128 4.149903
v 1.579100 -0.247299 4.124470
v 1.581410 -0.258700 4.093526
v 1.579601 -0.267893 4.058260
v 1.591611 -0.290310 3.985265
v 1.604585 -0.308749 3.894228
v 1.598378 -0.309549 3.786180
v 1.618320 -0.306974 3.721493
v 1.647502 -0.311006 3.616433
v 1.673808 -0.310470 3.515396
v 1.716545 -0.310795 3.359838
v 1.770915 -0.323388 3.238082
v 1.826770 -0.329312 3.111658
v 1.901424 -0.336858 2.978844
v 1.554765 -0.233569 4.171788
v 1.557324 -0.261347 4.155668
v 1.556689 -0.286814 4.132840
v 1.552886 -0.308993 4.104178
v 1.546061 -0.327031 4.070786
v 1.541806 -0.376612 3.997005
v 1.545783 -0.410985 3.902232
v 1.541396 -0.408622 3.793937
v 1.567275 -0.401194 3.717094
v 1.599233 -0.400104 3.612274
v 1.630961 -0.389559 3.511705
v 1.680267 -0.377758 3.356713
v 1.736315 -0.387255 3.235100
v 1.799100 -0.380387 3.109274
v 1.882418 -0.371940 2.977206
v 1.544995 -0.239652 4.176055
v 1.538159 -0.273279 4.164039
v 1.528867 -0.304137 4.144992
v 1.517476 -0.331041 4.119645
v 1.504423 -0.352956 4.088973
v 1.478299 -0.414769 4.013594
v 1.469575 -0.456637 3.912719
v 1.467546 -0.452861 3.804099
v 1.499318 -0.444607 3.707952
v 1.534970 -0.441156 3.603628
v 1.573918 -0.425999 3.504031
v 1.631970 -0.408611 3.350215
v 1.690250 -0.416683 3.228904
v 1.762261 -0.403921 3.104318
v 1.857116 -0.388104 2.973802
v 1.535943 -0.236312 4.180507
v 1.520403 -0.266727 4.172772
v 1.503088 -0.294625 4.157670
v 1.484666 -0.318934 4.135782
v 1.465843 -0.338720 4.107948
v 1.418109 -0.394556 4.030587
v 1.396381 -0.433472 3.922877
v 1.396616 -0.430413 3.813943
v 1.432658 -0.425579 3.696515
v 1.471934 -0.423163 3.592813
v 1.517963 -0.410027 3.494430
v 1.584594 -0.395088 3.342087
v 1.645064 -0.403785 3.221150
v 1.726125 -0.393606 3.098118
v 1.832295 -0.381019 2.969544
v 1.530034 -0.224444 4.183951
v 1.508812 -0.243447 4.179528
v 1.486261 -0.260828 4.167478
v 1.463249 -0.275918 4.148264
v 1.440658 -0.288139 4.122625
v 1.377361 -0.321390 4.043431
v 1.345812 -0.347696 3.929985
v 1.347612 -0.347291 3.820831
v 1.385155 -0.349210 3.685848
v 1.427013 -0.350946 3.582726
v 1.478089 -0.345923 3.485476
v 1.550834 -0.340812 3.334506
v 1.612864 -0.352018 3.213920
v 1.700375 -0.352207 3.092335
v 1.814608 -0.352584 2.965572
v 1.904855 -0.309560 2.926948
v 1.528851 -0.207228 4.185464
v 1.506492 -0.209676 4.182495
v 1.482893 -0.211801 4.171786
v 1.458962 -0.213519 4.153748
v 1.435618 -0.214765 4.129074
v 1.366976 -0.214876 4.048685
v 1.331419 -0.222294 3.932138
v 1.333665 -0.225770 3.822917
v 1.369538 -0.235962 3.678809
v 1.412246 -0.243854 3.576070
v 1.464981 -0.250863 3.479568
v 1.539735 -0.260327 3.329504
v 1.602279 -0.275253 3.209148
v 1.691909 -0.290817 3.088520
v 1.808794 -0.310418 2.962951
v 1.532712 -0.189277 4.184640
v 1.514065 -0.174464 4.180880
v 1.493888 -0.160681 4.169441
v 1.472955 -0.148456 4.150763
v 1.452073 -0.138259 4.125564
v 1.389734 -0.103553 4.044941
v 1.357058 -0.090867 3.928760
v 1.358511 -0.098410 3.819643
v 1.389993 -0.116180 3.677285
v 1.431588 -0.130584 3.574629
v 1.482151 -0.150318 3.478288
v 1.554272 -0.175197 3.328420
v 1.616144 -0.194058 3.208115
v 1.702997 -0.225885 3.087693
v 1.816410 -0.265819 2.962384
v 1.540582 -0.175401 4.181701
v 1.529502 -0.147246 4.175115
v 1.516298 -0.121166 4.161071
v 1.501479 -0.098163 4.140110
v 1.485613 -0.079120 4.113038
v 1.439540 -0.017251 4.033202
v 1.415860 0.011370 3.920755
v 1.415492 0.000663 3.811887
v 1.441037 -0.021960 3.681683
v 1.479858 -0.041486 3.578788
v 1.524997 -0.071230 3.481980
v 1.590550 -0.108235 3.331546
v 1.650744 -0.130191 3.211097
v 1.730668 -0.174809 3.090078
v 1.835415 -0.230737 2.964021
v 1.549112 -0.204549 4.180578
v 1.550351 -0.169318 4.177434
v 1.548666 -0.135314 4.166744
v 1.544120 -0.103843 4.148919
v 1.503046 0.020906 4.016613
v 1.492067 0.057021 3.910269
v 1.489342 0.044902 3.801725
v 1.508994 0.021453 3.690825
v 1.544120 -0.000434 3.587433
v 1.638847 -0.077381 3.338044
v 1.767506 -0.151276 3.095034
v 1.860718 -0.214573 2.967425
v -0.561427 1.352214 5.469598
v -0.575052 1.328465 5.442100
v -0.677644 1.326412 4.842872
v -0.726449 1.442075 4.567291
v -0.499027 1.434481 5.508360
v -0.528131 1.419044 5.496688
v -0.553805 1.402043 5.477961
v -0.575062 1.384130 5.452898
v -0.591086 1.365994 5.422463
v -0.647463 1.315825 5.353415
v -0.682515 1.290632 5.257800
v -0.680156 1.288574 5.148902
v -0.682917 1.308553 5.058003
v -0.696809 1.340549 4.952982
v -0.701170 1.379753 4.851788
v -0.715698 1.434392 4.696303
v -0.745447 1.485150 4.574491
v -0.760270 1.556561 4.447573
v -0.779619 1.650918 4.314080
v -0.494223 1.446487 5.503843
v -0.518708 1.442595 5.487826
v -0.540125 1.436233 5.465096
v -0.557651 1.427646 5.436525
v -0.570612 1.417163 5.403209
v -0.619923 1.393559 5.333983
v -0.651354 1.384304 5.242976
v -0.649959 1.379347 5.134537
v -0.655297 1.394725 5.061755
v -0.670690 1.422036 4.956529
v -0.677985 1.452085 4.854937
v -0.696068 1.495635 4.698970
v -0.726724 1.543562 4.577034
v -0.745297 1.603273 4.449607
v -0.769335 1.683003 4.315476
v -0.482141 1.458477 5.500626
v -0.495008 1.466113 5.481517
v -0.505718 1.470376 5.455935
v -0.513859 1.471102 5.424865
v -0.519118 1.468262 5.389499
v -0.546808 1.470283 5.318219
v -0.566330 1.476488 5.228465
v -0.567567 1.468678 5.120474
v -0.579430 1.480432 5.057632
v -0.598948 1.503083 4.952631
v -0.614302 1.524028 4.851476
v -0.642149 1.556547 4.696040
v -0.675297 1.601658 4.574239
v -0.704171 1.649734 4.447372
v -0.741087 1.714914 4.313941
v -0.466018 1.467237 5.499571
v -0.463381 1.483297 5.479448
v -0.459802 1.495324 5.452933
v -0.455420 1.502855 5.421043
v -0.450402 1.505599 5.385005
v -0.447709 1.525438 5.310346
v -0.450226 1.542483 5.218154
v -0.455055 1.532631 5.110482
v -0.475645 1.542710 5.046739
v -0.500805 1.561975 4.942330
v -0.527185 1.576304 4.842332
v -0.568389 1.600808 4.688298
v -0.604947 1.643873 4.566856
v -0.647910 1.683494 4.441467
v -0.702444 1.738102 4.309886
v -0.450174 1.470421 5.500962
v -0.432302 1.489543 5.482176
v -0.414682 1.504391 5.456892
v -0.397993 1.514395 5.426083
v -0.382874 1.519170 5.390932
v -0.349179 1.544247 5.312473
v -0.334151 1.564606 5.214806
v -0.342572 1.554070 5.107239
v -0.371752 1.564870 5.031995
v -0.402560 1.582930 4.928387
v -0.439977 1.594905 4.829957
v -0.494551 1.616557 4.677820
v -0.534523 1.658895 4.556861
v -0.591591 1.695506 4.433475
v -0.663760 1.746354 4.304396
v -0.438854 1.467175 5.504425
v -0.410097 1.483177 5.488969
v -0.382447 1.495149 5.466754
v -0.356965 1.502631 5.438635
v -0.334630 1.505337 5.405692
v -0.277619 1.521668 5.324032
v -0.249208 1.536929 5.219319
v -0.260257 1.527250 5.111612
v -0.295587 1.540975 5.017351
v -0.330537 1.560335 4.914539
v -0.376045 1.574848 4.817664
v -0.440421 1.599575 4.667412
v -0.482895 1.642697 4.546935
v -0.550303 1.682554 4.425536
v -0.635402 1.737457 4.298944
v -0.435092 1.458370 5.509033
v -0.402718 1.465904 5.498007
v -0.371734 1.470073 5.479876
v -0.343329 1.470716 5.455336
v -0.318597 1.467808 5.425329
v -0.252204 1.463753 5.341924
v -0.218157 1.466869 5.230483
v -0.230167 1.459357 5.122430
v -0.267561 1.477428 5.006730
v -0.304034 1.500243 4.904496
v -0.352520 1.521506 4.808749
v -0.420503 1.554412 4.659863
v -0.463897 1.599622 4.539735
v -0.535111 1.648106 4.419779
v -0.624967 1.713796 4.294989
v -0.439896 1.446364 5.513550
v -0.412141 1.442353 5.506868
v -0.385413 1.435882 5.492741
v -0.360741 1.427199 5.471709
v -0.339071 1.416638 5.444582
v -0.279744 1.386019 5.361356
v -0.249318 1.373197 5.245306
v -0.260364 1.368584 5.136796
v -0.295181 1.391257 5.002978
v -0.330152 1.418756 4.900948
v -0.375704 1.449174 4.805600
v -0.440133 1.493169 4.657197
v -0.482620 1.541210 4.537192
v -0.550083 1.601393 4.417745
v -0.635251 1.681711 4.293592
v -0.729814 1.720276 4.261068
v -0.451978 1.434374 5.516768
v -0.435841 1.418835 5.513179
v -0.419820 1.401739 5.501902
v -0.404533 1.383743 5.483369
v -0.390565 1.365540 5.458292
v -0.352859 1.309295 5.377120
v -0.334342 1.281013 5.259818
v -0.342757 1.279253 5.150858
v -0.371048 1.305549 5.007101
v -0.401895 1.337708 4.904847
v -0.439387 1.377232 4.809060
v -0.494051 1.432257 4.660127
v -0.534046 1.483114 4.539987
v -0.591210 1.554932 4.419980
v -0.663499 1.649799 4.295127
v -0.468101 1.425614 5.517821
v -0.467468 1.401651 5.515247
v -0.465736 1.376791 5.504904
v -0.462971 1.351991 5.487191
v -0.459281 1.328203 5.462786
v -0.451958 1.254140 5.384994
v -0.450446 1.215018 5.270129
v -0.455268 1.215300 5.160850
v -0.474833 1.243272 5.017994
v -0.500038 1.278816 4.915147
v -0.526504 1.324956 4.818204
v -0.567812 1.387996 4.667869
v -0.604397 1.440899 4.547371
v -0.647470 1.521173 4.425885
v -0.702142 1.626611 4.299183
v -0.483945 1.422430 5.516431
v -0.498547 1.395405 5.512519
v -0.510856 1.367724 5.500944
v -0.520399 1.340451 5.482150
v -0.526809 1.314632 5.456860
v -0.550488 1.235331 5.382866
v -0.566521 1.192895 5.273477
v -0.567751 1.193861 5.164093
v -0.578727 1.221112 5.032738
v -0.598283 1.257861 4.929090
v -0.613712 1.306355 4.830580
v -0.641649 1.372247 4.678347
v -0.674821 1.425878 4.557364
v -0.703790 1.509160 4.433877
v -0.740825 1.618360 4.304672
v -0.467612 1.447760 5.512528
v -0.495265 1.425675 5.512968
v -0.520751 1.401772 5.505726
v -0.543091 1.376967 5.491082
v -0.622047 1.257910 5.371308
v -0.651464 1.220572 5.268964
v -0.650066 1.220682 5.159720
v -0.654891 1.245007 5.047382
v -0.670307 1.280456 4.942938
v -0.695779 1.389229 4.688755
v -0.745077 1.522113 4.441816
v -0.769183 1.627257 4.310125
v 0.132185 -1.514166 5.791803
v 0.157138 -1.501650 5.761842
v 0.224183 -1.561165 5.126571
v 0.186800 -1.690935 4.836935
v 0.030333 -1.548439 5.836501
v 0.064393 -1.552402 5.822917
v 0.096132 -1.552954 5.801967
v 0.124329 -1.550075 5.774457
v 0.147900 -1.543874 5.741446
v 0.224170 -1.533923 5.665711
v 0.265956 -1.532954 5.563197
v 0.260889 -1.529754 5.448386
v 0.247817 -1.548783 5.352878
v 0.236693 -1.584914 5.242385
v 0.213129 -1.621621 5.136394
v 0.187071 -1.677828 4.973164
v 0.177873 -1.739755 4.844868
v 0.143170 -1.810728 4.712123
v 0.098443 -1.904364 4.572805
v 0.018812 -1.556012 5.832157
v 0.041795 -1.567257 5.814394
v 0.063324 -1.574520 5.789594
v 0.082572 -1.577523 5.758711
v 0.098799 -1.576150 5.722929
v 0.153058 -1.585083 5.647820
v 0.182358 -1.595813 5.550632
v 0.179879 -1.590668 5.436210
v 0.172499 -1.607234 5.359624
v 0.165470 -1.640187 5.248765
v 0.149907 -1.670684 5.142056
v 0.133542 -1.719370 4.977958
v 0.126819 -1.779376 4.849440
v 0.102341 -1.842413 4.715780
v 0.070399 -1.926127 4.575317
v 0.001025 -1.559221 5.829417
v 0.006904 -1.573552 5.809020
v 0.012671 -1.583660 5.781792
v 0.018103 -1.589156 5.748781
v 0.022992 -1.589828 5.711253
v 0.043076 -1.608131 5.635238
v 0.052842 -1.625193 5.540095
v 0.054370 -1.619139 5.425999
v 0.055214 -1.636452 5.359605
v 0.054562 -1.667817 5.248746
v 0.051459 -1.695210 5.142040
v 0.050188 -1.740135 4.977945
v 0.047317 -1.799182 4.849427
v 0.038763 -1.858252 4.715770
v 0.026730 -1.937006 4.575310
v -0.018262 -1.557207 5.829016
v -0.030928 -1.569601 5.808234
v -0.042254 -1.577924 5.780652
v -0.051803 -1.581856 5.747329
v -0.059209 -1.581245 5.709546
v -0.076306 -1.596892 5.631337
v -0.087889 -1.613222 5.534409
v -0.082006 -1.607539 5.420488
v -0.072611 -1.628608 5.352827
v -0.066314 -1.660400 5.242337
v -0.055837 -1.688626 5.136351
v -0.040658 -1.734561 4.973127
v -0.039329 -1.793865 4.844833
v -0.030530 -1.854000 4.712096
v -0.020864 -1.934086 4.572786
v -0.033881 -1.550509 5.831062
v -0.061567 -1.556463 5.812247
v -0.086734 -1.558851 5.786478
v -0.108415 -1.557580 5.754744
v -0.125778 -1.552699 5.718266
v -0.173100 -1.554378 5.637161
v -0.202127 -1.563108 5.535096
v -0.192709 -1.558975 5.421154
v -0.176726 -1.585805 5.341105
v -0.164769 -1.619923 5.231252
v -0.143232 -1.652697 5.126512
v -0.114653 -1.704140 4.964797
v -0.109904 -1.764850 4.836887
v -0.086969 -1.830797 4.705741
v -0.059630 -1.918148 4.568422
v -0.041648 -1.540922 5.835006
v -0.076801 -1.537658 5.819984
v -0.108851 -1.531550 5.797709
v -0.136565 -1.522832 5.769039
v -0.158879 -1.511840 5.735075
v -0.221369 -1.491979 5.651151
v -0.259260 -1.488278 5.541974
v -0.248074 -1.486460 5.427819
v -0.229234 -1.519510 5.327582
v -0.214422 -1.557233 5.218463
v -0.187307 -1.597049 5.115160
v -0.151971 -1.657024 4.955185
v -0.145496 -1.719913 4.827720
v -0.115433 -1.794859 4.698411
v -0.079180 -1.893465 4.563386
v -0.039480 -1.531015 5.839791
v -0.072549 -1.518224 5.829371
v -0.102678 -1.503336 5.811338
v -0.128709 -1.486923 5.786385
v -0.149640 -1.469616 5.755471
v -0.208181 -1.426417 5.669558
v -0.243981 -1.408783 5.553197
v -0.233268 -1.409426 5.438697
v -0.216065 -1.447488 5.315879
v -0.201969 -1.489127 5.207397
v -0.176252 -1.536594 5.105337
v -0.142611 -1.605838 4.946868
v -0.136569 -1.671093 4.819788
v -0.108294 -1.755817 4.692066
v -0.074277 -1.866648 4.559029
v -0.027960 -1.523442 5.844136
v -0.049951 -1.503370 5.837893
v -0.069870 -1.481771 5.823710
v -0.086952 -1.459475 5.802132
v -0.100539 -1.437340 5.773988
v -0.137069 -1.375257 5.687449
v -0.160384 -1.345924 5.565762
v -0.152257 -1.348512 5.450872
v -0.140747 -1.389038 5.309134
v -0.130746 -1.433853 5.201019
v -0.113031 -1.487531 5.099674
v -0.089082 -1.564297 4.942074
v -0.085515 -1.631472 4.815215
v -0.067465 -1.724132 4.688409
v -0.046234 -1.844885 4.556517
v 0.011669 -1.934934 4.520031
v -0.010173 -1.520233 5.846876
v -0.015061 -1.497074 5.843267
v -0.019217 -1.472631 5.831512
v -0.022483 -1.447843 5.812062
v -0.024732 -1.423662 5.785664
v -0.027087 -1.352208 5.700032
v -0.030867 -1.316544 5.576299
v -0.026749 -1.320041 5.461083
v -0.023463 -1.359819 5.309152
v -0.019838 -1.406224 5.201036
v -0.014582 -1.463005 5.099690
v -0.005728 -1.543531 4.942087
v -0.006014 -1.611666 4.815228
v -0.003887 -1.708293 4.688420
v -0.002564 -1.834006 4.556524
v 0.009115 -1.522247 5.847276
v 0.022773 -1.501024 5.844053
v 0.035708 -1.478366 5.832653
v 0.047423 -1.455142 5.813514
v 0.057469 -1.432245 5.787371
v 0.092295 -1.363447 5.703934
v 0.109864 -1.328515 5.581985
v 0.109628 -1.331641 5.466594
v 0.104363 -1.367663 5.315930
v 0.101038 -1.413641 5.207446
v 0.092714 -1.469589 5.105380
v 0.085118 -1.549106 4.946904
v 0.080633 -1.616983 4.819822
v 0.065405 -1.712545 4.692094
v 0.045029 -1.836926 4.559048
v 0.024734 -1.528945 5.845231
v 0.053411 -1.514163 5.840040
v 0.080188 -1.497440 5.826827
v 0.104036 -1.479418 5.806098
v 0.124038 -1.460791 5.778652
v 0.189089 -1.405961 5.698109
v 0.224101 -1.378629 5.581298
v 0.220330 -1.380205 5.465928
v 0.208478 -1.410466 5.327652
v 0.199493 -1.454117 5.218530
v 0.180108 -1.505518 5.115219
v 0.159113 -1.579527 4.955235
v 0.151207 -1.645998 4.827767
v 0.121845 -1.735748 4.698448
v 0.083795 -1.852864 4.563413
v -0.004741 -1.541217 5.842199
v 0.032500 -1.538531 5.841287
v 0.068645 -1.532968 5.832304
v 0.102305 -1.524741 5.815595
v 0.237359 -1.468360 5.684119
v 0.281235 -1.453459 5.574421
v 0.275696 -1.452719 5.459263
v 0.260986 -1.476761 5.341176
v 0.249146 -1.516808 5.231319
v 0.196430 -1.626642 4.964847
v 0.150309 -1.771686 4.705780
v 0.103346 -1.877547 4.568448
vn -0.0000 0.9979 0.0649
vn -0.0000 0.9995 -0.0313
vn 0.1947 0.9787 0.0649
vn 0.1979 0.9797 -0.0307
vn 0.3818 0.9220 0.0648
vn 0.3879 0.9212 -0.0288
vn 0.5543 0.8298 0.0648
vn 0.5626 0.8263 -0.0258
vn 0.7056 0.7057 0.0648
vn 0.7150 0.6988 -0.0215
vn 0.8297 0.5545 0.0647
vn 0.8390 0.5439 -0.0161
vn 0.9219 0.3820 0.0647
vn 0.9298 0.3680 -0.0098
vn 0.9787 0.1947 0.0647
vn 0.9840 0.1784 -0.0027
vn 0.9979 -0.0000 0.0647
vn 0.9998 -0.0173 0.0046
vn 0.9787 -0.1947 0.0647
vn 0.9773 -0.2115 0.0118
vn 0.9219 -0.3819 0.0647
vn 0.9177 -0.3970 0.0185
vn 0.8297 -0.5545 0.0647
vn 0.8235 -0.5668 0.0243
vn 0.7056 -0.7057 0.0647
vn 0.6987 -0.7148 0.0291
vn 0.5543 -0.8298 0.0648
vn 0.5479 -0.8359 0.0328
vn 0.3818 -0.9220 0.0648
vn 0.3769 -0.9256 0.0354
vn 0.1946 -0.9787 0.0648
vn 0.1920 -0.9807 0.0370
vn -0.0000 -0.9979 0.0648
vn -0.0000 -0.9993 0.0375
vn -0.1946 -0.9787 0.0648
vn -0.1920 -0.9807 0.0370
vn -0.3818 -0.9220 0.0648
vn -0.3769 -0.9256 0.0354
vn -0.5543 -0.8298 0.0648
vn -0.5479 -0.8359 0.0328
vn -0.7056 -0.7057 0.0647
vn -0.6987 -0.7148 0.0291
vn -0.8297 -0.5545 0.0647
vn -0.8235 -0.5668 0.0243
vn -0.9219 -0.3819 0.0647
vn -0.9177 -0.3970 0.0185
vn -0.9787 -0.1947 0.0647
vn -0.9773 -0.2115 0.0118
vn -0.9979 -0.0000 0.0647
vn -0.9998 -0.0173 0.0046
vn -0.9787 0.1947 0.0647
vn -0.9840 0.1784 -0.0027
vn -0.9219 0.3820 0.0647
vn -0.9298 0.3680 -0.0098
vn -0.8297 0.5545 0.0647
vn -0.8390 0.5439 -0.0161
vn -0.7056 0.7057 0.0648
vn -0.7150 0.6988 -0.0215
vn -0.5543 0.8298 0.0648
vn -0.5626 0.8263 -0.0258
vn -0.3818 0.9220 0.0648
vn -0.3879 0.9212 -0.0288
vn -0.1947 0.9787 0.0649
vn -0.1979 0.9797 -0.0307
vn -0.0000 0.9999 -0.0137
vn 0.1951 0.9807 -0.0137
vn 0.3827 0.9238 -0.0137
vn 0.5555 0.8314 -0.0137
vn 0.7070 0.7070 -0.0137
vn 0.8314 0.5555 -0.0137
vn 0.9238 0.3826 -0.0137
vn 0.9807 0.1951 -0.0137
vn 0.9999 -0.0000 -0.0137
vn 0.9807 -0.1951 -0.0137
vn 0.9238 -0.3826 -0.0137
vn 0.8314 -0.5555 -0.0137
vn 0.7070 -0.7070 -0.0137
vn 0.5555 -0.8314 -0.0137
vn 0.3827 -0.9238 -0.0137
vn 0.1951 -0.9807 -0.0137
vn -0.0000 -0.9999 -0.0137
vn -0.1951 -0.9807 -0.0137
vn -0.3826 -0.9238 -0.0137
vn -0.5555 -0.8314 -0.0137
vn -0.7070 -0.7070 -0.0137
vn -0.8314 -0.5555 -0.0137
vn -0.9238 -0.3826 -0.0137
vn -0.9807 -0.1951 -0.0137
vn -0.9999 -0.0000 -0.0137
vn -0.9807 0.1951 -0.0137
vn -0.9238 0.3826 -0.0137
vn -0.8314 0.5555 -0.0137
vn -0.7070 0.7070 -0.0137
vn -0.5555 0.8314 -0.0137
vn -0.3826 0.9238 -0.0137
vn -0.1951 0.9807 -0.0137
vn 0.5385 0.8060 0.2457
vn 0.3710 0.8956 0.2457
vn 0.6854 -0.6854 0.2457
vn 0.8060 -0.5385 0.2457
vn -0.8060 -0.5385 0.2457
vn -0.6854 -0.6854 0.2457
vn -0.3710 0.8956 0.2457
vn -0.5385 0.8060 0.2457
vn 0.9694 -0.0000 0.2457
vn 0.9507 0.1891 0.2457
vn -0.1891 -0.9507 0.2457
vn -0.0000 -0.9694 0.2457
vn -0.8956 0.3710 0.2457
vn -0.9507 0.1891 0.2457
vn 0.6854 0.6854 0.2457
vn 0.5385 -0.8060 0.2457
vn -0.8956 -0.3710 0.2457
vn -0.1891 0.9507 0.2457
vn 0.9507 -0.1891 0.2457
vn -0.3710 -0.8956 0.2457
vn -0.8060 0.5385 0.2457
vn 0.8060 0.5385 0.2457
vn 0.3710 -0.8956 0.2457
vn -0.9507 -0.1891 0.2457
vn 0.1891 0.9507 0.2457
vn -0.0000 0.9694 0.2457
vn 0.8956 -0.3710 0.2457
vn -0.5385 -0.8060 0.2457
vn -0.6854 0.6854 0.2457
vn 0.8956 0.3710 0.2457
vn 0.1891 -0.9507 0.2457
vn -0.9694 -0.0000 0.2457
vn -0.0000 0.9974 -0.0725
vn 0.1951 0.9782 -0.0712
vn 0.3828 0.9214 -0.0673
vn 0.5558 0.8291 -0.0608
vn 0.7074 0.7049 -0.0520
vn 0.8318 0.5536 -0.0412
vn 0.9241 0.3810 -0.0286
vn 0.9809 0.1940 -0.0146
vn 1.0000 -0.0004 0.0001
vn 0.9808 -0.1946 0.0150
vn 0.9239 -0.3814 0.0296
vn 0.8316 -0.5536 0.0433
vn 0.7074 -0.7047 0.0554
vn 0.5559 -0.8287 0.0654
vn 0.3830 -0.9209 0.0728
vn 0.1954 -0.9777 0.0774
vn -0.0000 -0.9969 0.0790
vn -0.1954 -0.9777 0.0774
vn -0.3830 -0.9209 0.0728
vn -0.5559 -0.8287 0.0654
vn -0.7074 -0.7047 0.0554
vn -0.8316 -0.5536 0.0433
vn -0.9239 -0.3814 0.0296
vn -0.9808 -0.1946 0.0150
vn -1.0000 -0.0004 0.0001
vn -0.9809 0.1940 -0.0146
vn -0.9241 0.3810 -0.0286
vn -0.8318 0.5536 -0.0412
vn -0.7074 0.7049 -0.0520
vn -0.5558 0.8291 -0.0608
vn -0.3828 0.9214 -0.0673
vn -0.1951 0.9782 -0.0712
vn -0.0000 0.9998 0.0188
vn 0.1870 0.9822 0.0187
vn 0.3678 0.9297 0.0183
vn 0.5359 0.8441 0.0176
vn 0.6855 0.7279 0.0164
vn 0.8110 0.5848 0.0145
vn 0.9077 0.4195 0.0115
vn 0.9714 0.2373 0.0073
vn 0.9990 0.0444 0.0021
vn 0.9883 -0.1524 -0.0033
vn 0.9384 -0.3454 -0.0077
vn 0.8503 -0.5262 -0.0106
vn 0.7270 -0.6865 -0.0122
vn 0.5735 -0.8191 -0.0129
vn 0.3961 -0.9181 -0.0131
vn 0.2023 -0.9792 -0.0131
vn -0.0000 -0.9999 -0.0130
vn -0.2023 -0.9792 -0.0131
vn -0.3961 -0.9181 -0.0131
vn -0.5735 -0.8191 -0.0129
vn -0.7270 -0.6865 -0.0122
vn -0.8503 -0.5262 -0.0106
vn -0.9384 -0.3454 -0.0077
vn -0.9883 -0.1524 -0.0033
vn -0.9990 0.0444 0.0021
vn -0.9714 0.2373 0.0073
vn -0.9077 0.4195 0.0115
vn -0.8110 0.5848 0.0145
vn -0.6855 0.7279 0.0164
vn -0.5359 0.8441 0.0176
vn -0.3678 0.9297 0.0183
vn -0.1870 0.9822 0.0187
vn -0.0000 0.9809 0.1944
vn 0.1974 0.9616 0.1908
vn 0.3869 0.9043 0.1802
vn 0.5611 0.8115 0.1632
vn 0.7128 0.6871 0.1407
vn 0.8361 0.5367 0.1138
vn 0.9262 0.3677 0.0836
vn 0.9808 0.1883 0.0506
vn 0.9999 0.0049 0.0140
vn 0.9830 -0.1815 -0.0265
vn 0.9275 -0.3677 -0.0669
vn 0.8343 -0.5417 -0.1027
vn 0.7082 -0.6936 -0.1323
vn 0.5552 -0.8170 -0.1556
vn 0.3817 -0.9080 -0.1725
vn 0.1943 -0.9638 -0.1828
vn -0.0000 -0.9825 -0.1862
vn -0.1943 -0.9638 -0.1828
vn -0.3817 -0.9080 -0.1725
vn -0.5552 -0.8170 -0.1556
vn -0.7082 -0.6936 -0.1323
vn -0.8343 -0.5417 -0.1027
vn -0.9275 -0.3677 -0.0669
vn -0.9830 -0.1815 -0.0265
vn -0.9999 0.0049 0.0140
vn -0.9808 0.1883 0.0506
vn -0.9262 0.3677 0.0836
vn -0.8361 0.5367 0.1138
vn -0.7128 0.6871 0.1407
vn -0.5611 0.8115 0.1632
vn -0.3869 0.9043 0.1802
vn -0.1974 0.9616 0.1908
vn -0.0000 0.9253 0.3793
vn 0.1984 0.9068 0.3721
vn 0.3890 0.8519 0.3506
vn 0.5641 0.7629 0.3160
vn 0.7166 0.6433 0.2696
vn 0.8404 0.4981 0.2136
vn 0.9303 0.3344 0.1509
vn 0.9830 0.1626 0.0849
vn 0.9999 -0.0045 0.0165
vn 0.9826 -0.1760 -0.0600
vn 0.9252 -0.3544 -0.1356
vn 0.8310 -0.5182 -0.2024
vn 0.7053 -0.6596 -0.2597
vn 0.5533 -0.7746 -0.3062
vn 0.3807 -0.8596 -0.3407
vn 0.1940 -0.9118 -0.3618
vn -0.0000 -0.9294 -0.3690
vn -0.1940 -0.9118 -0.3618
vn -0.3807 -0.8596 -0.3407
vn -0.5533 -0.7746 -0.3062
vn -0.7053 -0.6596 -0.2597
vn -0.8310 -0.5182 -0.2024
vn -0.9252 -0.3544 -0.1356
vn -0.9826 -0.1760 -0.0600
vn -0.9999 -0.0045 0.0165
vn -0.9830 0.1626 0.0849
vn -0.9303 0.3344 0.1509
vn -0.8404 0.4981 0.2136
vn -0.7166 0.6433 0.2696
vn -0.5641 0.7629 0.3160
vn -0.3890 0.8519 0.3506
vn -0.1984 0.9068 0.3721
vn -0.0000 0.8239 0.5667
vn 0.1983 0.8074 0.5557
vn 0.3889 0.7584 0.5230
vn 0.5644 0.6787 0.4699
vn 0.7177 0.5712 0.3983
vn 0.8426 0.4397 0.3110
vn 0.9336 0.2891 0.2116
vn 0.9860 0.1275 0.1077
vn 0.9996 -0.0227 0.0190
vn 0.9845 -0.1619 -0.0681
vn 0.9312 -0.3187 -0.1767
vn 0.8387 -0.4682 -0.2782
vn 0.7131 -0.5986 -0.3649
vn 0.5600 -0.7053 -0.4347
vn 0.3855 -0.7845 -0.4858
vn 0.1964 -0.8333 -0.5168
vn -0.0000 -0.8497 -0.5272
vn -0.1964 -0.8333 -0.5168
vn -0.3855 -0.7845 -0.4858
vn -0.5600 -0.7053 -0.4347
vn -0.7131 -0.5986 -0.3649
vn -0.8387 -0.4682 -0.2782
vn -0.9312 -0.3187 -0.1767
vn -0.9845 -0.1619 -0.0681
vn -0.9996 -0.0227 0.0190
vn -0.9860 0.1275 0.1077
vn -0.9336 0.2891 0.2116
vn -0.8426 0.4397 0.3110
vn -0.7177 0.5712 0.3983
vn -0.5644 0.6787 0.4699
vn -0.3889 0.7584 0.5230
vn -0.1983 0.8074 0.5557
vn -0.0000 0.6344 0.7730
vn 0.1974 0.6217 0.7580
vn 0.3871 0.5838 0.7137
vn 0.5619 0.5219 0.6418
vn 0.7149 0.4377 0.5453
vn 0.8400 0.3335 0.4279
vn 0.9318 0.2119 0.2948
vn 0.9851 0.0769 0.1539
vn 0.9988 -0.0432 0.0247
vn 0.9829 -0.1432 -0.1159
vn 0.9247 -0.2749 -0.2634
vn 0.8302 -0.3958 -0.3926
vn 0.7044 -0.5010 -0.5029
vn 0.5523 -0.5870 -0.5920
vn 0.3797 -0.6508 -0.6575
vn 0.1932 -0.6899 -0.6976
vn -0.0000 -0.7031 -0.7111
vn -0.1932 -0.6899 -0.6976
vn -0.3797 -0.6508 -0.6575
vn -0.5523 -0.5870 -0.5920
vn -0.7044 -0.5010 -0.5029
vn -0.8302 -0.3958 -0.3926
vn -0.9247 -0.2749 -0.2634
vn -0.9829 -0.1432 -0.1159
vn -0.9988 -0.0432 0.0247
vn -0.9851 0.0769 0.1539
vn -0.9318 0.2119 0.2948
vn -0.8400 0.3335 0.4279
vn -0.7149 0.4377 0.5453
vn -0.5619 0.5219 0.6418
vn -0.3871 0.5838 0.7137
vn -0.1974 0.6217 0.7580
vn -0.0000 0.2754 0.9613
vn 0.1969 0.2702 0.9425
vn 0.3863 0.2546 0.8865
vn 0.5608 0.2293 0.7955
vn 0.7138 0.1951 0.6726
vn 0.8392 0.1530 0.5219
vn 0.9319 0.1035 0.3476
vn 0.9867 0.0448 0.1561
vn 0.9999 -0.0112 0.0028
vn 0.9866 -0.0446 -0.1571
vn 0.9314 -0.0976 -0.3507
vn 0.8385 -0.1492 -0.5240
vn 0.7131 -0.1946 -0.6735
vn 0.5601 -0.2320 -0.7952
vn 0.3857 -0.2599 -0.8853
vn 0.1966 -0.2772 -0.9405
vn -0.0000 -0.2830 -0.9591
vn -0.1966 -0.2772 -0.9405
vn -0.3857 -0.2599 -0.8853
vn -0.5601 -0.2320 -0.7952
vn -0.7131 -0.1946 -0.6735
vn -0.8385 -0.1492 -0.5240
vn -0.9314 -0.0976 -0.3507
vn -0.9866 -0.0446 -0.1571
vn -0.9999 -0.0112 0.0028
vn -0.9867 0.0448 0.1561
vn -0.9319 0.1035 0.3476
vn -0.8392 0.1530 0.5219
vn -0.7138 0.1951 0.6726
vn -0.5608 0.2293 0.7955
vn -0.3863 0.2546 0.8865
vn -0.1969 0.2702 0.9425
vn -0.0000 -0.1582 0.9874
vn 0.1974 -0.1557 0.9679
vn 0.3871 -0.1482 0.9100
vn 0.5618 -0.1362 0.8160
vn 0.7147 -0.1201 0.6890
vn 0.8399 -0.1009 0.5333
vn 0.9322 -0.0793 0.3531
vn 0.9865 -0.0544 0.1542
vn 0.9999 -0.0162 -0.0002
vn 0.9867 -0.0022 -0.1626
vn 0.9316 0.0164 -0.3630
vn 0.8390 0.0375 -0.5428
vn 0.7138 0.0562 -0.6981
vn 0.5610 0.0714 -0.8247
vn 0.3865 0.0826 -0.9186
vn 0.1970 0.0896 -0.9763
vn -0.0000 0.0920 -0.9958
vn -0.1970 0.0896 -0.9763
vn -0.3865 0.0826 -0.9186
vn -0.5610 0.0714 -0.8247
vn -0.7138 0.0562 -0.6981
vn -0.8390 0.0375 -0.5428
vn -0.9316 0.0164 -0.3630
vn -0.9867 -0.0022 -0.1626
vn -0.9999 -0.0162 -0.0002
vn -0.9865 -0.0544 0.1542
vn -0.9322 -0.0793 0.3531
vn -0.8399 -0.1009 0.5333
vn -0.7147 -0.1201 0.6890
vn -0.5618 -0.1362 0.8160
vn -0.3871 -0.1482 0.9100
vn -0.1974 -0.1557 0.9679
vn -0.0000 -0.5301 0.8479
vn 0.1970 -0.5205 0.8308
vn 0.3865 -0.4920 0.7801
vn 0.5612 -0.4458 0.6973
vn 0.7143 -0.3837 0.5853
vn 0.8396 -0.3076 0.4477
vn 0.9319 -0.2195 0.2887
vn 0.9856 -0.1212 0.1180
vn 0.9991 -0.0405 -0.0118
vn 0.9846 0.0318 -0.1720
vn 0.9286 0.1189 -0.3514
vn 0.8357 0.1989 -0.5119
vn 0.7104 0.2680 -0.6507
vn 0.5579 0.3239 -0.7641
vn 0.3841 0.3650 -0.8481
vn 0.1959 0.3902 -0.8996
vn -0.0000 0.3988 -0.9170
vn -0.1959 0.3902 -0.8996
vn -0.3841 0.3650 -0.8481
vn -0.5579 0.3239 -0.7641
vn -0.7104 0.2680 -0.6507
vn -0.8357 0.1989 -0.5119
vn -0.9286 0.1189 -0.3514
vn -0.9846 0.0318 -0.1720
vn -0.9991 -0.0405 -0.0118
vn -0.9856 -0.1212 0.1180
vn -0.9319 -0.2195 0.2887
vn -0.8396 -0.3076 0.4477
vn -0.7143 -0.3837 0.5853
vn -0.5612 -0.4458 0.6973
vn -0.3865 -0.4920 0.7801
vn -0.1970 -0.5205 0.8308
vn -0.0000 -0.8184 0.5746
vn 0.1993 -0.8023 0.5627
vn 0.3908 -0.7545 0.5273
vn 0.5670 -0.6767 0.4697
vn 0.7205 -0.5720 0.3920
vn 0.8451 -0.4442 0.2975
vn 0.9351 -0.2986 0.1911
vn 0.9855 -0.1471 0.0842
vn 0.9997 -0.0218 -0.0148
vn 0.9817 0.1180 -0.1496
vn 0.9220 0.2673 -0.2799
vn 0.8267 0.4005 -0.3951
vn 0.7006 0.5143 -0.4946
vn 0.5489 0.6059 -0.5759
vn 0.3773 0.6729 -0.6363
vn 0.1922 0.7137 -0.6735
vn -0.0000 0.7274 -0.6862
vn -0.1922 0.7137 -0.6735
vn -0.3773 0.6729 -0.6363
vn -0.5489 0.6059 -0.5759
vn -0.7006 0.5143 -0.4946
vn -0.8267 0.4005 -0.3951
vn -0.9220 0.2673 -0.2799
vn -0.9817 0.1180 -0.1496
vn -0.9997 -0.0218 -0.0148
vn -0.9855 -0.1471 0.0842
vn -0.9351 -0.2986 0.1911
vn -0.8451 -0.4442 0.2975
vn -0.7205 -0.5720 0.3920
vn -0.5670 -0.6767 0.4697
vn -0.3908 -0.7545 0.5273
vn -0.1993 -0.8023 0.5627
vn -0.0000 -0.9540 0.2998
vn 0.2003 -0.9348 0.2932
vn 0.3925 -0.8781 0.2737
vn 0.5687 -0.7861 0.2421
vn 0.7216 -0.6628 0.2000
vn 0.8445 -0.5142 0.1498
vn 0.9321 -0.3495 0.0953
vn 0.9824 -0.1821 0.0403
vn 0.9996 -0.0188 -0.0212
vn 0.9824 0.1590 -0.0984
vn 0.9243 0.3394 -0.1746
vn 0.8294 0.5036 -0.2420
vn 0.7031 0.6449 -0.2997
vn 0.5509 0.7592 -0.3466
vn 0.3787 0.8434 -0.3812
vn 0.1929 0.8948 -0.4025
vn -0.0000 0.9122 -0.4097
vn -0.1929 0.8948 -0.4025
vn -0.3787 0.8434 -0.3812
vn -0.5509 0.7592 -0.3466
vn -0.7031 0.6449 -0.2997
vn -0.8294 0.5036 -0.2420
vn -0.9243 0.3394 -0.1746
vn -0.9824 0.1590 -0.0984
vn -0.9996 -0.0188 -0.0212
vn -0.9824 -0.1821 0.0403
vn -0.9321 -0.3495 0.0953
vn -0.8445 -0.5142 0.1498
vn -0.7216 -0.6628 0.2000
vn -0.5687 -0.7861 0.2421
vn -0.3925 -0.8781 0.2737
vn -0.2003 -0.9348 0.2932
vn -0.0000 -0.9941 0.1088
vn 0.1969 -0.9746 0.1065
vn 0.3861 -0.9171 0.0996
vn 0.5594 -0.8242 0.0883
vn 0.7099 -0.7005 0.0726
vn 0.8319 -0.5524 0.0527
vn 0.9218 -0.3867 0.0283
vn 0.9779 -0.2092 -0.0019
vn 0.9990 -0.0217 -0.0387
vn 0.9819 0.1719 -0.0791
vn 0.9252 0.3606 -0.1185
vn 0.8314 0.5337 -0.1544
vn 0.7056 0.6838 -0.1857
vn 0.5533 0.8058 -0.2113
vn 0.3806 0.8956 -0.2303
vn 0.1940 0.9507 -0.2420
vn -0.0000 0.9693 -0.2460
vn -0.1940 0.9507 -0.2420
vn -0.3806 0.8956 -0.2303
vn -0.5533 0.8058 -0.2113
vn -0.7056 0.6838 -0.1857
vn -0.8314 0.5337 -0.1544
vn -0.9252 0.3606 -0.1185
vn -0.9819 0.1719 -0.0791
vn -0.9990 -0.0217 -0.0387
vn -0.9779 -0.2092 -0.0019
vn -0.9218 -0.3867 0.0283
vn -0.8319 -0.5524 0.0527
vn -0.7099 -0.7005 0.0726
vn -0.5594 -0.8242 0.0883
vn -0.3861 -0.9171 0.0996
vn -0.1969 -0.9746 0.1065
vn -0.0000 -0.9987 -0.0501
vn 0.1855 -0.9813 -0.0506
vn 0.3655 -0.9294 -0.0523
vn 0.5335 -0.8440 -0.0551
vn 0.6837 -0.7274 -0.0594
vn 0.8101 -0.5827 -0.0654
vn 0.9073 -0.4141 -0.0733
vn 0.9703 -0.2276 -0.0825
vn 0.9953 -0.0307 -0.0914
vn 0.9811 0.1675 -0.0971
vn 0.9288 0.3577 -0.0971
vn 0.8413 0.5329 -0.0904
vn 0.7218 0.6876 -0.0793
vn 0.5729 0.8169 -0.0675
vn 0.3985 0.9153 -0.0580
vn 0.2048 0.9774 -0.0522
vn -0.0000 0.9987 -0.0503
vn -0.2048 0.9774 -0.0522
vn -0.3985 0.9153 -0.0580
vn -0.5729 0.8169 -0.0675
vn -0.7218 0.6876 -0.0793
vn -0.8413 0.5329 -0.0904
vn -0.9288 0.3577 -0.0971
vn -0.9811 0.1675 -0.0971
vn -0.9953 -0.0307 -0.0914
vn -0.9703 -0.2276 -0.0825
vn -0.9073 -0.4141 -0.0733
vn -0.8101 -0.5827 -0.0654
vn -0.6837 -0.7274 -0.0594
vn -0.5335 -0.8440 -0.0551
vn -0.3655 -0.9294 -0.0523
vn -0.1855 -0.9813 -0.0506
vn -0.0000 -1.0000 -0.0036
vn 0.2121 -0.9772 -0.0031
vn 0.4137 -0.9104 -0.0017
vn 0.5951 -0.8037 0.0006
vn 0.7485 -0.6632 0.0040
vn 0.8681 -0.4964 0.0085
vn 0.9502 -0.3113 0.0142
vn 0.9930 -0.1160 0.0216
vn 0.9962 0.0815 0.0309
vn 0.9609 0.2736 0.0429
vn 0.8896 0.4531 0.0584
vn 0.7862 0.6130 0.0775
vn 0.6564 0.7479 0.0989
vn 0.5064 0.8540 0.1198
vn 0.3431 0.9293 0.1369
vn 0.1728 0.9738 0.1480
vn -0.0000 0.9884 0.1517
vn -0.1728 0.9738 0.1480
vn -0.3431 0.9293 0.1370
vn -0.5064 0.8540 0.1198
vn -0.6564 0.7479 0.0989
vn -0.7862 0.6130 0.0775
vn -0.8896 0.4531 0.0584
vn -0.9609 0.2736 0.0430
vn -0.9962 0.0815 0.0309
vn -0.9930 -0.1160 0.0215
vn -0.9502 -0.3113 0.0142
vn -0.8681 -0.4964 0.0085
vn -0.7485 -0.6632 0.0040
vn -0.5951 -0.8037 0.0007
vn -0.4137 -0.9104 -0.0017
vn -0.2121 -0.9772 -0.0031
vn -0.0000 -0.9971 0.0764
vn 0.2285 -0.9706 0.0761
vn 0.4424 -0.8937 0.0748
vn 0.6297 -0.7734 0.0729
vn 0.7817 -0.6196 0.0707
vn 0.8940 -0.4430 0.0679
vn 0.9651 -0.2535 0.0650
vn 0.9963 -0.0600 0.0619
vn 0.9897 0.1304 0.0588
vn 0.9485 0.3118 0.0561
vn 0.8759 0.4794 0.0535
vn 0.7756 0.6291 0.0512
vn 0.6513 0.7572 0.0494
vn 0.5070 0.8606 0.0480
vn 0.3470 0.9367 0.0470
vn 0.1763 0.9832 0.0464
vn -0.0000 0.9989 0.0463
vn -0.1763 0.9832 0.0464
vn -0.3470 0.9367 0.0470
vn -0.5070 0.8606 0.0480
vn -0.6513 0.7572 0.0494
vn -0.7756 0.6291 0.0512
vn -0.8759 0.4794 0.0535
vn -0.9485 0.3118 0.0560
vn -0.9897 0.1304 0.0588
vn -0.9963 -0.0600 0.0620
vn -0.9651 -0.2535 0.0650
vn -0.8940 -0.4430 0.0679
vn -0.7817 -0.6196 0.0707
vn -0.6297 -0.7734 0.0729
vn -0.4424 -0.8937 0.0748
vn -0.2285 -0.9706 0.0760
vn -0.0000 -0.3700 -0.9291
vn 0.1073 -0.3602 -0.9267
vn 0.2111 -0.3313 -0.9196
vn 0.3082 -0.2839 -0.9079
vn 0.3951 -0.2193 -0.8921
vn 0.4685 -0.1391 -0.8725
vn 0.5254 -0.0459 -0.8496
vn 0.5631 0.0574 -0.8244
vn 0.5797 0.1670 -0.7975
vn 0.5738 0.2787 -0.7701
vn 0.5449 0.3880 -0.7433
vn 0.4937 0.4901 -0.7184
vn 0.4221 0.5807 -0.6962
vn 0.3329 0.6555 -0.6779
vn 0.2299 0.7114 -0.6642
vn 0.1174 0.7458 -0.6557
vn -0.0000 0.7575 -0.6529
vn -0.1173 0.7458 -0.6557
vn -0.2299 0.7114 -0.6642
vn -0.3330 0.6555 -0.6778
vn -0.4221 0.5807 -0.6962
vn -0.4937 0.4901 -0.7184
vn -0.5448 0.3880 -0.7434
vn -0.5738 0.2787 -0.7701
vn -0.5797 0.1670 -0.7975
vn -0.5631 0.0574 -0.8244
vn -0.5255 -0.0459 -0.8496
vn -0.4685 -0.1391 -0.8724
vn -0.3950 -0.2193 -0.8921
vn -0.3082 -0.2839 -0.9080
vn -0.2112 -0.3313 -0.9196
vn -0.1073 -0.3602 -0.9267
vn -0.9871 0.1478 0.0611
vn -0.9417 0.3325 0.0524
vn -0.8617 0.5058 0.0415
vn -0.7494 0.6614 0.0289
vn -0.6084 0.7935 0.0151
vn -0.4430 0.8965 0.0007
vn -0.2590 0.9658 -0.0138
vn -0.0631 0.9976 -0.0274
vn 0.1368 0.9898 -0.0396
vn 0.3324 0.9418 -0.0498
vn 0.5151 0.8552 -0.0574
vn 0.6770 0.7333 -0.0622
vn 0.8120 0.5801 -0.0639
vn 0.9117 0.4061 -0.0627
vn 0.9749 0.2148 -0.0593
vn 0.9984 0.0154 -0.0537
vn 0.9819 -0.1839 -0.0462
vn 0.9262 -0.3752 -0.0372
vn 0.8341 -0.5510 -0.0270
vn 0.7095 -0.7045 -0.0159
vn 0.5578 -0.8300 -0.0042
vn 0.3851 -0.9228 0.0079
vn 0.1985 -0.9799 0.0199
vn 0.0053 -0.9995 0.0316
vn -0.1871 -0.9814 0.0425
vn -0.3716 -0.9269 0.0523
vn -0.5416 -0.8384 0.0605
vn -0.6912 -0.7196 0.0668
vn -0.8151 -0.5750 0.0709
vn -0.9088 -0.4109 0.0722
vn -0.9706 -0.2299 0.0710
vn -0.9968 -0.0419 0.0674
vn -0.9766 0.1778 0.1211
vn -0.9243 0.3652 0.1111
vn -0.8371 0.5382 0.0983
vn -0.7189 0.6902 0.0832
vn -0.5749 0.8155 0.0663
vn -0.4115 0.9102 0.0475
vn -0.2352 0.9716 0.0257
vn -0.0510 0.9987 -0.0008
vn 0.1388 0.9898 -0.0321
vn 0.3292 0.9421 -0.0629
vn 0.5093 0.8561 -0.0881
vn 0.6688 0.7358 -0.1062
vn 0.8013 0.5864 -0.1182
vn 0.9004 0.4168 -0.1246
vn 0.9647 0.2314 -0.1259
vn 0.9917 0.0377 -0.1231
vn 0.9806 -0.1573 -0.1166
vn 0.9318 -0.3469 -0.1072
vn 0.8462 -0.5243 -0.0949
vn 0.7261 -0.6829 -0.0800
vn 0.5751 -0.8157 -0.0621
vn 0.3988 -0.9162 -0.0401
vn 0.2064 -0.9784 -0.0130
vn 0.0106 -0.9998 0.0182
vn -0.1801 -0.9824 0.0487
vn -0.3631 -0.9288 0.0744
vn -0.5340 -0.8401 0.0948
vn -0.6862 -0.7190 0.1102
vn -0.8128 -0.5698 0.1212
vn -0.9080 -0.3991 0.1278
vn -0.9687 -0.2116 0.1299
vn -0.9917 -0.0170 0.1275
vn -0.9296 0.1713 0.3262
vn -0.8784 0.3629 0.3110
vn -0.7922 0.5404 0.2837
vn -0.6743 0.6965 0.2454
vn -0.5292 0.8250 0.1981
vn -0.3635 0.9204 0.1444
vn -0.1865 0.9785 0.0883
vn -0.0112 0.9994 0.0335
vn 0.1579 0.9872 -0.0240
vn 0.3321 0.9390 -0.0897
vn 0.5015 0.8515 -0.1532
vn 0.6510 0.7299 -0.2083
vn 0.7739 0.5805 -0.2532
vn 0.8659 0.4094 -0.2873
vn 0.9242 0.2233 -0.3098
vn 0.9469 0.0292 -0.3201
vn 0.9335 -0.1655 -0.3181
vn 0.8844 -0.3541 -0.3040
vn 0.8014 -0.5295 -0.2782
vn 0.6872 -0.6851 -0.2415
vn 0.5457 -0.8150 -0.1950
vn 0.3813 -0.9138 -0.1396
vn 0.2013 -0.9765 -0.0768
vn 0.0208 -0.9997 -0.0108
vn -0.1516 -0.9871 0.0506
vn -0.3252 -0.9393 0.1091
vn -0.4927 -0.8543 0.1655
vn -0.6428 -0.7346 0.2171
vn -0.7675 -0.5854 0.2611
vn -0.8615 -0.4130 0.2953
vn -0.9211 -0.2244 0.3181
vn -0.9441 -0.0272 0.3286
vn -0.8499 0.1637 0.5008
vn -0.8005 0.3557 0.4824
vn -0.7189 0.5338 0.4453
vn -0.6082 0.6909 0.3908
vn -0.4726 0.8206 0.3214
vn -0.3174 0.9174 0.2400
vn -0.1497 0.9771 0.1511
vn 0.0162 0.9979 0.0633
vn 0.1625 0.9865 -0.0216
vn 0.3194 0.9397 -0.1222
vn 0.4747 0.8524 -0.2194
vn 0.6096 0.7319 -0.3046
vn 0.7194 0.5839 -0.3762
vn 0.8010 0.4140 -0.4324
vn 0.8517 0.2286 -0.4715
vn 0.8698 0.0347 -0.4922
vn 0.8547 -0.1604 -0.4937
vn 0.8070 -0.3494 -0.4760
vn 0.7286 -0.5251 -0.4399
vn 0.6221 -0.6809 -0.3866
vn 0.4913 -0.8109 -0.3179
vn 0.3404 -0.9101 -0.2361
vn 0.1739 -0.9743 -0.1432
vn 0.0037 -0.9991 -0.0421
vn -0.1461 -0.9879 0.0520
vn -0.3032 -0.9422 0.1423
vn -0.4579 -0.8583 0.2317
vn -0.5954 -0.7396 0.3138
vn -0.7088 -0.5915 0.3844
vn -0.7936 -0.4200 0.4403
vn -0.8464 -0.2319 0.4793
vn -0.8655 -0.0348 0.4998
vn -0.7261 0.1493 0.6711
vn -0.6793 0.3416 0.6496
vn -0.6050 0.5204 0.6026
vn -0.5061 0.6790 0.5318
vn -0.3861 0.8108 0.4398
vn -0.2492 0.9106 0.3298
vn -0.1001 0.9734 0.2061
vn 0.0514 0.9953 0.0819
vn 0.1787 0.9838 -0.0116
vn 0.3058 0.9439 -0.1250
vn 0.4396 0.8610 -0.2557
vn 0.5568 0.7429 -0.3717
vn 0.6519 0.5958 -0.4690
vn 0.7218 0.4259 -0.5456
vn 0.7638 0.2397 -0.5993
vn 0.7765 0.0445 -0.6286
vn 0.7591 -0.1521 -0.6329
vn 0.7124 -0.3429 -0.6124
vn 0.6380 -0.5207 -0.5674
vn 0.5389 -0.6786 -0.4992
vn 0.4188 -0.8104 -0.4096
vn 0.2821 -0.9109 -0.3011
vn 0.1339 -0.9752 -0.1762
vn -0.0100 -0.9987 -0.0492
vn -0.1305 -0.9904 0.0460
vn -0.2702 -0.9489 0.1630
vn -0.4069 -0.8666 0.2889
vn -0.5251 -0.7492 0.4038
vn -0.6205 -0.6023 0.5022
vn -0.6902 -0.4321 0.5805
vn -0.7317 -0.2451 0.6360
vn -0.7439 -0.0488 0.6666
vn -0.5083 0.1208 0.8527
vn -0.4661 0.3128 0.8276
vn -0.4050 0.4925 0.7704
vn -0.3269 0.6531 0.6831
vn -0.2342 0.7883 0.5690
vn -0.1295 0.8924 0.4323
vn -0.0144 0.9603 0.2785
vn 0.1079 0.9871 0.1185
vn 0.1964 0.9805 -0.0120
vn 0.2782 0.9449 -0.1725
vn 0.3761 0.8640 -0.3347
vn 0.4602 0.7492 -0.4764
vn 0.5269 0.6059 -0.5961
vn 0.5737 0.4398 -0.6910
vn 0.5987 0.2573 -0.7585
vn 0.6011 0.0654 -0.7965
vn 0.5806 -0.1286 -0.8040
vn 0.5383 -0.3176 -0.7806
vn 0.4755 -0.4951 -0.7272
vn 0.3943 -0.6540 -0.6456
vn 0.2979 -0.7884 -0.5383
vn 0.1897 -0.8929 -0.4084
vn 0.0735 -0.9632 -0.2586
vn -0.0417 -0.9950 -0.0913
vn -0.1094 -0.9927 0.0517
vn -0.2164 -0.9549 0.2034
vn -0.3194 -0.8761 0.3612
vn -0.4028 -0.7627 0.5061
vn -0.4662 -0.6199 0.6312
vn -0.5089 -0.4534 0.7317
vn -0.5303 -0.2698 0.8037
vn -0.5300 -0.0759 0.8446
vn -0.1331 0.0641 0.9890
vn -0.0986 0.2570 0.9614
vn -0.0606 0.4400 0.8960
vn -0.0202 0.6061 0.7951
vn 0.0209 0.7489 0.6624
vn 0.0613 0.8627 0.5019
vn 0.0999 0.9428 0.3180
vn 0.1376 0.9834 0.1185
vn 0.1678 0.9855 -0.0237
vn 0.1825 0.9620 -0.2029
vn 0.2007 0.8949 -0.3987
vn 0.2118 0.7918 -0.5729
vn 0.2147 0.6580 -0.7218
vn 0.2091 0.4989 -0.8411
vn 0.1952 0.3207 -0.9269
vn 0.1733 0.1303 -0.9762
vn 0.1443 -0.0649 -0.9874
vn 0.1092 -0.2576 -0.9600
vn 0.0695 -0.4404 -0.8951
vn 0.0266 -0.6062 -0.7949
vn -0.0178 -0.7487 -0.6627
vn -0.0620 -0.8622 -0.5028
vn -0.1042 -0.9419 -0.3192
vn -0.1398 -0.9831 -0.1184
vn -0.1534 -0.9878 0.0270
vn -0.1835 -0.9616 0.2042
vn -0.2026 -0.8941 0.3995
vn -0.2112 -0.7913 0.5738
vn -0.2110 -0.6579 0.7229
vn -0.2025 -0.4992 0.8425
vn -0.1861 -0.3213 0.9285
vn -0.1626 -0.1311 0.9779
vn 0.2968 -0.0081 0.9549
vn 0.3240 0.1867 0.9274
vn 0.3399 0.3739 0.8629
vn 0.3438 0.5465 0.7636
vn 0.3357 0.6976 0.6330
vn 0.3159 0.8213 0.4751
vn 0.2846 0.9124 0.2940
vn 0.2364 0.9662 0.1026
vn 0.1753 0.9842 -0.0251
vn 0.1376 0.9692 -0.2041
vn 0.0844 0.9138 -0.3974
vn 0.0247 0.8228 -0.5679
vn -0.0354 0.6998 -0.7135
vn -0.0928 0.5496 -0.8303
vn -0.1452 0.3779 -0.9144
vn -0.1908 0.1914 -0.9628
vn -0.2278 -0.0028 -0.9737
vn -0.2550 -0.1972 -0.9466
vn -0.2710 -0.3840 -0.8827
vn -0.2753 -0.5561 -0.7842
vn -0.2673 -0.7071 -0.6547
vn -0.2475 -0.8310 -0.4982
vn -0.2174 -0.9226 -0.3185
vn -0.1838 -0.9757 -0.1196
vn -0.1507 -0.9883 0.0235
vn -0.0851 -0.9786 0.1873
vn -0.0220 -0.9258 0.3775
vn 0.0400 -0.8352 0.5484
vn 0.1013 -0.7122 0.6946
vn 0.1597 -0.5618 0.8117
vn 0.2131 -0.3897 0.8959
vn 0.2594 -0.2027 0.9443
vn 0.6374 -0.0718 0.7672
vn 0.6577 0.1240 0.7430
vn 0.6536 0.3149 0.6882
vn 0.6251 0.4935 0.6047
vn 0.5732 0.6529 0.4951
vn 0.4992 0.7868 0.3631
vn 0.4046 0.8892 0.2135
vn 0.2959 0.9529 0.0661
vn 0.2083 0.9770 -0.0454
vn 0.1027 0.9724 -0.2094
vn -0.0153 0.9281 -0.3720
vn -0.1297 0.8468 -0.5159
vn -0.2360 0.7323 -0.6388
vn -0.3306 0.5892 -0.7373
vn -0.4102 0.4234 -0.8077
vn -0.4725 0.2413 -0.8477
vn -0.5151 0.0495 -0.8557
vn -0.5362 -0.1446 -0.8316
vn -0.5352 -0.3332 -0.7762
vn -0.5119 -0.5097 -0.6915
vn -0.4668 -0.6672 -0.5805
vn -0.4008 -0.7997 -0.4470
vn -0.3159 -0.9019 -0.2944
vn -0.2162 -0.9682 -0.1261
vn -0.1325 -0.9911 0.0126
vn -0.0251 -0.9893 0.1437
vn 0.1027 -0.9493 0.2972
vn 0.2259 -0.8703 0.4377
vn 0.3402 -0.7570 0.5579
vn 0.4419 -0.6144 0.6537
vn 0.5273 -0.4482 0.7218
vn 0.5934 -0.2650 0.7601
vn 0.8848 -0.1229 0.4494
vn 0.8994 0.0769 0.4304
vn 0.8777 0.2739 0.3931
vn 0.8207 0.4598 0.3392
vn 0.7303 0.6271 0.2709
vn 0.6106 0.7683 0.1922
vn 0.4692 0.8762 0.1104
vn 0.3256 0.9449 0.0356
vn 0.1910 0.9801 -0.0542
vn 0.0212 0.9847 -0.1728
vn -0.1517 0.9486 -0.2776
vn -0.3136 0.8752 -0.3683
vn -0.4597 0.7686 -0.4449
vn -0.5860 0.6334 -0.5054
vn -0.6886 0.4750 -0.5478
vn -0.7647 0.2996 -0.5705
vn -0.8121 0.1122 -0.5726
vn -0.8287 -0.0787 -0.5541
vn -0.8143 -0.2669 -0.5154
vn -0.7687 -0.4460 -0.4585
vn -0.6928 -0.6095 -0.3854
vn -0.5881 -0.7515 -0.2990
vn -0.4564 -0.8667 -0.2014
vn -0.3004 -0.9494 -0.0920
vn -0.1521 -0.9882 0.0189
vn -0.0016 -0.9943 0.1066
vn 0.1700 -0.9666 0.1917
vn 0.3406 -0.9002 0.2713
vn 0.4991 -0.7971 0.3398
vn 0.6379 -0.6618 0.3938
vn 0.7514 -0.4998 0.4308
vn 0.8349 -0.3176 0.4496
vn 0.9764 -0.1435 0.1611
vn 0.9873 0.0562 0.1487
vn 0.9587 0.2527 0.1305
vn 0.8927 0.4375 0.1078
vn 0.7937 0.6027 0.0823
vn 0.6683 0.7418 0.0550
vn 0.5244 0.8511 0.0252
vn 0.3663 0.9304 -0.0122
vn 0.1889 0.9800 -0.0627
vn -0.0060 0.9931 -0.1173
vn -0.2017 0.9653 -0.1656
vn -0.3867 0.8990 -0.2057
vn -0.5539 0.7980 -0.2377
vn -0.6978 0.6669 -0.2613
vn -0.8139 0.5112 -0.2760
vn -0.8984 0.3371 -0.2815
vn -0.9490 0.1491 -0.2777
vn -0.9633 -0.0435 -0.2647
vn -0.9410 -0.2350 -0.2433
vn -0.8825 -0.4188 -0.2142
vn -0.7889 -0.5880 -0.1784
vn -0.6625 -0.7365 -0.1366
vn -0.5067 -0.8575 -0.0892
vn -0.3303 -0.9432 -0.0363
vn -0.1500 -0.9886 0.0151
vn 0.0314 -0.9979 0.0567
vn 0.2167 -0.9720 0.0906
vn 0.3989 -0.9093 0.1187
vn 0.5688 -0.8103 0.1410
vn 0.7178 -0.6783 0.1568
vn 0.8389 -0.5185 0.1655
vn 0.9263 -0.3379 0.1669
vn 0.9868 -0.1618 0.0054
vn 0.9996 0.0266 0.0002
vn 0.9768 0.2140 -0.0061
vn 0.9190 0.3941 -0.0139
vn 0.8276 0.5607 -0.0240
vn 0.7051 0.7081 -0.0366
vn 0.5547 0.8304 -0.0516
vn 0.3814 0.9219 -0.0679
vn 0.1910 0.9780 -0.0836
vn -0.0080 0.9952 -0.0974
vn -0.2067 0.9724 -0.1084
vn -0.3966 0.9106 -0.1165
vn -0.5698 0.8127 -0.1217
vn -0.7196 0.6832 -0.1240
vn -0.8406 0.5275 -0.1234
vn -0.9283 0.3520 -0.1198
vn -0.9802 0.1625 -0.1134
vn -0.9940 -0.0332 -0.1042
vn -0.9691 -0.2287 -0.0927
vn -0.9056 -0.4167 -0.0794
vn -0.8051 -0.5896 -0.0646
vn -0.6710 -0.7399 -0.0487
vn -0.5090 -0.8602 -0.0323
vn -0.3287 -0.9443 -0.0160
vn -0.1331 -0.9911 -0.0018
vn 0.0636 -0.9979 0.0087
vn 0.2562 -0.9665 0.0152
vn 0.4379 -0.8988 0.0181
vn 0.6022 -0.7981 0.0182
vn 0.7434 -0.6687 0.0165
vn 0.8568 -0.5154 0.0136
vn 0.9387 -0.3446 0.0099
vn 0.9702 -0.1810 -0.1611
vn 0.9855 0.0134 -0.1690
vn 0.9625 0.2079 -0.1740
vn 0.9015 0.3953 -0.1758
vn 0.8042 0.5682 -0.1744
vn 0.6740 0.7190 -0.1697
vn 0.5162 0.8411 -0.1618
vn 0.3386 0.9288 -0.1508
vn 0.1486 0.9795 -0.1362
vn -0.0439 0.9922 -0.1167
vn -0.2309 0.9687 -0.0909
vn -0.4082 0.9110 -0.0591
vn -0.5747 0.8179 -0.0272
vn -0.7248 0.6889 -0.0033
vn -0.8478 0.5302 0.0121
vn -0.9363 0.3505 0.0220
vn -0.9870 0.1580 0.0287
vn -0.9987 -0.0397 0.0330
vn -0.9712 -0.2356 0.0349
vn -0.9059 -0.4222 0.0331
vn -0.8052 -0.5924 0.0255
vn -0.6742 -0.7385 0.0094
vn -0.5212 -0.8533 -0.0147
vn -0.3556 -0.9338 -0.0393
vn -0.1719 -0.9834 -0.0587
vn 0.0173 -0.9971 -0.0736
vn 0.2079 -0.9743 -0.0867
vn 0.3919 -0.9146 -0.0995
vn 0.5615 -0.8198 -0.1126
vn 0.7093 -0.6936 -0.1258
vn 0.8294 -0.5411 -0.1388
vn 0.9175 -0.3681 -0.1508
vn 0.9816 -0.1903 -0.0167
vn 0.9992 0.0373 -0.0169
vn 0.9650 0.2618 -0.0158
vn 0.8828 0.4695 -0.0134
vn 0.7602 0.6496 -0.0096
vn 0.6068 0.7948 -0.0045
vn 0.4320 0.9019 0.0023
vn 0.2446 0.9696 0.0115
vn 0.0517 0.9984 0.0242
vn -0.1395 0.9893 0.0433
vn -0.3221 0.9438 0.0747
vn -0.4876 0.8642 0.1239
vn -0.6293 0.7546 0.1858
vn -0.7439 0.6213 0.2464
vn -0.8306 0.4717 0.2960
vn -0.8905 0.3124 0.3306
vn -0.9253 0.1481 0.3492
vn -0.9360 -0.0184 0.3516
vn -0.9227 -0.1854 0.3379
vn -0.8845 -0.3504 0.3081
vn -0.8193 -0.5096 0.2628
vn -0.7254 -0.6572 0.2048
vn -0.6022 -0.7856 0.1418
vn -0.4514 -0.8880 0.0876
vn -0.2786 -0.9591 0.0512
vn -0.0915 -0.9954 0.0291
vn 0.1023 -0.9946 0.0148
vn 0.2962 -0.9551 0.0048
vn 0.4831 -0.8755 -0.0026
vn 0.6548 -0.7558 -0.0082
vn 0.8017 -0.5976 -0.0124
vn 0.9137 -0.4061 -0.0152
vn 0.9718 -0.2166 0.0927
vn 0.9943 0.0524 0.0931
vn 0.9448 0.3146 0.0913
vn 0.8338 0.5450 0.0881
vn 0.6797 0.7287 0.0834
vn 0.5012 0.8618 0.0782
vn 0.3128 0.9470 0.0729
vn 0.1242 0.9900 0.0675
vn -0.0588 0.9963 0.0624
vn -0.2324 0.9709 0.0575
vn -0.3941 0.9175 0.0530
vn -0.5418 0.8390 0.0492
vn -0.6734 0.7378 0.0462
vn -0.7865 0.6161 0.0441
vn -0.8783 0.4761 0.0427
vn -0.9462 0.3209 0.0419
vn -0.9871 0.1545 0.0416
vn -0.9990 -0.0174 0.0415
vn -0.9812 -0.1885 0.0417
vn -0.9349 -0.3523 0.0424
vn -0.8625 -0.5042 0.0435
vn -0.7665 -0.6407 0.0454
vn -0.6495 -0.7588 0.0481
vn -0.5139 -0.8563 0.0516
vn -0.3616 -0.9306 0.0558
vn -0.1947 -0.9790 0.0605
vn -0.0151 -0.9977 0.0656
vn 0.1742 -0.9821 0.0711
vn 0.3687 -0.9264 0.0765
vn 0.5605 -0.8241 0.0816
vn 0.7372 -0.6701 0.0864
vn 0.8810 -0.4645 0.0903
vn 0.2022 -0.0752 -0.9765
vn 0.2088 0.0267 -0.9776
vn 0.1990 0.1284 -0.9716
vn 0.1728 0.2273 -0.9584
vn 0.1304 0.3205 -0.9382
vn 0.0723 0.4054 -0.9113
vn -0.0006 0.4786 -0.8780
vn -0.0870 0.5368 -0.8392
vn -0.1842 0.5768 -0.7958
vn -0.2893 0.5954 -0.7495
vn -0.3980 0.5909 -0.7017
vn -0.5054 0.5618 -0.6549
vn -0.6063 0.5085 -0.6114
vn -0.6956 0.4331 -0.5732
vn -0.7685 0.3391 -0.5426
vn -0.8217 0.2312 -0.5209
vn -0.8531 0.1146 -0.5090
vn -0.8618 -0.0057 -0.5072
vn -0.8476 -0.1256 -0.5155
vn -0.8107 -0.2404 -0.5338
vn -0.7523 -0.3449 -0.5614
vn -0.6747 -0.4337 -0.5972
vn -0.5821 -0.5025 -0.6392
vn -0.4793 -0.5482 -0.6854
vn -0.3714 -0.5697 -0.7332
vn -0.2638 -0.5669 -0.7804
vn -0.1609 -0.5415 -0.8251
vn -0.0665 -0.4960 -0.8658
vn 0.0164 -0.4333 -0.9011
vn 0.0858 -0.3568 -0.9302
vn 0.1403 -0.2696 -0.9527
vn 0.1793 -0.1748 -0.9681
vn 0.3766 -0.9170 0.1317
vn 0.1976 -0.9689 0.1489
vn 0.0118 -0.9869 0.1609
vn -0.1743 -0.9704 0.1673
vn -0.3543 -0.9200 0.1678
vn -0.5220 -0.8373 0.1625
vn -0.6715 -0.7254 0.1514
vn -0.7976 -0.5878 0.1351
vn -0.8960 -0.4293 0.1139
vn -0.9629 -0.2549 0.0886
vn -0.9957 -0.0703 0.0600
vn -0.9925 0.1188 0.0289
vn -0.9520 0.3062 -0.0038
vn -0.8738 0.4848 -0.0369
vn -0.7595 0.6468 -0.0690
vn -0.6127 0.7841 -0.0986
vn -0.4392 0.8897 -0.1243
vn -0.2464 0.9583 -0.1450
vn -0.0426 0.9863 -0.1595
vn 0.1633 0.9723 -0.1672
vn 0.3623 0.9168 -0.1678
vn 0.5458 0.8222 -0.1612
vn 0.7059 0.6927 -0.1478
vn 0.8356 0.5341 -0.1282
vn 0.9296 0.3537 -0.1032
vn 0.9843 0.1599 -0.0741
vn 0.9984 -0.0384 -0.0424
vn 0.9726 -0.2323 -0.0094
vn 0.9100 -0.4140 0.0234
vn 0.8145 -0.5776 0.0548
vn 0.6906 -0.7184 0.0839
vn 0.5429 -0.8326 0.1098
vn 0.4109 -0.9024 0.1300
vn 0.2243 -0.9631 0.1489
vn 0.0288 -0.9864 0.1619
vn -0.1678 -0.9713 0.1686
vn -0.3583 -0.9182 0.1689
vn -0.5342 -0.8296 0.1626
vn -0.6896 -0.7085 0.1499
vn -0.8181 -0.5598 0.1316
vn -0.9147 -0.3894 0.1083
vn -0.9755 -0.2043 0.0811
vn -0.9986 -0.0125 0.0512
vn -0.9838 0.1781 0.0198
vn -0.9326 0.3608 -0.0118
vn -0.8466 0.5305 -0.0428
vn -0.7281 0.6817 -0.0725
vn -0.5809 0.8078 -0.0997
vn -0.4108 0.9034 -0.1233
vn -0.2244 0.9640 -0.1424
vn -0.0292 0.9873 -0.1562
vn 0.1674 0.9722 -0.1639
vn 0.3569 0.9193 -0.1655
vn 0.5338 0.8302 -0.1606
vn 0.6894 0.7089 -0.1490
vn 0.8180 0.5600 -0.1313
vn 0.9146 0.3895 -0.1083
vn 0.9755 0.2044 -0.0809
vn 0.9987 0.0128 -0.0503
vn 0.9840 -0.1774 -0.0179
vn 0.9330 -0.3597 0.0148
vn 0.8471 -0.5293 0.0472
vn 0.7286 -0.6805 0.0780
vn 0.5812 -0.8068 0.1060
vn 0.4264 -0.8835 0.1938
vn 0.2399 -0.9469 0.2139
vn 0.0436 -0.9732 0.2259
vn -0.1545 -0.9611 0.2289
vn -0.3473 -0.9109 0.2226
vn -0.5253 -0.8252 0.2075
vn -0.6828 -0.7070 0.1843
vn -0.8128 -0.5620 0.1534
vn -0.9103 -0.3975 0.1156
vn -0.9727 -0.2207 0.0712
vn -0.9992 -0.0340 0.0221
vn -0.9861 0.1641 -0.0255
vn -0.9308 0.3591 -0.0674
vn -0.8382 0.5351 -0.1052
vn -0.7145 0.6855 -0.1397
vn -0.5652 0.8073 -0.1700
vn -0.3955 0.8975 -0.1951
vn -0.2113 0.9538 -0.2138
vn -0.0189 0.9742 -0.2250
vn 0.1752 0.9578 -0.2277
vn 0.3631 0.9051 -0.2212
vn 0.5395 0.8166 -0.2051
vn 0.6956 0.6957 -0.1793
vn 0.8251 0.5465 -0.1434
vn 0.9217 0.3754 -0.0980
vn 0.9798 0.1941 -0.0474
vn 0.9999 0.0154 -0.0027
vn 0.9864 -0.1610 0.0328
vn 0.9394 -0.3365 0.0658
vn 0.8573 -0.5050 0.1000
vn 0.7414 -0.6574 0.1346
vn 0.5958 -0.7856 0.1667
vn 0.4108 -0.8218 0.3949
vn 0.2227 -0.8844 0.4102
vn 0.0257 -0.9121 0.4092
vn -0.1722 -0.9037 0.3920
vn -0.3636 -0.8593 0.3596
vn -0.5410 -0.7805 0.3133
vn -0.6970 -0.6703 0.2549
vn -0.8250 -0.5332 0.1873
vn -0.9193 -0.3768 0.1139
vn -0.9760 -0.2145 0.0389
vn -0.9980 -0.0502 -0.0396
vn -0.9842 0.1299 -0.1207
vn -0.9311 0.3079 -0.1956
vn -0.8418 0.4721 -0.2615
vn -0.7205 0.6170 -0.3166
vn -0.5719 0.7375 -0.3592
vn -0.4016 0.8296 -0.3880
vn -0.2160 0.8899 -0.4018
vn -0.0221 0.9162 -0.4001
vn 0.1735 0.9074 -0.3828
vn 0.3630 0.8635 -0.3501
vn 0.5392 0.7859 -0.3028
vn 0.6952 0.6768 -0.2420
vn 0.8245 0.5401 -0.1688
vn 0.9196 0.3832 -0.0867
vn 0.9741 0.2258 -0.0110
vn 0.9964 0.0675 0.0516
vn 0.9869 -0.1072 0.1202
vn 0.9387 -0.2855 0.1929
vn 0.8524 -0.4533 0.2607
vn 0.7320 -0.6022 0.3186
vn 0.5828 -0.7265 0.3640
vn 0.3882 -0.7305 0.5619
vn 0.2001 -0.7942 0.5737
vn 0.0042 -0.8264 0.5631
vn -0.1919 -0.8256 0.5305
vn -0.3807 -0.7919 0.4774
vn -0.5546 -0.7264 0.4059
vn -0.7067 -0.6316 0.3188
vn -0.8309 -0.5111 0.2200
vn -0.9210 -0.3724 0.1147
vn -0.9718 -0.2357 0.0099
vn -0.9909 -0.0865 -0.1031
vn -0.9734 0.0815 -0.2140
vn -0.9174 0.2442 -0.3142
vn -0.8260 0.3959 -0.4011
vn -0.7031 0.5317 -0.4721
vn -0.5533 0.6469 -0.5247
vn -0.3824 0.7373 -0.5569
vn -0.1967 0.7996 -0.5674
vn -0.0035 0.8314 -0.5557
vn 0.1901 0.8313 -0.5224
vn 0.3767 0.7992 -0.4684
vn 0.5493 0.7362 -0.3954
vn 0.7015 0.6439 -0.3055
vn 0.8272 0.5250 -0.2003
vn 0.9185 0.3864 -0.0836
vn 0.9663 0.2570 0.0155
vn 0.9880 0.1120 0.1063
vn 0.9760 -0.0554 0.2106
vn 0.9240 -0.2220 0.3114
vn 0.8345 -0.3785 0.4004
vn 0.7118 -0.5187 0.4736
vn 0.5610 -0.6374 0.5281
vn 0.3483 -0.5989 0.7211
vn 0.1610 -0.6649 0.7294
vn -0.0329 -0.7041 0.7093
vn -0.2258 -0.7152 0.6614
vn -0.4102 -0.6975 0.5876
vn -0.5790 -0.6512 0.4905
vn -0.7257 -0.5777 0.3736
vn -0.8442 -0.4788 0.2411
vn -0.9275 -0.3594 0.1025
vn -0.9686 -0.2484 -0.0068
vn -0.9832 -0.1280 -0.1301
vn -0.9624 0.0190 -0.2711
vn -0.9027 0.1660 -0.3969
vn -0.8078 0.3061 -0.5038
vn -0.6818 0.4341 -0.5889
vn -0.5296 0.5453 -0.6498
vn -0.3571 0.6354 -0.6846
vn -0.1711 0.7006 -0.6927
vn 0.0221 0.7389 -0.6735
vn 0.2145 0.7490 -0.6269
vn 0.3987 0.7305 -0.5545
vn 0.5675 0.6840 -0.4583
vn 0.7144 0.6113 -0.3407
vn 0.8329 0.5145 -0.2040
vn 0.9132 0.4027 -0.0625
vn 0.9545 0.2962 0.0339
vn 0.9744 0.1630 0.1551
vn 0.9553 0.0151 0.2951
vn 0.8965 -0.1313 0.4232
vn 0.8016 -0.2706 0.5331
vn 0.6750 -0.3980 0.6212
vn 0.5219 -0.5088 0.6846
vn 0.2716 -0.3759 0.8860
vn 0.0863 -0.4456 0.8911
vn -0.1024 -0.4973 0.8615
vn -0.2876 -0.5287 0.7986
vn -0.4623 -0.5384 0.7045
vn -0.6200 -0.5252 0.5830
vn -0.7547 -0.4881 0.4384
vn -0.8615 -0.4257 0.2767
vn -0.9343 -0.3395 0.1088
vn -0.9576 -0.2859 -0.0358
vn -0.9580 -0.1959 -0.2093
vn -0.9242 -0.0792 -0.3735
vn -0.8541 0.0392 -0.5186
vn -0.7512 0.1551 -0.6416
vn -0.6197 0.2644 -0.7390
vn -0.4647 0.3632 -0.8075
vn -0.2921 0.4479 -0.8450
vn -0.1092 0.5156 -0.8499
vn 0.0789 0.5642 -0.8219
vn 0.2641 0.5913 -0.7620
vn 0.4394 0.5962 -0.6719
vn 0.5981 0.5789 -0.5542
vn 0.7338 0.5402 -0.4121
vn 0.8404 0.4820 -0.2476
vn 0.9071 0.4154 -0.0682
vn 0.9328 0.3556 0.0587
vn 0.9433 0.2486 0.2198
vn 0.9115 0.1352 0.3885
vn 0.8409 0.0224 0.5407
vn 0.7365 -0.0884 0.6706
vn 0.6031 -0.1940 0.7737
vn 0.4461 -0.2910 0.8463
vn 0.1276 -0.0154 0.9917
vn -0.0544 -0.0927 0.9942
vn -0.2343 -0.1667 0.9578
vn -0.4051 -0.2343 0.8837
vn -0.5605 -0.2929 0.7746
vn -0.6943 -0.3400 0.6343
vn -0.8014 -0.3736 0.4671
vn -0.8774 -0.3917 0.2769
vn -0.9173 -0.3905 0.0781
vn -0.9211 -0.3852 -0.0573
vn -0.8975 -0.3612 -0.2529
vn -0.8365 -0.3186 -0.4458
vn -0.7424 -0.2637 -0.6159
vn -0.6194 -0.1988 -0.7594
vn -0.4726 -0.1266 -0.8721
vn -0.3075 -0.0498 -0.9502
vn -0.1304 0.0284 -0.9911
vn 0.0518 0.1053 -0.9931
vn 0.2321 0.1778 -0.9563
vn 0.4038 0.2432 -0.8819
vn 0.5600 0.2991 -0.7726
vn 0.6947 0.3436 -0.6320
vn 0.8023 0.3750 -0.4644
vn 0.8782 0.3922 -0.2739
vn 0.9152 0.3961 -0.0750
vn 0.9210 0.3851 0.0583
vn 0.8985 0.3596 0.2517
vn 0.8366 0.3206 0.4442
vn 0.7416 0.2691 0.6145
vn 0.6179 0.2073 0.7584
vn 0.4704 0.1375 0.8717
vn 0.3048 0.0623 0.9504
vn -0.0504 0.3802 0.9235
vn -0.2299 0.2950 0.9274
vn -0.4009 0.1996 0.8941
vn -0.5569 0.0974 0.8249
vn -0.6916 -0.0076 0.7222
vn -0.7999 -0.1115 0.5897
vn -0.8771 -0.2107 0.4316
vn -0.9188 -0.3032 0.2528
vn -0.9190 -0.3874 0.0729
vn -0.9004 -0.4314 -0.0557
vn -0.8505 -0.4650 -0.2459
vn -0.7596 -0.4890 -0.4288
vn -0.6393 -0.4933 -0.5899
vn -0.4950 -0.4768 -0.7264
vn -0.3324 -0.4403 -0.8340
vn -0.1575 -0.3854 -0.9092
vn 0.0229 -0.3144 -0.9490
vn 0.2021 -0.2300 -0.9520
vn 0.3726 -0.1357 -0.9180
vn 0.5283 -0.0350 -0.8483
vn 0.6630 0.0682 -0.7455
vn 0.7717 0.1698 -0.6129
vn 0.8505 0.2653 -0.4543
vn 0.8971 0.3485 -0.2717
vn 0.9097 0.4082 -0.0759
vn 0.8813 0.4707 0.0423
vn 0.8214 0.5307 0.2087
vn 0.7314 0.5571 0.3933
vn 0.6121 0.5608 0.5576
vn 0.4682 0.5438 0.6964
vn 0.3055 0.5070 0.8060
vn 0.1303 0.4518 0.8826
vn -0.2014 0.6738 0.7109
vn -0.3777 0.5832 0.7191
vn -0.5399 0.4707 0.6978
vn -0.6818 0.3408 0.6473
vn -0.7977 0.1984 0.5695
vn -0.8829 0.0489 0.4671
vn -0.9335 -0.1021 0.3436
vn -0.9467 -0.2493 0.2041
vn -0.9230 -0.3793 0.0642
vn -0.8849 -0.4622 -0.0577
vn -0.8047 -0.5530 -0.2160
vn -0.6890 -0.6250 -0.3669
vn -0.5483 -0.6691 -0.5017
vn -0.3881 -0.6847 -0.6169
vn -0.2143 -0.6720 -0.7088
vn -0.0333 -0.6322 -0.7741
vn 0.1482 -0.5670 -0.8103
vn 0.3240 -0.4779 -0.8165
vn 0.4856 -0.3696 -0.7922
vn 0.6286 -0.2456 -0.7380
vn 0.7467 -0.1102 -0.6560
vn 0.8351 0.0317 -0.5492
vn 0.8901 0.1749 -0.4208
vn 0.9092 0.3141 -0.2733
vn 0.8910 0.4405 -0.1102
vn 0.8465 0.5322 0.0117
vn 0.7691 0.6269 0.1241
vn 0.6522 0.7093 0.2676
vn 0.5082 0.7619 0.4015
vn 0.3443 0.7843 0.5162
vn 0.1667 0.7764 0.6078
vn -0.0175 0.7390 0.6735
vn -0.3171 0.8738 0.3686
vn -0.4940 0.7786 0.3868
vn -0.6507 0.6524 0.3886
vn -0.7814 0.4998 0.3736
vn -0.8806 0.3278 0.3421
vn -0.9445 0.1436 0.2954
vn -0.9709 -0.0446 0.2352
vn -0.9600 -0.2272 0.1639
vn -0.9164 -0.3915 0.0830
vn -0.8457 -0.5335 -0.0135
vn -0.7278 -0.6766 -0.1122
vn -0.5827 -0.7874 -0.2010
vn -0.4207 -0.8617 -0.2837
vn -0.2457 -0.9008 -0.3579
vn -0.0634 -0.9051 -0.4204
vn 0.1204 -0.8753 -0.4684
vn 0.2992 -0.8129 -0.4997
vn 0.4677 -0.7200 -0.5127
vn 0.6190 -0.5994 -0.5076
vn 0.7461 -0.4566 -0.4846
vn 0.8462 -0.2950 -0.4437
vn 0.9143 -0.1201 -0.3867
vn 0.9471 0.0623 -0.3147
vn 0.9421 0.2462 -0.2277
vn 0.8976 0.4233 -0.1231
vn 0.8230 0.5677 -0.0206
vn 0.7290 0.6834 0.0388
vn 0.6010 0.7937 0.0942
vn 0.4416 0.8829 0.1598
vn 0.2607 0.9384 0.2267
vn 0.0682 0.9557 0.2865
vn -0.1271 0.9337 0.3346
vn -0.3605 0.9289 0.0849
vn -0.5338 0.8393 0.1033
vn -0.6878 0.7160 0.1193
vn -0.8157 0.5635 0.1309
vn -0.9114 0.3882 0.1365
vn -0.9709 0.1977 0.1351
vn -0.9921 0.0002 0.1256
vn -0.9748 -0.1954 0.1075
vn -0.9211 -0.3809 0.0804
vn -0.8338 -0.5503 0.0437
vn -0.7122 -0.7020 0.0005
vn -0.5557 -0.8304 -0.0410
vn -0.3757 -0.9235 -0.0781
vn -0.1845 -0.9764 -0.1126
vn 0.0097 -0.9894 -0.1451
vn 0.2007 -0.9639 -0.1748
vn 0.3826 -0.9020 -0.2000
vn 0.5495 -0.8061 -0.2196
vn 0.6963 -0.6792 -0.2321
vn 0.8164 -0.5267 -0.2369
vn 0.9060 -0.3528 -0.2337
vn 0.9613 -0.1628 -0.2223
vn 0.9788 0.0333 -0.2020
vn 0.9575 0.2313 -0.1721
vn 0.8969 0.4216 -0.1331
vn 0.7997 0.5940 -0.0872
vn 0.6743 0.7372 -0.0430
vn 0.5302 0.8478 -0.0104
vn 0.3702 0.9289 0.0121
vn 0.1961 0.9801 0.0304
vn 0.0120 0.9988 0.0479
vn -0.1759 0.9822 0.0660
vn -0.4159 0.9084 -0.0423
vn -0.5778 0.8157 -0.0282
vn -0.7189 0.6949 -0.0151
vn -0.8351 0.5501 -0.0020
vn -0.9227 0.3853 0.0119
vn -0.9784 0.2048 0.0269
vn -0.9990 0.0140 0.0418
vn -0.9822 -0.1801 0.0542
vn -0.9273 -0.3691 0.0616
vn -0.8362 -0.5448 0.0623
vn -0.7123 -0.6996 0.0564
vn -0.5576 -0.8289 0.0443
vn -0.3841 -0.9229 0.0283
vn -0.1916 -0.9814 0.0107
vn 0.0096 -0.9999 -0.0076
vn 0.2100 -0.9773 -0.0261
vn 0.4005 -0.9152 -0.0451
vn 0.5729 -0.8171 -0.0646
vn 0.7210 -0.6878 -0.0843
vn 0.8400 -0.5327 -0.1034
vn 0.9260 -0.3576 -0.1208
vn 0.9765 -0.1677 -0.1354
vn 0.9889 0.0271 -0.1463
vn 0.9629 0.2223 -0.1530
vn 0.8991 0.4095 -0.1549
vn 0.7997 0.5810 -0.1515
vn 0.6685 0.7298 -0.1431
vn 0.5112 0.8495 -0.1300
vn 0.3337 0.9358 -0.1134
vn 0.1445 0.9850 -0.0948
vn -0.0486 0.9959 -0.0759
vn -0.2376 0.9696 -0.0582
vn -0.4305 0.8697 -0.2412
vn -0.6000 0.7714 -0.2121
vn -0.7458 0.6417 -0.1788
vn -0.8621 0.4858 -0.1437
vn -0.9443 0.3102 -0.1101
vn -0.9891 0.1230 -0.0804
vn -0.9963 -0.0665 -0.0550
vn -0.9679 -0.2493 -0.0313
vn -0.9081 -0.4188 -0.0039
vn -0.8176 -0.5748 0.0339
vn -0.6926 -0.7174 0.0751
vn -0.5348 -0.8384 0.1053
vn -0.3635 -0.9237 0.1210
vn -0.1777 -0.9762 0.1240
vn 0.0129 -0.9930 0.1177
vn 0.2023 -0.9737 0.1048
vn 0.3848 -0.9188 0.0873
vn 0.5554 -0.8289 0.0670
vn 0.7085 -0.7043 0.0437
vn 0.8364 -0.5479 0.0150
vn 0.9283 -0.3710 -0.0245
vn 0.9785 -0.1925 -0.0744
vn 0.9923 -0.0124 -0.1229
vn 0.9710 0.1726 -0.1652
vn 0.9125 0.3561 -0.2016
vn 0.8165 0.5285 -0.2323
vn 0.6863 0.6805 -0.2569
vn 0.5280 0.8036 -0.2747
vn 0.3469 0.8936 -0.2849
vn 0.1527 0.9458 -0.2865
vn -0.0469 0.9590 -0.2795
vn -0.2438 0.9332 -0.2641
vn -0.4707 0.8820 -0.0230
vn -0.6612 0.7500 -0.0200
vn -0.8107 0.5853 -0.0156
vn -0.9160 0.4011 -0.0095
vn -0.9781 0.2081 -0.0016
vn -0.9999 0.0142 0.0094
vn -0.9843 -0.1747 0.0253
vn -0.9341 -0.3531 0.0523
vn -0.8516 -0.5138 0.1037
vn -0.7389 -0.6478 0.1857
vn -0.6010 -0.7499 0.2765
vn -0.4471 -0.8207 0.3558
vn -0.2857 -0.8632 0.4163
vn -0.1225 -0.8812 0.4565
vn 0.0394 -0.8779 0.4773
vn 0.1988 -0.8549 0.4792
vn 0.3547 -0.8127 0.4623
vn 0.5059 -0.7500 0.4262
vn 0.6489 -0.6650 0.3698
vn 0.7777 -0.5556 0.2940
vn 0.8836 -0.4212 0.2044
vn 0.9574 -0.2635 0.1184
vn 0.9943 -0.0878 0.0603
vn 0.9949 0.0967 0.0296
vn 0.9594 0.2819 0.0121
vn 0.8871 0.4616 0.0004
vn 0.7768 0.6297 -0.0081
vn 0.6280 0.7781 -0.0145
vn 0.4423 0.8967 -0.0193
vn 0.2256 0.9740 -0.0225
vn -0.0103 0.9997 -0.0242
vn -0.2486 0.9683 -0.0244
vn -0.5459 0.8315 0.1033
vn -0.7545 0.6490 0.0971
vn -0.8926 0.4418 0.0900
vn -0.9689 0.2331 0.0827
vn -0.9965 0.0350 0.0758
vn -0.9865 -0.1483 0.0690
vn -0.9469 -0.3154 0.0625
vn -0.8828 -0.4664 0.0565
vn -0.7975 -0.6011 0.0513
vn -0.6933 -0.7191 0.0471
vn -0.5717 -0.8193 0.0440
vn -0.4343 -0.8998 0.0424
vn -0.2829 -0.9582 0.0417
vn -0.1198 -0.9919 0.0419
vn 0.0514 -0.9978 0.0422
vn 0.2232 -0.9739 0.0422
vn 0.3864 -0.9214 0.0419
vn 0.5342 -0.8443 0.0417
vn 0.6638 -0.7467 0.0422
vn 0.7737 -0.6320 0.0437
vn 0.8630 -0.5031 0.0465
vn 0.9308 -0.3619 0.0506
vn 0.9761 -0.2102 0.0558
vn 0.9969 -0.0492 0.0618
vn 0.9904 0.1203 0.0682
vn 0.9520 0.2969 0.0748
vn 0.8747 0.4777 0.0818
vn 0.7495 0.6559 0.0890
vn 0.5670 0.8181 0.0961
vn 0.3236 0.9406 0.1024
vn 0.0317 0.9938 0.1062
vn -0.2734 0.9560 0.1065
vn -0.1490 0.0660 -0.9866
vn -0.2387 0.0248 -0.9708
vn -0.3214 -0.0299 -0.9465
vn -0.3943 -0.0978 -0.9137
vn -0.4544 -0.1779 -0.8728
vn -0.4981 -0.2687 -0.8245
vn -0.5223 -0.3676 -0.7694
vn -0.5232 -0.4712 -0.7101
vn -0.4998 -0.5744 -0.6482
vn -0.4507 -0.6724 -0.5872
vn -0.3772 -0.7593 -0.5302
vn -0.2826 -0.8301 -0.4808
vn -0.1721 -0.8804 -0.4418
vn -0.0526 -0.9081 -0.4154
vn 0.0688 -0.9130 -0.4022
vn 0.1882 -0.8963 -0.4015
vn 0.3035 -0.8585 -0.4134
vn 0.4108 -0.7994 -0.4384
vn 0.5036 -0.7211 -0.4759
vn 0.5758 -0.6275 -0.5241
vn 0.6236 -0.5242 -0.5799
vn 0.6454 -0.4168 -0.6402
vn 0.6413 -0.3110 -0.7015
vn 0.6128 -0.2120 -0.7613
vn 0.5642 -0.1231 -0.8164
vn 0.4987 -0.0474 -0.8655
vn 0.4202 0.0136 -0.9073
vn 0.3323 0.0595 -0.9413
vn 0.2385 0.0901 -0.9669
vn 0.1413 0.1057 -0.9843
vn 0.0430 0.1066 -0.9934
vn -0.0544 0.0933 -0.9942
vn 0.2652 0.7684 0.5824
vn 0.1859 0.7613 0.6212
vn 0.0311 0.9533 -0.3003
vn 0.1505 0.9768 -0.1522
vn 0.6035 0.1532 0.7825
vn 0.7121 0.3085 0.6306
vn 0.7844 0.4237 0.4530
vn 0.8277 0.4940 0.2660
vn 0.7369 0.5523 0.3899
vn 0.7229 0.6250 0.2946
vn 0.5845 0.8112 0.0203
vn 0.5683 0.8146 -0.1159
vn 0.6437 0.7648 -0.0272
vn 0.6362 0.7714 -0.0109
vn 0.6518 0.7582 -0.0180
vn 0.5509 0.8342 0.0258
vn 0.5612 0.8276 0.0066
vn 0.6197 0.7848 -0.0044
vn 0.7612 0.6482 -0.0202
vn 0.7177 0.0345 0.6955
vn 0.8749 0.0969 0.4744
vn 0.9547 0.1307 0.2675
vn 0.9830 0.1533 0.1010
vn 0.9502 0.2515 0.1842
vn 0.9464 0.2374 0.2190
vn 0.9320 0.3619 0.0211
vn 0.9284 0.3715 0.0006
vn 0.9222 0.3524 0.1595
vn 0.8994 0.4123 0.1456
vn 0.9098 0.3817 0.1629
vn 0.9015 0.3496 0.2551
vn 0.8691 0.4114 0.2745
vn 0.8690 0.3859 0.3099
vn 0.9380 0.3466 -0.0010
vn 0.7455 -0.0762 0.6622
vn 0.9034 -0.0872 0.4199
vn 0.9718 -0.0951 0.2159
vn 0.9938 -0.0905 0.0644
vn 0.9941 -0.0640 0.0875
vn 0.9792 -0.0507 0.1965
vn 0.9994 -0.0206 0.0264
vn 0.9982 -0.0423 0.0424
vn 0.9684 0.0018 0.2493
vn 0.9701 0.0079 0.2425
vn 0.9701 -0.0034 0.2426
vn 0.9475 -0.0056 0.3197
vn 0.9197 0.0126 0.3924
vn 0.9027 0.0055 0.4302
vn 0.9977 0.0593 0.0341
vn 0.7215 -0.1701 0.6712
vn 0.8678 -0.2408 0.4346
vn 0.9344 -0.2727 0.2294
vn 0.9524 -0.2950 0.0762
vn 0.9192 -0.3714 0.1309
vn 0.9256 -0.3108 0.2162
vn 0.9364 -0.3492 0.0364
vn 0.9246 -0.3774 0.0507
vn 0.9101 -0.3173 0.2664
vn 0.9094 -0.3342 0.2475
vn 0.9133 -0.3256 0.2445
vn 0.8953 -0.3039 0.3258
vn 0.8592 -0.3145 0.4034
vn 0.8456 -0.3031 0.4395
vn 0.9156 -0.4015 0.0220
vn 0.6310 -0.2615 0.7304
vn 0.7389 -0.4053 0.5383
vn 0.7975 -0.4952 0.3447
vn 0.8226 -0.5428 0.1694
vn 0.7492 -0.6022 0.2757
vn 0.7488 -0.5971 0.2875
vn 0.7097 -0.7030 0.0459
vn 0.6505 -0.7589 0.0293
vn 0.6854 -0.7025 0.1917
vn 0.6498 -0.7466 0.1427
vn 0.6745 -0.7223 0.1525
vn 0.6985 -0.6641 0.2667
vn 0.6237 -0.7260 0.2896
vn 0.6366 -0.7020 0.3194
vn 0.7375 -0.6753 -0.0032
vn 0.4524 -0.3105 0.8360
vn 0.4550 -0.5081 0.7313
vn 0.4486 -0.6676 0.5942
vn 0.4403 -0.7853 0.4352
vn 0.3559 -0.7885 0.5016
vn 0.2561 -0.8741 0.4127
vn 0.1321 -0.9899 0.0522
vn 0.0044 -0.9978 -0.0668
vn 0.1636 -0.9865 -0.0056
vn 0.2088 -0.9779 -0.0130
vn 0.2611 -0.9649 -0.0293
vn 0.1011 -0.9948 0.0149
vn 0.0892 -0.9960 0.0061
vn 0.1909 -0.9816 -0.0071
vn 0.3962 -0.9179 -0.0209
vn 0.2338 -0.2549 0.9383
vn 0.0665 -0.4235 0.9034
vn -0.0864 -0.5613 0.8231
vn -0.2159 -0.6676 0.7126
vn -0.2984 -0.6699 0.6799
vn -0.5289 -0.7087 0.4669
vn -0.5959 -0.8007 0.0613
vn -0.6624 -0.7449 -0.0796
vn -0.5101 -0.8349 -0.2066
vn -0.4236 -0.8802 -0.2142
vn -0.4614 -0.8310 -0.3109
vn -0.4876 -0.8309 -0.2681
vn -0.3804 -0.9105 -0.1622
vn -0.3924 -0.8478 -0.3568
vn -0.2868 -0.8320 -0.4749
vn 0.0920 -0.1387 0.9861
vn -0.1995 -0.2127 0.9565
vn -0.4255 -0.2604 0.8667
vn -0.5876 -0.2888 0.7559
vn -0.6655 -0.2959 0.6853
vn -0.8624 -0.2788 0.4225
vn -0.9425 -0.3275 0.0659
vn -0.9472 -0.3102 -0.0813
vn -0.8924 -0.3469 -0.2885
vn -0.8458 -0.3723 -0.3822
vn -0.8296 -0.3505 -0.4347
vn -0.8426 -0.3447 -0.4137
vn -0.8101 -0.3788 -0.4475
vn -0.7379 -0.3426 -0.5815
vn -0.5770 -0.3193 -0.7518
vn 0.9759 -0.1582 -0.1506
vn 0.0401 -0.0200 0.9990
vn -0.2941 0.0046 0.9558
vn -0.5261 0.0231 0.8501
vn -0.6771 0.0358 0.7350
vn -0.7454 0.0389 0.6655
vn -0.9156 0.0597 0.3975
vn -0.9968 0.0525 0.0609
vn -0.9961 0.0233 -0.0850
vn -0.9551 0.0062 -0.2962
vn -0.9064 -0.0082 -0.4223
vn -0.8861 -0.0055 -0.4635
vn -0.8916 -0.0014 -0.4529
vn -0.8576 -0.0149 -0.5142
vn -0.7751 -0.0158 -0.6316
vn -0.6052 -0.0296 -0.7955
vn 0.0721 0.0871 0.9936
vn -0.2364 0.2013 0.9506
vn -0.4580 0.2754 0.8452
vn -0.6060 0.3204 0.7281
vn -0.6686 0.3273 0.6678
vn -0.8435 0.3578 0.4007
vn -0.9217 0.3845 0.0514
vn -0.9445 0.3146 -0.0944
vn -0.9030 0.3101 -0.2975
vn -0.8493 0.3015 -0.4333
vn -0.8310 0.2920 -0.4734
vn -0.8363 0.2947 -0.4623
vn -0.7991 0.2876 -0.5279
vn -0.7196 0.2575 -0.6449
vn -0.5553 0.2061 -0.8057
vn 0.1883 0.1746 0.9665
vn -0.0226 0.3640 0.9311
vn -0.2008 0.5062 0.8387
vn -0.3379 0.6048 0.7211
vn -0.3939 0.6172 0.6810
vn -0.6041 0.6765 0.4211
vn -0.6694 0.7420 0.0376
vn -0.7594 0.6406 -0.1136
vn -0.6959 0.6535 -0.2978
vn -0.6258 0.6644 -0.4086
vn -0.6213 0.6349 -0.4592
vn -0.6308 0.6427 -0.4348
vn -0.5855 0.6529 -0.4804
vn -0.5307 0.5828 -0.6154
vn -0.3921 0.4939 -0.7761
vn 0.4401 -0.0520 0.8965
vn 0.3898 0.2166 0.8950
vn 0.3501 0.4340 0.8301
vn 0.3057 0.6204 0.7222
vn 0.0188 0.9120 0.4098
vn -0.0899 0.9956 0.0248
vn -0.2143 0.9664 -0.1417
vn -0.0368 0.9733 -0.2265
vn 0.0958 0.9742 -0.2043
vn 0.0348 0.9692 -0.2437
vn 0.1087 0.9320 -0.3458
vn 0.1941 0.8812 -0.4311
vn -0.6901 -0.2762 0.6689
vn -0.6397 -0.3227 0.6976
vn -0.7891 -0.5840 -0.1906
vn -0.8404 -0.5383 -0.0625
vn -0.4389 0.3988 0.8051
vn -0.6398 0.3717 0.6727
vn -0.7891 0.3400 0.5116
vn -0.8878 0.3129 0.3376
vn -0.8596 0.2296 0.4564
vn -0.9140 0.1567 0.3743
vn -0.9977 -0.0297 0.0608
vn -0.9833 -0.1803 -0.0256
vn -0.9922 -0.1155 0.0461
vn -0.9904 -0.1368 0.0205
vn -0.9918 -0.1234 0.0319
vn -0.9789 -0.1733 0.1086
vn -0.9782 -0.2052 0.0318
vn -0.9890 -0.1464 0.0193
vn -0.9922 0.1240 -0.0140
vn -0.4316 0.5594 0.7076
vn -0.6002 0.6270 0.4965
vn -0.6957 0.6547 0.2956
vn -0.7432 0.6568 0.1274
vn -0.7855 0.5754 0.2279
vn -0.7709 0.5836 0.2552
vn -0.8553 0.5159 0.0479
vn -0.8920 0.4501 0.0425
vn -0.8478 0.4872 0.2095
vn -0.8747 0.4378 0.2080
vn -0.8567 0.4673 0.2183
vn -0.8280 0.4716 0.3034
vn -0.8432 0.4193 0.3363
vn -0.8242 0.4335 0.3645
vn -0.8830 0.4695 0.0023
vn -0.3670 0.6524 0.6631
vn -0.4791 0.7695 0.4223
vn -0.5296 0.8198 0.2179
vn -0.5573 0.8276 0.0669
vn -0.6059 0.7888 0.1034
vn -0.5703 0.7953 0.2057
vn -0.6095 0.7921 0.0343
vn -0.6433 0.7639 0.0515
vn -0.6052 0.7506 0.2652
vn -0.6077 0.7506 0.2594
vn -0.6025 0.7555 0.2575
vn -0.5885 0.7361 0.3343
vn -0.5686 0.7141 0.4083
vn -0.5532 0.7048 0.4442
vn -0.6909 0.7216 0.0435
vn -0.2797 0.6937 0.6637
vn -0.3398 0.8390 0.4249
vn -0.3743 0.9008 0.2200
vn -0.3782 0.9232 0.0680
vn -0.3042 0.9469 0.1045
vn -0.3300 0.9223 0.2010
vn -0.3109 0.9501 0.0244
vn -0.3492 0.9362 0.0396
vn -0.3180 0.9152 0.2477
vn -0.3080 0.9243 0.2254
vn -0.3194 0.9205 0.2250
vn -0.3281 0.8920 0.3111
vn -0.2804 0.8802 0.3828
vn -0.2817 0.8620 0.4213
vn -0.2957 0.9551 0.0175
vn -0.1491 0.6871 0.7111
vn -0.1278 0.8524 0.5071
vn -0.1160 0.9451 0.3056
vn -0.1088 0.9855 0.1301
vn 0.0017 0.9742 0.2257
vn 0.0008 0.9704 0.2414
vn 0.1199 0.9926 0.0180
vn 0.1344 0.9906 -0.0239
vn 0.1276 0.9839 0.1254
vn 0.1579 0.9846 0.0747
vn 0.1348 0.9872 0.0856
vn 0.0786 0.9740 0.2124
vn 0.1883 0.9588 0.2125
vn 0.1606 0.9546 0.2509
vn 0.0131 0.9999 -0.0059
vn 0.0126 0.5901 0.8073
vn 0.1499 0.7158 0.6821
vn 0.2598 0.8093 0.5268
vn 0.3339 0.8746 0.3515
vn 0.4098 0.8071 0.4251
vn 0.5298 0.7841 0.3231
vn 0.6907 0.7230 0.0158
vn 0.7035 0.6927 -0.1589
vn 0.5342 0.8432 -0.0606
vn 0.5100 0.8590 -0.0452
vn 0.4810 0.8727 -0.0845
vn 0.5760 0.8160 -0.0485
vn 0.6157 0.7879 -0.0105
vn 0.5318 0.8464 -0.0280
vn 0.4096 0.9117 -0.0312
vn 0.1244 0.3934 0.9109
vn 0.3566 0.3757 0.8554
vn 0.5520 0.3482 0.7576
vn 0.7058 0.3189 0.6326
vn 0.7573 0.2505 0.6032
vn 0.9204 0.1038 0.3768
vn 0.9949 0.0991 0.0212
vn 0.9852 -0.0709 -0.1561
vn 0.9457 0.1110 -0.3054
vn 0.9253 0.1927 -0.3265
vn 0.9016 0.1480 -0.4064
vn 0.9236 0.1253 -0.3624
vn 0.9244 0.2529 -0.2856
vn 0.8632 0.2000 -0.4636
vn 0.7565 0.2657 -0.5976
vn 0.1327 0.2116 0.9683
vn 0.3756 0.0387 0.9260
vn 0.5513 -0.1044 0.8277
vn 0.6696 -0.2128 0.7116
vn 0.7190 -0.2713 0.6399
vn 0.8211 -0.4318 0.3733
vn 0.8887 -0.4572 0.0351
vn 0.8121 -0.5712 -0.1196
vn 0.8031 -0.4920 -0.3360
vn 0.7888 -0.4345 -0.4348
vn 0.7631 -0.4303 -0.4822
vn 0.7681 -0.4452 -0.4602
vn 0.7640 -0.4052 -0.5021
vn 0.6823 -0.3755 -0.6273
vn 0.5399 -0.2762 -0.7951
vn -0.5446 0.8252 -0.1498
vn 0.0776 0.0962 0.9923
vn 0.2737 -0.1745 0.9458
vn 0.4025 -0.3672 0.8385
vn 0.4821 -0.4954 0.7226
vn 0.5174 -0.5536 0.6525
vn 0.6008 -0.7018 0.3827
vn 0.6488 -0.7593 0.0508
vn 0.5876 -0.8035 -0.0954
vn 0.5831 -0.7521 -0.3070
vn 0.5514 -0.7108 -0.4366
vn 0.5378 -0.6952 -0.4770
vn 0.5376 -0.7030 -0.4656
vn 0.5172 -0.6733 -0.5284
vn 0.4570 -0.6141 -0.6435
vn 0.3407 -0.4847 -0.8056
vn -0.0247 0.0509 0.9984
vn 0.0879 -0.2597 0.9617
vn 0.1685 -0.4812 0.8603
vn 0.2219 -0.6282 0.7457
vn 0.2509 -0.6842 0.6848
vn 0.3407 -0.8422 0.4178
vn 0.3631 -0.9295 0.0647
vn 0.3252 -0.9423 -0.0792
vn 0.3139 -0.9079 -0.2778
vn 0.2773 -0.8671 -0.4138
vn 0.2759 -0.8462 -0.4559
vn 0.2755 -0.8525 -0.4441
vn 0.2482 -0.8247 -0.5082
vn 0.2125 -0.7491 -0.6274
vn 0.1297 -0.6009 -0.7887
vn -0.1684 0.0817 0.9823
vn -0.1755 -0.2042 0.9631
vn -0.1724 -0.4376 0.8825
vn -0.1646 -0.6123 0.7733
vn -0.1438 -0.6659 0.7321
vn -0.0526 -0.8759 0.4797
vn -0.0613 -0.9954 0.0736
vn -0.0589 -0.9960 -0.0676
vn -0.1009 -0.9661 -0.2378
vn -0.1533 -0.9268 -0.3430
vn -0.1241 -0.9069 -0.4026
vn -0.1276 -0.9177 -0.3763
vn -0.1746 -0.8941 -0.4125
vn -0.1599 -0.8136 -0.5590
vn -0.1979 -0.6645 -0.7206
vn -0.1672 0.4155 0.8941
vn -0.3361 0.2027 0.9198
vn -0.4788 0.0267 0.8775
vn -0.5974 -0.1366 0.7902
vn -0.6441 -0.5697 0.5105
vn -0.6819 -0.7281 0.0706
vn -0.6196 -0.7828 -0.0575
vn -0.7577 -0.6413 -0.1213
vn -0.8279 -0.5530 -0.0942
vn -0.7990 -0.5865 -0.1328
vn -0.8314 -0.5099 -0.2211
vn -0.8559 -0.4308 -0.2861
vn 0.7506 -0.1672 0.6393
vn 0.7351 -0.0967 0.6710
vn 0.9719 0.0467 -0.2307
vn 0.9951 -0.0466 -0.0875
vn 0.1656 -0.5776 0.7993
vn 0.3415 -0.6691 0.6601
vn 0.4761 -0.7281 0.4931
vn 0.5652 -0.7627 0.3144
vn 0.5974 -0.6740 0.4346
vn 0.6787 -0.6468 0.3479
vn 0.8554 -0.5161 0.0435
vn 0.8980 -0.4362 -0.0582
vn 0.8700 -0.4928 0.0182
vn 0.8750 -0.4840 0.0082
vn 0.8684 -0.4957 0.0123
vn 0.9068 -0.4146 0.0758
vn 0.9103 -0.4133 0.0210
vn 0.8814 -0.4722 0.0099
vn 0.7399 -0.6725 -0.0159
vn 0.0654 -0.7053 0.7058
vn 0.1584 -0.8564 0.4914
vn 0.2141 -0.9333 0.2883
vn 0.2469 -0.9616 0.1200
vn 0.3331 -0.9181 0.2147
vn 0.3171 -0.9163 0.2448
vn 0.4350 -0.8996 0.0390
vn 0.4728 -0.8807 0.0282
vn 0.4325 -0.8806 0.1939
vn 0.4863 -0.8534 0.1879
vn 0.4549 -0.8675 0.2010
vn 0.4262 -0.8575 0.2882
vn 0.4744 -0.8214 0.3167
vn 0.4499 -0.8228 0.3474
vn 0.4562 -0.8899 0.0012
vn -0.0411 -0.7453 0.6655
vn -0.0224 -0.9052 0.4244
vn -0.0147 -0.9753 0.2202
vn -0.0019 -0.9977 0.0683
vn 0.0528 -0.9936 0.0997
vn 0.0332 -0.9781 0.2055
vn 0.0673 -0.9972 0.0333
vn 0.0856 -0.9951 0.0488
vn 0.0857 -0.9612 0.2621
vn 0.0893 -0.9625 0.2562
vn 0.0805 -0.9636 0.2548
vn 0.0786 -0.9402 0.3314
vn 0.0816 -0.9105 0.4053
vn 0.0736 -0.8941 0.4417
vn 0.1644 -0.9856 0.0406
vn -0.1367 -0.7305 0.6691
vn -0.1773 -0.8846 0.4313
vn -0.1902 -0.9553 0.2262
vn -0.2026 -0.9765 0.0731
vn -0.2821 -0.9523 0.1165
vn -0.2366 -0.9487 0.2097
vn -0.2729 -0.9616 0.0302
vn -0.2511 -0.9670 0.0441
vn -0.2422 -0.9355 0.2573
vn -0.2571 -0.9371 0.2362
vn -0.2462 -0.9404 0.2347
vn -0.2240 -0.9209 0.3189
vn -0.2505 -0.8848 0.3930
vn -0.2396 -0.8702 0.4305
vn -0.2988 -0.9541 0.0193
vn -0.2396 -0.6507 0.7206
vn -0.3583 -0.7747 0.5210
vn -0.4283 -0.8441 0.3225
vn -0.4624 -0.8745 0.1464
vn -0.5408 -0.8043 0.2462
vn -0.5371 -0.8023 0.2605
vn -0.6532 -0.7567 0.0278
vn -0.6734 -0.7393 -0.0030
vn -0.6503 -0.7444 0.1516
vn -0.6863 -0.7205 0.0992
vn -0.6645 -0.7390 0.1110
vn -0.6051 -0.7609 0.2343
vn -0.6833 -0.6885 0.2429
vn -0.6576 -0.7001 0.2782
vn -0.5824 -0.8129 -0.0048
vn -0.3143 -0.4786 0.8199
vn -0.5032 -0.5039 0.7021
vn -0.6527 -0.5173 0.5534
vn -0.7584 -0.5265 0.3841
vn -0.7780 -0.4337 0.4545
vn -0.8680 -0.3450 0.3572
vn -0.9773 -0.2103 0.0261
vn -0.9796 -0.1577 -0.1248
vn -0.9335 -0.3566 -0.0386
vn -0.9223 -0.3852 -0.0316
vn -0.9026 -0.4261 -0.0608
vn -0.9530 -0.3018 -0.0249
vn -0.9647 -0.2634 -0.0045
vn -0.9319 -0.3621 -0.0195
vn -0.8596 -0.5103 -0.0267
vn -0.2905 -0.2537 0.9226
vn -0.4736 -0.1069 0.8742
vn -0.6221 0.0278 0.7824
vn -0.7357 0.1412 0.6624
vn -0.7422 0.2251 0.6313
vn -0.7970 0.4443 0.4092
vn -0.8731 0.4866 0.0319
vn -0.7866 0.6038 -0.1291
vn -0.8589 0.4342 -0.2716
vn -0.8912 0.3508 -0.2877
vn -0.8457 0.3812 -0.3735
vn -0.8498 0.4109 -0.3301
vn -0.9227 0.3006 -0.2414
vn -0.8478 0.3145 -0.4270
vn -0.8061 0.2034 -0.5557
vn -0.1927 -0.0994 0.9762
vn -0.2961 0.1812 0.9378
vn -0.3629 0.3992 0.8420
vn -0.4025 0.5559 0.7273
vn -0.4129 0.6321 0.6558
vn -0.4088 0.8251 0.3900
vn -0.4624 0.8856 0.0441
vn -0.3694 0.9230 -0.1082
vn -0.4112 0.8523 -0.3233
vn -0.4251 0.8025 -0.4186
vn -0.4048 0.7858 -0.4675
vn -0.4004 0.8005 -0.4460
vn -0.4237 0.7648 -0.4853
vn -0.3756 0.6948 -0.6133
vn -0.3218 0.5335 -0.7822
vn -0.0316 -0.9886 -0.1473
vn -0.0813 -0.0353 0.9961
vn -0.0908 0.2989 0.9499
vn -0.0913 0.5307 0.8426
vn -0.0881 0.6815 0.7265
vn -0.0873 0.7494 0.6564
vn -0.0748 0.9193 0.3864
vn -0.0891 0.9946 0.0537
vn -0.0442 0.9945 -0.0948
vn -0.0616 0.9497 -0.3072
vn -0.0715 0.8979 -0.4344
vn -0.0683 0.8775 -0.4748
vn -0.0640 0.8836 -0.4638
vn -0.0677 0.8477 -0.5261
vn -0.0545 0.7649 -0.6419
vn -0.0384 0.5926 -0.8046
vn 0.0288 -0.0559 0.9980
vn 0.1109 0.2636 0.9582
vn 0.1666 0.4915 0.8548
vn 0.2021 0.6429 0.7389
vn 0.2071 0.7054 0.6779
vn 0.2191 0.8853 0.4102
vn 0.2486 0.9668 0.0592
vn 0.2455 0.9654 -0.0880
vn 0.2367 0.9280 -0.2877
vn 0.2431 0.8725 -0.4238
vn 0.2335 0.8540 -0.4649
vn 0.2368 0.8593 -0.4534
vn 0.2400 0.8209 -0.5182
vn 0.2237 0.7382 -0.6364
vn 0.2016 0.5687 -0.7975
vn 0.1294 -0.1624 0.9782
vn 0.2965 0.0687 0.9526
vn 0.4235 0.2620 0.8672
vn 0.5127 0.4097 0.7545
vn 0.5234 0.4659 0.7135
vn 0.5632 0.6879 0.4578
vn 0.6382 0.7677 0.0581
vn 0.5924 0.8010 -0.0864
vn 0.6104 0.7473 -0.2626
vn 0.6307 0.6824 -0.3695
vn 0.5978 0.6795 -0.4254
vn 0.6058 0.6878 -0.4000
vn 0.6277 0.6423 -0.4399
vn 0.5676 0.5825 -0.5818
vn 0.5071 0.4364 -0.7432
vn -0.0638 -0.4371 0.8971
vn 0.1970 -0.3577 0.9128
vn 0.4125 -0.2939 0.8622
vn 0.5995 -0.2276 0.7674
vn 0.8743 0.0995 0.4750
vn 0.9775 0.2050 0.0491
vn 0.9505 0.2984 -0.0869
vn 0.9812 0.1096 -0.1590
vn 0.9914 -0.0141 -0.1298
vn 0.9842 0.0406 -0.1722
vn 0.9632 -0.0364 -0.2664
vn 0.9333 -0.1196 -0.3387
vt 0.259709 0.795906
vt 0.222670 0.875239
vt 0.217633 0.869107
vt 0.269075 0.799157
vt 0.227867 0.882643
vt 0.279058 0.802574
vt 0.233183 0.891645
vt 0.289799 0.806203
vt 0.238614 0.902712
vt 0.301401 0.810143
vt 0.244156 0.916425
vt 0.313908 0.814558
vt 0.249968 0.933506
vt 0.327288 0.819662
vt 0.256658 0.954293
vt 0.341420 0.825665
vt 0.266677 0.976511
vt 0.047013 0.801480
vt 0.098263 0.906543
vt 0.087623 0.917926
vt 0.057330 0.797671
vt 0.107119 0.894994
vt 0.067412 0.794133
vt 0.114661 0.884753
vt 0.077230 0.790919
vt 0.121380 0.876216
vt 0.086789 0.788029
vt 0.127604 0.869223
vt 0.096109 0.785445
vt 0.133456 0.863534
vt 0.105225 0.783149
vt 0.139015 0.858914
vt 0.114179 0.781131
vt 0.144321 0.855164
vt 0.131622 0.777578
vt 0.149486 0.852198
vt 0.140132 0.776056
vt 0.154463 0.849893
vt 0.148606 0.774846
vt 0.159286 0.848144
vt 0.157083 0.773980
vt 0.163975 0.846867
vt 0.165587 0.773504
vt 0.168570 0.846019
vt 0.174129 0.773465
vt 0.173107 0.845578
vt 0.182699 0.773906
vt 0.177625 0.845531
vt 0.191278 0.774859
vt 0.182163 0.845874
vt 0.199841 0.776329
vt 0.186596 0.847006
vt 0.208360 0.778287
vt 0.190937 0.848552
vt 0.216822 0.780661
vt 0.195234 0.850540
vt 0.225235 0.783358
vt 0.199541 0.853016
vt 0.233640 0.786287
vt 0.203886 0.856038
vt 0.242114 0.789377
vt 0.208308 0.859672
vt 0.333681 0.785762
vt 0.250761 0.792588
vt 0.212870 0.863994
vt 0.215402 0.889046
vt 0.201185 0.899020
vt 0.201143 0.892300
vt 0.195337 0.875401
vt 0.180193 0.936982
vt 0.154270 0.872677
vt 0.133724 0.884474
vt 0.149426 0.896059
vt 0.130048 0.893643
vt 0.169491 0.852675
vt 0.167942 0.860552
vt 0.165593 0.853628
vt 0.198759 0.862190
vt 0.194091 0.871040
vt 0.192371 0.867610
vt 0.207386 0.999847
vt 0.215813 0.959960
vt 0.153610 0.859356
vt 0.156365 0.868985
vt 0.149590 0.862484
vt 0.184770 0.853391
vt 0.185291 0.861052
vt 0.182687 0.859930
vt 0.218019 0.897732
vt 0.199882 0.907346
vt 0.137581 0.877126
vt 0.148945 0.888700
vt 0.173356 0.852183
vt 0.170888 0.859538
vt 0.202085 0.865896
vt 0.121472 0.921100
vt 0.168157 0.930900
vt 0.116357 0.941301
vt 0.157631 0.856914
vt 0.158964 0.866045
vt 0.188378 0.854807
vt 0.187675 0.862735
vt 0.219937 0.908337
vt 0.196556 0.916114
vt 0.141543 0.871210
vt 0.149867 0.882254
vt 0.177211 0.852126
vt 0.173836 0.859120
vt 0.208886 0.875589
vt 0.199796 0.886091
vt 0.198109 0.880488
vt 0.205416 0.870354
vt 0.126086 0.905572
vt 0.156756 0.921201
vt 0.161648 0.855047
vt 0.161825 0.863836
vt 0.191891 0.856720
vt 0.190234 0.864883
vt 0.220689 0.921347
vt 0.190038 0.926654
vt 0.145598 0.866398
vt 0.151624 0.877121
vt 0.181047 0.852441
vt 0.176865 0.859322
vt 0.212267 0.881761
vt 0.151397 0.907570
vt 0.165085 0.862262
vt 0.195366 0.859158
vt 0.219736 0.937933
vt 0.179904 0.859361
vt 0.215524 0.759480
vt 0.223265 0.744066
vt 0.230381 0.747807
vt 0.118361 0.752354
vt 0.123023 0.779389
vt 0.206836 0.756904
vt 0.288796 0.779641
vt 0.068731 0.764759
vt 0.165998 0.749831
vt 0.177074 0.750852
vt 0.245398 0.769251
vt 0.252156 0.771311
vt 0.349280 0.788891
vt 0.356213 0.832702
vt 0.130610 0.750726
vt 0.223648 0.762095
vt 0.297937 0.781014
vt 0.081060 0.760771
vt 0.187613 0.752451
vt 0.258900 0.773225
vt 0.034025 0.779309
vt 0.142673 0.749757
vt 0.231270 0.764634
vt 0.308254 0.782363
vt 0.093501 0.757349
vt 0.197540 0.754513
vt 0.272949 0.776656
vt 0.265784 0.775014
vt 0.045009 0.774151
vt 0.154495 0.749457
vt 0.238481 0.767027
vt 0.320063 0.783830
vt 0.105962 0.754531
vt 0.280549 0.778194
vt 0.056652 0.769252
vt 0.274018 0.761575
vt 0.271068 0.744492
vt 0.277846 0.744986
vt 0.043572 0.741230
vt 0.236818 0.750880
vt 0.059242 0.732775
vt 0.242721 0.753383
vt 0.076629 0.725567
vt 0.248225 0.755435
vt 0.095125 0.720109
vt 0.279578 0.762200
vt 0.253460 0.757136
vt 0.113969 0.716653
vt 0.285546 0.762579
vt 0.258545 0.758560
vt 0.132828 0.715830
vt 0.292111 0.762637
vt 0.263592 0.759751
vt 0.150998 0.717005
vt 0.299508 0.762228
vt 0.268709 0.760734
vt 0.167788 0.719972
vt 0.308027 0.761088
vt 0.182687 0.724288
vt 0.318031 0.758773
vt 0.195454 0.729375
vt 0.330036 0.754535
vt 0.206185 0.734647
vt 0.023946 0.784552
vt 0.008784 0.767703
vt 0.215294 0.739639
vt 0.018512 0.759253
vt 0.029986 0.750274
vt 0.055579 0.685692
vt 0.042953 0.616341
vt 0.057431 0.606550
vt 0.245115 0.738266
vt 0.072937 0.677752
vt 0.091533 0.672359
vt 0.284936 0.744995
vt 0.251581 0.740557
vt 0.110738 0.669756
vt 0.292436 0.744349
vt 0.258016 0.742292
vt 0.129919 0.669686
vt 0.300419 0.742757
vt 0.264484 0.743587
vt 0.148323 0.672285
vt 0.308871 0.739782
vt 0.165324 0.677244
vt 0.317581 0.734875
vt 0.180380 0.684132
vt 0.326057 0.727594
vt 0.193129 0.692389
vt 0.333695 0.718255
vt 0.203487 0.701365
vt 0.000153 0.744671
vt 0.007401 0.732640
vt 0.211749 0.710354
vt 0.015924 0.720057
vt 0.218745 0.718695
vt 0.026737 0.707490
vt 0.225392 0.725733
vt 0.040029 0.695791
vt 0.232001 0.731164
vt 0.238587 0.735228
vt 0.108436 0.593298
vt 0.091370 0.532133
vt 0.108661 0.531253
vt 0.229005 0.689403
vt 0.073521 0.599281
vt 0.273750 0.704137
vt 0.283181 0.703863
vt 0.237468 0.694911
vt 0.090709 0.594813
vt 0.292820 0.702476
vt 0.246280 0.698936
vt 0.302582 0.699778
vt 0.255300 0.701714
vt 0.126044 0.594617
vt 0.312274 0.695521
vt 0.264463 0.703418
vt 0.142919 0.598753
vt 0.321555 0.689485
vt 0.158527 0.605436
vt 0.329950 0.681601
vt 0.172407 0.614265
vt 0.337045 0.671977
vt 0.184209 0.624725
vt 0.342927 0.660742
vt 0.193803 0.636271
vt 0.005688 0.672437
vt 0.012103 0.656980
vt 0.201456 0.648571
vt 0.020248 0.641938
vt 0.207824 0.661327
vt 0.030490 0.628276
vt 0.214036 0.672851
vt 0.221109 0.682147
vt 0.142093 0.537560
vt 0.155537 0.471973
vt 0.157031 0.544490
vt 0.299218 0.648880
vt 0.310945 0.645171
vt 0.251480 0.648446
vt 0.125776 0.533083
vt 0.322033 0.639751
vt 0.263235 0.650745
vt 0.332033 0.632587
vt 0.275176 0.651589
vt 0.340481 0.623774
vt 0.170083 0.553568
vt 0.347020 0.613587
vt 0.180853 0.564369
vt 0.351681 0.602398
vt 0.189077 0.576316
vt 0.012818 0.598415
vt 0.017860 0.585127
vt 0.194742 0.588566
vt 0.024379 0.572552
vt 0.198805 0.600403
vt 0.033489 0.560736
vt 0.203705 0.611884
vt 0.045151 0.550335
vt 0.210559 0.622566
vt 0.059023 0.541867
vt 0.219224 0.631731
vt 0.074619 0.535715
vt 0.287209 0.650981
vt 0.229206 0.639071
vt 0.240064 0.644600
vt 0.178203 0.485664
vt 0.183647 0.401653
vt 0.186048 0.494211
vt 0.336049 0.538931
vt 0.343907 0.531704
vt 0.167921 0.478175
vt 0.349409 0.523416
vt 0.352559 0.514346
vt 0.023590 0.506402
vt 0.027232 0.497310
vt 0.191322 0.503536
vt 0.033053 0.488473
vt 0.194466 0.513219
vt 0.041426 0.480523
vt 0.197863 0.522753
vt 0.052184 0.473785
vt 0.203653 0.531266
vt 0.064965 0.468496
vt 0.211841 0.538648
vt 0.079306 0.464818
vt 0.274379 0.555569
vt 0.288289 0.554939
vt 0.222077 0.544761
vt 0.094684 0.462849
vt 0.301826 0.552969
vt 0.233897 0.549515
vt 0.110549 0.462629
vt 0.314587 0.549637
vt 0.246834 0.552887
vt 0.126325 0.464091
vt 0.326141 0.544943
vt 0.260457 0.554895
vt 0.141500 0.467235
vt 0.190779 0.408616
vt 0.192211 0.286573
vt 0.193198 0.412147
vt 0.032901 0.400765
vt 0.035575 0.397362
vt 0.188378 0.405075
vt 0.040622 0.394287
vt 0.048221 0.391688
vt 0.058154 0.389650
vt 0.198115 0.415610
vt 0.070067 0.388227
vt 0.205760 0.418828
vt 0.083518 0.387451
vt 0.272928 0.426853
vt 0.288661 0.426460
vt 0.215919 0.421647
vt 0.098007 0.387328
vt 0.303868 0.425350
vt 0.228215 0.423937
vt 0.112996 0.387842
vt 0.317992 0.423550
vt 0.242171 0.425604
vt 0.127877 0.388984
vt 0.330489 0.421105
vt 0.257259 0.426585
vt 0.142137 0.390680
vt 0.340865 0.418096
vt 0.155271 0.392868
vt 0.348707 0.414634
vt 0.166824 0.395476
vt 0.353757 0.410881
vt 0.176393 0.398430
vt 0.356213 0.407021
vt 0.103454 0.293640
vt 0.126101 0.220661
vt 0.117644 0.295020
vt 0.056389 0.284113
vt 0.065671 0.286859
vt 0.196575 0.284490
vt 0.076930 0.289451
vt 0.203406 0.282403
vt 0.089699 0.291752
vt 0.264865 0.272408
vt 0.279539 0.270556
vt 0.212545 0.280329
vt 0.293900 0.268942
vt 0.223682 0.278280
vt 0.307423 0.267691
vt 0.236417 0.276265
vt 0.131656 0.295894
vt 0.319580 0.266939
vt 0.250302 0.274298
vt 0.145043 0.296190
vt 0.329862 0.266806
vt 0.157318 0.295923
vt 0.337824 0.267361
vt 0.168054 0.295148
vt 0.343161 0.268596
vt 0.176898 0.293941
vt 0.345981 0.270345
vt 0.183575 0.292390
vt 0.043105 0.276281
vt 0.045086 0.278718
vt 0.187923 0.290582
vt 0.049455 0.281357
vt 0.190092 0.288611
vt 0.161500 0.219703
vt 0.160601 0.153898
vt 0.170375 0.152012
vt 0.277124 0.161919
vt 0.218674 0.174405
vt 0.227601 0.171044
vt 0.138496 0.221637
vt 0.286334 0.162225
vt 0.237127 0.168155
vt 0.150443 0.221298
vt 0.294579 0.163558
vt 0.247036 0.165733
vt 0.301564 0.166009
vt 0.171279 0.216973
vt 0.307032 0.169572
vt 0.179455 0.213271
vt 0.310988 0.173941
vt 0.185773 0.208791
vt 0.066179 0.185302
vt 0.190085 0.203739
vt 0.069102 0.191923
vt 0.192523 0.198317
vt 0.074346 0.198464
vt 0.194564 0.192878
vt 0.081762 0.204642
vt 0.198242 0.187578
vt 0.091063 0.210178
vt 0.203680 0.182669
vt 0.101862 0.214818
vt 0.257153 0.163821
vt 0.210599 0.178271
vt 0.113705 0.218359
vt 0.267283 0.162502
vt 0.192302 0.137852
vt 0.191838 0.109489
vt 0.196681 0.105021
vt 0.264638 0.097077
vt 0.179109 0.148532
vt 0.269766 0.101174
vt 0.186491 0.143707
vt 0.274476 0.106495
vt 0.065402 0.178846
vt 0.093701 0.098071
vt 0.196464 0.131332
vt 0.094830 0.108547
vt 0.199146 0.124476
vt 0.098103 0.118665
vt 0.201214 0.117848
vt 0.103434 0.128070
vt 0.203848 0.112540
vt 0.110595 0.136415
vt 0.207095 0.108186
vt 0.119262 0.143389
vt 0.233898 0.093314
vt 0.210797 0.104594
vt 0.129043 0.148740
vt 0.239706 0.092193
vt 0.214828 0.101598
vt 0.139506 0.152296
vt 0.245983 0.091787
vt 0.219132 0.099048
vt 0.150168 0.154022
vt 0.252499 0.092378
vt 0.223713 0.096832
vt 0.258844 0.094141
vt 0.228615 0.094901
vt 0.208145 0.085748
vt 0.206994 0.081641
vt 0.208508 0.079789
vt 0.094492 0.087592
vt 0.117403 0.047172
vt 0.200097 0.100294
vt 0.116840 0.059931
vt 0.202410 0.095704
vt 0.118369 0.072106
vt 0.204273 0.091600
vt 0.121932 0.083352
vt 0.206155 0.088357
vt 0.127323 0.093336
vt 0.134247 0.101765
vt 0.221807 0.074014
vt 0.210209 0.083555
vt 0.142345 0.108406
vt 0.224918 0.071968
vt 0.212324 0.081603
vt 0.151210 0.113108
vt 0.228720 0.069999
vt 0.214493 0.079748
vt 0.160408 0.115864
vt 0.233490 0.068501
vt 0.216745 0.077894
vt 0.169484 0.116693
vt 0.239264 0.068178
vt 0.219146 0.075986
vt 0.177996 0.115726
vt 0.245492 0.069705
vt 0.185551 0.113207
vt 0.251385 0.073095
vt 0.256842 0.077741
vt 0.218745 0.068395
vt 0.215816 0.064876
vt 0.220906 0.066371
vt 0.146666 0.080443
vt 0.216950 0.070218
vt 0.209926 0.078118
vt 0.153021 0.087697
vt 0.211278 0.076547
vt 0.160223 0.093081
vt 0.212603 0.075019
vt 0.167840 0.096619
vt 0.223691 0.064128
vt 0.213948 0.073485
vt 0.175399 0.098333
vt 0.227551 0.061820
vt 0.215365 0.071888
vt 0.182494 0.098402
vt 0.233044 0.060082
vt 0.188774 0.097121
vt 0.240034 0.060088
vt 0.193990 0.094878
vt 0.247438 0.062295
vt 0.198058 0.092098
vt 0.119807 0.033894
vt 0.139143 0.022833
vt 0.201101 0.089163
vt 0.136619 0.036395
vt 0.203433 0.086329
vt 0.136270 0.049179
vt 0.205338 0.083795
vt 0.137982 0.060957
vt 0.141540 0.071461
vt 0.220835 0.056563
vt 0.207235 0.052095
vt 0.206169 0.047460
vt 0.209806 0.073438
vt 0.210756 0.072226
vt 0.171642 0.076147
vt 0.176766 0.080279
vt 0.217153 0.062732
vt 0.211682 0.070983
vt 0.182032 0.082737
vt 0.218769 0.060066
vt 0.212608 0.069683
vt 0.187068 0.083842
vt 0.191594 0.083968
vt 0.223656 0.051590
vt 0.195477 0.083432
vt 0.227937 0.043235
vt 0.198688 0.082456
vt 0.143826 0.008619
vt 0.170753 0.011930
vt 0.201288 0.081214
vt 0.165745 0.023917
vt 0.203382 0.079850
vt 0.162941 0.035204
vt 0.205083 0.078474
vt 0.161921 0.045699
vt 0.206499 0.077144
vt 0.162416 0.055188
vt 0.207717 0.075873
vt 0.164287 0.063503
vt 0.213600 0.068257
vt 0.208804 0.074645
vt 0.167440 0.070505
vt 0.214654 0.066681
vt 0.178388 0.040699
vt 0.183310 0.034991
vt 0.178394 0.040704
vt 0.186933 0.078848
vt 0.203974 0.042198
vt 0.189702 0.079169
vt 0.199888 0.036273
vt 0.192296 0.078993
vt 0.183303 0.034985
vt 0.194646 0.078418
vt 0.174983 0.046021
vt 0.196723 0.077541
vt 0.172858 0.051341
vt 0.198529 0.076451
vt 0.171913 0.056389
vt 0.200088 0.075218
vt 0.171970 0.061022
vt 0.201436 0.073892
vt 0.172869 0.065156
vt 0.206087 0.066030
vt 0.206699 0.064034
vt 0.202607 0.072493
vt 0.174455 0.068730
vt 0.207192 0.061755
vt 0.203636 0.071026
vt 0.176538 0.071734
vt 0.207518 0.059096
vt 0.204549 0.069479
vt 0.178786 0.074366
vt 0.207587 0.055929
vt 0.205363 0.067826
vt 0.181341 0.076459
vt 0.184102 0.077956
vt 0.206163 0.047461
vt 0.194872 0.057422
vt 0.193143 0.056555
vt 0.192296 0.078990
vt 0.194645 0.078415
vt 0.174989 0.046024
vt 0.196722 0.077539
vt 0.172864 0.051343
vt 0.198528 0.076449
vt 0.171919 0.056390
vt 0.200087 0.075217
vt 0.171976 0.061022
vt 0.201434 0.073890
vt 0.172874 0.065155
vt 0.206085 0.066029
vt 0.206697 0.064033
vt 0.202605 0.072492
vt 0.174459 0.068728
vt 0.207189 0.061755
vt 0.203634 0.071025
vt 0.176541 0.071732
vt 0.207514 0.059096
vt 0.204547 0.069477
vt 0.178789 0.074363
vt 0.207583 0.055929
vt 0.205361 0.067825
vt 0.181344 0.076455
vt 0.207230 0.052096
vt 0.184104 0.077952
vt 0.186934 0.078845
vt 0.203968 0.042201
vt 0.189702 0.079166
vt 0.199881 0.036278
vt 0.196116 0.058580
vt 0.196921 0.059901
vt 0.181954 0.060572
vt 0.187518 0.071265
vt 0.190972 0.056073
vt 0.188879 0.071720
vt 0.188686 0.056127
vt 0.190212 0.071925
vt 0.186315 0.056689
vt 0.191480 0.071886
vt 0.184327 0.057650
vt 0.192654 0.071614
vt 0.182879 0.058986
vt 0.193715 0.071131
vt 0.194639 0.070468
vt 0.181544 0.062290
vt 0.195424 0.069654
vt 0.181607 0.064027
vt 0.197467 0.064020
vt 0.197512 0.062676
vt 0.196078 0.068713
vt 0.182034 0.065669
vt 0.197361 0.061283
vt 0.196610 0.067669
vt 0.182784 0.067169
vt 0.197026 0.066536
vt 0.183747 0.068488
vt 0.197308 0.065314
vt 0.184902 0.069621
vt 0.186175 0.070561
vt 0.451418 0.046427
vt 0.433562 0.053990
vt 0.447296 0.037683
vt 0.371960 0.022977
vt 0.375955 0.066225
vt 0.366064 0.067459
vt 0.514742 0.089921
vt 0.532336 0.099089
vt 0.525235 0.105094
vt 0.428602 0.046570
vt 0.442021 0.029255
vt 0.517113 0.109954
vt 0.508207 0.093984
vt 0.422658 0.039867
vt 0.435524 0.021494
vt 0.508069 0.113281
vt 0.501103 0.096525
vt 0.379516 0.000153
vt 0.381398 0.022569
vt 0.415768 0.034044
vt 0.427898 0.014709
vt 0.498417 0.114841
vt 0.493718 0.097392
vt 0.369301 0.001275
vt 0.362401 0.024726
vt 0.408038 0.029249
vt 0.419341 0.009132
vt 0.488555 0.114487
vt 0.486393 0.096534
vt 0.558682 0.017096
vt 0.574968 0.032697
vt 0.567996 0.039393
vt 0.410056 0.004725
vt 0.399602 0.025723
vt 0.478895 0.112193
vt 0.479472 0.094008
vt 0.552287 0.025447
vt 0.562160 0.046345
vt 0.400138 0.001738
vt 0.390670 0.023469
vt 0.469833 0.108055
vt 0.473259 0.089976
vt 0.546520 0.034160
vt 0.557327 0.053546
vt 0.389867 0.000237
vt 0.461714 0.102289
vt 0.467970 0.084678
vt 0.541442 0.043163
vt 0.553345 0.061011
vt 0.454789 0.095221
vt 0.463677 0.078376
vt 0.537026 0.052293
vt 0.549953 0.068758
vt 0.449176 0.087266
vt 0.460264 0.071279
vt 0.533092 0.061291
vt 0.546655 0.076694
vt 0.444782 0.078867
vt 0.457413 0.063495
vt 0.529268 0.069835
vt 0.542887 0.084562
vt 0.441164 0.070353
vt 0.454642 0.055135
vt 0.525120 0.077603
vt 0.538206 0.092117
vt 0.437633 0.061976
vt 0.520321 0.084361
vt 0.520325 0.150755
vt 0.529735 0.207964
vt 0.521170 0.213017
vt 0.412620 0.075964
vt 0.510625 0.154278
vt 0.500248 0.156058
vt 0.356520 0.070284
vt 0.404368 0.071511
vt 0.489576 0.156039
vt 0.579888 0.075751
vt 0.572227 0.080805
vt 0.395356 0.068335
vt 0.479043 0.154129
vt 0.565680 0.086743
vt 0.385805 0.066543
vt 0.469078 0.150386
vt 0.560301 0.093374
vt 0.460077 0.144969
vt 0.556069 0.100513
vt 0.452358 0.138124
vt 0.552798 0.108060
vt 0.446125 0.130177
vt 0.550001 0.116059
vt 0.441413 0.121535
vt 0.546763 0.124182
vt 0.437952 0.112666
vt 0.542301 0.132080
vt 0.434845 0.103887
vt 0.536373 0.139368
vt 0.431038 0.095665
vt 0.528997 0.145695
vt 0.426082 0.088186
vt 0.419912 0.081570
vt 0.490639 0.218973
vt 0.501677 0.263919
vt 0.491155 0.264273
vt 0.421037 0.146436
vt 0.511567 0.216640
vt 0.375770 0.132460
vt 0.365902 0.134194
vt 0.413514 0.140835
vt 0.501264 0.218655
vt 0.356520 0.137460
vt 0.404949 0.136551
vt 0.581651 0.137862
vt 0.573557 0.142180
vt 0.395606 0.133685
vt 0.480116 0.217558
vt 0.566469 0.147605
vt 0.385774 0.132313
vt 0.470091 0.214432
vt 0.560553 0.154016
vt 0.460955 0.209719
vt 0.555923 0.161286
vt 0.453048 0.203609
vt 0.552585 0.169282
vt 0.446614 0.196343
vt 0.550095 0.177891
vt 0.441741 0.188156
vt 0.547072 0.186511
vt 0.438251 0.179216
vt 0.542776 0.194491
vt 0.435526 0.169897
vt 0.536993 0.201707
vt 0.432123 0.161092
vt 0.427295 0.153232
vt 0.470809 0.260302
vt 0.463778 0.310430
vt 0.461776 0.256128
vt 0.581462 0.194727
vt 0.572638 0.198165
vt 0.398606 0.191900
vt 0.480729 0.263055
vt 0.564902 0.202737
vt 0.388533 0.190836
vt 0.558480 0.208291
vt 0.378281 0.191212
vt 0.553561 0.214625
vt 0.453976 0.250724
vt 0.550228 0.221422
vt 0.447694 0.244358
vt 0.548109 0.228326
vt 0.443122 0.237378
vt 0.545825 0.235222
vt 0.440237 0.230233
vt 0.542088 0.242057
vt 0.438199 0.223098
vt 0.536669 0.248467
vt 0.435266 0.215995
vt 0.529667 0.254111
vt 0.430692 0.209207
vt 0.521298 0.258707
vt 0.424495 0.203171
vt 0.511853 0.262031
vt 0.368193 0.193034
vt 0.416896 0.198165
vt 0.358629 0.196249
vt 0.408166 0.194368
vt 0.449893 0.303416
vt 0.448580 0.361359
vt 0.445283 0.298987
vt 0.555401 0.279151
vt 0.550845 0.282964
vt 0.456131 0.307279
vt 0.547837 0.287279
vt 0.546160 0.291992
vt 0.544107 0.296680
vt 0.442368 0.294179
vt 0.540525 0.301131
vt 0.440665 0.289226
vt 0.535302 0.305170
vt 0.438307 0.284448
vt 0.528570 0.308639
vt 0.434347 0.280227
vt 0.520562 0.311416
vt 0.428795 0.276628
vt 0.511568 0.313410
vt 0.385710 0.270843
vt 0.376299 0.272327
vt 0.421832 0.273757
vt 0.501921 0.314561
vt 0.367436 0.274629
vt 0.413720 0.271699
vt 0.491968 0.314829
vt 0.576939 0.271654
vt 0.568676 0.273407
vt 0.404768 0.270514
vt 0.482052 0.314247
vt 0.561411 0.275933
vt 0.395315 0.270229
vt 0.472534 0.312772
vt 0.442801 0.358443
vt 0.447332 0.437075
vt 0.445768 0.439671
vt 0.542838 0.359548
vt 0.541114 0.360519
vt 0.445901 0.360429
vt 0.537849 0.361410
vt 0.444603 0.359422
vt 0.533016 0.362200
vt 0.526756 0.362875
vt 0.439365 0.357581
vt 0.519280 0.363423
vt 0.434281 0.356892
vt 0.510851 0.363828
vt 0.392255 0.357083
vt 0.382787 0.357863
vt 0.427711 0.356418
vt 0.501772 0.364079
vt 0.373800 0.358823
vt 0.419905 0.356191
vt 0.492381 0.364171
vt 0.571999 0.355559
vt 0.563863 0.355756
vt 0.411165 0.356229
vt 0.483027 0.364083
vt 0.556774 0.356186
vt 0.401829 0.356531
vt 0.474080 0.363832
vt 0.550998 0.356821
vt 0.465877 0.363424
vt 0.546739 0.357625
vt 0.458726 0.362868
vt 0.544098 0.358555
vt 0.452891 0.362176
vt 0.501972 0.423130
vt 0.493119 0.469867
vt 0.492907 0.423016
vt 0.526107 0.426359
vt 0.442671 0.442298
vt 0.518886 0.424845
vt 0.437988 0.444867
vt 0.510742 0.423751
vt 0.388379 0.454424
vt 0.431855 0.447290
vt 0.379319 0.454424
vt 0.424490 0.449479
vt 0.561332 0.447079
vt 0.416156 0.451355
vt 0.483900 0.423450
vt 0.554552 0.444962
vt 0.407145 0.452844
vt 0.475301 0.424386
vt 0.549101 0.442625
vt 0.397774 0.453885
vt 0.467441 0.425780
vt 0.545143 0.440152
vt 0.460613 0.427572
vt 0.542745 0.437628
vt 0.455066 0.429683
vt 0.541611 0.435143
vt 0.450990 0.432028
vt 0.539959 0.432698
vt 0.448490 0.434520
vt 0.536813 0.430363
vt 0.532150 0.428223
vt 0.469233 0.474782
vt 0.477758 0.517770
vt 0.470891 0.521205
vt 0.569215 0.448894
vt 0.556257 0.516864
vt 0.430691 0.519503
vt 0.423571 0.522706
vt 0.484676 0.470579
vt 0.550496 0.512838
vt 0.415751 0.525269
vt 0.476616 0.472236
vt 0.545910 0.508355
vt 0.407421 0.527103
vt 0.542631 0.503524
vt 0.462798 0.478121
vt 0.540725 0.498552
vt 0.457547 0.482130
vt 0.539719 0.493597
vt 0.453666 0.486653
vt 0.537960 0.488716
vt 0.451243 0.491518
vt 0.534819 0.484120
vt 0.450072 0.496565
vt 0.530277 0.479942
vt 0.448778 0.501637
vt 0.524466 0.476330
vt 0.446165 0.506667
vt 0.517587 0.473419
vt 0.442169 0.511415
vt 0.509883 0.471320
vt 0.398829 0.528088
vt 0.436948 0.515722
vt 0.501628 0.470118
vt 0.390331 0.528097
vt 0.456559 0.537419
vt 0.461926 0.555364
vt 0.459034 0.560904
vt 0.538686 0.560209
vt 0.464926 0.525762
vt 0.537424 0.554357
vt 0.460094 0.531252
vt 0.536563 0.547888
vt 0.534864 0.541314
vt 0.454349 0.543938
vt 0.531903 0.534973
vt 0.453230 0.550496
vt 0.527664 0.529143
vt 0.452232 0.556598
vt 0.522255 0.524066
vt 0.450477 0.561819
vt 0.515852 0.519943
vt 0.447990 0.566471
vt 0.508685 0.516939
vt 0.418207 0.589788
vt 0.444852 0.570758
vt 0.501013 0.515180
vt 0.410387 0.591423
vt 0.441077 0.574868
vt 0.493110 0.514723
vt 0.563039 0.520341
vt 0.547940 0.576405
vt 0.436615 0.578941
vt 0.485259 0.515586
vt 0.543865 0.571198
vt 0.431367 0.582997
vt 0.540797 0.565795
vt 0.425338 0.586762
vt 0.452794 0.582729
vt 0.456635 0.583119
vt 0.455833 0.586352
vt 0.530867 0.565573
vt 0.457311 0.566198
vt 0.528101 0.559645
vt 0.456272 0.570979
vt 0.524159 0.553980
vt 0.455281 0.575238
vt 0.519123 0.548908
vt 0.454108 0.579056
vt 0.513170 0.544693
vt 0.506510 0.541543
vt 0.438919 0.610528
vt 0.451401 0.586470
vt 0.499366 0.539626
vt 0.432212 0.615725
vt 0.449915 0.590409
vt 0.491980 0.539021
vt 0.553097 0.581388
vt 0.540146 0.600216
vt 0.448238 0.594689
vt 0.484654 0.539822
vt 0.537906 0.593729
vt 0.446221 0.599322
vt 0.477699 0.542022
vt 0.536141 0.587996
vt 0.443253 0.604620
vt 0.471420 0.545517
vt 0.534775 0.582623
vt 0.466091 0.550082
vt 0.533722 0.577187
vt 0.532593 0.571458
vt 0.533330 0.616397
vt 0.518201 0.608212
vt 0.533501 0.608206
vt 0.503361 0.552837
vt 0.449423 0.611827
vt 0.455086 0.589645
vt 0.496942 0.550891
vt 0.446183 0.620163
vt 0.454352 0.593092
vt 0.490302 0.550150
vt 0.543144 0.608004
vt 0.453596 0.596785
vt 0.483759 0.550771
vt 0.532993 0.601342
vt 0.452558 0.600934
vt 0.477627 0.552758
vt 0.532153 0.595305
vt 0.451259 0.605786
vt 0.472216 0.555930
vt 0.531085 0.589754
vt 0.467742 0.559910
vt 0.529805 0.584486
vt 0.464279 0.564253
vt 0.528254 0.579268
vt 0.461769 0.568559
vt 0.526185 0.574046
vt 0.459979 0.572588
vt 0.523330 0.568913
vt 0.458622 0.576385
vt 0.519525 0.564020
vt 0.457543 0.579842
vt 0.514819 0.559584
vt 0.509375 0.555801
vt 0.520394 0.591285
vt 0.502055 0.583621
vt 0.502515 0.580325
vt 0.461010 0.594897
vt 0.487775 0.559005
vt 0.483054 0.559481
vt 0.519722 0.602049
vt 0.461400 0.598721
vt 0.478724 0.561200
vt 0.520395 0.596438
vt 0.462173 0.603176
vt 0.475104 0.563733
vt 0.472132 0.566684
vt 0.519799 0.586465
vt 0.469531 0.569685
vt 0.518537 0.581962
vt 0.467157 0.572518
vt 0.516505 0.577781
vt 0.465117 0.575193
vt 0.513649 0.573982
vt 0.463573 0.577758
vt 0.510062 0.570568
vt 0.462478 0.580330
vt 0.506008 0.567378
vt 0.461734 0.582934
vt 0.501748 0.564312
vt 0.461248 0.585622
vt 0.497327 0.561620
vt 0.463580 0.608496
vt 0.460968 0.588460
vt 0.492640 0.559727
vt 0.466274 0.615269
vt 0.460882 0.591520
vt 0.500198 0.571681
vt 0.501524 0.574237
vt 0.500195 0.571683
vt 0.479393 0.566794
vt 0.502326 0.577156
vt 0.477796 0.567845
vt 0.501527 0.574235
vt 0.476331 0.569134
vt 0.474987 0.570637
vt 0.498476 0.569582
vt 0.473836 0.572386
vt 0.496547 0.567939
vt 0.472984 0.574363
vt 0.494561 0.566675
vt 0.472490 0.576519
vt 0.492554 0.565755
vt 0.472374 0.578798
vt 0.490539 0.565200
vt 0.480363 0.593002
vt 0.472642 0.581156
vt 0.488561 0.564973
vt 0.483591 0.595062
vt 0.473304 0.583569
vt 0.486633 0.565007
vt 0.496800 0.593377
vt 0.499198 0.590107
vt 0.474380 0.586013
vt 0.484747 0.565249
vt 0.500935 0.586927
vt 0.475904 0.588453
vt 0.482904 0.565534
vt 0.477908 0.590829
vt 0.481112 0.566029
vt 0.502511 0.580325
vt 0.491193 0.577264
vt 0.491744 0.575948
vt 0.476333 0.569136
vt 0.474989 0.570639
vt 0.498474 0.569584
vt 0.473838 0.572387
vt 0.496545 0.567941
vt 0.472986 0.574364
vt 0.494560 0.566677
vt 0.472493 0.576520
vt 0.492554 0.565757
vt 0.472377 0.578797
vt 0.490539 0.565202
vt 0.477911 0.590826
vt 0.480365 0.592999
vt 0.472645 0.581156
vt 0.488561 0.564975
vt 0.483593 0.595059
vt 0.473307 0.583568
vt 0.486633 0.565010
vt 0.496796 0.593374
vt 0.499195 0.590105
vt 0.474383 0.586011
vt 0.484747 0.565251
vt 0.500931 0.586925
vt 0.475907 0.588451
vt 0.482905 0.565537
vt 0.502051 0.583620
vt 0.481113 0.566031
vt 0.479394 0.566796
vt 0.502323 0.577157
vt 0.477797 0.567847
vt 0.490356 0.578524
vt 0.489238 0.579663
vt 0.488259 0.568785
vt 0.482683 0.569478
vt 0.492015 0.574636
vt 0.481926 0.570020
vt 0.492022 0.573385
vt 0.481279 0.570676
vt 0.491790 0.572236
vt 0.480763 0.571442
vt 0.491350 0.571215
vt 0.480401 0.572315
vt 0.490746 0.570360
vt 0.480220 0.573279
vt 0.490010 0.569673
vt 0.480241 0.574300
vt 0.489172 0.569150
vt 0.480477 0.575355
vt 0.486391 0.580494
vt 0.480933 0.576415
vt 0.487299 0.568572
vt 0.487856 0.580614
vt 0.481609 0.577446
vt 0.486325 0.568503
vt 0.482503 0.578415
vt 0.485368 0.568563
vt 0.483608 0.579281
vt 0.484432 0.568745
vt 0.484910 0.579995
vt 0.483527 0.569051
vt 0.691554 0.016719
vt 0.705206 0.040994
vt 0.699037 0.046323
vt 0.599657 0.088813
vt 0.587040 0.104939
vt 0.596467 0.082580
vt 0.655438 0.075492
vt 0.663142 0.101600
vt 0.655741 0.106374
vt 0.608107 0.064373
vt 0.604963 0.058633
vt 0.728240 0.000153
vt 0.727591 0.031506
vt 0.719889 0.001020
vt 0.672587 0.051475
vt 0.681817 0.073780
vt 0.678422 0.081177
vt 0.628604 0.080485
vt 0.615215 0.104735
vt 0.622373 0.077938
vt 0.766649 0.015195
vt 0.766136 0.041088
vt 0.759978 0.010068
vt 0.686427 0.022958
vt 0.693662 0.052479
vt 0.649097 0.079043
vt 0.647528 0.109488
vt 0.594075 0.076287
vt 0.602475 0.052575
vt 0.719617 0.033469
vt 0.711836 0.003237
vt 0.669456 0.058376
vt 0.674440 0.088525
vt 0.608970 0.100144
vt 0.616817 0.074254
vt 0.759277 0.036855
vt 0.752707 0.005783
vt 0.682130 0.029762
vt 0.689082 0.059264
vt 0.642292 0.081088
vt 0.638941 0.110794
vt 0.784772 0.032450
vt 0.783724 0.057512
vt 0.778771 0.026727
vt 0.704343 0.006676
vt 0.712105 0.036661
vt 0.665684 0.064840
vt 0.669409 0.095495
vt 0.603791 0.094745
vt 0.612049 0.069654
vt 0.744881 0.002596
vt 0.743931 0.031602
vt 0.736652 0.000685
vt 0.751833 0.033634
vt 0.678551 0.036940
vt 0.685215 0.066439
vt 0.635355 0.081550
vt 0.630440 0.110318
vt 0.778170 0.051667
vt 0.772829 0.020859
vt 0.697542 0.011229
vt 0.661022 0.070652
vt 0.735773 0.030877
vt 0.675480 0.044265
vt 0.622435 0.108219
vt 0.772392 0.046108
vt 0.757335 0.062199
vt 0.749030 0.107940
vt 0.749783 0.060180
vt 0.688053 0.103350
vt 0.683017 0.111739
vt 0.584945 0.098292
vt 0.676735 0.119680
vt 0.789353 0.063401
vt 0.785954 0.084551
vt 0.669162 0.126678
vt 0.781507 0.078893
vt 0.660437 0.132281
vt 0.741897 0.059324
vt 0.776482 0.073782
vt 0.650887 0.136181
vt 0.733868 0.059713
vt 0.770779 0.069183
vt 0.640940 0.138242
vt 0.725961 0.061342
vt 0.764376 0.065257
vt 0.631034 0.138466
vt 0.718435 0.064168
vt 0.621531 0.136986
vt 0.711492 0.068164
vt 0.612814 0.133962
vt 0.705335 0.073289
vt 0.605165 0.129696
vt 0.700109 0.079514
vt 0.598743 0.124365
vt 0.695815 0.086801
vt 0.593644 0.118281
vt 0.692081 0.094919
vt 0.589815 0.111723
vt 0.674970 0.173971
vt 0.678627 0.240907
vt 0.671752 0.247045
vt 0.785787 0.126646
vt 0.666864 0.180040
vt 0.657718 0.184616
vt 0.740299 0.107637
vt 0.779923 0.120834
vt 0.647897 0.187534
vt 0.731611 0.108584
vt 0.773156 0.116002
vt 0.637780 0.188721
vt 0.723206 0.110861
vt 0.765645 0.112206
vt 0.627716 0.188187
vt 0.715344 0.114480
vt 0.757543 0.109497
vt 0.618137 0.186046
vt 0.708283 0.119419
vt 0.609350 0.182400
vt 0.702264 0.125613
vt 0.601637 0.177446
vt 0.697475 0.132946
vt 0.595219 0.171430
vt 0.693901 0.141213
vt 0.590229 0.164631
vt 0.690842 0.149857
vt 0.586663 0.157365
vt 0.686988 0.158487
vt 0.584188 0.149931
vt 0.681731 0.166671
vt 0.581957 0.142786
vt 0.789973 0.091121
vt 0.790576 0.133299
vt 0.644921 0.257392
vt 0.653307 0.302081
vt 0.643827 0.303709
vt 0.794183 0.140498
vt 0.789976 0.204333
vt 0.663632 0.251938
vt 0.745602 0.178863
vt 0.785245 0.197492
vt 0.654572 0.255423
vt 0.736227 0.178994
vt 0.779144 0.191486
vt 0.726996 0.180533
vt 0.771877 0.186502
vt 0.635052 0.257800
vt 0.718215 0.183491
vt 0.763690 0.182677
vt 0.625322 0.256698
vt 0.710194 0.187839
vt 0.754843 0.180107
vt 0.616090 0.254129
vt 0.703237 0.193507
vt 0.607673 0.250225
vt 0.697619 0.200376
vt 0.600341 0.245159
vt 0.693532 0.208293
vt 0.594296 0.239126
vt 0.690782 0.217014
vt 0.589655 0.232321
vt 0.687980 0.225680
vt 0.586400 0.224890
vt 0.684049 0.233721
vt 0.584246 0.217166
vt 0.581957 0.209796
vt 0.624598 0.302975
vt 0.615858 0.352585
vt 0.615595 0.300713
vt 0.731400 0.239846
vt 0.721982 0.241336
vt 0.768509 0.246400
vt 0.634135 0.304004
vt 0.713159 0.244088
vt 0.759957 0.242989
vt 0.705259 0.248028
vt 0.750709 0.240709
vt 0.698600 0.253019
vt 0.607447 0.297335
vt 0.693460 0.258838
vt 0.600431 0.293000
vt 0.689998 0.265139
vt 0.594772 0.287902
vt 0.687949 0.271503
vt 0.590617 0.282271
vt 0.685809 0.277807
vt 0.587963 0.276369
vt 0.682191 0.284099
vt 0.586207 0.270360
vt 0.676935 0.289957
vt 0.583831 0.264379
vt 0.670189 0.295060
vt 0.793211 0.211746
vt 0.787153 0.262104
vt 0.662209 0.299161
vt 0.741079 0.239639
vt 0.782354 0.256128
vt 0.776065 0.250830
vt 0.601787 0.348212
vt 0.599390 0.400347
vt 0.596571 0.345298
vt 0.699974 0.323252
vt 0.694135 0.325893
vt 0.608289 0.350668
vt 0.689799 0.329115
vt 0.687056 0.332829
vt 0.685506 0.336877
vt 0.592794 0.342027
vt 0.683327 0.340855
vt 0.590482 0.338518
vt 0.679596 0.344573
vt 0.589143 0.334922
vt 0.674292 0.347850
vt 0.586997 0.331505
vt 0.667605 0.350554
vt 0.790316 0.268525
vt 0.777199 0.335014
vt 0.659813 0.352603
vt 0.733212 0.319912
vt 0.772591 0.331364
vt 0.651242 0.353959
vt 0.724054 0.319597
vt 0.766579 0.328013
vt 0.642233 0.354614
vt 0.715237 0.320055
vt 0.759364 0.325089
vt 0.633125 0.354579
vt 0.707103 0.321284
vt 0.751199 0.322705
vt 0.624233 0.353904
vt 0.742375 0.320955
vt 0.593125 0.399663
vt 0.594965 0.465536
vt 0.594051 0.468214
vt 0.682219 0.400192
vt 0.681161 0.400458
vt 0.596052 0.400173
vt 0.679224 0.400672
vt 0.594111 0.399939
vt 0.675793 0.400798
vt 0.670918 0.400855
vt 0.591293 0.399417
vt 0.664774 0.400865
vt 0.780268 0.338825
vt 0.769447 0.408826
vt 0.657602 0.400848
vt 0.724800 0.402506
vt 0.764522 0.407917
vt 0.649683 0.400817
vt 0.715911 0.401625
vt 0.758253 0.406886
vt 0.641328 0.400780
vt 0.707480 0.400916
vt 0.750858 0.405776
vt 0.632873 0.400744
vt 0.699835 0.400401
vt 0.742610 0.404636
vt 0.624638 0.400687
vt 0.693276 0.400087
vt 0.733813 0.403520
vt 0.616918 0.400629
vt 0.688057 0.399964
vt 0.609987 0.400561
vt 0.684352 0.400008
vt 0.604081 0.400472
vt 0.647896 0.454088
vt 0.640475 0.492997
vt 0.640084 0.453356
vt 0.667425 0.459388
vt 0.592499 0.470931
vt 0.661829 0.457177
vt 0.761609 0.489459
vt 0.757661 0.491243
vt 0.655238 0.455382
vt 0.714877 0.489060
vt 0.752354 0.492405
vt 0.707081 0.487065
vt 0.745930 0.492895
vt 0.699720 0.484767
vt 0.738679 0.492733
vt 0.632099 0.453244
vt 0.693018 0.482202
vt 0.730897 0.491984
vt 0.624270 0.453716
vt 0.687221 0.479412
vt 0.722869 0.490738
vt 0.616896 0.454734
vt 0.682576 0.476458
vt 0.610251 0.456241
vt 0.679294 0.473431
vt 0.604575 0.458161
vt 0.677460 0.470441
vt 0.600058 0.460412
vt 0.676591 0.467532
vt 0.596841 0.462902
vt 0.674900 0.464667
vt 0.671830 0.461919
vt 0.618959 0.495788
vt 0.628778 0.531552
vt 0.622332 0.534178
vt 0.692054 0.538036
vt 0.724208 0.546933
vt 0.718515 0.546640
vt 0.633096 0.493022
vt 0.687607 0.535321
vt 0.712790 0.545705
vt 0.625830 0.493969
vt 0.683586 0.532200
vt 0.707213 0.544285
vt 0.680143 0.528595
vt 0.612725 0.498401
vt 0.677485 0.524469
vt 0.607348 0.501700
vt 0.675808 0.519901
vt 0.603011 0.505559
vt 0.674784 0.515138
vt 0.599850 0.509838
vt 0.673023 0.510377
vt 0.597913 0.514407
vt 0.670041 0.505864
vt 0.597011 0.519103
vt 0.665854 0.501812
vt 0.596002 0.523749
vt 0.660605 0.498390
vt 0.738875 0.542839
vt 0.734649 0.545065
vt 0.654480 0.495724
vt 0.701897 0.542511
vt 0.729654 0.546441
vt 0.647690 0.493906
vt 0.696835 0.540420
vt 0.607376 0.547375
vt 0.617217 0.561198
vt 0.613262 0.566141
vt 0.679281 0.562666
vt 0.616486 0.537780
vt 0.677842 0.560259
vt 0.611444 0.542231
vt 0.676623 0.556956
vt 0.675520 0.552534
vt 0.604401 0.553020
vt 0.673752 0.547814
vt 0.602565 0.558957
vt 0.670921 0.542998
vt 0.601732 0.564971
vt 0.666917 0.538527
vt 0.601182 0.570636
vt 0.661855 0.534773
vt 0.712521 0.573776
vt 0.708595 0.575353
vt 0.655951 0.531954
vt 0.690849 0.572588
vt 0.688456 0.571054
vt 0.704555 0.576108
vt 0.649443 0.530187
vt 0.686387 0.569465
vt 0.700509 0.576055
vt 0.642576 0.529529
vt 0.684427 0.567895
vt 0.696811 0.575284
vt 0.635605 0.529999
vt 0.682591 0.566297
vt 0.693603 0.574049
vt 0.680873 0.564601
vt 0.696793 0.582755
vt 0.694405 0.592448
vt 0.690081 0.586959
vt 0.675304 0.563863
vt 0.610327 0.571474
vt 0.674161 0.561295
vt 0.608398 0.576952
vt 0.672309 0.558196
vt 0.607303 0.582441
vt 0.669280 0.554872
vt 0.606906 0.587739
vt 0.664978 0.551859
vt 0.701461 0.582048
vt 0.659607 0.549619
vt 0.684399 0.576847
vt 0.683181 0.575513
vt 0.692783 0.582332
vt 0.653508 0.548376
vt 0.682090 0.574238
vt 0.689776 0.581144
vt 0.647009 0.548164
vt 0.681118 0.572980
vt 0.687551 0.579701
vt 0.640391 0.548941
vt 0.680179 0.571717
vt 0.685820 0.578246
vt 0.633899 0.550669
vt 0.679238 0.570416
vt 0.627733 0.553317
vt 0.678275 0.569064
vt 0.622103 0.556854
vt 0.677290 0.567598
vt 0.676296 0.565921
vt 0.679403 0.573445
vt 0.676196 0.573807
vt 0.675703 0.572653
vt 0.662505 0.556180
vt 0.682005 0.576816
vt 0.681073 0.575612
vt 0.687552 0.583869
vt 0.657537 0.555313
vt 0.680218 0.574502
vt 0.685696 0.581568
vt 0.651953 0.555506
vt 0.684246 0.579716
vt 0.646035 0.556643
vt 0.678600 0.572404
vt 0.683045 0.578164
vt 0.640056 0.558514
vt 0.677787 0.571347
vt 0.634298 0.560973
vt 0.676968 0.570224
vt 0.628995 0.564045
vt 0.676117 0.569031
vt 0.624329 0.567818
vt 0.675210 0.567736
vt 0.620417 0.572239
vt 0.674198 0.566270
vt 0.617410 0.577056
vt 0.673011 0.564530
vt 0.615296 0.582059
vt 0.671543 0.562470
vt 0.613994 0.587087
vt 0.669512 0.560219
vt 0.613390 0.592040
vt 0.666544 0.557959
vt 0.673924 0.569766
vt 0.668465 0.569222
vt 0.667989 0.568434
vt 0.677546 0.582523
vt 0.677518 0.580177
vt 0.654661 0.562312
vt 0.675164 0.571607
vt 0.677334 0.578200
vt 0.650981 0.563912
vt 0.674576 0.570647
vt 0.677022 0.576541
vt 0.647026 0.566116
vt 0.642862 0.568535
vt 0.673156 0.568961
vt 0.638722 0.571007
vt 0.672215 0.568231
vt 0.634978 0.573867
vt 0.671105 0.567518
vt 0.631968 0.577365
vt 0.669888 0.566682
vt 0.629836 0.581436
vt 0.668631 0.565657
vt 0.628562 0.585942
vt 0.667301 0.564480
vt 0.628017 0.590409
vt 0.665716 0.563264
vt 0.676483 0.588626
vt 0.663671 0.562190
vt 0.676637 0.575091
vt 0.677284 0.585326
vt 0.661107 0.561498
vt 0.658059 0.561512
vt 0.666079 0.566865
vt 0.666745 0.567274
vt 0.666079 0.566865
vt 0.656196 0.567310
vt 0.667401 0.567782
vt 0.654892 0.568123
vt 0.666746 0.567273
vt 0.653479 0.569277
vt 0.652183 0.570904
vt 0.665421 0.566498
vt 0.651228 0.572991
vt 0.664726 0.566180
vt 0.650753 0.575372
vt 0.663959 0.565950
vt 0.650639 0.578211
vt 0.663129 0.565823
vt 0.674578 0.591822
vt 0.662811 0.580795
vt 0.662254 0.565786
vt 0.668596 0.574629
vt 0.668914 0.573385
vt 0.664611 0.579786
vt 0.661337 0.565819
vt 0.669042 0.572215
vt 0.666103 0.578572
vt 0.660395 0.565856
vt 0.669001 0.571126
vt 0.667250 0.577261
vt 0.659415 0.565985
vt 0.668806 0.570125
vt 0.668058 0.575934
vt 0.658394 0.566255
vt 0.657335 0.566697
vt 0.667988 0.568434
vt 0.664782 0.569047
vt 0.664699 0.568625
vt 0.653481 0.569278
vt 0.652185 0.570906
vt 0.665421 0.566499
vt 0.651231 0.572992
vt 0.664726 0.566181
vt 0.650756 0.575372
vt 0.663958 0.565951
vt 0.650642 0.578211
vt 0.663129 0.565824
vt 0.660623 0.581575
vt 0.662810 0.580792
vt 0.662254 0.565787
vt 0.668595 0.574629
vt 0.668912 0.573385
vt 0.664610 0.579784
vt 0.661337 0.565821
vt 0.669040 0.572215
vt 0.666102 0.578570
vt 0.660395 0.565857
vt 0.669000 0.571126
vt 0.667248 0.577260
vt 0.659415 0.565986
vt 0.668805 0.570125
vt 0.668056 0.575933
vt 0.658394 0.566256
vt 0.668464 0.569222
vt 0.657336 0.566698
vt 0.656196 0.567312
vt 0.667401 0.567783
vt 0.654893 0.568125
vt 0.664782 0.569514
vt 0.664694 0.570016
vt 0.663713 0.567472
vt 0.659478 0.568236
vt 0.664541 0.568255
vt 0.659204 0.568707
vt 0.664317 0.567939
vt 0.659020 0.569291
vt 0.664039 0.567680
vt 0.658958 0.569989
vt 0.659057 0.570766
vt 0.663342 0.567310
vt 0.659350 0.571615
vt 0.662933 0.567191
vt 0.659865 0.572488
vt 0.662490 0.567117
vt 0.660559 0.572835
vt 0.662030 0.567094
vt 0.663852 0.571596
vt 0.664232 0.571073
vt 0.661346 0.572936
vt 0.661572 0.567122
vt 0.664511 0.570541
vt 0.662103 0.572811
vt 0.661105 0.567209
vt 0.662785 0.572511
vt 0.660644 0.567359
vt 0.663370 0.572086
vt 0.660211 0.567575
vt 0.659819 0.567864
vt 0.612143 0.610003
vt 0.616455 0.615753
vt 0.612143 0.615753
vt 0.646641 0.610003
vt 0.642329 0.615753
vt 0.642329 0.610003
vt 0.607831 0.610003
vt 0.607831 0.615753
vt 0.638016 0.615753
vt 0.638016 0.610003
vt 0.603518 0.610003
vt 0.603518 0.615753
vt 0.633704 0.615753
vt 0.633704 0.610003
vt 0.599206 0.610003
vt 0.599206 0.615753
vt 0.629392 0.615753
vt 0.629392 0.610003
vt 0.594894 0.610003
vt 0.594894 0.615753
vt 0.625080 0.615753
vt 0.625080 0.610003
vt 0.590582 0.610003
vt 0.590582 0.615753
vt 0.620767 0.615753
vt 0.620767 0.610003
vt 0.586269 0.610003
vt 0.586269 0.615753
vt 0.616455 0.610003
vt 0.650953 0.612878
vt 0.646641 0.615753
vt 0.581957 0.612878
vt 0.620767 0.621502
vt 0.616455 0.621502
vt 0.650953 0.618627
vt 0.646641 0.621502
vt 0.581957 0.618627
vt 0.586269 0.621502
vt 0.612143 0.621502
vt 0.642329 0.621502
vt 0.607831 0.621502
vt 0.638016 0.621502
vt 0.603518 0.621502
vt 0.633704 0.621502
vt 0.599206 0.621502
vt 0.629392 0.621502
vt 0.594894 0.621502
vt 0.625080 0.621502
vt 0.590582 0.621502
vt 0.603518 0.627252
vt 0.599206 0.627252
vt 0.629392 0.627252
vt 0.594894 0.627252
vt 0.625080 0.627252
vt 0.590582 0.627252
vt 0.620767 0.627252
vt 0.586269 0.627252
vt 0.616455 0.627252
vt 0.650953 0.624377
vt 0.646641 0.627252
vt 0.581957 0.624377
vt 0.612143 0.627252
vt 0.642329 0.627252
vt 0.607831 0.627252
vt 0.638016 0.627252
vt 0.633704 0.627252
vt 0.650953 0.630127
vt 0.646641 0.633002
vt 0.581957 0.630127
vt 0.586269 0.633002
vt 0.612143 0.633002
vt 0.642329 0.633002
vt 0.607831 0.633002
vt 0.638016 0.633002
vt 0.603518 0.633002
vt 0.633704 0.633002
vt 0.599206 0.633002
vt 0.629392 0.633002
vt 0.594894 0.633002
vt 0.625080 0.633002
vt 0.590582 0.633002
vt 0.620767 0.633002
vt 0.616455 0.633002
vt 0.633704 0.638751
vt 0.629392 0.638751
vt 0.594894 0.638751
vt 0.625080 0.638751
vt 0.590582 0.638751
vt 0.620767 0.638751
vt 0.586269 0.638751
vt 0.616455 0.638751
vt 0.650953 0.635876
vt 0.646641 0.638751
vt 0.581957 0.635876
vt 0.612143 0.638751
vt 0.642329 0.638751
vt 0.607831 0.638751
vt 0.638016 0.638751
vt 0.603518 0.638751
vt 0.599206 0.638751
vt 0.612143 0.644501
vt 0.646641 0.644501
vt 0.642329 0.644501
vt 0.607831 0.644501
vt 0.638016 0.644501
vt 0.603518 0.644501
vt 0.633704 0.644501
vt 0.599206 0.644501
vt 0.629392 0.644501
vt 0.594894 0.644501
vt 0.625080 0.644501
vt 0.590582 0.644501
vt 0.620767 0.644501
vt 0.586269 0.644501
vt 0.616455 0.644501
vt 0.650953 0.641626
vt 0.581957 0.641626
vt 0.594894 0.650251
vt 0.629392 0.650251
vt 0.625080 0.650251
vt 0.590582 0.650251
vt 0.620767 0.650251
vt 0.586269 0.650251
vt 0.616455 0.650251
vt 0.650953 0.647376
vt 0.646641 0.650251
vt 0.581957 0.647376
vt 0.612143 0.650251
vt 0.642329 0.650251
vt 0.607831 0.650251
vt 0.638016 0.650251
vt 0.603518 0.650251
vt 0.633704 0.650251
vt 0.599206 0.650251
vt 0.607831 0.656000
vt 0.638016 0.656000
vt 0.603518 0.656000
vt 0.633704 0.656000
vt 0.599206 0.656000
vt 0.629392 0.656000
vt 0.594894 0.656000
vt 0.625080 0.656000
vt 0.590582 0.656000
vt 0.620767 0.656000
vt 0.586269 0.656000
vt 0.616455 0.656000
vt 0.650953 0.653125
vt 0.646641 0.656000
vt 0.581957 0.653125
vt 0.612143 0.656000
vt 0.642329 0.656000
vt 0.590582 0.661750
vt 0.620767 0.661750
vt 0.586269 0.661750
vt 0.616455 0.661750
vt 0.650953 0.658875
vt 0.646641 0.661750
vt 0.581957 0.658875
vt 0.612143 0.661750
vt 0.642329 0.661750
vt 0.607831 0.661750
vt 0.638016 0.661750
vt 0.603518 0.661750
vt 0.633704 0.661750
vt 0.599206 0.661750
vt 0.629392 0.661750
vt 0.594894 0.661750
vt 0.625080 0.661750
vt 0.638016 0.592754
vt 0.642328 0.598504
vt 0.638016 0.598504
vt 0.607831 0.592754
vt 0.603518 0.598504
vt 0.603518 0.592754
vt 0.633704 0.592754
vt 0.633704 0.598504
vt 0.599206 0.598504
vt 0.599206 0.592754
vt 0.629392 0.598504
vt 0.629392 0.592754
vt 0.594894 0.598504
vt 0.594894 0.592754
vt 0.625080 0.592754
vt 0.625080 0.598504
vt 0.590582 0.598504
vt 0.590582 0.592754
vt 0.620767 0.598504
vt 0.620767 0.592754
vt 0.586269 0.598504
vt 0.586269 0.592754
vt 0.616455 0.598504
vt 0.616455 0.592754
vt 0.646641 0.592754
vt 0.650953 0.595629
vt 0.646641 0.598504
vt 0.581957 0.595629
vt 0.612143 0.598504
vt 0.612143 0.592754
vt 0.642328 0.592754
vt 0.607831 0.598504
vt 0.625080 0.604253
vt 0.620767 0.604253
vt 0.590582 0.604253
vt 0.586269 0.604253
vt 0.616455 0.604253
vt 0.650953 0.601379
vt 0.646641 0.604253
vt 0.581957 0.601379
vt 0.612143 0.604253
vt 0.642329 0.604253
vt 0.607831 0.604253
vt 0.638016 0.604253
vt 0.603518 0.604253
vt 0.633704 0.604253
vt 0.599206 0.604253
vt 0.629392 0.604253
vt 0.594894 0.604253
vt 0.650953 0.607128
vt 0.581957 0.607128
vt 0.386705 0.637718
vt 0.391018 0.643468
vt 0.386705 0.643468
vt 0.421203 0.637718
vt 0.416891 0.643468
vt 0.416891 0.637718
vt 0.382393 0.637718
vt 0.382393 0.643468
vt 0.412579 0.643468
vt 0.412579 0.637718
vt 0.378081 0.637718
vt 0.378081 0.643468
vt 0.408267 0.643468
vt 0.408267 0.637718
vt 0.373769 0.637718
vt 0.373769 0.643468
vt 0.403954 0.643468
vt 0.403954 0.637718
vt 0.369456 0.637718
vt 0.369456 0.643468
vt 0.399642 0.643468
vt 0.399642 0.637718
vt 0.365144 0.637718
vt 0.365144 0.643468
vt 0.395330 0.643468
vt 0.395330 0.637718
vt 0.360832 0.637718
vt 0.360832 0.643468
vt 0.391018 0.637718
vt 0.425516 0.640593
vt 0.421203 0.643468
vt 0.356520 0.640593
vt 0.391018 0.649217
vt 0.425516 0.646343
vt 0.421203 0.649217
vt 0.356520 0.646343
vt 0.360832 0.649217
vt 0.386705 0.649217
vt 0.416891 0.649217
vt 0.382393 0.649217
vt 0.412579 0.649217
vt 0.378081 0.649217
vt 0.408267 0.649217
vt 0.373769 0.649217
vt 0.403954 0.649217
vt 0.369456 0.649217
vt 0.399642 0.649217
vt 0.365144 0.649217
vt 0.395330 0.649217
vt 0.378081 0.654967
vt 0.373769 0.654967
vt 0.403954 0.654967
vt 0.369456 0.654967
vt 0.399642 0.654967
vt 0.365144 0.654967
vt 0.395330 0.654967
vt 0.360832 0.654967
vt 0.391018 0.654967
vt 0.425516 0.652092
vt 0.421203 0.654967
vt 0.356520 0.652092
vt 0.386705 0.654967
vt 0.416891 0.654967
vt 0.382393 0.654967
vt 0.412579 0.654967
vt 0.408267 0.654967
vt 0.425516 0.657842
vt 0.421203 0.660717
vt 0.356520 0.657842
vt 0.360832 0.660717
vt 0.386705 0.660717
vt 0.416891 0.660717
vt 0.382393 0.660717
vt 0.412579 0.660717
vt 0.378081 0.660717
vt 0.408267 0.660717
vt 0.373769 0.660717
vt 0.403954 0.660717
vt 0.369456 0.660717
vt 0.399642 0.660717
vt 0.365144 0.660717
vt 0.395330 0.660717
vt 0.391018 0.660717
vt 0.408267 0.666466
vt 0.403954 0.666466
vt 0.369456 0.666466
vt 0.399642 0.666466
vt 0.365144 0.666466
vt 0.395330 0.666466
vt 0.360832 0.666466
vt 0.391018 0.666466
vt 0.425516 0.663592
vt 0.421203 0.666466
vt 0.356520 0.663592
vt 0.386705 0.666466
vt 0.416891 0.666466
vt 0.382393 0.666466
vt 0.412579 0.666466
vt 0.378081 0.666466
vt 0.373769 0.666466
vt 0.386705 0.672216
vt 0.421203 0.672216
vt 0.416891 0.672216
vt 0.382393 0.672216
vt 0.412579 0.672216
vt 0.378081 0.672216
vt 0.408267 0.672216
vt 0.373769 0.672216
vt 0.403954 0.672216
vt 0.369456 0.672216
vt 0.399642 0.672216
vt 0.365144 0.672216
vt 0.395330 0.672216
vt 0.360832 0.672216
vt 0.391018 0.672216
vt 0.425516 0.669341
vt 0.356520 0.669341
vt 0.369456 0.677966
vt 0.403954 0.677966
vt 0.399642 0.677966
vt 0.365144 0.677966
vt 0.395330 0.677966
vt 0.360832 0.677966
vt 0.391018 0.677966
vt 0.425516 0.675091
vt 0.421203 0.677966
vt 0.356520 0.675091
vt 0.386705 0.677966
vt 0.416891 0.677966
vt 0.382393 0.677966
vt 0.412579 0.677966
vt 0.378081 0.677966
vt 0.408267 0.677966
vt 0.373769 0.677966
vt 0.382393 0.683715
vt 0.412579 0.683715
vt 0.378081 0.683715
vt 0.408267 0.683715
vt 0.373769 0.683715
vt 0.403954 0.683715
vt 0.369456 0.683715
vt 0.399642 0.683715
vt 0.365144 0.683715
vt 0.395330 0.683715
vt 0.360832 0.683715
vt 0.391018 0.683715
vt 0.425516 0.680841
vt 0.421203 0.683715
vt 0.356520 0.680841
vt 0.386705 0.683715
vt 0.416891 0.683715
vt 0.365144 0.689465
vt 0.395330 0.689465
vt 0.360832 0.689465
vt 0.391018 0.689465
vt 0.425516 0.686590
vt 0.421203 0.689465
vt 0.356520 0.686590
vt 0.386705 0.689465
vt 0.416891 0.689465
vt 0.382393 0.689465
vt 0.412579 0.689465
vt 0.378081 0.689465
vt 0.408267 0.689465
vt 0.373769 0.689465
vt 0.403954 0.689465
vt 0.369456 0.689465
vt 0.399642 0.689465
vt 0.412579 0.620469
vt 0.416891 0.626219
vt 0.412579 0.626219
vt 0.378081 0.620469
vt 0.382393 0.626219
vt 0.378081 0.626219
vt 0.408267 0.620469
vt 0.408267 0.626219
vt 0.373769 0.620469
vt 0.373769 0.626219
vt 0.403954 0.620469
vt 0.403954 0.626219
vt 0.369456 0.620469
vt 0.369456 0.626219
vt 0.399642 0.620469
vt 0.399642 0.626219
vt 0.365144 0.620469
vt 0.365144 0.626219
vt 0.395330 0.620469
vt 0.395330 0.626219
vt 0.360832 0.620469
vt 0.360832 0.626219
vt 0.391018 0.620469
vt 0.391018 0.626219
vt 0.421203 0.620469
vt 0.425516 0.623344
vt 0.421203 0.626219
vt 0.356520 0.623344
vt 0.386705 0.620469
vt 0.386705 0.626219
vt 0.416891 0.620469
vt 0.382393 0.620469
vt 0.399642 0.631968
vt 0.395330 0.631968
vt 0.365144 0.631968
vt 0.360832 0.631968
vt 0.391018 0.631968
vt 0.425516 0.629094
vt 0.421203 0.631968
vt 0.356520 0.629094
vt 0.386705 0.631968
vt 0.416891 0.631968
vt 0.382393 0.631968
vt 0.412579 0.631968
vt 0.378081 0.631968
vt 0.408267 0.631968
vt 0.373769 0.631968
vt 0.403954 0.631968
vt 0.369456 0.631968
vt 0.425516 0.634843
vt 0.356520 0.634843
vt 0.456008 0.637718
vt 0.460320 0.643468
vt 0.456008 0.643468
vt 0.490506 0.637718
vt 0.486193 0.643468
vt 0.486193 0.637718
vt 0.451695 0.637718
vt 0.451695 0.643468
vt 0.481881 0.643468
vt 0.481881 0.637718
vt 0.447383 0.637718
vt 0.447383 0.643468
vt 0.477569 0.643468
vt 0.477569 0.637718
vt 0.443071 0.637718
vt 0.443071 0.643468
vt 0.473257 0.643468
vt 0.473257 0.637718
vt 0.438759 0.637718
vt 0.438759 0.643468
vt 0.468944 0.643468
vt 0.468944 0.637718
vt 0.434446 0.637718
vt 0.434446 0.643468
vt 0.464632 0.643468
vt 0.464632 0.637718
vt 0.430134 0.637718
vt 0.430134 0.643468
vt 0.460320 0.637718
vt 0.494818 0.640593
vt 0.490506 0.643468
vt 0.425822 0.640593
vt 0.464632 0.649217
vt 0.460320 0.649217
vt 0.494818 0.646343
vt 0.490506 0.649217
vt 0.425822 0.646343
vt 0.430134 0.649217
vt 0.456008 0.649217
vt 0.486193 0.649217
vt 0.451695 0.649217
vt 0.481881 0.649217
vt 0.447383 0.649217
vt 0.477569 0.649217
vt 0.443071 0.649217
vt 0.473257 0.649217
vt 0.438759 0.649217
vt 0.468944 0.649217
vt 0.434446 0.649217
vt 0.447383 0.654967
vt 0.443071 0.654967
vt 0.473257 0.654967
vt 0.438759 0.654967
vt 0.468944 0.654967
vt 0.434446 0.654967
vt 0.464632 0.654967
vt 0.430134 0.654967
vt 0.460320 0.654967
vt 0.494818 0.652092
vt 0.490506 0.654967
vt 0.425822 0.652092
vt 0.456008 0.654967
vt 0.486193 0.654967
vt 0.451695 0.654967
vt 0.481881 0.654967
vt 0.477569 0.654967
vt 0.494818 0.657842
vt 0.490506 0.660717
vt 0.425822 0.657842
vt 0.430134 0.660717
vt 0.456008 0.660717
vt 0.486193 0.660717
vt 0.451695 0.660717
vt 0.481881 0.660717
vt 0.447383 0.660717
vt 0.477569 0.660717
vt 0.443071 0.660717
vt 0.473257 0.660717
vt 0.438759 0.660717
vt 0.468944 0.660717
vt 0.434446 0.660717
vt 0.464632 0.660717
vt 0.460320 0.660717
vt 0.477569 0.666466
vt 0.473257 0.666466
vt 0.438759 0.666466
vt 0.468944 0.666466
vt 0.434446 0.666466
vt 0.464632 0.666466
vt 0.430134 0.666466
vt 0.460320 0.666466
vt 0.494818 0.663592
vt 0.490506 0.666466
vt 0.425822 0.663592
vt 0.456008 0.666466
vt 0.486193 0.666466
vt 0.451695 0.666466
vt 0.481881 0.666466
vt 0.447383 0.666466
vt 0.443071 0.666466
vt 0.456008 0.672216
vt 0.490506 0.672216
vt 0.486193 0.672216
vt 0.451695 0.672216
vt 0.481881 0.672216
vt 0.447383 0.672216
vt 0.477569 0.672216
vt 0.443071 0.672216
vt 0.473257 0.672216
vt 0.438759 0.672216
vt 0.468944 0.672216
vt 0.434446 0.672216
vt 0.464632 0.672216
vt 0.430134 0.672216
vt 0.460320 0.672216
vt 0.494818 0.669341
vt 0.425822 0.669341
vt 0.438759 0.677966
vt 0.473257 0.677966
vt 0.468944 0.677966
vt 0.434446 0.677966
vt 0.464632 0.677966
vt 0.430134 0.677966
vt 0.460320 0.677966
vt 0.494818 0.675091
vt 0.490506 0.677966
vt 0.425822 0.675091
vt 0.456008 0.677966
vt 0.486193 0.677966
vt 0.451695 0.677966
vt 0.481881 0.677966
vt 0.447383 0.677966
vt 0.477569 0.677966
vt 0.443071 0.677966
vt 0.451695 0.683715
vt 0.481881 0.683715
vt 0.447383 0.683715
vt 0.477569 0.683715
vt 0.443071 0.683715
vt 0.473257 0.683715
vt 0.438759 0.683715
vt 0.468944 0.683715
vt 0.434446 0.683715
vt 0.464632 0.683715
vt 0.430134 0.683715
vt 0.460320 0.683715
vt 0.494818 0.680841
vt 0.490506 0.683715
vt 0.425822 0.680841
vt 0.456008 0.683715
vt 0.486193 0.683715
vt 0.434446 0.689465
vt 0.464632 0.689465
vt 0.430134 0.689465
vt 0.460320 0.689465
vt 0.494818 0.686590
vt 0.490506 0.689465
vt 0.425822 0.686590
vt 0.456008 0.689465
vt 0.486193 0.689465
vt 0.451695 0.689465
vt 0.481881 0.689465
vt 0.447383 0.689465
vt 0.477569 0.689465
vt 0.443071 0.689465
vt 0.473257 0.689465
vt 0.438759 0.689465
vt 0.468944 0.689465
vt 0.481881 0.620469
vt 0.486193 0.626219
vt 0.481881 0.626219
vt 0.447383 0.620469
vt 0.451695 0.626219
vt 0.447383 0.626219
vt 0.477569 0.620469
vt 0.477569 0.626219
vt 0.443071 0.620469
vt 0.443071 0.626219
vt 0.473257 0.620469
vt 0.473257 0.626219
vt 0.438759 0.620469
vt 0.438759 0.626219
vt 0.468944 0.620469
vt 0.468944 0.626219
vt 0.434446 0.626219
vt 0.434446 0.620469
vt 0.464632 0.620469
vt 0.464632 0.626219
vt 0.430134 0.626219
vt 0.430134 0.620469
vt 0.460320 0.620469
vt 0.460320 0.626219
vt 0.490506 0.620469
vt 0.494818 0.623344
vt 0.490506 0.626219
vt 0.425822 0.623344
vt 0.456008 0.620469
vt 0.456008 0.626219
vt 0.486193 0.620469
vt 0.451695 0.620469
vt 0.468944 0.631968
vt 0.464632 0.631968
vt 0.434446 0.631968
vt 0.430134 0.631968
vt 0.460320 0.631968
vt 0.494818 0.629094
vt 0.490506 0.631968
vt 0.425822 0.629094
vt 0.456008 0.631968
vt 0.486193 0.631968
vt 0.451695 0.631968
vt 0.481881 0.631968
vt 0.447383 0.631968
vt 0.477569 0.631968
vt 0.443071 0.631968
vt 0.473257 0.631968
vt 0.438759 0.631968
vt 0.494818 0.634843
vt 0.425822 0.634843
vt 0.000386 0.775361
vt 0.177477 0.000153
vt 0.565484 0.009163
vt 0.515739 0.614302
vt 0.772866 0.409578
vt 0.660624 0.581578
s 1
usemtl Material
f 2/1/2 3/2/3 1/3/1
f 4/4/4 5/5/5 3/2/3
f 6/6/6 7/7/7 5/5/5
f 8/8/8 9/9/9 7/7/7
f 10/10/10 11/11/11 9/9/9
f 12/12/12 13/13/13 11/11/11
f 14/14/14 15/15/15 13/13/13
f 16/16/16 17/17/17 15/15/15
f 18/18/18 19/19/19 17/20/17
f 20/21/20 21/22/21 19/19/19
f 22/23/22 23/24/23 21/22/21
f 24/25/24 25/26/25 23/24/23
f 26/27/26 27/28/27 25/26/25
f 28/29/28 29/30/29 27/28/27
f 30/31/30 31/32/31 29/30/29
f 32/33/32 33/34/33 31/32/31
f 33/34/33 36/35/36 35/36/35
f 35/36/35 38/37/38 37/38/37
f 37/38/37 40/39/40 39/40/39
f 39/40/39 42/41/42 41/42/41
f 41/42/41 44/43/44 43/44/43
f 43/44/43 46/45/46 45/46/45
f 45/46/45 48/47/48 47/48/47
f 47/48/47 50/49/50 49/50/49
f 49/50/49 52/51/52 51/52/51
f 51/52/51 54/53/54 53/54/53
f 53/54/53 56/55/56 55/56/55
f 55/56/55 58/57/58 57/58/57
f 57/58/57 60/59/60 59/60/59
f 59/60/59 62/61/62 61/62/61
f 14/14/14 136/63/136 16/16/16
f 61/62/61 64/64/64 63/65/63
f 63/65/63 2/1/2 1/3/1
f 98/66/98 68/67/68 67/68/67
f 96/69/96 72/70/72 80/71/80
f 99/72/99 76/73/76 100/74/100
f 101/75/101 85/76/85 102/77/102
f 104/78/104 95/79/95 94/80/94
f 105/81/105 72/70/72 106/82/106
f 107/83/107 81/84/81 108/85/108
f 110/86/110 91/87/91 90/88/90
f 97/89/97 69/90/69 68/67/68
f 112/91/112 77/92/77 99/72/99
f 113/93/113 86/94/86 101/75/101
f 103/95/103 96/69/96 95/79/95
f 115/96/115 73/97/73 105/98/105
f 116/99/116 82/100/82 107/83/107
f 109/101/109 92/102/92 91/87/91
f 111/103/111 70/104/70 69/90/69
f 119/105/119 78/106/78 112/91/112
f 120/107/120 87/108/87 113/93/113
f 122/109/122 66/110/66 65/111/65
f 114/112/114 65/111/65 96/69/96
f 123/113/123 74/114/74 115/96/115
f 124/115/124 83/116/83 116/99/116
f 117/117/117 93/118/93 92/102/92
f 118/119/118 71/120/71 70/104/70
f 127/121/127 79/122/79 119/105/119
f 128/123/128 88/124/88 120/107/120
f 121/125/121 67/68/67 66/110/66
f 100/74/100 75/126/75 123/113/123
f 102/77/102 84/127/84 124/115/124
f 125/128/125 94/80/94 93/118/93
f 126/129/126 72/70/72 71/120/71
f 108/85/108 80/71/80 127/121/127
f 128/123/128 90/88/90 89/130/89
f 49/50/49 110/86/110 128/123/128
f 33/34/33 127/121/127 31/32/31
f 13/13/13 106/82/106 126/129/126
f 57/58/57 104/78/104 125/128/125
f 41/42/41 124/115/124 39/40/39
f 23/24/23 123/113/123 21/22/21
f 3/2/3 98/66/98 121/125/121
f 49/50/49 120/107/120 47/48/47
f 31/32/31 119/105/119 29/30/29
f 11/11/11 126/129/126 118/119/118
f 55/56/55 125/128/125 117/117/117
f 39/40/39 116/99/116 37/38/37
f 21/22/21 115/96/115 19/19/19
f 63/65/63 122/109/122 114/112/114
f 1/3/1 121/125/121 122/109/122
f 47/48/47 113/93/113 45/46/45
f 29/30/29 112/91/112 27/28/27
f 9/9/9 118/119/118 111/103/111
f 53/54/53 117/117/117 109/101/109
f 37/38/37 107/83/107 35/36/35
f 19/19/19 105/98/105 17/20/17
f 61/62/61 114/112/114 103/95/103
f 45/46/45 101/75/101 43/44/43
f 27/28/27 99/72/99 25/26/25
f 7/7/7 111/103/111 97/89/97
f 51/52/51 109/101/109 110/86/110
f 35/36/35 108/85/108 33/34/33
f 15/15/15 105/81/105 106/82/106
f 59/60/59 103/95/103 104/78/104
f 43/44/43 102/77/102 41/42/41
f 25/26/25 100/74/100 23/24/23
f 5/5/5 97/89/97 98/66/98
f 154/131/154 185/132/185 186/133/186
f 32/33/32 145/134/145 34/135/34
f 52/51/52 153/136/153 154/131/154
f 6/6/6 132/137/132 8/8/8
f 24/25/24 141/138/141 26/27/26
f 44/43/44 149/139/149 150/140/150
f 62/61/62 158/141/158 159/142/159
f 16/16/16 137/143/137 18/144/18
f 36/35/36 145/134/145 146/145/146
f 54/53/54 154/131/154 155/146/155
f 8/8/8 133/147/133 10/10/10
f 26/27/26 142/148/142 28/29/28
f 46/45/46 150/140/150 151/149/151
f 64/64/64 159/142/159 160/150/160
f 18/18/18 138/151/138 20/21/20
f 38/37/38 146/145/146 147/152/147
f 56/55/56 155/146/155 156/153/156
f 10/10/10 134/154/134 12/12/12
f 28/29/28 143/155/143 30/31/30
f 48/47/48 151/149/151 152/156/152
f 2/1/2 130/157/130 4/4/4
f 2/1/2 160/150/160 129/158/129
f 20/21/20 139/159/139 22/23/22
f 40/39/40 147/152/147 148/160/148
f 58/57/58 156/153/156 157/161/157
f 12/12/12 135/162/135 14/14/14
f 30/31/30 144/163/144 32/33/32
f 50/49/50 152/156/152 153/136/153
f 4/4/4 131/164/131 6/6/6
f 22/23/22 140/165/140 24/25/24
f 42/41/42 148/160/148 149/139/149
f 60/59/60 157/161/157 158/141/158
f 162/166/162 193/167/193 194/168/194
f 140/165/140 173/169/173 141/138/141
f 155/146/155 186/133/186 187/170/187
f 141/138/141 174/171/174 142/148/142
f 156/153/156 187/170/187 188/172/188
f 142/148/142 175/173/175 143/155/143
f 129/158/129 162/166/162 130/157/130
f 157/161/157 188/172/188 189/174/189
f 143/155/143 176/175/176 144/163/144
f 130/157/130 163/176/163 131/164/131
f 158/141/158 189/174/189 190/177/190
f 144/163/144 177/178/177 145/134/145
f 131/164/131 164/179/164 132/137/132
f 159/142/159 190/177/190 191/180/191
f 146/145/146 177/178/177 178/181/178
f 132/137/132 165/182/165 133/147/133
f 160/150/160 191/180/191 192/183/192
f 147/152/147 178/181/178 179/184/179
f 133/147/133 166/185/166 134/154/134
f 129/158/129 192/183/192 161/186/161
f 148/160/148 179/184/179 180/187/180
f 134/154/134 167/188/167 135/162/135
f 149/139/149 180/187/180 181/189/181
f 135/162/135 168/190/168 136/63/136
f 150/140/150 181/189/181 182/191/182
f 136/63/136 169/192/169 137/143/137
f 151/149/151 182/191/182 183/193/183
f 137/194/137 170/195/170 138/151/138
f 152/156/152 183/193/183 184/196/184
f 138/151/138 171/197/171 139/159/139
f 153/136/153 184/196/184 185/132/185
f 139/159/139 172/198/172 140/165/140
f 206/199/206 237/200/237 238/201/238
f 188/172/188 221/202/221 189/174/189
f 176/175/176 207/203/207 208/204/208
f 163/176/163 194/168/194 195/205/195
f 189/174/189 222/206/222 190/177/190
f 177/178/177 208/204/208 209/207/209
f 164/179/164 195/205/195 196/208/196
f 190/177/190 223/209/223 191/180/191
f 177/178/177 210/210/210 178/181/178
f 165/182/165 196/208/196 197/211/197
f 191/180/191 224/212/224 192/183/192
f 178/181/178 211/213/211 179/184/179
f 166/185/166 197/211/197 198/214/198
f 192/183/192 193/167/193 161/186/161
f 179/184/179 212/215/212 180/187/180
f 167/188/167 198/214/198 199/216/199
f 180/187/180 213/217/213 181/189/181
f 168/190/168 199/216/199 200/218/200
f 181/189/181 214/219/214 182/191/182
f 169/192/169 200/218/200 201/220/201
f 182/191/182 215/221/215 183/193/183
f 170/195/170 201/222/201 202/223/202
f 183/193/183 216/224/216 184/196/184
f 171/197/171 202/223/202 203/225/203
f 184/196/184 217/226/217 185/132/185
f 172/198/172 203/225/203 204/227/204
f 185/132/185 218/228/218 186/133/186
f 173/169/173 204/227/204 205/229/205
f 186/133/186 219/230/219 187/170/187
f 174/171/174 205/229/205 206/199/206
f 187/170/187 220/231/220 188/172/188
f 175/173/175 206/199/206 207/203/207
f 241/232/241 272/233/272 273/234/273
f 219/230/219 252/235/252 220/231/220
f 207/203/207 238/201/238 239/236/239
f 194/168/194 225/237/225 226/238/226
f 220/231/220 253/239/253 221/202/221
f 208/204/208 239/236/239 240/240/240
f 195/205/195 226/238/226 227/241/227
f 221/202/221 254/242/254 222/206/222
f 209/207/209 240/240/240 241/232/241
f 196/208/196 227/241/227 228/243/228
f 222/206/222 255/244/255 223/209/223
f 209/207/209 242/245/242 210/210/210
f 197/211/197 228/243/228 229/246/229
f 223/209/223 256/247/256 224/212/224
f 210/210/210 243/248/243 211/213/211
f 198/214/198 229/246/229 230/249/230
f 224/212/224 225/237/225 193/167/193
f 211/213/211 244/250/244 212/215/212
f 199/216/199 230/249/230 231/251/231
f 212/215/212 245/252/245 213/217/213
f 200/218/200 231/251/231 232/253/232
f 213/217/213 246/254/246 214/219/214
f 201/220/201 232/253/232 233/255/233
f 214/219/214 247/256/247 215/221/215
f 202/223/202 233/257/233 234/258/234
f 215/221/215 248/259/248 216/224/216
f 203/225/203 234/258/234 235/260/235
f 216/224/216 249/261/249 217/226/217
f 204/227/204 235/260/235 236/262/236
f 217/226/217 250/263/250 218/228/218
f 205/229/205 236/262/236 237/200/237
f 218/228/218 251/264/251 219/230/219
f 275/265/275 308/266/308 276/267/276
f 228/243/228 259/268/259 260/269/260
f 254/242/254 287/270/287 255/244/255
f 241/232/241 274/271/274 242/245/242
f 229/246/229 260/269/260 261/272/261
f 255/244/255 288/273/288 256/247/256
f 242/245/242 275/265/275 243/248/243
f 230/249/230 261/272/261 262/274/262
f 256/247/256 257/275/257 225/237/225
f 243/248/243 276/267/276 244/250/244
f 231/251/231 262/274/262 263/276/263
f 244/250/244 277/277/277 245/252/245
f 232/253/232 263/276/263 264/278/264
f 245/252/245 278/279/278 246/254/246
f 233/255/233 264/278/264 265/280/265
f 246/254/246 279/281/279 247/256/247
f 234/258/234 265/282/265 266/283/266
f 247/256/247 280/284/280 248/259/248
f 235/260/235 266/283/266 267/285/267
f 248/259/248 281/286/281 249/261/249
f 236/262/236 267/285/267 268/287/268
f 249/261/249 282/288/282 250/263/250
f 237/200/237 268/287/268 269/289/269
f 250/263/250 283/290/283 251/264/251
f 238/201/238 269/289/269 270/291/270
f 251/264/251 284/292/284 252/235/252
f 239/236/239 270/291/270 271/293/271
f 226/238/226 257/275/257 258/294/258
f 252/235/252 285/295/285 253/239/253
f 240/240/240 271/293/271 272/233/272
f 227/241/227 258/294/258 259/268/259
f 253/239/253 286/296/286 254/242/254
f 310/297/310 343/298/343 311/299/311
f 263/276/263 294/300/294 295/301/295
f 276/267/276 309/302/309 277/277/277
f 264/278/264 295/301/295 296/303/296
f 277/277/277 310/297/310 278/279/278
f 265/280/265 296/303/296 297/304/297
f 278/279/278 311/299/311 279/281/279
f 266/283/266 297/305/297 298/306/298
f 279/281/279 312/307/312 280/284/280
f 267/285/267 298/306/298 299/308/299
f 280/284/280 313/309/313 281/286/281
f 268/287/268 299/308/299 300/310/300
f 281/286/281 314/311/314 282/288/282
f 269/289/269 300/310/300 301/312/301
f 282/288/282 315/313/315 283/290/283
f 270/291/270 301/312/301 302/314/302
f 283/290/283 316/315/316 284/292/284
f 271/293/271 302/314/302 303/316/303
f 258/294/258 289/317/289 290/318/290
f 284/292/284 317/319/317 285/295/285
f 272/233/272 303/316/303 304/320/304
f 259/268/259 290/318/290 291/321/291
f 285/295/285 318/322/318 286/296/286
f 273/234/273 304/320/304 305/323/305
f 260/269/260 291/321/291 292/324/292
f 286/296/286 319/325/319 287/270/287
f 273/234/273 306/326/306 274/271/274
f 261/272/261 292/324/292 293/327/293
f 287/270/287 320/328/320 288/273/288
f 274/271/274 307/329/307 275/265/275
f 262/274/262 293/327/293 294/300/294
f 288/273/288 289/317/289 257/275/257
f 345/330/345 378/331/378 346/332/346
f 298/306/298 329/333/329 330/334/330
f 311/299/311 344/335/344 312/307/312
f 299/308/299 330/334/330 331/336/331
f 312/307/312 345/330/345 313/309/313
f 300/310/300 331/336/331 332/337/332
f 313/309/313 346/332/346 314/311/314
f 301/312/301 332/337/332 333/338/333
f 314/311/314 347/339/347 315/313/315
f 302/314/302 333/338/333 334/340/334
f 315/313/315 348/341/348 316/315/316
f 303/316/303 334/340/334 335/342/335
f 290/318/290 321/343/321 322/344/322
f 316/315/316 349/345/349 317/319/317
f 304/320/304 335/342/335 336/346/336
f 291/321/291 322/344/322 323/347/323
f 317/319/317 350/348/350 318/322/318
f 305/323/305 336/346/336 337/349/337
f 292/324/292 323/347/323 324/350/324
f 318/322/318 351/351/351 319/325/319
f 305/323/305 338/352/338 306/326/306
f 293/327/293 324/350/324 325/353/325
f 319/325/319 352/354/352 320/328/320
f 306/326/306 339/355/339 307/329/307
f 294/300/294 325/353/325 326/356/326
f 320/328/320 321/343/321 289/317/289
f 307/329/307 340/357/340 308/266/308
f 295/301/295 326/356/326 327/358/327
f 308/266/308 341/359/341 309/302/309
f 296/303/296 327/358/327 328/360/328
f 309/302/309 342/361/342 310/297/310
f 297/304/297 328/360/328 329/362/329
f 368/363/368 401/364/401 369/365/369
f 333/338/333 364/366/364 365/367/365
f 346/332/346 379/368/379 347/339/347
f 334/340/334 365/367/365 366/369/366
f 347/339/347 380/370/380 348/341/348
f 335/342/335 366/369/366 367/371/367
f 322/344/322 353/372/353 354/373/354
f 348/341/348 381/374/381 349/345/349
f 336/346/336 367/371/367 368/363/368
f 323/347/323 354/373/354 355/375/355
f 349/345/349 382/376/382 350/348/350
f 337/349/337 368/363/368 369/365/369
f 324/350/324 355/375/355 356/377/356
f 350/348/350 383/378/383 351/351/351
f 337/349/337 370/379/370 338/352/338
f 325/353/325 356/377/356 357/380/357
f 351/351/351 384/381/384 352/354/352
f 338/352/338 371/382/371 339/355/339
f 326/356/326 357/380/357 358/383/358
f 352/354/352 353/372/353 321/343/321
f 339/355/339 372/384/372 340/357/340
f 327/358/327 358/383/358 359/385/359
f 340/357/340 373/386/373 341/359/341
f 328/360/328 359/385/359 360/387/360
f 341/359/341 374/388/374 342/361/342
f 329/362/329 360/387/360 361/389/361
f 342/361/342 375/390/375 343/298/343
f 330/334/330 361/391/361 362/392/362
f 343/298/343 376/393/376 344/335/344
f 331/336/331 362/392/362 363/394/363
f 344/335/344 377/395/377 345/330/345
f 332/337/332 363/394/363 364/366/364
f 404/396/404 435/397/435 436/398/436
f 355/375/355 388/399/388 356/377/356
f 383/378/383 414/400/414 415/401/415
f 370/379/370 401/364/401 402/402/402
f 356/377/356 389/403/389 357/380/357
f 384/381/384 415/401/415 416/404/416
f 371/382/371 402/402/402 403/405/403
f 357/380/357 390/406/390 358/383/358
f 353/372/353 416/404/416 385/407/385
f 372/384/372 403/405/403 404/396/404
f 358/383/358 391/408/391 359/385/359
f 373/386/373 404/396/404 405/409/405
f 359/385/359 392/410/392 360/387/360
f 374/388/374 405/409/405 406/411/406
f 360/387/360 393/412/393 361/389/361
f 375/390/375 406/411/406 407/413/407
f 361/391/361 394/414/394 362/392/362
f 376/393/376 407/413/407 408/415/408
f 362/392/362 395/416/395 363/394/363
f 377/395/377 408/415/408 409/417/409
f 363/394/363 396/418/396 364/366/364
f 378/331/378 409/417/409 410/419/410
f 364/366/364 397/420/397 365/367/365
f 379/368/379 410/419/410 411/421/411
f 365/367/365 398/422/398 366/369/366
f 380/370/380 411/421/411 412/423/412
f 366/369/366 399/424/399 367/371/367
f 353/372/353 386/425/386 354/373/354
f 381/374/381 412/423/412 413/426/413
f 367/371/367 400/427/400 368/363/368
f 354/373/354 387/428/387 355/375/355
f 382/376/382 413/426/413 414/400/414
f 439/429/439 470/430/470 471/431/471
f 390/406/390 423/432/423 391/408/391
f 405/409/405 436/398/436 437/433/437
f 391/408/391 424/434/424 392/410/392
f 406/411/406 437/433/437 438/435/438
f 392/410/392 425/436/425 393/412/393
f 407/413/407 438/435/438 439/429/439
f 393/437/393 426/438/426 394/414/394
f 408/415/408 439/429/439 440/439/440
f 394/414/394 427/440/427 395/416/395
f 409/417/409 440/439/440 441/441/441
f 395/416/395 428/442/428 396/418/396
f 410/419/410 441/441/441 442/443/442
f 396/418/396 429/444/429 397/420/397
f 411/421/411 442/443/442 443/445/443
f 397/420/397 430/446/430 398/422/398
f 412/423/412 443/445/443 444/447/444
f 398/422/398 431/448/431 399/424/399
f 385/407/385 418/449/418 386/425/386
f 413/426/413 444/447/444 445/450/445
f 399/424/399 432/451/432 400/427/400
f 386/425/386 419/452/419 387/428/387
f 414/400/414 445/450/445 446/453/446
f 400/427/400 433/454/433 401/364/401
f 387/428/387 420/455/420 388/399/388
f 415/401/415 446/453/446 447/456/447
f 402/402/402 433/454/433 434/457/434
f 388/399/388 421/458/421 389/403/389
f 416/404/416 447/456/447 448/459/448
f 403/405/403 434/457/434 435/397/435
f 389/403/389 422/460/422 390/406/390
f 385/407/385 448/459/448 417/461/417
f 476/462/476 507/463/507 508/464/508
f 425/465/425 458/466/458 426/438/426
f 440/439/440 471/431/471 472/467/472
f 426/438/426 459/468/459 427/440/427
f 441/441/441 472/467/472 473/469/473
f 427/440/427 460/470/460 428/442/428
f 442/443/442 473/469/473 474/471/474
f 428/442/428 461/472/461 429/444/429
f 443/445/443 474/471/474 475/473/475
f 429/444/429 462/474/462 430/446/430
f 444/447/444 475/473/475 476/462/476
f 430/446/430 463/475/463 431/448/431
f 417/461/417 450/476/450 418/449/418
f 445/450/445 476/462/476 477/477/477
f 431/448/431 464/478/464 432/451/432
f 418/449/418 451/479/451 419/452/419
f 446/453/446 477/477/477 478/480/478
f 432/451/432 465/481/465 433/454/433
f 419/452/419 452/482/452 420/455/420
f 447/456/447 478/480/478 479/483/479
f 434/457/434 465/481/465 466/484/466
f 420/455/420 453/485/453 421/458/421
f 448/459/448 479/483/479 480/486/480
f 435/397/435 466/484/466 467/487/467
f 421/458/421 454/488/454 422/460/422
f 417/461/417 480/486/480 449/489/449
f 436/398/436 467/487/467 468/490/468
f 422/460/422 455/491/455 423/432/423
f 437/433/437 468/490/468 469/492/469
f 423/432/423 456/493/456 424/434/424
f 438/435/438 469/492/469 470/430/470
f 424/434/424 457/494/457 425/436/425
f 483/495/483 516/496/516 484/497/484
f 462/474/462 495/498/495 463/475/463
f 449/489/449 482/499/482 450/476/450
f 477/477/477 508/464/508 509/500/509
f 463/475/463 496/501/496 464/478/464
f 450/476/450 483/495/483 451/479/451
f 478/480/478 509/500/509 510/502/510
f 464/478/464 497/503/497 465/481/465
f 451/479/451 484/497/484 452/482/452
f 479/483/479 510/502/510 511/504/511
f 466/484/466 497/503/497 498/505/498
f 452/482/452 485/506/485 453/485/453
f 480/486/480 511/504/511 512/507/512
f 467/487/467 498/505/498 499/508/499
f 453/485/453 486/509/486 454/488/454
f 449/489/449 512/507/512 481/510/481
f 468/490/468 499/508/499 500/511/500
f 454/488/454 487/512/487 455/491/455
f 469/492/469 500/511/500 501/513/501
f 455/491/455 488/514/488 456/493/456
f 470/430/470 501/513/501 502/515/502
f 456/493/456 489/516/489 457/494/457
f 471/431/471 502/515/502 503/517/503
f 457/518/457 490/519/490 458/466/458
f 472/467/472 503/517/503 504/520/504
f 458/466/458 491/521/491 459/468/459
f 473/469/473 504/520/504 505/522/505
f 459/468/459 492/523/492 460/470/460
f 474/471/474 505/522/505 506/524/506
f 460/470/460 493/525/493 461/472/461
f 475/473/475 506/524/506 507/463/507
f 461/472/461 494/526/494 462/474/462
f 519/527/519 550/528/550 551/529/551
f 511/504/511 542/530/542 543/531/543
f 498/505/498 529/532/529 530/533/530
f 484/497/484 517/534/517 485/506/485
f 512/507/512 543/531/543 544/535/544
f 499/508/499 530/533/530 531/536/531
f 485/506/485 518/537/518 486/509/486
f 481/510/481 544/535/544 513/538/513
f 500/511/500 531/536/531 532/539/532
f 486/509/486 519/527/519 487/512/487
f 501/513/501 532/539/532 533/540/533
f 487/512/487 520/541/520 488/514/488
f 502/515/502 533/540/533 534/542/534
f 488/514/488 521/543/521 489/516/489
f 503/517/503 534/542/534 535/544/535
f 489/545/489 522/546/522 490/519/490
f 504/520/504 535/544/535 536/547/536
f 490/519/490 523/548/523 491/521/491
f 505/522/505 536/547/536 537/549/537
f 491/521/491 524/550/524 492/523/492
f 506/524/506 537/549/537 538/551/538
f 492/523/492 525/552/525 493/525/493
f 507/463/507 538/551/538 539/553/539
f 493/525/493 526/554/526 494/526/494
f 508/464/508 539/553/539 540/555/540
f 494/526/494 527/556/527 495/498/495
f 481/510/481 514/557/514 482/499/482
f 509/500/509 540/555/540 541/558/541
f 495/498/495 528/559/528 496/501/496
f 482/499/482 515/560/515 483/495/483
f 510/502/510 541/558/541 542/530/542
f 496/501/496 529/532/529 497/503/497
f 554/561/554 585/562/585 586/563/586
f 532/539/532 565/564/565 533/540/533
f 520/541/520 551/529/551 552/565/552
f 533/540/533 566/566/566 534/542/534
f 521/543/521 552/565/552 553/567/553
f 534/542/534 567/568/567 535/544/535
f 522/546/522 553/569/553 554/561/554
f 535/544/535 568/570/568 536/547/536
f 523/548/523 554/561/554 555/571/555
f 536/547/536 569/572/569 537/549/537
f 524/550/524 555/571/555 556/573/556
f 537/549/537 570/574/570 538/551/538
f 525/552/525 556/573/556 557/575/557
f 538/551/538 571/576/571 539/553/539
f 526/554/526 557/575/557 558/577/558
f 539/553/539 572/578/572 540/555/540
f 527/556/527 558/577/558 559/579/559
f 514/557/514 545/580/545 546/581/546
f 540/555/540 573/582/573 541/558/541
f 528/559/528 559/579/559 560/583/560
f 515/560/515 546/581/546 547/584/547
f 541/558/541 574/585/574 542/530/542
f 529/532/529 560/583/560 561/586/561
f 516/496/516 547/584/547 548/587/548
f 542/530/542 575/588/575 543/531/543
f 529/532/529 562/589/562 530/533/530
f 517/534/517 548/587/548 549/590/549
f 543/531/543 576/591/576 544/535/544
f 530/533/530 563/592/563 531/536/531
f 518/537/518 549/590/549 550/528/550
f 544/535/544 545/580/545 513/538/513
f 531/536/531 564/593/564 532/539/532
f 583/594/583 614/595/614 615/596/615
f 568/570/568 599/597/599 600/598/600
f 555/571/555 586/563/586 587/599/587
f 569/572/569 600/598/600 601/600/601
f 556/573/556 587/599/587 588/601/588
f 570/574/570 601/600/601 602/602/602
f 557/575/557 588/601/588 589/603/589
f 571/576/571 602/602/602 603/604/603
f 558/577/558 589/603/589 590/605/590
f 572/578/572 603/604/603 604/606/604
f 559/579/559 590/605/590 591/607/591
f 546/581/546 577/608/577 578/609/578
f 573/582/573 604/606/604 605/610/605
f 560/583/560 591/607/591 592/611/592
f 547/584/547 578/609/578 579/612/579
f 574/585/574 605/610/605 606/613/606
f 561/586/561 592/611/592 593/614/593
f 548/587/548 579/612/579 580/615/580
f 575/588/575 606/613/606 607/616/607
f 562/589/562 593/614/593 594/617/594
f 549/590/549 580/615/580 581/618/581
f 576/591/576 607/616/607 608/619/608
f 563/592/563 594/617/594 595/620/595
f 550/528/550 581/618/581 582/621/582
f 545/580/545 608/619/608 577/608/577
f 564/593/564 595/620/595 596/622/596
f 551/529/551 582/621/582 583/594/583
f 565/564/565 596/622/596 597/623/597
f 552/565/552 583/594/583 584/624/584
f 566/566/566 597/623/597 598/625/598
f 553/567/553 584/624/584 585/626/585
f 567/568/567 598/625/598 599/597/599
f 613/627/613 612/628/612 621/629/621
f 596/622/596 629/630/629 597/623/597
f 584/624/584 615/596/615 616/631/616
f 597/623/597 630/632/630 598/625/598
f 585/626/585 616/631/616 617/633/617
f 598/625/598 631/634/631 599/597/599
f 586/563/586 617/633/617 618/635/618
f 599/597/599 632/636/632 600/598/600
f 587/599/587 618/635/618 619/637/619
f 600/598/600 633/638/633 601/600/601
f 588/601/588 619/637/619 620/639/620
f 601/600/601 634/640/634 602/602/602
f 589/603/589 620/639/620 621/629/621
f 602/602/602 635/641/635 603/604/603
f 590/605/590 621/629/621 622/642/622
f 603/604/603 636/643/636 604/606/604
f 591/607/591 622/642/622 623/644/623
f 578/609/578 609/645/609 610/646/610
f 604/606/604 637/647/637 605/610/605
f 592/611/592 623/644/623 624/648/624
f 579/612/579 610/646/610 611/649/611
f 605/610/605 638/650/638 606/613/606
f 593/614/593 624/648/624 625/651/625
f 580/615/580 611/649/611 612/628/612
f 606/613/606 639/652/639 607/616/607
f 593/614/593 626/653/626 594/617/594
f 581/618/581 612/628/612 613/627/613
f 607/616/607 640/654/640 608/619/608
f 594/617/594 627/655/627 595/620/595
f 582/621/582 613/627/613 614/595/614
f 608/619/608 609/645/609 577/608/577
f 595/620/595 628/656/628 596/622/596
f 665/657/665 698/658/698 666/659/666
f 674/660/674 705/661/705 706/662/706
f 653/663/653 684/664/684 685/665/685
f 666/659/666 699/666/699 667/667/667
f 653/663/653 686/668/686 654/669/654
f 667/667/667 700/670/700 668/671/668
f 654/669/654 687/672/687 655/673/655
f 642/674/642 673/675/673 674/660/674
f 668/671/668 701/676/701 669/677/669
f 655/673/655 688/678/688 656/679/656
f 643/680/643 674/660/674 675/681/675
f 669/677/669 702/682/702 670/683/670
f 656/679/656 689/684/689 657/685/657
f 644/686/644 675/687/675 676/688/676
f 671/689/671 702/682/702 703/690/703
f 657/685/657 690/691/690 658/692/658
f 645/693/645 676/688/676 677/694/677
f 672/695/672 703/690/703 704/696/704
f 658/692/658 691/697/691 659/698/659
f 646/699/646 677/694/677 678/700/678
f 641/701/641 704/696/704 673/675/673
f 659/698/659 692/702/692 660/703/660
f 647/704/647 678/700/678 679/705/679
f 660/703/660 693/706/693 661/707/661
f 648/708/648 679/705/679 680/709/680
f 661/707/661 694/710/694 662/711/662
f 649/712/649 680/709/680 681/713/681
f 662/711/662 695/714/695 663/715/663
f 650/716/650 681/713/681 682/717/682
f 663/715/663 696/718/696 664/719/664
f 651/720/651 682/717/682 683/721/683
f 664/719/664 697/722/697 665/657/665
f 652/723/652 683/721/683 684/664/684
f 718/724/718 749/725/749 750/726/750
f 700/670/700 733/727/733 701/676/701
f 688/678/688 719/728/719 720/729/720
f 675/681/675 706/662/706 707/730/707
f 701/676/701 734/731/734 702/682/702
f 688/678/688 721/732/721 689/684/689
f 676/688/676 707/733/707 708/734/708
f 702/682/702 735/735/735 703/690/703
f 689/684/689 722/736/722 690/691/690
f 677/694/677 708/734/708 709/737/709
f 703/690/703 736/738/736 704/696/704
f 690/691/690 723/739/723 691/697/691
f 678/700/678 709/737/709 710/740/710
f 673/675/673 736/738/736 705/661/705
f 691/697/691 724/741/724 692/702/692
f 679/705/679 710/740/710 711/742/711
f 692/702/692 725/743/725 693/706/693
f 680/709/680 711/742/711 712/744/712
f 693/706/693 726/745/726 694/710/694
f 681/713/681 712/744/712 713/746/713
f 694/710/694 727/747/727 695/714/695
f 682/717/682 713/746/713 714/748/714
f 695/714/695 728/749/728 696/718/696
f 683/721/683 714/748/714 715/750/715
f 696/718/696 729/751/729 697/722/697
f 684/664/684 715/750/715 716/752/716
f 697/722/697 730/753/730 698/658/698
f 685/665/685 716/752/716 717/754/717
f 698/658/698 731/755/731 699/666/699
f 686/668/686 717/754/717 718/724/718
f 699/666/699 732/756/732 700/670/700
f 687/672/687 718/724/718 719/728/719
f 753/757/753 784/758/784 785/759/785
f 731/755/731 764/760/764 732/756/732
f 719/728/719 750/726/750 751/761/751
f 706/662/706 737/762/737 738/763/738
f 732/756/732 765/764/765 733/727/733
f 720/729/720 751/761/751 752/765/752
f 707/730/707 738/763/738 739/766/739
f 733/727/733 766/767/766 734/731/734
f 720/729/720 753/757/753 721/732/721
f 708/734/708 739/768/739 740/769/740
f 734/731/734 767/770/767 735/735/735
f 721/732/721 754/771/754 722/736/722
f 709/737/709 740/769/740 741/772/741
f 735/735/735 768/773/768 736/738/736
f 722/736/722 755/774/755 723/739/723
f 710/740/710 741/772/741 742/775/742
f 705/661/705 768/773/768 737/762/737
f 723/739/723 756/776/756 724/741/724
f 711/742/711 742/775/742 743/777/743
f 724/741/724 757/778/757 725/743/725
f 712/744/712 743/777/743 744/779/744
f 725/743/725 758/780/758 726/745/726
f 713/746/713 744/779/744 745/781/745
f 726/745/726 759/782/759 727/747/727
f 714/748/714 745/781/745 746/783/746
f 727/747/727 760/784/760 728/749/728
f 715/750/715 746/783/746 747/785/747
f 728/749/728 761/786/761 729/751/729
f 716/752/716 747/785/747 748/787/748
f 729/751/729 762/788/762 730/753/730
f 717/754/717 748/787/748 749/725/749
f 730/753/730 763/789/763 731/755/731
f 787/790/787 820/791/820 788/792/788
f 740/769/740 771/793/771 772/794/772
f 766/767/766 799/795/799 767/770/767
f 753/757/753 786/796/786 754/771/754
f 741/772/741 772/794/772 773/797/773
f 767/770/767 800/798/800 768/773/768
f 754/771/754 787/790/787 755/774/755
f 742/775/742 773/797/773 774/799/774
f 768/773/768 769/800/769 737/762/737
f 755/774/755 788/792/788 756/776/756
f 743/777/743 774/799/774 775/801/775
f 756/776/756 789/802/789 757/778/757
f 744/779/744 775/801/775 776/803/776
f 757/778/757 790/804/790 758/780/758
f 745/781/745 776/803/776 777/805/777
f 758/780/758 791/806/791 759/782/759
f 746/783/746 777/805/777 778/807/778
f 759/782/759 792/808/792 760/784/760
f 747/785/747 778/807/778 779/809/779
f 760/784/760 793/810/793 761/786/761
f 748/787/748 779/809/779 780/811/780
f 761/786/761 794/812/794 762/788/762
f 749/725/749 780/811/780 781/813/781
f 762/788/762 795/814/795 763/789/763
f 750/726/750 781/813/781 782/815/782
f 763/789/763 796/816/796 764/760/764
f 751/761/751 782/815/782 783/817/783
f 738/763/738 769/800/769 770/818/770
f 764/760/764 797/819/797 765/764/765
f 752/765/752 783/817/783 784/758/784
f 739/766/739 770/818/770 771/820/771
f 765/764/765 798/821/798 766/767/766
f 822/822/822 855/823/855 823/824/823
f 775/801/775 806/825/806 807/826/807
f 788/792/788 821/827/821 789/802/789
f 776/803/776 807/826/807 808/828/808
f 789/802/789 822/822/822 790/804/790
f 777/805/777 808/828/808 809/829/809
f 790/804/790 823/824/823 791/806/791
f 778/807/778 809/829/809 810/830/810
f 791/806/791 824/831/824 792/808/792
f 779/809/779 810/830/810 811/832/811
f 792/808/792 825/833/825 793/810/793
f 780/811/780 811/832/811 812/834/812
f 793/810/793 826/835/826 794/812/794
f 781/813/781 812/834/812 813/836/813
f 794/812/794 827/837/827 795/814/795
f 782/815/782 813/836/813 814/838/814
f 795/814/795 828/839/828 796/816/796
f 783/817/783 814/838/814 815/840/815
f 770/818/770 801/841/801 802/842/802
f 796/816/796 829/843/829 797/819/797
f 784/758/784 815/840/815 816/844/816
f 771/820/771 802/842/802 803/845/803
f 797/819/797 830/846/830 798/821/798
f 785/759/785 816/844/816 817/847/817
f 772/794/772 803/848/803 804/849/804
f 798/821/798 831/850/831 799/795/799
f 785/759/785 818/851/818 786/796/786
f 773/797/773 804/849/804 805/852/805
f 799/795/799 832/853/832 800/798/800
f 786/796/786 819/854/819 787/790/787
f 774/799/774 805/852/805 806/825/806
f 800/798/800 801/841/801 769/800/769
f 858/855/858 889/856/889 890/857/890
f 810/830/810 841/858/841 842/859/842
f 823/824/823 856/860/856 824/831/824
f 811/832/811 842/859/842 843/861/843
f 824/831/824 857/862/857 825/833/825
f 812/834/812 843/861/843 844/863/844
f 825/833/825 858/855/858 826/835/826
f 813/836/813 844/863/844 845/864/845
f 826/835/826 859/865/859 827/837/827
f 814/838/814 845/864/845 846/866/846
f 827/837/827 860/867/860 828/839/828
f 815/840/815 846/866/846 847/868/847
f 802/842/802 833/869/833 834/870/834
f 828/839/828 861/871/861 829/843/829
f 816/844/816 847/868/847 848/872/848
f 803/845/803 834/870/834 835/873/835
f 829/843/829 862/874/862 830/846/830
f 817/847/817 848/872/848 849/875/849
f 804/849/804 835/876/835 836/877/836
f 830/846/830 863/878/863 831/850/831
f 817/847/817 850/879/850 818/851/818
f 805/852/805 836/877/836 837/880/837
f 831/850/831 864/881/864 832/853/832
f 818/851/818 851/882/851 819/854/819
f 806/825/806 837/880/837 838/883/838
f 832/853/832 833/869/833 801/841/801
f 819/854/819 852/884/852 820/791/820
f 807/826/807 838/883/838 839/885/839
f 820/791/820 853/886/853 821/827/821
f 808/828/808 839/885/839 840/887/840
f 821/827/821 854/888/854 822/822/822
f 809/829/809 840/887/840 841/858/841
f 880/889/880 913/890/913 881/891/881
f 844/863/844 877/892/877 845/864/845
f 859/865/859 890/857/890 891/893/891
f 845/864/845 878/894/878 846/866/846
f 860/867/860 891/893/891 892/895/892
f 846/866/846 879/896/879 847/868/847
f 833/869/833 866/897/866 834/870/834
f 861/871/861 892/895/892 893/898/893
f 847/868/847 880/889/880 848/872/848
f 834/870/834 867/899/867 835/873/835
f 862/874/862 893/898/893 894/900/894
f 848/872/848 881/891/881 849/875/849
f 835/876/835 868/901/868 836/877/836
f 863/878/863 894/900/894 895/902/895
f 850/879/850 881/891/881 882/903/882
f 836/877/836 869/904/869 837/880/837
f 864/881/864 895/902/895 896/905/896
f 851/882/851 882/903/882 883/906/883
f 837/880/837 870/907/870 838/883/838
f 833/869/833 896/905/896 865/908/865
f 852/884/852 883/906/883 884/909/884
f 838/883/838 871/910/871 839/885/839
f 853/886/853 884/909/884 885/911/885
f 839/885/839 872/912/872 840/887/840
f 854/888/854 885/911/885 886/913/886
f 840/887/840 873/914/873 841/858/841
f 855/823/855 886/913/886 887/915/887
f 841/858/841 874/916/874 842/859/842
f 856/860/856 887/915/887 888/917/888
f 842/859/842 875/918/875 843/861/843
f 857/862/857 888/917/888 889/856/889
f 843/861/843 876/919/876 844/863/844
f 916/920/916 947/921/947 948/922/948
f 867/923/867 900/924/900 868/901/868
f 895/902/895 926/925/926 927/926/927
f 882/903/882 913/890/913 914/927/914
f 868/901/868 901/928/901 869/904/869
f 896/905/896 927/926/927 928/929/928
f 883/906/883 914/927/914 915/930/915
f 869/904/869 902/931/902 870/907/870
f 865/908/865 928/929/928 897/932/897
f 884/909/884 915/930/915 916/920/916
f 870/907/870 903/933/903 871/910/871
f 885/911/885 916/920/916 917/934/917
f 871/910/871 904/935/904 872/912/872
f 886/913/886 917/934/917 918/936/918
f 872/912/872 905/937/905 873/914/873
f 887/915/887 918/936/918 919/938/919
f 873/914/873 906/939/906 874/916/874
f 888/917/888 919/938/919 920/940/920
f 874/916/874 907/941/907 875/918/875
f 889/856/889 920/940/920 921/942/921
f 875/918/875 908/943/908 876/919/876
f 890/857/890 921/942/921 922/944/922
f 876/919/876 909/945/909 877/892/877
f 891/893/891 922/944/922 923/946/923
f 877/892/877 910/947/910 878/894/878
f 892/895/892 923/946/923 924/948/924
f 878/894/878 911/949/911 879/896/879
f 865/908/865 898/950/898 866/897/866
f 893/898/893 924/948/924 925/951/925
f 879/896/879 912/952/912 880/889/880
f 866/897/866 899/953/899 867/899/867
f 894/900/894 925/951/925 926/925/926
f 951/954/951 982/955/982 983/956/983
f 902/931/902 935/957/935 903/933/903
f 917/934/917 948/922/948 949/958/949
f 903/933/903 936/959/936 904/935/904
f 918/936/918 949/958/949 950/960/950
f 904/935/904 937/961/937 905/937/905
f 919/938/919 950/960/950 951/954/951
f 905/937/905 938/962/938 906/939/906
f 920/940/920 951/954/951 952/963/952
f 906/939/906 939/964/939 907/941/907
f 921/942/921 952/963/952 953/965/953
f 907/941/907 940/966/940 908/943/908
f 922/944/922 953/965/953 954/967/954
f 908/943/908 941/968/941 909/945/909
f 923/946/923 954/967/954 955/969/955
f 909/945/909 942/970/942 910/947/910
f 924/948/924 955/969/955 956/971/956
f 910/947/910 943/972/943 911/949/911
f 897/932/897 930/973/930 898/950/898
f 925/951/925 956/971/956 957/974/957
f 911/949/911 944/975/944 912/952/912
f 898/950/898 931/976/931 899/953/899
f 926/925/926 957/974/957 958/977/958
f 912/952/912 945/978/945 913/890/913
f 899/979/899 932/980/932 900/924/900
f 927/926/927 958/977/958 959/981/959
f 914/927/914 945/978/945 946/982/946
f 900/924/900 933/983/933 901/928/901
f 928/929/928 959/981/959 960/984/960
f 915/930/915 946/982/946 947/921/947
f 901/928/901 934/985/934 902/931/902
f 897/932/897 960/984/960 929/986/929
f 988/987/988 1019/988/1019 1020/989/1020
f 937/961/937 970/990/970 938/962/938
f 952/963/952 983/956/983 984/991/984
f 938/962/938 971/992/971 939/964/939
f 953/965/953 984/991/984 985/993/985
f 939/964/939 972/994/972 940/966/940
f 954/967/954 985/993/985 986/995/986
f 940/966/940 973/996/973 941/968/941
f 955/969/955 986/995/986 987/997/987
f 941/968/941 974/998/974 942/970/942
f 956/971/956 987/997/987 988/987/988
f 942/970/942 975/999/975 943/972/943
f 929/986/929 962/1000/962 930/973/930
f 957/974/957 988/987/988 989/1001/989
f 943/972/943 976/1002/976 944/975/944
f 930/973/930 963/1003/963 931/976/931
f 958/977/958 989/1001/989 990/1004/990
f 945/978/945 976/1002/976 977/1005/977
f 931/1006/931 964/1007/964 932/980/932
f 959/981/959 990/1004/990 991/1008/991
f 946/982/946 977/1005/977 978/1009/978
f 932/980/932 965/1010/965 933/983/933
f 960/984/960 991/1008/991 992/1011/992
f 947/921/947 978/1009/978 979/1012/979
f 933/983/933 966/1013/966 934/985/934
f 960/984/960 961/1014/961 929/986/929
f 948/922/948 979/1012/979 980/1015/980
f 934/985/934 967/1016/967 935/957/935
f 949/958/949 980/1015/980 981/1017/981
f 935/957/935 968/1018/968 936/959/936
f 950/960/950 981/1017/981 982/955/982
f 936/959/936 969/1019/969 937/961/937
f 995/1020/995 1028/1021/1028 996/1022/996
f 974/998/974 1007/1023/1007 975/999/975
f 961/1014/961 994/1024/994 962/1000/962
f 989/1001/989 1020/989/1020 1021/1025/1021
f 975/999/975 1008/1026/1008 976/1002/976
f 962/1000/962 995/1027/995 963/1003/963
f 990/1004/990 1021/1025/1021 1022/1028/1022
f 977/1005/977 1008/1026/1008 1009/1029/1009
f 963/1030/963 996/1022/996 964/1007/964
f 991/1008/991 1022/1028/1022 1023/1031/1023
f 978/1009/978 1009/1029/1009 1010/1032/1010
f 964/1007/964 997/1033/997 965/1010/965
f 991/1008/991 1024/1034/1024 992/1011/992
f 979/1012/979 1010/1032/1010 1011/1035/1011
f 965/1010/965 998/1036/998 966/1013/966
f 992/1011/992 993/1037/993 961/1014/961
f 980/1015/980 1011/1035/1011 1012/1038/1012
f 966/1013/966 999/1039/999 967/1016/967
f 981/1017/981 1012/1038/1012 1013/1040/1013
f 967/1016/967 1000/1041/1000 968/1018/968
f 982/955/982 1013/1040/1013 1014/1042/1014
f 968/1018/968 1001/1043/1001 969/1019/969
f 983/956/983 1014/1042/1014 1015/1044/1015
f 969/1019/969 1002/1045/1002 970/990/970
f 984/991/984 1015/1044/1015 1016/1046/1016
f 970/990/970 1003/1047/1003 971/992/971
f 985/993/985 1016/1046/1016 1017/1048/1017
f 971/992/971 1004/1049/1004 972/994/972
f 986/995/986 1017/1048/1017 1018/1050/1018
f 972/994/972 1005/1051/1005 973/996/973
f 987/997/987 1018/1050/1018 1019/988/1019
f 973/996/973 1006/1052/1006 974/998/974
f 1031/1053/1031 1062/1054/1062 1063/1055/1063
f 1022/1028/1022 1055/1056/1055 1023/1031/1023
f 1010/1032/1010 1041/1057/1041 1042/1058/1042
f 996/1022/996 1029/1059/1029 997/1033/997
f 1023/1031/1023 1056/1060/1056 1024/1034/1024
f 1011/1035/1011 1042/1058/1042 1043/1061/1043
f 997/1033/997 1030/1062/1030 998/1036/998
f 1024/1034/1024 1025/1063/1025 993/1037/993
f 1012/1038/1012 1043/1061/1043 1044/1064/1044
f 998/1036/998 1031/1053/1031 999/1039/999
f 1013/1040/1013 1044/1064/1044 1045/1065/1045
f 1000/1041/1000 1031/1053/1031 1032/1066/1032
f 1014/1042/1014 1045/1065/1045 1046/1067/1046
f 1001/1043/1001 1032/1066/1032 1033/1068/1033
f 1015/1044/1015 1046/1067/1046 1047/1069/1047
f 1002/1045/1002 1033/1068/1033 1034/1070/1034
f 1016/1046/1016 1047/1069/1047 1048/1071/1048
f 1003/1047/1003 1034/1070/1034 1035/1072/1035
f 1016/1046/1016 1049/1073/1049 1017/1048/1017
f 1004/1049/1004 1035/1072/1035 1036/1074/1036
f 1017/1048/1017 1050/1075/1050 1018/1050/1018
f 1005/1051/1005 1036/1074/1036 1037/1076/1037
f 1018/1050/1018 1051/1077/1051 1019/988/1019
f 1006/1052/1006 1037/1076/1037 1038/1078/1038
f 1019/988/1019 1052/1079/1052 1020/989/1020
f 1007/1023/1007 1038/1078/1038 1039/1080/1039
f 993/1037/993 1026/1081/1026 994/1024/994
f 1020/989/1020 1053/1082/1053 1021/1025/1021
f 1008/1026/1008 1039/1080/1039 1040/1083/1040
f 994/1024/994 1027/1084/1027 995/1027/995
f 1021/1025/1021 1054/1085/1054 1022/1028/1022
f 1009/1029/1009 1040/1083/1040 1041/1057/1041
f 1066/1086/1066 1097/1087/1097 1098/1088/1098
f 1044/1064/1044 1077/1089/1077 1045/1065/1045
f 1032/1066/1032 1063/1055/1063 1064/1090/1064
f 1045/1065/1045 1078/1091/1078 1046/1067/1046
f 1033/1068/1033 1064/1090/1064 1065/1092/1065
f 1046/1067/1046 1079/1093/1079 1047/1069/1047
f 1034/1070/1034 1065/1092/1065 1066/1086/1066
f 1047/1069/1047 1080/1094/1080 1048/1071/1048
f 1035/1072/1035 1066/1086/1066 1067/1095/1067
f 1048/1071/1048 1081/1096/1081 1049/1073/1049
f 1036/1074/1036 1067/1095/1067 1068/1097/1068
f 1049/1073/1049 1082/1098/1082 1050/1075/1050
f 1037/1076/1037 1068/1097/1068 1069/1099/1069
f 1050/1075/1050 1083/1100/1083 1051/1077/1051
f 1038/1078/1038 1069/1099/1069 1070/1101/1070
f 1051/1077/1051 1084/1102/1084 1052/1079/1052
f 1039/1080/1039 1070/1101/1070 1071/1103/1071
f 1025/1063/1025 1058/1104/1058 1026/1081/1026
f 1052/1079/1052 1085/1105/1085 1053/1082/1053
f 1040/1083/1040 1071/1103/1071 1072/1106/1072
f 1027/1084/1027 1058/1104/1058 1059/1107/1059
f 1053/1082/1053 1086/1108/1086 1054/1085/1054
f 1041/1057/1041 1072/1106/1072 1073/1109/1073
f 1028/1021/1028 1059/1110/1059 1060/1111/1060
f 1054/1085/1054 1087/1112/1087 1055/1056/1055
f 1042/1058/1042 1073/1109/1073 1074/1113/1074
f 1029/1059/1029 1060/1111/1060 1061/1114/1061
f 1055/1056/1055 1088/1115/1088 1056/1060/1056
f 1042/1058/1042 1075/1116/1075 1043/1061/1043
f 1030/1062/1030 1061/1114/1061 1062/1054/1062
f 1056/1060/1056 1057/1117/1057 1025/1063/1025
f 1043/1061/1043 1076/1118/1076 1044/1064/1044
f 1095/1119/1095 1126/1120/1126 1127/1121/1127
f 1080/1094/1080 1111/1122/1111 1112/1123/1112
f 1067/1095/1067 1098/1088/1098 1099/1124/1099
f 1081/1096/1081 1112/1123/1112 1113/1125/1113
f 1068/1097/1068 1099/1124/1099 1100/1126/1100
f 1082/1098/1082 1113/1125/1113 1114/1127/1114
f 1069/1099/1069 1100/1126/1100 1101/1128/1101
f 1083/1100/1083 1114/1127/1114 1115/1129/1115
f 1070/1101/1070 1101/1128/1101 1102/1130/1102
f 1084/1102/1084 1115/1129/1115 1116/1131/1116
f 1071/1103/1071 1102/1130/1102 1103/1132/1103
f 1058/1104/1058 1089/1133/1089 1090/1134/1090
f 1085/1105/1085 1116/1131/1116 1117/1135/1117
f 1072/1106/1072 1103/1132/1103 1104/1136/1104
f 1059/1107/1059 1090/1134/1090 1091/1137/1091
f 1086/1108/1086 1117/1135/1117 1118/1138/1118
f 1073/1109/1073 1104/1136/1104 1105/1139/1105
f 1060/1111/1060 1091/1140/1091 1092/1141/1092
f 1087/1112/1087 1118/1138/1118 1119/1142/1119
f 1074/1113/1074 1105/1139/1105 1106/1143/1106
f 1061/1114/1061 1092/1141/1092 1093/1144/1093
f 1088/1115/1088 1119/1142/1119 1120/1145/1120
f 1075/1116/1075 1106/1143/1106 1107/1146/1107
f 1062/1054/1062 1093/1144/1093 1094/1147/1094
f 1057/1117/1057 1120/1145/1120 1089/1133/1089
f 1076/1118/1076 1107/1146/1107 1108/1148/1108
f 1063/1055/1063 1094/1147/1094 1095/1119/1095
f 1077/1089/1077 1108/1148/1108 1109/1149/1109
f 1064/1090/1064 1095/1119/1095 1096/1150/1096
f 1078/1091/1078 1109/1149/1109 1110/1151/1110
f 1065/1092/1065 1096/1150/1096 1097/1087/1097
f 1079/1093/1079 1110/1151/1110 1111/1122/1111
f 1125/1152/1125 1124/1153/1124 1135/1154/1135
f 1108/1148/1108 1141/1155/1141 1109/1149/1109
f 1096/1150/1096 1127/1121/1127 1128/1156/1128
f 1109/1149/1109 1142/1157/1142 1110/1151/1110
f 1097/1087/1097 1128/1156/1128 1129/1158/1129
f 1110/1151/1110 1143/1159/1143 1111/1122/1111
f 1098/1088/1098 1129/1158/1129 1130/1160/1130
f 1111/1122/1111 1144/1161/1144 1112/1123/1112
f 1099/1124/1099 1130/1160/1130 1131/1162/1131
f 1112/1123/1112 1145/1163/1145 1113/1125/1113
f 1100/1126/1100 1131/1162/1131 1132/1164/1132
f 1113/1125/1113 1146/1165/1146 1114/1127/1114
f 1101/1128/1101 1132/1164/1132 1133/1166/1133
f 1114/1127/1114 1147/1167/1147 1115/1129/1115
f 1102/1130/1102 1133/1166/1133 1134/1168/1134
f 1115/1129/1115 1148/1169/1148 1116/1131/1116
f 1103/1132/1103 1134/1168/1134 1135/1154/1135
f 1089/1133/1089 1122/1170/1122 1090/1134/1090
f 1116/1131/1116 1149/1171/1149 1117/1135/1117
f 1104/1136/1104 1135/1154/1135 1136/1172/1136
f 1091/1137/1091 1122/1170/1122 1123/1173/1123
f 1117/1135/1117 1150/1174/1150 1118/1138/1118
f 1105/1139/1105 1136/1172/1136 1137/1175/1137
f 1092/1141/1092 1123/1173/1123 1124/1153/1124
f 1118/1138/1118 1151/1176/1151 1119/1142/1119
f 1106/1143/1106 1137/1175/1137 1138/1177/1138
f 1093/1144/1093 1124/1153/1124 1125/1152/1125
f 1119/1142/1119 1152/1178/1152 1120/1145/1120
f 1106/1143/1106 1139/1179/1139 1107/1146/1107
f 1094/1147/1094 1125/1152/1125 1126/1120/1126
f 1120/1145/1120 1121/1180/1121 1089/1133/1089
f 1107/1146/1107 1140/1181/1140 1108/1148/1108
f 1160/1182/1160 1191/1183/1191 1192/1184/1192
f 1209/1185/1209 1242/1186/1242 1210/1187/1210
f 1169/1188/1169 1200/1189/1200 1201/1190/1201
f 1177/1191/1177 1210/1187/1210 1178/1192/1178
f 1155/1193/1155 1188/1194/1188 1156/1195/1156
f 1165/1196/1165 1196/1197/1196 1197/1198/1197
f 1173/1199/1173 1206/1200/1206 1174/1201/1174
f 1182/1202/1182 1215/1203/1215 1183/1204/1183
f 1161/1205/1161 1192/1184/1192 1193/1206/1193
f 1170/1207/1170 1201/1190/1201 1202/1208/1202
f 1178/1192/1178 1211/1209/1211 1179/1210/1179
f 1156/1195/1156 1189/1211/1189 1157/1212/1157
f 1166/1213/1166 1197/1198/1197 1198/1214/1198
f 1174/1201/1174 1207/1215/1207 1175/1216/1175
f 1183/1204/1183 1216/1217/1216 1184/1218/1184
f 1162/1219/1162 1193/1206/1193 1194/1220/1194
f 1171/1221/1171 1202/1208/1202 1203/1222/1203
f 1179/1223/1179 1212/1224/1212 1180/1225/1180
f 1158/1226/1158 1189/1211/1189 1190/1227/1190
f 1167/1228/1167 1198/1214/1198 1199/1229/1199
f 1175/1216/1175 1208/1230/1208 1176/1231/1176
f 1153/1232/1153 1186/1233/1186 1154/1234/1154
f 1184/1218/1184 1185/1235/1185 1153/1232/1153
f 1163/1236/1163 1194/1220/1194 1195/1237/1195
f 1172/1238/1172 1203/1222/1203 1204/1239/1204
f 1180/1225/1180 1213/1240/1213 1181/1241/1181
f 1159/1242/1159 1190/1227/1190 1191/1183/1191
f 1168/1243/1168 1199/1229/1199 1200/1189/1200
f 1176/1231/1176 1209/1185/1209 1177/1191/1177
f 1154/1234/1154 1187/1244/1187 1155/1193/1155
f 1164/1245/1164 1195/1237/1195 1196/1197/1196
f 1173/1199/1173 1204/1239/1204 1205/1246/1205
f 1181/1241/1181 1214/1247/1214 1182/1202/1182
f 1217/1248/1217 1250/1249/1250 1218/1250/1218
f 1197/1198/1197 1228/1251/1228 1229/1252/1229
f 1210/1187/1210 1243/1253/1243 1211/1209/1211
f 1198/1214/1198 1229/1252/1229 1230/1254/1230
f 1211/1255/1211 1244/1256/1244 1212/1224/1212
f 1199/1229/1199 1230/1254/1230 1231/1257/1231
f 1185/1235/1185 1218/1250/1218 1186/1233/1186
f 1212/1224/1212 1245/1258/1245 1213/1240/1213
f 1200/1189/1200 1231/1257/1231 1232/1259/1232
f 1186/1233/1186 1219/1260/1219 1187/1244/1187
f 1213/1240/1213 1246/1261/1246 1214/1247/1214
f 1201/1190/1201 1232/1259/1232 1233/1262/1233
f 1187/1244/1187 1220/1263/1220 1188/1194/1188
f 1214/1247/1214 1247/1264/1247 1215/1203/1215
f 1202/1208/1202 1233/1262/1233 1234/1265/1234
f 1188/1194/1188 1221/1266/1221 1189/1211/1189
f 1215/1203/1215 1248/1267/1248 1216/1217/1216
f 1203/1222/1203 1234/1265/1234 1235/1268/1235
f 1190/1227/1190 1221/1266/1221 1222/1269/1222
f 1216/1217/1216 1217/1248/1217 1185/1235/1185
f 1204/1239/1204 1235/1268/1235 1236/1270/1236
f 1191/1183/1191 1222/1269/1222 1223/1271/1223
f 1205/1246/1205 1236/1270/1236 1237/1272/1237
f 1192/1184/1192 1223/1271/1223 1224/1273/1224
f 1205/1246/1205 1238/1274/1238 1206/1200/1206
f 1193/1206/1193 1224/1273/1224 1225/1275/1225
f 1206/1200/1206 1239/1276/1239 1207/1215/1207
f 1194/1220/1194 1225/1275/1225 1226/1277/1226
f 1207/1215/1207 1240/1278/1240 1208/1230/1208
f 1195/1237/1195 1226/1277/1226 1227/1279/1227
f 1208/1230/1208 1241/1280/1241 1209/1185/1209
f 1196/1197/1196 1227/1279/1227 1228/1251/1228
f 1262/1281/1262 1293/1282/1293 1294/1283/1294
f 1244/1256/1244 1277/1284/1277 1245/1258/1245
f 1232/1259/1232 1263/1285/1263 1264/1286/1264
f 1218/1250/1218 1251/1287/1251 1219/1260/1219
f 1245/1258/1245 1278/1288/1278 1246/1261/1246
f 1233/1262/1233 1264/1286/1264 1265/1289/1265
f 1220/1263/1220 1251/1287/1251 1252/1290/1252
f 1246/1261/1246 1279/1291/1279 1247/1264/1247
f 1234/1265/1234 1265/1289/1265 1266/1292/1266
f 1221/1266/1221 1252/1290/1252 1253/1293/1253
f 1247/1264/1247 1280/1294/1280 1248/1267/1248
f 1235/1268/1235 1266/1292/1266 1267/1295/1267
f 1222/1269/1222 1253/1293/1253 1254/1296/1254
f 1248/1267/1248 1249/1297/1249 1217/1248/1217
f 1235/1268/1235 1268/1298/1268 1236/1270/1236
f 1223/1271/1223 1254/1296/1254 1255/1299/1255
f 1236/1270/1236 1269/1300/1269 1237/1272/1237
f 1224/1273/1224 1255/1299/1255 1256/1301/1256
f 1237/1272/1237 1270/1302/1270 1238/1274/1238
f 1225/1275/1225 1256/1301/1256 1257/1303/1257
f 1238/1274/1238 1271/1304/1271 1239/1276/1239
f 1226/1277/1226 1257/1303/1257 1258/1305/1258
f 1239/1276/1239 1272/1306/1272 1240/1278/1240
f 1227/1279/1227 1258/1305/1258 1259/1307/1259
f 1240/1278/1240 1273/1308/1273 1241/1280/1241
f 1228/1251/1228 1259/1307/1259 1260/1309/1260
f 1241/1280/1241 1274/1310/1274 1242/1186/1242
f 1229/1252/1229 1260/1309/1260 1261/1311/1261
f 1242/1186/1242 1275/1312/1275 1243/1253/1243
f 1230/1254/1230 1261/1311/1261 1262/1281/1262
f 1243/1313/1243 1276/1314/1276 1244/1256/1244
f 1231/1257/1231 1262/1281/1262 1263/1285/1263
f 1297/1315/1297 1328/1316/1328 1329/1317/1329
f 1275/1318/1275 1308/1319/1308 1276/1314/1276
f 1263/1285/1263 1294/1283/1294 1295/1320/1295
f 1249/1297/1249 1282/1321/1282 1250/1249/1250
f 1276/1314/1276 1309/1322/1309 1277/1284/1277
f 1264/1286/1264 1295/1320/1295 1296/1323/1296
f 1251/1287/1251 1282/1321/1282 1283/1324/1283
f 1277/1284/1277 1310/1325/1310 1278/1288/1278
f 1265/1289/1265 1296/1323/1296 1297/1315/1297
f 1252/1290/1252 1283/1324/1283 1284/1326/1284
f 1278/1288/1278 1311/1327/1311 1279/1291/1279
f 1266/1292/1266 1297/1315/1297 1298/1328/1298
f 1253/1293/1253 1284/1326/1284 1285/1329/1285
f 1279/1291/1279 1312/1330/1312 1280/1294/1280
f 1266/1292/1266 1299/1331/1299 1267/1295/1267
f 1254/1296/1254 1285/1329/1285 1286/1332/1286
f 1280/1294/1280 1281/1333/1281 1249/1297/1249
f 1267/1295/1267 1300/1334/1300 1268/1298/1268
f 1255/1299/1255 1286/1332/1286 1287/1335/1287
f 1268/1298/1268 1301/1336/1301 1269/1300/1269
f 1256/1301/1256 1287/1335/1287 1288/1337/1288
f 1269/1300/1269 1302/1338/1302 1270/1302/1270
f 1257/1303/1257 1288/1337/1288 1289/1339/1289
f 1270/1302/1270 1303/1340/1303 1271/1304/1271
f 1258/1305/1258 1289/1339/1289 1290/1341/1290
f 1271/1304/1271 1304/1342/1304 1272/1306/1272
f 1259/1307/1259 1290/1341/1290 1291/1343/1291
f 1272/1306/1272 1305/1344/1305 1273/1308/1273
f 1260/1309/1260 1291/1343/1291 1292/1345/1292
f 1273/1308/1273 1306/1346/1306 1274/1310/1274
f 1261/1311/1261 1292/1345/1292 1293/1282/1293
f 1274/1310/1274 1307/1347/1307 1275/1312/1275
f 1331/1348/1331 1364/1349/1364 1332/1350/1332
f 1284/1326/1284 1315/1351/1315 1316/1352/1316
f 1310/1325/1310 1343/1353/1343 1311/1327/1311
f 1298/1328/1298 1329/1317/1329 1330/1354/1330
f 1285/1329/1285 1316/1352/1316 1317/1355/1317
f 1311/1327/1311 1344/1356/1344 1312/1330/1312
f 1298/1328/1298 1331/1348/1331 1299/1331/1299
f 1286/1332/1286 1317/1355/1317 1318/1357/1318
f 1312/1330/1312 1313/1358/1313 1281/1333/1281
f 1299/1331/1299 1332/1350/1332 1300/1334/1300
f 1287/1335/1287 1318/1357/1318 1319/1359/1319
f 1300/1334/1300 1333/1360/1333 1301/1336/1301
f 1288/1337/1288 1319/1359/1319 1320/1361/1320
f 1301/1336/1301 1334/1362/1334 1302/1338/1302
f 1289/1339/1289 1320/1361/1320 1321/1363/1321
f 1302/1338/1302 1335/1364/1335 1303/1340/1303
f 1290/1341/1290 1321/1363/1321 1322/1365/1322
f 1303/1340/1303 1336/1366/1336 1304/1342/1304
f 1291/1343/1291 1322/1365/1322 1323/1367/1323
f 1304/1342/1304 1337/1368/1337 1305/1344/1305
f 1292/1345/1292 1323/1367/1323 1324/1369/1324
f 1305/1344/1305 1338/1370/1338 1306/1346/1306
f 1293/1282/1293 1324/1369/1324 1325/1371/1325
f 1306/1346/1306 1339/1372/1339 1307/1347/1307
f 1294/1283/1294 1325/1371/1325 1326/1373/1326
f 1307/1374/1307 1340/1375/1340 1308/1319/1308
f 1295/1320/1295 1326/1373/1326 1327/1376/1327
f 1281/1333/1281 1314/1377/1314 1282/1321/1282
f 1308/1319/1308 1341/1378/1341 1309/1322/1309
f 1296/1323/1296 1327/1376/1327 1328/1316/1328
f 1283/1324/1283 1314/1377/1314 1315/1351/1315
f 1309/1322/1309 1342/1379/1342 1310/1325/1310
f 1366/1380/1366 1399/1381/1399 1367/1382/1367
f 1319/1359/1319 1350/1383/1350 1351/1384/1351
f 1332/1350/1332 1365/1385/1365 1333/1360/1333
f 1320/1361/1320 1351/1384/1351 1352/1386/1352
f 1333/1360/1333 1366/1380/1366 1334/1362/1334
f 1321/1363/1321 1352/1386/1352 1353/1387/1353
f 1334/1362/1334 1367/1382/1367 1335/1364/1335
f 1322/1365/1322 1353/1387/1353 1354/1388/1354
f 1335/1364/1335 1368/1389/1368 1336/1366/1336
f 1323/1367/1323 1354/1388/1354 1355/1390/1355
f 1336/1366/1336 1369/1391/1369 1337/1368/1337
f 1324/1369/1324 1355/1390/1355 1356/1392/1356
f 1337/1368/1337 1370/1393/1370 1338/1370/1338
f 1325/1371/1325 1356/1392/1356 1357/1394/1357
f 1338/1370/1338 1371/1395/1371 1339/1372/1339
f 1326/1373/1326 1357/1394/1357 1358/1396/1358
f 1339/1397/1339 1372/1398/1372 1340/1375/1340
f 1327/1376/1327 1358/1396/1358 1359/1399/1359
f 1313/1358/1313 1346/1400/1346 1314/1377/1314
f 1340/1375/1340 1373/1401/1373 1341/1378/1341
f 1328/1316/1328 1359/1399/1359 1360/1402/1360
f 1315/1351/1315 1346/1400/1346 1347/1403/1347
f 1341/1378/1341 1374/1404/1374 1342/1379/1342
f 1329/1317/1329 1360/1402/1360 1361/1405/1361
f 1316/1352/1316 1347/1403/1347 1348/1406/1348
f 1342/1379/1342 1375/1407/1375 1343/1353/1343
f 1330/1354/1330 1361/1405/1361 1362/1408/1362
f 1317/1355/1317 1348/1406/1348 1349/1409/1349
f 1343/1353/1343 1376/1410/1376 1344/1356/1344
f 1330/1354/1330 1363/1411/1363 1331/1348/1331
f 1318/1357/1318 1349/1409/1349 1350/1383/1350
f 1344/1356/1344 1345/1412/1345 1313/1358/1313
f 1402/1413/1402 1433/1414/1433 1434/1415/1434
f 1354/1388/1354 1385/1416/1385 1386/1417/1386
f 1367/1382/1367 1400/1418/1400 1368/1389/1368
f 1355/1390/1355 1386/1417/1386 1387/1419/1387
f 1368/1389/1368 1401/1420/1401 1369/1391/1369
f 1356/1392/1356 1387/1419/1387 1388/1421/1388
f 1369/1391/1369 1402/1413/1402 1370/1393/1370
f 1357/1394/1357 1388/1421/1388 1389/1422/1389
f 1370/1393/1370 1403/1423/1403 1371/1395/1371
f 1358/1396/1358 1389/1422/1389 1390/1424/1390
f 1371/1425/1371 1404/1426/1404 1372/1398/1372
f 1359/1399/1359 1390/1424/1390 1391/1427/1391
f 1345/1412/1345 1378/1428/1378 1346/1400/1346
f 1372/1398/1372 1405/1429/1405 1373/1401/1373
f 1360/1402/1360 1391/1427/1391 1392/1430/1392
f 1347/1403/1347 1378/1428/1378 1379/1431/1379
f 1373/1401/1373 1406/1432/1406 1374/1404/1374
f 1361/1405/1361 1392/1430/1392 1393/1433/1393
f 1348/1406/1348 1379/1431/1379 1380/1434/1380
f 1374/1404/1374 1407/1435/1407 1375/1407/1375
f 1362/1408/1362 1393/1433/1393 1394/1436/1394
f 1349/1409/1349 1380/1434/1380 1381/1437/1381
f 1375/1407/1375 1408/1438/1408 1376/1410/1376
f 1362/1408/1362 1395/1439/1395 1363/1411/1363
f 1350/1383/1350 1381/1437/1381 1382/1440/1382
f 1376/1410/1376 1377/1441/1377 1345/1412/1345
f 1363/1411/1363 1396/1442/1396 1364/1349/1364
f 1351/1384/1351 1382/1440/1382 1383/1443/1383
f 1364/1349/1364 1397/1444/1397 1365/1385/1365
f 1352/1386/1352 1383/1443/1383 1384/1445/1384
f 1365/1385/1365 1398/1446/1398 1366/1380/1366
f 1353/1387/1353 1384/1445/1384 1385/1416/1385
f 1424/1447/1424 1457/1448/1457 1425/1449/1425
f 1388/1421/1388 1421/1450/1421 1389/1422/1389
f 1403/1423/1403 1434/1415/1434 1435/1451/1435
f 1389/1422/1389 1422/1452/1422 1390/1424/1390
f 1404/1426/1404 1435/1453/1435 1436/1454/1436
f 1390/1424/1390 1423/1455/1423 1391/1427/1391
f 1377/1441/1377 1410/1456/1410 1378/1428/1378
f 1405/1429/1405 1436/1454/1436 1437/1457/1437
f 1391/1427/1391 1424/1447/1424 1392/1430/1392
f 1378/1428/1378 1411/1458/1411 1379/1431/1379
f 1406/1432/1406 1437/1457/1437 1438/1459/1438
f 1392/1430/1392 1425/1449/1425 1393/1433/1393
f 1379/1431/1379 1412/1460/1412 1380/1434/1380
f 1407/1435/1407 1438/1459/1438 1439/1461/1439
f 1394/1436/1394 1425/1449/1425 1426/1462/1426
f 1380/1434/1380 1413/1463/1413 1381/1437/1381
f 1408/1438/1408 1439/1461/1439 1440/1464/1440
f 1395/1439/1395 1426/1462/1426 1427/1465/1427
f 1381/1437/1381 1414/1466/1414 1382/1440/1382
f 1377/1441/1377 1440/1464/1440 1409/1467/1409
f 1396/1442/1396 1427/1465/1427 1428/1468/1428
f 1382/1440/1382 1415/1469/1415 1383/1443/1383
f 1397/1444/1397 1428/1468/1428 1429/1470/1429
f 1383/1443/1383 1416/1471/1416 1384/1445/1384
f 1398/1446/1398 1429/1470/1429 1430/1472/1430
f 1384/1445/1384 1417/1473/1417 1385/1416/1385
f 1399/1381/1399 1430/1472/1430 1431/1474/1431
f 1385/1416/1385 1418/1475/1418 1386/1417/1386
f 1400/1418/1400 1431/1474/1431 1432/1476/1432
f 1386/1417/1386 1419/1477/1419 1387/1419/1387
f 1401/1420/1401 1432/1476/1432 1433/1414/1433
f 1387/1419/1387 1420/1478/1420 1388/1421/1388
f 1460/1479/1460 1491/1480/1491 1492/1481/1492
f 1411/1458/1411 1444/1482/1444 1412/1460/1412
f 1439/1461/1439 1470/1483/1470 1471/1484/1471
f 1425/1449/1425 1458/1485/1458 1426/1462/1426
f 1412/1460/1412 1445/1486/1445 1413/1463/1413
f 1440/1464/1440 1471/1484/1471 1472/1487/1472
f 1427/1465/1427 1458/1485/1458 1459/1488/1459
f 1413/1463/1413 1446/1489/1446 1414/1466/1414
f 1409/1467/1409 1472/1487/1472 1441/1490/1441
f 1428/1468/1428 1459/1488/1459 1460/1479/1460
f 1414/1466/1414 1447/1491/1447 1415/1469/1415
f 1429/1470/1429 1460/1479/1460 1461/1492/1461
f 1415/1469/1415 1448/1493/1448 1416/1471/1416
f 1430/1472/1430 1461/1492/1461 1462/1494/1462
f 1416/1471/1416 1449/1495/1449 1417/1473/1417
f 1431/1474/1431 1462/1494/1462 1463/1496/1463
f 1417/1473/1417 1450/1497/1450 1418/1475/1418
f 1432/1476/1432 1463/1496/1463 1464/1498/1464
f 1418/1475/1418 1451/1499/1451 1419/1477/1419
f 1433/1414/1433 1464/1498/1464 1465/1500/1465
f 1419/1477/1419 1452/1501/1452 1420/1478/1420
f 1434/1415/1434 1465/1500/1465 1466/1502/1466
f 1420/1478/1420 1453/1503/1453 1421/1450/1421
f 1435/1451/1435 1466/1502/1466 1467/1504/1467
f 1421/1450/1421 1454/1505/1454 1422/1452/1422
f 1436/1454/1436 1467/1506/1467 1468/1507/1468
f 1422/1452/1422 1455/1508/1455 1423/1455/1423
f 1410/1456/1410 1441/1490/1441 1442/1509/1442
f 1437/1457/1437 1468/1507/1468 1469/1510/1469
f 1423/1455/1423 1456/1511/1456 1424/1447/1424
f 1410/1456/1410 1443/1512/1443 1411/1458/1411
f 1438/1459/1438 1469/1510/1469 1470/1483/1470
f 1495/1513/1495 1526/1514/1526 1527/1515/1527
f 1446/1489/1446 1479/1516/1479 1447/1491/1447
f 1461/1492/1461 1492/1481/1492 1493/1517/1493
f 1447/1491/1447 1480/1518/1480 1448/1493/1448
f 1462/1494/1462 1493/1517/1493 1494/1519/1494
f 1448/1493/1448 1481/1520/1481 1449/1495/1449
f 1463/1496/1463 1494/1519/1494 1495/1513/1495
f 1449/1495/1449 1482/1521/1482 1450/1497/1450
f 1464/1498/1464 1495/1513/1495 1496/1522/1496
f 1450/1497/1450 1483/1523/1483 1451/1499/1451
f 1465/1500/1465 1496/1522/1496 1497/1524/1497
f 1451/1499/1451 1484/1525/1484 1452/1501/1452
f 1466/1502/1466 1497/1524/1497 1498/1526/1498
f 1452/1501/1452 1485/1527/1485 1453/1503/1453
f 1467/1504/1467 1498/1526/1498 1499/1528/1499
f 1453/1503/1453 1486/1529/1486 1454/1505/1454
f 1468/1507/1468 1499/1530/1499 1500/1531/1500
f 1454/1505/1454 1487/1532/1487 1455/1508/1455
f 1442/1509/1442 1473/1533/1473 1474/1534/1474
f 1469/1510/1469 1500/1531/1500 1501/1535/1501
f 1455/1508/1455 1488/1536/1488 1456/1511/1456
f 1442/1509/1442 1475/1537/1475 1443/1512/1443
f 1470/1483/1470 1501/1535/1501 1502/1538/1502
f 1456/1511/1456 1489/1539/1489 1457/1448/1457
f 1443/1512/1443 1476/1540/1476 1444/1482/1444
f 1471/1484/1471 1502/1538/1502 1503/1541/1503
f 1457/1448/1457 1490/1542/1490 1458/1485/1458
f 1444/1482/1444 1477/1543/1477 1445/1486/1445
f 1472/1487/1472 1503/1541/1503 1504/1544/1504
f 1459/1488/1459 1490/1542/1490 1491/1480/1491
f 1445/1486/1445 1478/1545/1478 1446/1489/1446
f 1441/1490/1441 1504/1544/1504 1473/1533/1473
f 1532/1546/1532 1563/1547/1563 1564/1548/1564
f 1481/1520/1481 1514/1549/1514 1482/1521/1482
f 1496/1522/1496 1527/1515/1527 1528/1550/1528
f 1482/1521/1482 1515/1551/1515 1483/1523/1483
f 1497/1524/1497 1528/1550/1528 1529/1552/1529
f 1483/1523/1483 1516/1553/1516 1484/1525/1484
f 1498/1526/1498 1529/1552/1529 1530/1554/1530
f 1484/1525/1484 1517/1555/1517 1485/1527/1485
f 1499/1528/1499 1530/1554/1530 1531/1556/1531
f 1485/1527/1485 1518/1557/1518 1486/1529/1486
f 1500/1531/1500 1531/1558/1531 1532/1546/1532
f 1486/1529/1486 1519/1559/1519 1487/1532/1487
f 1474/1534/1474 1505/1560/1505 1506/1561/1506
f 1501/1535/1501 1532/1546/1532 1533/1562/1533
f 1487/1532/1487 1520/1563/1520 1488/1536/1488
f 1475/1537/1475 1506/1561/1506 1507/1564/1507
f 1502/1538/1502 1533/1562/1533 1534/1565/1534
f 1488/1536/1488 1521/1566/1521 1489/1539/1489
f 1475/1537/1475 1508/1567/1508 1476/1540/1476
f 1503/1541/1503 1534/1565/1534 1535/1568/1535
f 1489/1539/1489 1522/1569/1522 1490/1542/1490
f 1476/1540/1476 1509/1570/1509 1477/1543/1477
f 1504/1544/1504 1535/1568/1535 1536/1571/1536
f 1490/1542/1490 1523/1572/1523 1491/1480/1491
f 1477/1543/1477 1510/1573/1510 1478/1545/1478
f 1473/1533/1473 1536/1571/1536 1505/1560/1505
f 1492/1481/1492 1523/1572/1523 1524/1574/1524
f 1478/1545/1478 1511/1575/1511 1479/1516/1479
f 1493/1517/1493 1524/1574/1524 1525/1576/1525
f 1479/1516/1479 1512/1577/1512 1480/1518/1480
f 1494/1519/1494 1525/1576/1525 1526/1514/1526
f 1480/1518/1480 1513/1578/1513 1481/1520/1481
f 1540/1579/1540 1571/1580/1571 1572/1581/1572
f 1518/1557/1518 1551/1582/1551 1519/1559/1519
f 1506/1561/1506 1537/1583/1537 1538/1584/1538
f 1533/1562/1533 1564/1548/1564 1565/1585/1565
f 1519/1559/1519 1552/1586/1552 1520/1563/1520
f 1507/1564/1507 1538/1584/1538 1539/1587/1539
f 1534/1565/1534 1565/1585/1565 1566/1588/1566
f 1520/1563/1520 1553/1589/1553 1521/1566/1521
f 1508/1567/1508 1539/1587/1539 1540/1579/1540
f 1535/1568/1535 1566/1588/1566 1567/1590/1567
f 1521/1566/1521 1554/1591/1554 1522/1569/1522
f 1509/1570/1509 1540/1579/1540 1541/1592/1541
f 1536/1571/1536 1567/1590/1567 1568/1593/1568
f 1522/1569/1522 1555/1594/1555 1523/1572/1523
f 1510/1573/1510 1541/1592/1541 1542/1595/1542
f 1505/1560/1505 1568/1593/1568 1537/1583/1537
f 1523/1572/1523 1556/1596/1556 1524/1574/1524
f 1510/1573/1510 1543/1597/1543 1511/1575/1511
f 1524/1574/1524 1557/1598/1557 1525/1576/1525
f 1511/1575/1511 1544/1599/1544 1512/1577/1512
f 1525/1576/1525 1558/1600/1558 1526/1514/1526
f 1512/1577/1512 1545/1601/1545 1513/1578/1513
f 1527/1515/1527 1558/1600/1558 1559/1602/1559
f 1513/1578/1513 1546/1603/1546 1514/1549/1514
f 1528/1550/1528 1559/1602/1559 1560/1604/1560
f 1514/1549/1514 1547/1605/1547 1515/1551/1515
f 1529/1552/1529 1560/1604/1560 1561/1606/1561
f 1515/1551/1515 1548/1607/1548 1516/1553/1516
f 1530/1554/1530 1561/1606/1561 1562/1608/1562
f 1516/1553/1516 1549/1609/1549 1517/1555/1517
f 1531/1556/1531 1562/1608/1562 1563/1610/1563
f 1517/1555/1517 1550/1611/1550 1518/1557/1518
f 1575/1612/1575 1606/1613/1606 1607/1614/1607
f 1567/1590/1567 1598/1615/1598 1599/1616/1599
f 1553/1589/1553 1586/1617/1586 1554/1591/1554
f 1541/1592/1541 1572/1581/1572 1573/1618/1573
f 1568/1593/1568 1599/1616/1599 1600/1619/1600
f 1554/1591/1554 1587/1620/1587 1555/1594/1555
f 1542/1595/1542 1573/1618/1573 1574/1621/1574
f 1537/1583/1537 1600/1619/1600 1569/1622/1569
f 1555/1594/1555 1588/1623/1588 1556/1596/1556
f 1543/1597/1543 1574/1621/1574 1575/1612/1575
f 1556/1596/1556 1589/1624/1589 1557/1598/1557
f 1544/1599/1544 1575/1612/1575 1576/1625/1576
f 1557/1598/1557 1590/1626/1590 1558/1600/1558
f 1545/1601/1545 1576/1625/1576 1577/1627/1577
f 1558/1600/1558 1591/1628/1591 1559/1602/1559
f 1546/1603/1546 1577/1627/1577 1578/1629/1578
f 1559/1602/1559 1592/1630/1592 1560/1604/1560
f 1547/1605/1547 1578/1629/1578 1579/1631/1579
f 1560/1604/1560 1593/1632/1593 1561/1606/1561
f 1548/1607/1548 1579/1631/1579 1580/1633/1580
f 1561/1606/1561 1594/1634/1594 1562/1608/1562
f 1548/1607/1548 1581/1635/1581 1549/1609/1549
f 1562/1608/1562 1595/1636/1595 1563/1610/1563
f 1549/1609/1549 1582/1637/1582 1550/1611/1550
f 1563/1547/1563 1596/1638/1596 1564/1548/1564
f 1550/1611/1550 1583/1639/1583 1551/1582/1551
f 1538/1584/1538 1569/1622/1569 1570/1640/1570
f 1565/1585/1565 1596/1638/1596 1597/1641/1597
f 1551/1582/1551 1584/1642/1584 1552/1586/1552
f 1539/1587/1539 1570/1640/1570 1571/1580/1571
f 1566/1588/1566 1597/1641/1597 1598/1615/1598
f 1552/1586/1552 1585/1643/1585 1553/1589/1553
f 1610/1644/1610 1641/1645/1641 1642/1646/1642
f 1588/1623/1588 1621/1647/1621 1589/1624/1589
f 1576/1625/1576 1607/1614/1607 1608/1648/1608
f 1589/1624/1589 1622/1649/1622 1590/1626/1590
f 1577/1627/1577 1608/1648/1608 1609/1650/1609
f 1590/1626/1590 1623/1651/1623 1591/1628/1591
f 1578/1629/1578 1609/1650/1609 1610/1644/1610
f 1591/1628/1591 1624/1652/1624 1592/1630/1592
f 1579/1631/1579 1610/1644/1610 1611/1653/1611
f 1592/1630/1592 1625/1654/1625 1593/1632/1593
f 1580/1633/1580 1611/1653/1611 1612/1655/1612
f 1593/1632/1593 1626/1656/1626 1594/1634/1594
f 1581/1635/1581 1612/1655/1612 1613/1657/1613
f 1594/1634/1594 1627/1658/1627 1595/1636/1595
f 1582/1637/1582 1613/1657/1613 1614/1659/1614
f 1595/1660/1595 1628/1661/1628 1596/1638/1596
f 1583/1639/1583 1614/1659/1614 1615/1662/1615
f 1570/1640/1570 1601/1663/1601 1602/1664/1602
f 1596/1638/1596 1629/1665/1629 1597/1641/1597
f 1584/1642/1584 1615/1662/1615 1616/1666/1616
f 1571/1580/1571 1602/1664/1602 1603/1667/1603
f 1597/1641/1597 1630/1668/1630 1598/1615/1598
f 1584/1642/1584 1617/1669/1617 1585/1643/1585
f 1572/1581/1572 1603/1667/1603 1604/1670/1604
f 1598/1615/1598 1631/1671/1631 1599/1616/1599
f 1585/1643/1585 1618/1672/1618 1586/1617/1586
f 1573/1618/1573 1604/1670/1604 1605/1673/1605
f 1599/1616/1599 1632/1674/1632 1600/1619/1600
f 1586/1617/1586 1619/1675/1619 1587/1620/1587
f 1574/1621/1574 1605/1673/1605 1606/1613/1606
f 1569/1622/1569 1632/1674/1632 1601/1663/1601
f 1587/1620/1587 1620/1676/1620 1588/1623/1588
f 1639/1677/1639 1670/1678/1670 1671/1679/1671
f 1624/1652/1624 1655/1680/1655 1656/1681/1656
f 1611/1653/1611 1642/1646/1642 1643/1682/1643
f 1625/1654/1625 1656/1681/1656 1657/1683/1657
f 1612/1655/1612 1643/1682/1643 1644/1684/1644
f 1626/1656/1626 1657/1683/1657 1658/1685/1658
f 1613/1657/1613 1644/1684/1644 1645/1686/1645
f 1627/1658/1627 1658/1685/1658 1659/1687/1659
f 1614/1659/1614 1645/1686/1645 1646/1688/1646
f 1628/1661/1628 1659/1689/1659 1660/1690/1660
f 1615/1662/1615 1646/1688/1646 1647/1691/1647
f 1602/1664/1602 1633/1692/1633 1634/1693/1634
f 1629/1665/1629 1660/1690/1660 1661/1694/1661
f 1616/1666/1616 1647/1691/1647 1648/1695/1648
f 1603/1667/1603 1634/1693/1634 1635/1696/1635
f 1630/1668/1630 1661/1694/1661 1662/1697/1662
f 1617/1669/1617 1648/1695/1648 1649/1698/1649
f 1604/1670/1604 1635/1696/1635 1636/1699/1636
f 1631/1671/1631 1662/1697/1662 1663/1700/1663
f 1618/1672/1618 1649/1698/1649 1650/1701/1650
f 1605/1673/1605 1636/1699/1636 1637/1702/1637
f 1632/1674/1632 1663/1700/1663 1664/1703/1664
f 1619/1675/1619 1650/1701/1650 1651/1704/1651
f 1606/1613/1606 1637/1702/1637 1638/1705/1638
f 1601/1663/1601 1664/1703/1664 1633/1692/1633
f 1620/1676/1620 1651/1704/1651 1652/1706/1652
f 1607/1614/1607 1638/1705/1638 1639/1677/1639
f 1621/1647/1621 1652/1706/1652 1653/1707/1653
f 1608/1648/1608 1639/1677/1639 1640/1708/1640
f 1622/1649/1622 1653/1707/1653 1654/1709/1654
f 1609/1650/1609 1640/1708/1640 1641/1645/1641
f 1623/1651/1623 1654/1709/1654 1655/1680/1655
f 1669/1710/1669 1668/1711/1668 1675/1712/1675
f 1652/1706/1652 1685/1713/1685 1653/1707/1653
f 1640/1708/1640 1671/1679/1671 1672/1714/1672
f 1653/1707/1653 1686/1715/1686 1654/1709/1654
f 1641/1645/1641 1672/1714/1672 1673/1716/1673
f 1654/1709/1654 1687/1717/1687 1655/1680/1655
f 1642/1646/1642 1673/1716/1673 1674/1718/1674
f 1655/1680/1655 1688/1719/1688 1656/1681/1656
f 1643/1682/1643 1674/1718/1674 1675/1712/1675
f 1656/1681/1656 1689/1720/1689 1657/1683/1657
f 1644/1684/1644 1675/1712/1675 1676/1721/1676
f 1657/1683/1657 1690/1722/1690 1658/1685/1658
f 1645/1686/1645 1676/1721/1676 1677/1723/1677
f 1658/1685/1658 1691/1724/1691 1659/1687/1659
f 1646/1688/1646 1677/1723/1677 1678/1725/1678
f 1659/1689/1659 1692/1726/1692 1660/1690/1660
f 1647/1691/1647 1678/1725/1678 1679/1727/1679
f 1634/1693/1634 1665/1728/1665 1666/1729/1666
f 1660/1690/1660 1693/1730/1693 1661/1694/1661
f 1648/1695/1648 1679/1727/1679 1680/1731/1680
f 1635/1696/1635 1666/1729/1666 1667/1732/1667
f 1661/1694/1661 1694/1733/1694 1662/1697/1662
f 1648/1695/1648 1681/1734/1681 1649/1698/1649
f 1636/1699/1636 1667/1732/1667 1668/1711/1668
f 1662/1697/1662 1695/1735/1695 1663/1700/1663
f 1649/1698/1649 1682/1736/1682 1650/1701/1650
f 1637/1702/1637 1668/1711/1668 1669/1710/1669
f 1664/1703/1664 1695/1735/1695 1696/1737/1696
f 1650/1701/1650 1683/1738/1683 1651/1704/1651
f 1638/1705/1638 1669/1710/1669 1670/1678/1670
f 1633/1692/1633 1696/1737/1696 1665/1728/1665
f 1651/1704/1651 1684/1739/1684 1652/1706/1652
f 1874/1740/1874 1708/1741/1708 1709/1742/1709
f 1868/1743/1868 1702/1744/1702 1869/1745/1869
f 1875/1746/1875 1709/1742/1709 1710/1747/1710
f 1869/1745/1869 1703/1748/1703 1870/1749/1870
f 1699/1750/1699 1710/1747/1710 1711/1751/1711
f 1870/1749/1870 1704/1752/1704 1697/1753/1697
f 1876/1754/1876 1711/1751/1711 1712/1755/1712
f 1697/1753/1697 1705/1756/1705 1698/1757/1698
f 1700/1758/1700 1712/1755/1712 1713/1759/1713
f 1698/1757/1698 1706/1760/1706 1871/1761/1871
f 1877/1762/1877 1713/1759/1713 1714/1763/1714
f 1871/1761/1871 1707/1764/1707 1872/1765/1872
f 1878/1766/1878 1714/1763/1714 1715/1767/1715
f 1873/1768/1873 1707/1764/1707 1708/1741/1708
f 1868/1743/1868 1867/1769/1867 1701/1770/1701
f 1821/1771/1821 1878/1766/1878 1715/1767/1715
f 1708/1741/1708 1722/1772/1722 1723/1773/1723
f 1701/1770/1701 1867/1774/1867 1716/1775/1716
f 1821/1776/1821 1715/1767/1715 1730/1777/1730
f 1709/1742/1709 1723/1773/1723 1724/1778/1724
f 1701/1770/1701 1717/1779/1717 1702/1744/1702
f 1710/1747/1710 1724/1778/1724 1725/1780/1725
f 1702/1744/1702 1718/1781/1718 1703/1748/1703
f 1711/1751/1711 1725/1780/1725 1726/1782/1726
f 1703/1748/1703 1719/1783/1719 1704/1752/1704
f 1712/1755/1712 1726/1782/1726 1727/1784/1727
f 1704/1752/1704 1720/1785/1720 1705/1756/1705
f 1713/1759/1713 1727/1784/1727 1728/1786/1728
f 1705/1756/1705 1721/1787/1721 1706/1760/1706
f 1714/1763/1714 1728/1786/1728 1729/1788/1729
f 1706/1760/1706 1722/1772/1722 1707/1764/1707
f 1715/1767/1715 1729/1788/1729 1730/1777/1730
f 1727/1784/1727 1741/1789/1741 1742/1790/1742
f 1719/1783/1719 1735/1791/1735 1720/1785/1720
f 1728/1786/1728 1742/1790/1742 1743/1792/1743
f 1720/1785/1720 1736/1793/1736 1721/1787/1721
f 1729/1788/1729 1743/1792/1743 1744/1794/1744
f 1721/1787/1721 1737/1795/1737 1722/1772/1722
f 1730/1777/1730 1744/1794/1744 1745/1796/1745
f 1723/1773/1723 1737/1795/1737 1738/1797/1738
f 1716/1775/1716 1867/1798/1867 1731/1799/1731
f 1821/1800/1821 1730/1777/1730 1745/1796/1745
f 1724/1778/1724 1738/1797/1738 1739/1801/1739
f 1716/1775/1716 1732/1802/1732 1717/1779/1717
f 1725/1780/1725 1739/1801/1739 1740/1803/1740
f 1717/1779/1717 1733/1804/1733 1718/1781/1718
f 1726/1782/1726 1740/1803/1740 1741/1789/1741
f 1718/1781/1718 1734/1805/1734 1719/1783/1719
f 1731/1799/1731 1867/1806/1867 1746/1807/1746
f 1821/1808/1821 1745/1796/1745 1760/1809/1760
f 1738/1797/1738 1754/1810/1754 1739/1801/1739
f 1732/1802/1732 1746/1807/1746 1747/1811/1747
f 1740/1803/1740 1754/1810/1754 1755/1812/1755
f 1733/1804/1733 1747/1811/1747 1748/1813/1748
f 1741/1789/1741 1755/1812/1755 1756/1814/1756
f 1734/1805/1734 1748/1813/1748 1749/1815/1749
f 1742/1790/1742 1756/1814/1756 1757/1816/1757
f 1735/1791/1735 1749/1815/1749 1750/1817/1750
f 1743/1792/1743 1757/1816/1757 1758/1818/1758
f 1736/1793/1736 1750/1817/1750 1751/1819/1751
f 1744/1794/1744 1758/1818/1758 1759/1820/1759
f 1737/1795/1737 1751/1819/1751 1752/1821/1752
f 1745/1796/1745 1759/1820/1759 1760/1809/1760
f 1738/1797/1738 1752/1821/1752 1753/1822/1753
f 1750/1817/1750 1764/1823/1764 1765/1824/1765
f 1757/1816/1757 1773/1825/1773 1758/1818/1758
f 1751/1819/1751 1765/1824/1765 1766/1826/1766
f 1758/1818/1758 1774/1827/1774 1759/1820/1759
f 1752/1821/1752 1766/1826/1766 1767/1828/1767
f 1759/1820/1759 1775/1829/1775 1760/1809/1760
f 1753/1822/1753 1767/1828/1767 1768/1830/1768
f 1746/1807/1746 1867/1831/1867 1761/1832/1761
f 1821/1833/1821 1760/1809/1760 1775/1829/1775
f 1753/1822/1753 1769/1834/1769 1754/1810/1754
f 1747/1811/1747 1761/1832/1761 1762/1835/1762
f 1754/1810/1754 1770/1836/1770 1755/1812/1755
f 1748/1813/1748 1762/1835/1762 1763/1837/1763
f 1755/1812/1755 1771/1838/1771 1756/1814/1756
f 1749/1815/1749 1763/1837/1763 1764/1823/1764
f 1756/1814/1756 1772/1839/1772 1757/1816/1757
f 1768/1830/1768 1784/1840/1784 1769/1834/1769
f 1762/1835/1762 1776/1841/1776 1777/1842/1777
f 1769/1834/1769 1785/1843/1785 1770/1836/1770
f 1763/1837/1763 1777/1842/1777 1778/1844/1778
f 1770/1836/1770 1786/1845/1786 1771/1838/1771
f 1764/1823/1764 1778/1844/1778 1779/1846/1779
f 1771/1838/1771 1787/1847/1787 1772/1839/1772
f 1765/1824/1765 1779/1846/1779 1780/1848/1780
f 1772/1839/1772 1788/1849/1788 1773/1825/1773
f 1766/1826/1766 1780/1848/1780 1781/1850/1781
f 1773/1825/1773 1789/1851/1789 1774/1827/1774
f 1767/1828/1767 1781/1850/1781 1782/1852/1782
f 1774/1827/1774 1790/1853/1790 1775/1829/1775
f 1768/1830/1768 1782/1852/1782 1783/1854/1783
f 1761/1832/1761 1867/1855/1867 1776/1841/1776
f 1821/1856/1821 1775/1829/1775 1790/1853/1790
f 1787/1847/1787 1803/1857/1803 1788/1849/1788
f 1781/1850/1781 1795/1858/1795 1796/1859/1796
f 1788/1849/1788 1804/1860/1804 1789/1851/1789
f 1782/1852/1782 1796/1859/1796 1797/1861/1797
f 1789/1851/1789 1805/1862/1805 1790/1853/1790
f 1783/1854/1783 1797/1861/1797 1798/1863/1798
f 1776/1841/1776 1867/1864/1867 1791/1865/1791
f 1821/1866/1821 1790/1853/1790 1805/1862/1805
f 1783/1854/1783 1799/1867/1799 1784/1840/1784
f 1776/1841/1776 1792/1868/1792 1777/1842/1777
f 1784/1840/1784 1800/1869/1800 1785/1843/1785
f 1778/1844/1778 1792/1868/1792 1793/1870/1793
f 1785/1843/1785 1801/1871/1801 1786/1845/1786
f 1779/1846/1779 1793/1870/1793 1794/1872/1794
f 1786/1845/1786 1802/1873/1802 1787/1847/1787
f 1780/1848/1780 1794/1872/1794 1795/1858/1795
f 1799/1867/1799 1815/1874/1815 1800/1869/1800
f 1792/1868/1792 1808/1875/1808 1793/1870/1793
f 1800/1869/1800 1816/1876/1816 1801/1871/1801
f 1793/1870/1793 1809/1877/1809 1794/1872/1794
f 1801/1871/1801 1817/1878/1817 1802/1873/1802
f 1794/1872/1794 1810/1879/1810 1795/1858/1795
f 1802/1873/1802 1818/1880/1818 1803/1857/1803
f 1795/1858/1795 1811/1881/1811 1796/1859/1796
f 1803/1857/1803 1819/1882/1819 1804/1860/1804
f 1796/1859/1796 1812/1883/1812 1797/1861/1797
f 1804/1860/1804 1820/1884/1820 1805/1862/1805
f 1798/1863/1798 1812/1883/1812 1813/1885/1813
f 1791/1865/1791 1867/1886/1867 1806/1887/1806
f 1821/1888/1821 1805/1862/1805 1820/1884/1820
f 1798/1863/1798 1814/1889/1814 1799/1867/1799
f 1791/1865/1791 1807/1890/1807 1792/1868/1792
f 1818/1880/1818 1835/1891/1835 1819/1882/1819
f 1811/1881/1811 1828/1892/1828 1812/1883/1812
f 1819/1882/1819 1836/1893/1836 1820/1884/1820
f 1812/1883/1812 1829/1894/1829 1813/1885/1813
f 1806/1887/1806 1867/1895/1867 1822/1896/1822
f 1821/1897/1821 1820/1884/1820 1836/1893/1836
f 1813/1885/1813 1830/1898/1830 1814/1889/1814
f 1806/1887/1806 1823/1899/1823 1807/1890/1807
f 1814/1889/1814 1831/1900/1831 1815/1874/1815
f 1807/1890/1807 1824/1901/1824 1808/1875/1808
f 1815/1874/1815 1832/1902/1832 1816/1876/1816
f 1808/1875/1808 1825/1903/1825 1809/1877/1809
f 1816/1876/1816 1833/1904/1833 1817/1878/1817
f 1809/1877/1809 1826/1905/1826 1810/1879/1810
f 1817/1878/1817 1834/1906/1834 1818/1880/1818
f 1810/1879/1810 1827/1907/1827 1811/1881/1811
f 1824/1908/1824 1838/1909/1838 1839/1910/1839
f 1831/1911/1831 1847/1912/1847 1832/1913/1832
f 1825/1914/1825 1839/1910/1839 1840/1915/1840
f 1832/1913/1832 1848/1916/1848 1833/1917/1833
f 1825/1914/1825 1841/1918/1841 1826/1919/1826
f 1833/1917/1833 1849/1920/1849 1834/1921/1834
f 1827/1922/1827 1841/1918/1841 1842/1923/1842
f 1834/1921/1834 1850/1924/1850 1835/1925/1835
f 1827/1922/1827 1843/1926/1843 1828/1927/1828
f 1835/1925/1835 1851/1928/1851 1836/1929/1836
f 1828/1927/1828 1844/1930/1844 1829/1931/1829
f 1822/1932/1822 1867/1933/1867 1837/1934/1837
f 1821/1935/1821 1836/1929/1836 1851/1928/1851
f 1829/1931/1829 1845/1936/1845 1830/1937/1830
f 1823/1938/1823 1837/1934/1837 1838/1909/1838
f 1830/1937/1830 1846/1939/1846 1831/1911/1831
f 1843/1926/1843 1857/1940/1857 1858/1941/1858
f 1851/1928/1851 1865/1942/1865 1866/1943/1866
f 1843/1926/1843 1859/1944/1859 1844/1930/1844
f 1837/1934/1837 1867/1945/1867 1852/1946/1852
f 1821/1947/1821 1851/1928/1851 1866/1943/1866
f 1844/1930/1844 1860/1948/1860 1845/1936/1845
f 1838/1909/1838 1852/1946/1852 1853/1949/1853
f 1846/1939/1846 1860/1948/1860 1861/1950/1861
f 1839/1910/1839 1853/1949/1853 1854/1951/1854
f 1847/1912/1847 1861/1950/1861 1862/1952/1862
f 1840/1915/1840 1854/1951/1854 1855/1953/1855
f 1848/1916/1848 1862/1952/1862 1863/1954/1863
f 1841/1918/1841 1855/1953/1855 1856/1955/1856
f 1849/1920/1849 1863/1954/1863 1864/1956/1864
f 1842/1923/1842 1856/1955/1856 1857/1940/1857
f 1850/1924/1850 1864/1956/1864 1865/1942/1865
f 1862/1952/1862 1875/1746/1875 1699/1750/1699
f 1855/1953/1855 1870/1749/1870 1697/1753/1697
f 1863/1954/1863 1699/1750/1699 1876/1754/1876
f 1856/1955/1856 1697/1753/1697 1698/1757/1698
f 1864/1956/1864 1876/1754/1876 1700/1758/1700
f 1857/1940/1857 1698/1757/1698 1871/1761/1871
f 1865/1942/1865 1700/1758/1700 1877/1762/1877
f 1858/1941/1858 1871/1761/1871 1872/1765/1872
f 1866/1943/1866 1877/1762/1877 1878/1766/1878
f 1858/1941/1858 1873/1768/1873 1859/1944/1859
f 1852/1946/1852 1867/1957/1867 1868/1743/1868
f 1821/1958/1821 1866/1943/1866 1878/1766/1878
f 1860/1948/1860 1873/1768/1873 1874/1740/1874
f 1853/1949/1853 1868/1743/1868 1869/1745/1869
f 1861/1950/1861 1874/1740/1874 1875/1746/1875
f 1854/1951/1854 1869/1745/1869 1870/1749/1870
f 2056/1959/2056 1890/1960/1890 1891/1961/1891
f 2050/1962/2050 1884/1963/1884 2051/1964/2051
f 2057/1965/2057 1891/1961/1891 1892/1966/1892
f 2051/1964/2051 1885/1967/1885 2052/1968/2052
f 1881/1969/1881 1892/1966/1892 1893/1970/1893
f 2052/1968/2052 1886/1971/1886 1879/1972/1879
f 2058/1973/2058 1893/1970/1893 1894/1974/1894
f 1879/1972/1879 1887/1975/1887 1880/1976/1880
f 1882/1977/1882 1894/1974/1894 1895/1978/1895
f 1880/1976/1880 1888/1979/1888 2053/1980/2053
f 2059/1981/2059 1895/1978/1895 1896/1982/1896
f 2053/1980/2053 1889/1983/1889 2054/1984/2054
f 2060/1985/2060 1896/1982/1896 1897/1986/1897
f 2054/1984/2054 1890/1960/1890 2055/1987/2055
f 2050/1962/2050 2049/1988/2049 1883/1989/1883
f 2003/1990/2003 2060/1985/2060 1897/1986/1897
f 1889/1983/1889 1905/1991/1905 1890/1960/1890
f 1883/1989/1883 2049/1992/2049 1898/1993/1898
f 2003/1994/2003 1897/1986/1897 1912/1995/1912
f 1891/1961/1891 1905/1991/1905 1906/1996/1906
f 1883/1989/1883 1899/1997/1899 1884/1963/1884
f 1892/1966/1892 1906/1996/1906 1907/1998/1907
f 1884/1963/1884 1900/1999/1900 1885/1967/1885
f 1893/1970/1893 1907/1998/1907 1908/2000/1908
f 1885/1967/1885 1901/2001/1901 1886/1971/1886
f 1894/1974/1894 1908/2000/1908 1909/2002/1909
f 1886/1971/1886 1902/2003/1902 1887/1975/1887
f 1895/1978/1895 1909/2002/1909 1910/2004/1910
f 1887/1975/1887 1903/2005/1903 1888/1979/1888
f 1896/1982/1896 1910/2004/1910 1911/2006/1911
f 1888/1979/1888 1904/2007/1904 1889/1983/1889
f 1897/1986/1897 1911/2006/1911 1912/1995/1912
f 1909/2002/1909 1923/2008/1923 1924/2009/1924
f 1901/2001/1901 1917/2010/1917 1902/2003/1902
f 1910/2004/1910 1924/2009/1924 1925/2011/1925
f 1902/2003/1902 1918/2012/1918 1903/2005/1903
f 1911/2006/1911 1925/2011/1925 1926/2013/1926
f 1903/2005/1903 1919/2014/1919 1904/2007/1904
f 1912/1995/1912 1926/2013/1926 1927/2015/1927
f 1904/2007/1904 1920/2016/1920 1905/1991/1905
f 1898/1993/1898 2049/2017/2049 1913/2018/1913
f 2003/2019/2003 1912/1995/1912 1927/2015/1927
f 1906/1996/1906 1920/2016/1920 1921/2020/1921
f 1898/1993/1898 1914/2021/1914 1899/1997/1899
f 1907/1998/1907 1921/2020/1921 1922/2022/1922
f 1899/1997/1899 1915/2023/1915 1900/1999/1900
f 1908/2000/1908 1922/2022/1922 1923/2008/1923
f 1900/1999/1900 1916/2024/1916 1901/2001/1901
f 1913/2018/1913 2049/2025/2049 1928/2026/1928
f 2003/2027/2003 1927/2015/1927 1942/2028/1942
f 1920/2016/1920 1936/2029/1936 1921/2020/1921
f 1914/2021/1914 1928/2026/1928 1929/2030/1929
f 1921/2020/1921 1937/2031/1937 1922/2022/1922
f 1915/2023/1915 1929/2030/1929 1930/2032/1930
f 1922/2022/1922 1938/2033/1938 1923/2008/1923
f 1916/2024/1916 1930/2032/1930 1931/2034/1931
f 1923/2008/1923 1939/2035/1939 1924/2009/1924
f 1916/2024/1916 1932/2036/1932 1917/2010/1917
f 1924/2009/1924 1940/2037/1940 1925/2011/1925
f 1917/2010/1917 1933/2038/1933 1918/2012/1918
f 1925/2011/1925 1941/2039/1941 1926/2013/1926
f 1918/2012/1918 1934/2040/1934 1919/2014/1919
f 1926/2013/1926 1942/2028/1942 1927/2015/1927
f 1919/2014/1919 1935/2041/1935 1920/2016/1920
f 1932/2036/1932 1946/2042/1946 1947/2043/1947
f 1939/2035/1939 1955/2044/1955 1940/2037/1940
f 1933/2038/1933 1947/2043/1947 1948/2045/1948
f 1940/2037/1940 1956/2046/1956 1941/2039/1941
f 1934/2040/1934 1948/2045/1948 1949/2047/1949
f 1941/2039/1941 1957/2048/1957 1942/2028/1942
f 1934/2040/1934 1950/2049/1950 1935/2041/1935
f 1928/2026/1928 2049/2050/2049 1943/2051/1943
f 2003/2052/2003 1942/2028/1942 1957/2048/1957
f 1935/2041/1935 1951/2053/1951 1936/2029/1936
f 1929/2030/1929 1943/2051/1943 1944/2054/1944
f 1936/2029/1936 1952/2055/1952 1937/2031/1937
f 1930/2032/1930 1944/2054/1944 1945/2056/1945
f 1937/2031/1937 1953/2057/1953 1938/2033/1938
f 1931/2034/1931 1945/2056/1945 1946/2042/1946
f 1938/2033/1938 1954/2058/1954 1939/2035/1939
f 1950/2049/1950 1966/2059/1966 1951/2053/1951
f 1944/2054/1944 1958/2060/1958 1959/2061/1959
f 1951/2053/1951 1967/2062/1967 1952/2055/1952
f 1945/2056/1945 1959/2061/1959 1960/2063/1960
f 1952/2055/1952 1968/2064/1968 1953/2057/1953
f 1946/2042/1946 1960/2063/1960 1961/2065/1961
f 1953/2057/1953 1969/2066/1969 1954/2058/1954
f 1947/2043/1947 1961/2065/1961 1962/2067/1962
f 1954/2058/1954 1970/2068/1970 1955/2044/1955
f 1948/2045/1948 1962/2067/1962 1963/2069/1963
f 1955/2044/1955 1971/2070/1971 1956/2046/1956
f 1949/2047/1949 1963/2069/1963 1964/2071/1964
f 1956/2046/1956 1972/2072/1972 1957/2048/1957
f 1949/2047/1949 1965/2073/1965 1950/2049/1950
f 1943/2051/1943 2049/2074/2049 1958/2060/1958
f 2003/2075/2003 1957/2048/1957 1972/2072/1972
f 1969/2066/1969 1985/2076/1985 1970/2068/1970
f 1963/2069/1963 1977/2077/1977 1978/2078/1978
f 1970/2068/1970 1986/2079/1986 1971/2070/1971
f 1964/2071/1964 1978/2078/1978 1979/2080/1979
f 1971/2070/1971 1987/2081/1987 1972/2072/1972
f 1965/2073/1965 1979/2080/1979 1980/2082/1980
f 1958/2060/1958 2049/2083/2049 1973/2084/1973
f 2003/2085/2003 1972/2072/1972 1987/2081/1987
f 1965/2073/1965 1981/2086/1981 1966/2059/1966
f 1959/2061/1959 1973/2084/1973 1974/2087/1974
f 1966/2059/1966 1982/2088/1982 1967/2062/1967
f 1960/2063/1960 1974/2087/1974 1975/2089/1975
f 1967/2062/1967 1983/2090/1983 1968/2064/1968
f 1961/2065/1961 1975/2089/1975 1976/2091/1976
f 1968/2064/1968 1984/2092/1984 1969/2066/1969
f 1962/2067/1962 1976/2091/1976 1977/2077/1977
f 1981/2086/1981 1997/2093/1997 1982/2088/1982
f 1974/2087/1974 1990/2094/1990 1975/2089/1975
f 1982/2088/1982 1998/2095/1998 1983/2090/1983
f 1975/2089/1975 1991/2096/1991 1976/2091/1976
f 1983/2090/1983 1999/2097/1999 1984/2092/1984
f 1976/2091/1976 1992/2098/1992 1977/2077/1977
f 1984/2092/1984 2000/2099/2000 1985/2076/1985
f 1977/2077/1977 1993/2100/1993 1978/2078/1978
f 1985/2076/1985 2001/2101/2001 1986/2079/1986
f 1978/2078/1978 1994/2102/1994 1979/2080/1979
f 1986/2079/1986 2002/2103/2002 1987/2081/1987
f 1980/2082/1980 1994/2102/1994 1995/2104/1995
f 1973/2084/1973 2049/2105/2049 1988/2106/1988
f 2003/2107/2003 1987/2081/1987 2002/2103/2002
f 1980/2082/1980 1996/2108/1996 1981/2086/1981
f 1973/2084/1973 1989/2109/1989 1974/2087/1974
f 2000/2099/2000 2017/2110/2017 2001/2101/2001
f 1993/2100/1993 2010/2111/2010 1994/2102/1994
f 2001/2101/2001 2018/2112/2018 2002/2103/2002
f 1995/2104/1995 2010/2111/2010 2011/2113/2011
f 1988/2106/1988 2049/2114/2049 2004/2115/2004
f 2003/2116/2003 2002/2103/2002 2018/2112/2018
f 1996/2108/1996 2011/2113/2011 2012/2117/2012
f 1988/2106/1988 2005/2118/2005 1989/2109/1989
f 1996/2108/1996 2013/2119/2013 1997/2093/1997
f 1989/2109/1989 2006/2120/2006 1990/2094/1990
f 1998/2095/1998 2013/2119/2013 2014/2121/2014
f 1990/2094/1990 2007/2122/2007 1991/2096/1991
f 1999/2097/1999 2014/2121/2014 2015/2123/2015
f 1991/2096/1991 2008/2124/2008 1992/2098/1992
f 1999/2097/1999 2016/2125/2016 2000/2099/2000
f 1992/2098/1992 2009/2126/2009 1993/2100/1993
f 2006/2127/2006 2020/2128/2020 2021/2129/2021
f 2014/2130/2014 2028/2131/2028 2029/2132/2029
f 2007/2133/2007 2021/2129/2021 2022/2134/2022
f 2015/2135/2015 2029/2132/2029 2030/2136/2030
f 2008/2137/2008 2022/2134/2022 2023/2138/2023
f 2016/2139/2016 2030/2136/2030 2031/2140/2031
f 2009/2141/2009 2023/2138/2023 2024/2142/2024
f 2017/2143/2017 2031/2140/2031 2032/2144/2032
f 2010/2145/2010 2024/2142/2024 2025/2146/2025
f 2018/2147/2018 2032/2144/2032 2033/2148/2033
f 2011/2149/2011 2025/2146/2025 2026/2150/2026
f 2004/2151/2004 2049/2152/2049 2019/2153/2019
f 2003/2154/2003 2018/2147/2018 2033/2148/2033
f 2012/2155/2012 2026/2150/2026 2027/2156/2027
f 2005/2157/2005 2019/2153/2019 2020/2128/2020
f 2013/2158/2013 2027/2156/2027 2028/2131/2028
f 2025/2146/2025 2039/2159/2039 2040/2160/2040
f 2033/2148/2033 2047/2161/2047 2048/2162/2048
f 2026/2150/2026 2040/2160/2040 2041/2163/2041
f 2019/2153/2019 2049/2164/2049 2034/2165/2034
f 2003/2166/2003 2033/2148/2033 2048/2162/2048
f 2027/2156/2027 2041/2163/2041 2042/2167/2042
f 2020/2128/2020 2034/2165/2034 2035/2168/2035
f 2028/2131/2028 2042/2167/2042 2043/2169/2043
f 2021/2129/2021 2035/2168/2035 2036/2170/2036
f 2029/2132/2029 2043/2169/2043 2044/2171/2044
f 2022/2134/2022 2036/2170/2036 2037/2172/2037
f 2030/2136/2030 2044/2171/2044 2045/2173/2045
f 2023/2138/2023 2037/2172/2037 2038/2174/2038
f 2031/2140/2031 2045/2173/2045 2046/2175/2046
f 2024/2142/2024 2038/2174/2038 2039/2159/2039
f 2032/2144/2032 2046/2175/2046 2047/2161/2047
f 2044/2171/2044 2057/1965/2057 1881/1969/1881
f 2037/2172/2037 2052/1968/2052 1879/1972/1879
f 2045/2173/2045 1881/1969/1881 2058/1973/2058
f 2038/2174/2038 1879/1972/1879 1880/1976/1880
f 2046/2175/2046 2058/1973/2058 1882/1977/1882
f 2039/2159/2039 1880/1976/1880 2053/1980/2053
f 2047/2161/2047 1882/1977/1882 2059/1981/2059
f 2040/2160/2040 2053/1980/2053 2054/1984/2054
f 2048/2162/2048 2059/1981/2059 2060/1985/2060
f 2041/2163/2041 2054/1984/2054 2055/1987/2055
f 2034/2165/2034 2049/2176/2049 2050/1962/2050
f 2003/2177/2003 2048/2162/2048 2060/1985/2060
f 2042/2167/2042 2055/1987/2055 2056/1959/2056
f 2035/2168/2035 2050/1962/2050 2051/1964/2051
f 2043/2169/2043 2056/1959/2056 2057/1965/2057
f 2036/2170/2036 2051/1964/2051 2052/1968/2052
f 2238/2178/2238 2072/2179/2072 2073/2180/2073
f 2232/2181/2232 2066/2182/2066 2233/2183/2233
f 2239/2184/2239 2073/2180/2073 2074/2185/2074
f 2233/2183/2233 2067/2186/2067 2234/2187/2234
f 2063/2188/2063 2074/2185/2074 2075/2189/2075
f 2234/2187/2234 2068/2190/2068 2061/2191/2061
f 2240/2192/2240 2075/2189/2075 2076/2193/2076
f 2061/2191/2061 2069/2194/2069 2062/2195/2062
f 2064/2196/2064 2076/2193/2076 2077/2197/2077
f 2062/2195/2062 2070/2198/2070 2235/2199/2235
f 2241/2200/2241 2077/2197/2077 2078/2201/2078
f 2235/2199/2235 2071/2202/2071 2236/2203/2236
f 2242/2204/2242 2078/2201/2078 2079/2205/2079
f 2236/2203/2236 2072/2179/2072 2237/2206/2237
f 2232/2181/2232 2231/2207/2231 2065/2208/2065
f 2185/2209/2185 2242/2204/2242 2079/2205/2079
f 2072/2179/2072 2086/2210/2086 2087/2211/2087
f 2065/2208/2065 2231/2212/2231 2080/2213/2080
f 2185/2214/2185 2079/2205/2079 2094/2215/2094
f 2073/2180/2073 2087/2211/2087 2088/2216/2088
f 2065/2208/2065 2081/2217/2081 2066/2182/2066
f 2074/2185/2074 2088/2216/2088 2089/2218/2089
f 2066/2182/2066 2082/2219/2082 2067/2186/2067
f 2075/2189/2075 2089/2218/2089 2090/2220/2090
f 2067/2186/2067 2083/2221/2083 2068/2190/2068
f 2076/2193/2076 2090/2220/2090 2091/2222/2091
f 2068/2190/2068 2084/2223/2084 2069/2194/2069
f 2077/2197/2077 2091/2222/2091 2092/2224/2092
f 2069/2194/2069 2085/2225/2085 2070/2198/2070
f 2078/2201/2078 2092/2224/2092 2093/2226/2093
f 2070/2198/2070 2086/2210/2086 2071/2202/2071
f 2079/2205/2079 2093/2226/2093 2094/2215/2094
f 2091/2222/2091 2105/2227/2105 2106/2228/2106
f 2083/2221/2083 2099/2229/2099 2084/2223/2084
f 2092/2224/2092 2106/2228/2106 2107/2230/2107
f 2084/2223/2084 2100/2231/2100 2085/2225/2085
f 2093/2226/2093 2107/2230/2107 2108/2232/2108
f 2085/2225/2085 2101/2233/2101 2086/2210/2086
f 2094/2215/2094 2108/2232/2108 2109/2234/2109
f 2086/2210/2086 2102/2235/2102 2087/2211/2087
f 2080/2213/2080 2231/2236/2231 2095/2237/2095
f 2185/2238/2185 2094/2215/2094 2109/2234/2109
f 2088/2216/2088 2102/2235/2102 2103/2239/2103
f 2080/2213/2080 2096/2240/2096 2081/2217/2081
f 2089/2218/2089 2103/2239/2103 2104/2241/2104
f 2081/2217/2081 2097/2242/2097 2082/2219/2082
f 2090/2220/2090 2104/2241/2104 2105/2227/2105
f 2082/2219/2082 2098/2243/2098 2083/2221/2083
f 2095/2237/2095 2231/2244/2231 2110/2245/2110
f 2185/2246/2185 2109/2234/2109 2124/2247/2124
f 2102/2235/2102 2118/2248/2118 2103/2239/2103
f 2096/2240/2096 2110/2245/2110 2111/2249/2111
f 2103/2239/2103 2119/2250/2119 2104/2241/2104
f 2097/2242/2097 2111/2249/2111 2112/2251/2112
f 2104/2241/2104 2120/2252/2120 2105/2227/2105
f 2098/2243/2098 2112/2251/2112 2113/2253/2113
f 2105/2227/2105 2121/2254/2121 2106/2228/2106
f 2099/2229/2099 2113/2253/2113 2114/2255/2114
f 2106/2228/2106 2122/2256/2122 2107/2230/2107
f 2099/2229/2099 2115/2257/2115 2100/2231/2100
f 2107/2230/2107 2123/2258/2123 2108/2232/2108
f 2100/2231/2100 2116/2259/2116 2101/2233/2101
f 2108/2232/2108 2124/2247/2124 2109/2234/2109
f 2101/2233/2101 2117/2260/2117 2102/2235/2102
f 2114/2255/2114 2128/2261/2128 2129/2262/2129
f 2121/2254/2121 2137/2263/2137 2122/2256/2122
f 2115/2257/2115 2129/2262/2129 2130/2264/2130
f 2122/2256/2122 2138/2265/2138 2123/2258/2123
f 2116/2259/2116 2130/2264/2130 2131/2266/2131
f 2123/2258/2123 2139/2267/2139 2124/2247/2124
f 2116/2259/2116 2132/2268/2132 2117/2260/2117
f 2110/2245/2110 2231/2269/2231 2125/2270/2125
f 2185/2271/2185 2124/2247/2124 2139/2267/2139
f 2117/2260/2117 2133/2272/2133 2118/2248/2118
f 2111/2249/2111 2125/2270/2125 2126/2273/2126
f 2118/2248/2118 2134/2274/2134 2119/2250/2119
f 2112/2251/2112 2126/2273/2126 2127/2275/2127
f 2119/2250/2119 2135/2276/2135 2120/2252/2120
f 2113/2253/2113 2127/2275/2127 2128/2261/2128
f 2120/2252/2120 2136/2277/2136 2121/2254/2121
f 2132/2268/2132 2148/2278/2148 2133/2272/2133
f 2126/2273/2126 2140/2279/2140 2141/2280/2141
f 2133/2272/2133 2149/2281/2149 2134/2274/2134
f 2127/2275/2127 2141/2280/2141 2142/2282/2142
f 2134/2274/2134 2150/2283/2150 2135/2276/2135
f 2128/2261/2128 2142/2282/2142 2143/2284/2143
f 2135/2276/2135 2151/2285/2151 2136/2277/2136
f 2129/2262/2129 2143/2284/2143 2144/2286/2144
f 2136/2277/2136 2152/2287/2152 2137/2263/2137
f 2130/2264/2130 2144/2286/2144 2145/2288/2145
f 2137/2263/2137 2153/2289/2153 2138/2265/2138
f 2131/2266/2131 2145/2288/2145 2146/2290/2146
f 2138/2265/2138 2154/2291/2154 2139/2267/2139
f 2131/2266/2131 2147/2292/2147 2132/2268/2132
f 2125/2270/2125 2231/2293/2231 2140/2279/2140
f 2185/2294/2185 2139/2267/2139 2154/2291/2154
f 2151/2285/2151 2167/2295/2167 2152/2287/2152
f 2145/2288/2145 2159/2296/2159 2160/2297/2160
f 2152/2287/2152 2168/2298/2168 2153/2289/2153
f 2146/2290/2146 2160/2297/2160 2161/2299/2161
f 2153/2289/2153 2169/2300/2169 2154/2291/2154
f 2147/2292/2147 2161/2299/2161 2162/2301/2162
f 2140/2279/2140 2231/2302/2231 2155/2303/2155
f 2185/2304/2185 2154/2291/2154 2169/2300/2169
f 2147/2292/2147 2163/2305/2163 2148/2278/2148
f 2141/2280/2141 2155/2303/2155 2156/2306/2156
f 2148/2278/2148 2164/2307/2164 2149/2281/2149
f 2142/2282/2142 2156/2306/2156 2157/2308/2157
f 2149/2281/2149 2165/2309/2165 2150/2283/2150
f 2143/2284/2143 2157/2308/2157 2158/2310/2158
f 2150/2283/2150 2166/2311/2166 2151/2285/2151
f 2144/2286/2144 2158/2310/2158 2159/2296/2159
f 2163/2305/2163 2179/2312/2179 2164/2307/2164
f 2156/2306/2156 2172/2313/2172 2157/2308/2157
f 2164/2307/2164 2180/2314/2180 2165/2309/2165
f 2157/2308/2157 2173/2315/2173 2158/2310/2158
f 2165/2309/2165 2181/2316/2181 2166/2311/2166
f 2158/2310/2158 2174/2317/2174 2159/2296/2159
f 2166/2311/2166 2182/2318/2182 2167/2295/2167
f 2159/2296/2159 2175/2319/2175 2160/2297/2160
f 2167/2295/2167 2183/2320/2183 2168/2298/2168
f 2160/2297/2160 2176/2321/2176 2161/2299/2161
f 2168/2298/2168 2184/2322/2184 2169/2300/2169
f 2162/2301/2162 2176/2321/2176 2177/2323/2177
f 2155/2303/2155 2231/2324/2231 2170/2325/2170
f 2185/2326/2185 2169/2300/2169 2184/2322/2184
f 2162/2301/2162 2178/2327/2178 2163/2305/2163
f 2155/2303/2155 2171/2328/2171 2156/2306/2156
f 2182/2318/2182 2199/2329/2199 2183/2320/2183
f 2175/2319/2175 2192/2330/2192 2176/2321/2176
f 2183/2320/2183 2200/2331/2200 2184/2322/2184
f 2177/2323/2177 2192/2330/2192 2193/2332/2193
f 2170/2325/2170 2231/2333/2231 2186/2334/2186
f 2185/2335/2185 2184/2322/2184 2200/2331/2200
f 2177/2323/2177 2194/2336/2194 2178/2327/2178
f 2170/2325/2170 2187/2337/2187 2171/2328/2171
f 2178/2327/2178 2195/2338/2195 2179/2312/2179
f 2171/2328/2171 2188/2339/2188 2172/2313/2172
f 2179/2312/2179 2196/2340/2196 2180/2314/2180
f 2172/2313/2172 2189/2341/2189 2173/2315/2173
f 2180/2314/2180 2197/2342/2197 2181/2316/2181
f 2173/2315/2173 2190/2343/2190 2174/2317/2174
f 2181/2316/2181 2198/2344/2198 2182/2318/2182
f 2174/2317/2174 2191/2345/2191 2175/2319/2175
f 2188/2346/2188 2202/2347/2202 2203/2348/2203
f 2196/2349/2196 2210/2350/2210 2211/2351/2211
f 2189/2352/2189 2203/2348/2203 2204/2353/2204
f 2197/2354/2197 2211/2351/2211 2212/2355/2212
f 2190/2356/2190 2204/2353/2204 2205/2357/2205
f 2198/2358/2198 2212/2355/2212 2213/2359/2213
f 2191/2360/2191 2205/2357/2205 2206/2361/2206
f 2198/2358/2198 2214/2362/2214 2199/2363/2199
f 2192/2364/2192 2206/2361/2206 2207/2365/2207
f 2199/2363/2199 2215/2366/2215 2200/2367/2200
f 2193/2368/2193 2207/2365/2207 2208/2369/2208
f 2186/2370/2186 2231/2371/2231 2201/2372/2201
f 2185/2373/2185 2200/2367/2200 2215/2366/2215
f 2194/2374/2194 2208/2369/2208 2209/2375/2209
f 2187/2376/2187 2201/2372/2201 2202/2347/2202
f 2195/2377/2195 2209/2375/2209 2210/2350/2210
f 2207/2365/2207 2221/2378/2221 2222/2379/2222
f 2215/2366/2215 2229/2380/2229 2230/2381/2230
f 2207/2365/2207 2223/2382/2223 2208/2369/2208
f 2201/2372/2201 2231/2383/2231 2216/2384/2216
f 2185/2385/2185 2215/2366/2215 2230/2381/2230
f 2209/2375/2209 2223/2382/2223 2224/2386/2224
f 2202/2347/2202 2216/2384/2216 2217/2387/2217
f 2210/2350/2210 2224/2386/2224 2225/2388/2225
f 2203/2348/2203 2217/2387/2217 2218/2389/2218
f 2211/2351/2211 2225/2388/2225 2226/2390/2226
f 2204/2353/2204 2218/2389/2218 2219/2391/2219
f 2212/2355/2212 2226/2390/2226 2227/2392/2227
f 2205/2357/2205 2219/2391/2219 2220/2393/2220
f 2213/2359/2213 2227/2392/2227 2228/2394/2228
f 2206/2361/2206 2220/2393/2220 2221/2378/2221
f 2214/2362/2214 2228/2394/2228 2229/2380/2229
f 2226/2390/2226 2239/2184/2239 2063/2188/2063
f 2219/2391/2219 2234/2187/2234 2061/2191/2061
f 2227/2392/2227 2063/2188/2063 2240/2192/2240
f 2220/2393/2220 2061/2191/2061 2062/2195/2062
f 2228/2394/2228 2240/2192/2240 2064/2196/2064
f 2221/2378/2221 2062/2195/2062 2235/2199/2235
f 2229/2380/2229 2064/2196/2064 2241/2200/2241
f 2222/2379/2222 2235/2199/2235 2236/2203/2236
f 2230/2381/2230 2241/2200/2241 2242/2204/2242
f 2222/2379/2222 2237/2206/2237 2223/2382/2223
f 2216/2384/2216 2231/2395/2231 2232/2181/2232
f 2185/2396/2185 2230/2381/2230 2242/2204/2242
f 2224/2386/2224 2237/2206/2237 2238/2178/2238
f 2217/2387/2217 2232/2181/2232 2233/2183/2233
f 2225/2388/2225 2238/2178/2238 2239/2184/2239
f 2218/2389/2218 2233/2183/2233 2234/2187/2234
f 2/1/2 4/4/4 3/2/3
f 4/4/4 6/6/6 5/5/5
f 6/6/6 8/8/8 7/7/7
f 8/8/8 10/10/10 9/9/9
f 10/10/10 12/12/12 11/11/11
f 12/12/12 14/14/14 13/13/13
f 14/14/14 16/16/16 15/15/15
f 16/16/16 18/144/18 17/17/17
f 18/18/18 20/21/20 19/19/19
f 20/21/20 22/23/22 21/22/21
f 22/23/22 24/25/24 23/24/23
f 24/25/24 26/27/26 25/26/25
f 26/27/26 28/29/28 27/28/27
f 28/29/28 30/31/30 29/30/29
f 30/31/30 32/33/32 31/32/31
f 32/33/32 34/135/34 33/34/33
f 33/34/33 34/135/34 36/35/36
f 35/36/35 36/35/36 38/37/38
f 37/38/37 38/37/38 40/39/40
f 39/40/39 40/39/40 42/41/42
f 41/42/41 42/41/42 44/43/44
f 43/44/43 44/43/44 46/45/46
f 45/46/45 46/45/46 48/47/48
f 47/48/47 48/47/48 50/49/50
f 49/50/49 50/49/50 52/51/52
f 51/52/51 52/51/52 54/53/54
f 53/54/53 54/53/54 56/55/56
f 55/56/55 56/55/56 58/57/58
f 57/58/57 58/57/58 60/59/60
f 59/60/59 60/59/60 62/61/62
f 14/14/14 135/162/135 136/63/136
f 61/62/61 62/61/62 64/64/64
f 63/65/63 64/64/64 2/1/2
f 98/66/98 97/89/97 68/67/68
f 96/69/96 65/111/65 66/110/66
f 66/110/66 67/68/67 68/67/68
f 68/67/68 69/90/69 70/104/70
f 70/104/70 71/120/71 72/70/72
f 72/70/72 73/97/73 74/114/74
f 74/114/74 75/126/75 76/73/76
f 76/73/76 77/92/77 78/106/78
f 78/106/78 79/122/79 80/71/80
f 80/71/80 81/84/81 82/100/82
f 82/100/82 83/116/83 84/127/84
f 84/127/84 85/76/85 86/94/86
f 86/94/86 87/108/87 88/124/88
f 88/124/88 89/130/89 92/102/92
f 89/130/89 90/88/90 92/102/92
f 90/88/90 91/87/91 92/102/92
f 92/102/92 93/118/93 94/80/94
f 94/80/94 95/79/95 92/102/92
f 95/79/95 96/69/96 92/102/92
f 96/69/96 66/110/66 72/70/72
f 66/110/66 68/67/68 72/70/72
f 68/67/68 70/104/70 72/70/72
f 72/70/72 74/114/74 80/71/80
f 74/114/74 76/73/76 80/71/80
f 76/73/76 78/106/78 80/71/80
f 80/71/80 82/100/82 84/127/84
f 84/127/84 86/94/86 88/124/88
f 80/71/80 84/127/84 96/69/96
f 84/127/84 88/124/88 96/69/96
f 88/124/88 92/102/92 96/69/96
f 99/72/99 77/92/77 76/73/76
f 101/75/101 86/94/86 85/76/85
f 104/78/104 103/95/103 95/79/95
f 105/81/105 73/97/73 72/70/72
f 107/83/107 82/100/82 81/84/81
f 110/86/110 109/101/109 91/87/91
f 97/89/97 111/103/111 69/90/69
f 112/91/112 78/106/78 77/92/77
f 113/93/113 87/108/87 86/94/86
f 103/95/103 114/112/114 96/69/96
f 115/96/115 74/114/74 73/97/73
f 116/99/116 83/116/83 82/100/82
f 109/101/109 117/117/117 92/102/92
f 111/103/111 118/119/118 70/104/70
f 119/105/119 79/122/79 78/106/78
f 120/107/120 88/124/88 87/108/87
f 122/109/122 121/125/121 66/110/66
f 114/112/114 122/109/122 65/111/65
f 123/113/123 75/126/75 74/114/74
f 124/115/124 84/127/84 83/116/83
f 117/117/117 125/128/125 93/118/93
f 118/119/118 126/129/126 71/120/71
f 127/121/127 80/71/80 79/122/79
f 128/123/128 89/130/89 88/124/88
f 121/125/121 98/66/98 67/68/67
f 100/74/100 76/73/76 75/126/75
f 102/77/102 85/76/85 84/127/84
f 125/128/125 104/78/104 94/80/94
f 126/129/126 106/82/106 72/70/72
f 108/85/108 81/84/81 80/71/80
f 128/123/128 110/86/110 90/88/90
f 49/50/49 51/52/51 110/86/110
f 33/34/33 108/85/108 127/121/127
f 13/13/13 15/15/15 106/82/106
f 57/58/57 59/60/59 104/78/104
f 41/42/41 102/77/102 124/115/124
f 23/24/23 100/74/100 123/113/123
f 3/2/3 5/5/5 98/66/98
f 49/50/49 128/123/128 120/107/120
f 31/32/31 127/121/127 119/105/119
f 11/11/11 13/13/13 126/129/126
f 55/56/55 57/58/57 125/128/125
f 39/40/39 124/115/124 116/99/116
f 21/22/21 123/113/123 115/96/115
f 63/65/63 1/3/1 122/109/122
f 1/3/1 3/2/3 121/125/121
f 47/48/47 120/107/120 113/93/113
f 29/30/29 119/105/119 112/91/112
f 9/9/9 11/11/11 118/119/118
f 53/54/53 55/56/55 117/117/117
f 37/38/37 116/99/116 107/83/107
f 19/19/19 115/96/115 105/98/105
f 61/62/61 63/65/63 114/112/114
f 45/46/45 113/93/113 101/75/101
f 27/28/27 112/91/112 99/72/99
f 7/7/7 9/9/9 111/103/111
f 51/52/51 53/54/53 109/101/109
f 35/36/35 107/83/107 108/85/108
f 15/15/15 17/17/17 105/81/105
f 59/60/59 61/62/61 103/95/103
f 43/44/43 101/75/101 102/77/102
f 25/26/25 99/72/99 100/74/100
f 5/5/5 7/7/7 97/89/97
f 154/131/154 153/136/153 185/132/185
f 32/33/32 144/163/144 145/134/145
f 52/51/52 50/49/50 153/136/153
f 6/6/6 131/164/131 132/137/132
f 24/25/24 140/165/140 141/138/141
f 44/43/44 42/41/42 149/139/149
f 62/61/62 60/59/60 158/141/158
f 16/16/16 136/63/136 137/143/137
f 36/35/36 34/135/34 145/134/145
f 54/53/54 52/51/52 154/131/154
f 8/8/8 132/137/132 133/147/133
f 26/27/26 141/138/141 142/148/142
f 46/45/46 44/43/44 150/140/150
f 64/64/64 62/61/62 159/142/159
f 18/18/18 137/194/137 138/151/138
f 38/37/38 36/35/36 146/145/146
f 56/55/56 54/53/54 155/146/155
f 10/10/10 133/147/133 134/154/134
f 28/29/28 142/148/142 143/155/143
f 48/47/48 46/45/46 151/149/151
f 2/1/2 129/158/129 130/157/130
f 2/1/2 64/64/64 160/150/160
f 20/21/20 138/151/138 139/159/139
f 40/39/40 38/37/38 147/152/147
f 58/57/58 56/55/56 156/153/156
f 12/12/12 134/154/134 135/162/135
f 30/31/30 143/155/143 144/163/144
f 50/49/50 48/47/48 152/156/152
f 4/4/4 130/157/130 131/164/131
f 22/23/22 139/159/139 140/165/140
f 42/41/42 40/39/40 148/160/148
f 60/59/60 58/57/58 157/161/157
f 162/166/162 161/186/161 193/167/193
f 140/165/140 172/198/172 173/169/173
f 155/146/155 154/131/154 186/133/186
f 141/138/141 173/169/173 174/171/174
f 156/153/156 155/146/155 187/170/187
f 142/148/142 174/171/174 175/173/175
f 129/158/129 161/186/161 162/166/162
f 157/161/157 156/153/156 188/172/188
f 143/155/143 175/173/175 176/175/176
f 130/157/130 162/166/162 163/176/163
f 158/141/158 157/161/157 189/174/189
f 144/163/144 176/175/176 177/178/177
f 131/164/131 163/176/163 164/179/164
f 159/142/159 158/141/158 190/177/190
f 146/145/146 145/134/145 177/178/177
f 132/137/132 164/179/164 165/182/165
f 160/150/160 159/142/159 191/180/191
f 147/152/147 146/145/146 178/181/178
f 133/147/133 165/182/165 166/185/166
f 129/158/129 160/150/160 192/183/192
f 148/160/148 147/152/147 179/184/179
f 134/154/134 166/185/166 167/188/167
f 149/139/149 148/160/148 180/187/180
f 135/162/135 167/188/167 168/190/168
f 150/140/150 149/139/149 181/189/181
f 136/63/136 168/190/168 169/192/169
f 151/149/151 150/140/150 182/191/182
f 137/194/137 169/2397/169 170/195/170
f 152/156/152 151/149/151 183/193/183
f 138/151/138 170/195/170 171/197/171
f 153/136/153 152/156/152 184/196/184
f 139/159/139 171/197/171 172/198/172
f 206/199/206 205/229/205 237/200/237
f 188/172/188 220/231/220 221/202/221
f 176/175/176 175/173/175 207/203/207
f 163/176/163 162/166/162 194/168/194
f 189/174/189 221/202/221 222/206/222
f 177/178/177 176/175/176 208/204/208
f 164/179/164 163/176/163 195/205/195
f 190/177/190 222/206/222 223/209/223
f 177/178/177 209/207/209 210/210/210
f 165/182/165 164/179/164 196/208/196
f 191/180/191 223/209/223 224/212/224
f 178/181/178 210/210/210 211/213/211
f 166/185/166 165/182/165 197/211/197
f 192/183/192 224/212/224 193/167/193
f 179/184/179 211/213/211 212/215/212
f 167/188/167 166/185/166 198/214/198
f 180/187/180 212/215/212 213/217/213
f 168/190/168 167/188/167 199/216/199
f 181/189/181 213/217/213 214/219/214
f 169/192/169 168/190/168 200/218/200
f 182/191/182 214/219/214 215/221/215
f 170/195/170 169/2397/169 201/222/201
f 183/193/183 215/221/215 216/224/216
f 171/197/171 170/195/170 202/223/202
f 184/196/184 216/224/216 217/226/217
f 172/198/172 171/197/171 203/225/203
f 185/132/185 217/226/217 218/228/218
f 173/169/173 172/198/172 204/227/204
f 186/133/186 218/228/218 219/230/219
f 174/171/174 173/169/173 205/229/205
f 187/170/187 219/230/219 220/231/220
f 175/173/175 174/171/174 206/199/206
f 241/232/241 240/240/240 272/233/272
f 219/230/219 251/264/251 252/235/252
f 207/203/207 206/199/206 238/201/238
f 194/168/194 193/167/193 225/237/225
f 220/231/220 252/235/252 253/239/253
f 208/204/208 207/203/207 239/236/239
f 195/205/195 194/168/194 226/238/226
f 221/202/221 253/239/253 254/242/254
f 209/207/209 208/204/208 240/240/240
f 196/208/196 195/205/195 227/241/227
f 222/206/222 254/242/254 255/244/255
f 209/207/209 241/232/241 242/245/242
f 197/211/197 196/208/196 228/243/228
f 223/209/223 255/244/255 256/247/256
f 210/210/210 242/245/242 243/248/243
f 198/214/198 197/211/197 229/246/229
f 224/212/224 256/247/256 225/237/225
f 211/213/211 243/248/243 244/250/244
f 199/216/199 198/214/198 230/249/230
f 212/215/212 244/250/244 245/252/245
f 200/218/200 199/216/199 231/251/231
f 213/217/213 245/252/245 246/254/246
f 201/220/201 200/218/200 232/253/232
f 214/219/214 246/254/246 247/256/247
f 202/223/202 201/222/201 233/257/233
f 215/221/215 247/256/247 248/259/248
f 203/225/203 202/223/202 234/258/234
f 216/224/216 248/259/248 249/261/249
f 204/227/204 203/225/203 235/260/235
f 217/226/217 249/261/249 250/263/250
f 205/229/205 204/227/204 236/262/236
f 218/228/218 250/263/250 251/264/251
f 275/265/275 307/329/307 308/266/308
f 228/243/228 227/241/227 259/268/259
f 254/242/254 286/296/286 287/270/287
f 241/232/241 273/234/273 274/271/274
f 229/246/229 228/243/228 260/269/260
f 255/244/255 287/270/287 288/273/288
f 242/245/242 274/271/274 275/265/275
f 230/249/230 229/246/229 261/272/261
f 256/247/256 288/273/288 257/275/257
f 243/248/243 275/265/275 276/267/276
f 231/251/231 230/249/230 262/274/262
f 244/250/244 276/267/276 277/277/277
f 232/253/232 231/251/231 263/276/263
f 245/252/245 277/277/277 278/279/278
f 233/255/233 232/253/232 264/278/264
f 246/254/246 278/279/278 279/281/279
f 234/258/234 233/257/233 265/282/265
f 247/256/247 279/281/279 280/284/280
f 235/260/235 234/258/234 266/283/266
f 248/259/248 280/284/280 281/286/281
f 236/262/236 235/260/235 267/285/267
f 249/261/249 281/286/281 282/288/282
f 237/200/237 236/262/236 268/287/268
f 250/263/250 282/288/282 283/290/283
f 238/201/238 237/200/237 269/289/269
f 251/264/251 283/290/283 284/292/284
f 239/236/239 238/201/238 270/291/270
f 226/238/226 225/237/225 257/275/257
f 252/235/252 284/292/284 285/295/285
f 240/240/240 239/236/239 271/293/271
f 227/241/227 226/238/226 258/294/258
f 253/239/253 285/295/285 286/296/286
f 310/297/310 342/361/342 343/298/343
f 263/276/263 262/274/262 294/300/294
f 276/267/276 308/266/308 309/302/309
f 264/278/264 263/276/263 295/301/295
f 277/277/277 309/302/309 310/297/310
f 265/280/265 264/278/264 296/303/296
f 278/279/278 310/297/310 311/299/311
f 266/283/266 265/282/265 297/305/297
f 279/281/279 311/299/311 312/307/312
f 267/285/267 266/283/266 298/306/298
f 280/284/280 312/307/312 313/309/313
f 268/287/268 267/285/267 299/308/299
f 281/286/281 313/309/313 314/311/314
f 269/289/269 268/287/268 300/310/300
f 282/288/282 314/311/314 315/313/315
f 270/291/270 269/289/269 301/312/301
f 283/290/283 315/313/315 316/315/316
f 271/293/271 270/291/270 302/314/302
f 258/294/258 257/275/257 289/317/289
f 284/292/284 316/315/316 317/319/317
f 272/233/272 271/293/271 303/316/303
f 259/268/259 258/294/258 290/318/290
f 285/295/285 317/319/317 318/322/318
f 273/234/273 272/233/272 304/320/304
f 260/269/260 259/268/259 291/321/291
f 286/296/286 318/322/318 319/325/319
f 273/234/273 305/323/305 306/326/306
f 261/272/261 260/269/260 292/324/292
f 287/270/287 319/325/319 320/328/320
f 274/271/274 306/326/306 307/329/307
f 262/274/262 261/272/261 293/327/293
f 288/273/288 320/328/320 289/317/289
f 345/330/345 377/395/377 378/331/378
f 298/306/298 297/305/297 329/333/329
f 311/299/311 343/298/343 344/335/344
f 299/308/299 298/306/298 330/334/330
f 312/307/312 344/335/344 345/330/345
f 300/310/300 299/308/299 331/336/331
f 313/309/313 345/330/345 346/332/346
f 301/312/301 300/310/300 332/337/332
f 314/311/314 346/332/346 347/339/347
f 302/314/302 301/312/301 333/338/333
f 315/313/315 347/339/347 348/341/348
f 303/316/303 302/314/302 334/340/334
f 290/318/290 289/317/289 321/343/321
f 316/315/316 348/341/348 349/345/349
f 304/320/304 303/316/303 335/342/335
f 291/321/291 290/318/290 322/344/322
f 317/319/317 349/345/349 350/348/350
f 305/323/305 304/320/304 336/346/336
f 292/324/292 291/321/291 323/347/323
f 318/322/318 350/348/350 351/351/351
f 305/323/305 337/349/337 338/352/338
f 293/327/293 292/324/292 324/350/324
f 319/325/319 351/351/351 352/354/352
f 306/326/306 338/352/338 339/355/339
f 294/300/294 293/327/293 325/353/325
f 320/328/320 352/354/352 321/343/321
f 307/329/307 339/355/339 340/357/340
f 295/301/295 294/300/294 326/356/326
f 308/266/308 340/357/340 341/359/341
f 296/303/296 295/301/295 327/358/327
f 309/302/309 341/359/341 342/361/342
f 297/304/297 296/303/296 328/360/328
f 368/363/368 400/427/400 401/364/401
f 333/338/333 332/337/332 364/366/364
f 346/332/346 378/331/378 379/368/379
f 334/340/334 333/338/333 365/367/365
f 347/339/347 379/368/379 380/370/380
f 335/342/335 334/340/334 366/369/366
f 322/344/322 321/343/321 353/372/353
f 348/341/348 380/370/380 381/374/381
f 336/346/336 335/342/335 367/371/367
f 323/347/323 322/344/322 354/373/354
f 349/345/349 381/374/381 382/376/382
f 337/349/337 336/346/336 368/363/368
f 324/350/324 323/347/323 355/375/355
f 350/348/350 382/376/382 383/378/383
f 337/349/337 369/365/369 370/379/370
f 325/353/325 324/350/324 356/377/356
f 351/351/351 383/378/383 384/381/384
f 338/352/338 370/379/370 371/382/371
f 326/356/326 325/353/325 357/380/357
f 352/354/352 384/381/384 353/372/353
f 339/355/339 371/382/371 372/384/372
f 327/358/327 326/356/326 358/383/358
f 340/357/340 372/384/372 373/386/373
f 328/360/328 327/358/327 359/385/359
f 341/359/341 373/386/373 374/388/374
f 329/362/329 328/360/328 360/387/360
f 342/361/342 374/388/374 375/390/375
f 330/334/330 329/333/329 361/391/361
f 343/298/343 375/390/375 376/393/376
f 331/336/331 330/334/330 362/392/362
f 344/335/344 376/393/376 377/395/377
f 332/337/332 331/336/331 363/394/363
f 404/396/404 403/405/403 435/397/435
f 355/375/355 387/428/387 388/399/388
f 383/378/383 382/376/382 414/400/414
f 370/379/370 369/365/369 401/364/401
f 356/377/356 388/399/388 389/403/389
f 384/381/384 383/378/383 415/401/415
f 371/382/371 370/379/370 402/402/402
f 357/380/357 389/403/389 390/406/390
f 353/372/353 384/381/384 416/404/416
f 372/384/372 371/382/371 403/405/403
f 358/383/358 390/406/390 391/408/391
f 373/386/373 372/384/372 404/396/404
f 359/385/359 391/408/391 392/410/392
f 374/388/374 373/386/373 405/409/405
f 360/387/360 392/410/392 393/412/393
f 375/390/375 374/388/374 406/411/406
f 361/391/361 393/437/393 394/414/394
f 376/393/376 375/390/375 407/413/407
f 362/392/362 394/414/394 395/416/395
f 377/395/377 376/393/376 408/415/408
f 363/394/363 395/416/395 396/418/396
f 378/331/378 377/395/377 409/417/409
f 364/366/364 396/418/396 397/420/397
f 379/368/379 378/331/378 410/419/410
f 365/367/365 397/420/397 398/422/398
f 380/370/380 379/368/379 411/421/411
f 366/369/366 398/422/398 399/424/399
f 353/372/353 385/407/385 386/425/386
f 381/374/381 380/370/380 412/423/412
f 367/371/367 399/424/399 400/427/400
f 354/373/354 386/425/386 387/428/387
f 382/376/382 381/374/381 413/426/413
f 439/429/439 438/435/438 470/430/470
f 390/406/390 422/460/422 423/432/423
f 405/409/405 404/396/404 436/398/436
f 391/408/391 423/432/423 424/434/424
f 406/411/406 405/409/405 437/433/437
f 392/410/392 424/434/424 425/436/425
f 407/413/407 406/411/406 438/435/438
f 393/437/393 425/465/425 426/438/426
f 408/415/408 407/413/407 439/429/439
f 394/414/394 426/438/426 427/440/427
f 409/417/409 408/415/408 440/439/440
f 395/416/395 427/440/427 428/442/428
f 410/419/410 409/417/409 441/441/441
f 396/418/396 428/442/428 429/444/429
f 411/421/411 410/419/410 442/443/442
f 397/420/397 429/444/429 430/446/430
f 412/423/412 411/421/411 443/445/443
f 398/422/398 430/446/430 431/448/431
f 385/407/385 417/461/417 418/449/418
f 413/426/413 412/423/412 444/447/444
f 399/424/399 431/448/431 432/451/432
f 386/425/386 418/449/418 419/452/419
f 414/400/414 413/426/413 445/450/445
f 400/427/400 432/451/432 433/454/433
f 387/428/387 419/452/419 420/455/420
f 415/401/415 414/400/414 446/453/446
f 402/402/402 401/364/401 433/454/433
f 388/399/388 420/455/420 421/458/421
f 416/404/416 415/401/415 447/456/447
f 403/405/403 402/402/402 434/457/434
f 389/403/389 421/458/421 422/460/422
f 385/407/385 416/404/416 448/459/448
f 476/462/476 475/473/475 507/463/507
f 425/465/425 457/518/457 458/466/458
f 440/439/440 439/429/439 471/431/471
f 426/438/426 458/466/458 459/468/459
f 441/441/441 440/439/440 472/467/472
f 427/440/427 459/468/459 460/470/460
f 442/443/442 441/441/441 473/469/473
f 428/442/428 460/470/460 461/472/461
f 443/445/443 442/443/442 474/471/474
f 429/444/429 461/472/461 462/474/462
f 444/447/444 443/445/443 475/473/475
f 430/446/430 462/474/462 463/475/463
f 417/461/417 449/489/449 450/476/450
f 445/450/445 444/447/444 476/462/476
f 431/448/431 463/475/463 464/478/464
f 418/449/418 450/476/450 451/479/451
f 446/453/446 445/450/445 477/477/477
f 432/451/432 464/478/464 465/481/465
f 419/452/419 451/479/451 452/482/452
f 447/456/447 446/453/446 478/480/478
f 434/457/434 433/454/433 465/481/465
f 420/455/420 452/482/452 453/485/453
f 448/459/448 447/456/447 479/483/479
f 435/397/435 434/457/434 466/484/466
f 421/458/421 453/485/453 454/488/454
f 417/461/417 448/459/448 480/486/480
f 436/398/436 435/397/435 467/487/467
f 422/460/422 454/488/454 455/491/455
f 437/433/437 436/398/436 468/490/468
f 423/432/423 455/491/455 456/493/456
f 438/435/438 437/433/437 469/492/469
f 424/434/424 456/493/456 457/494/457
f 483/495/483 515/560/515 516/496/516
f 462/474/462 494/526/494 495/498/495
f 449/489/449 481/510/481 482/499/482
f 477/477/477 476/462/476 508/464/508
f 463/475/463 495/498/495 496/501/496
f 450/476/450 482/499/482 483/495/483
f 478/480/478 477/477/477 509/500/509
f 464/478/464 496/501/496 497/503/497
f 451/479/451 483/495/483 484/497/484
f 479/483/479 478/480/478 510/502/510
f 466/484/466 465/481/465 497/503/497
f 452/482/452 484/497/484 485/506/485
f 480/486/480 479/483/479 511/504/511
f 467/487/467 466/484/466 498/505/498
f 453/485/453 485/506/485 486/509/486
f 449/489/449 480/486/480 512/507/512
f 468/490/468 467/487/467 499/508/499
f 454/488/454 486/509/486 487/512/487
f 469/492/469 468/490/468 500/511/500
f 455/491/455 487/512/487 488/514/488
f 470/430/470 469/492/469 501/513/501
f 456/493/456 488/514/488 489/516/489
f 471/431/471 470/430/470 502/515/502
f 457/518/457 489/545/489 490/519/490
f 472/467/472 471/431/471 503/517/503
f 458/466/458 490/519/490 491/521/491
f 473/469/473 472/467/472 504/520/504
f 459/468/459 491/521/491 492/523/492
f 474/471/474 473/469/473 505/522/505
f 460/470/460 492/523/492 493/525/493
f 475/473/475 474/471/474 506/524/506
f 461/472/461 493/525/493 494/526/494
f 519/527/519 518/537/518 550/528/550
f 511/504/511 510/502/510 542/530/542
f 498/505/498 497/503/497 529/532/529
f 484/497/484 516/496/516 517/534/517
f 512/507/512 511/504/511 543/531/543
f 499/508/499 498/505/498 530/533/530
f 485/506/485 517/534/517 518/537/518
f 481/510/481 512/507/512 544/535/544
f 500/511/500 499/508/499 531/536/531
f 486/509/486 518/537/518 519/527/519
f 501/513/501 500/511/500 532/539/532
f 487/512/487 519/527/519 520/541/520
f 502/515/502 501/513/501 533/540/533
f 488/514/488 520/541/520 521/543/521
f 503/517/503 502/515/502 534/542/534
f 489/545/489 521/2398/521 522/546/522
f 504/520/504 503/517/503 535/544/535
f 490/519/490 522/546/522 523/548/523
f 505/522/505 504/520/504 536/547/536
f 491/521/491 523/548/523 524/550/524
f 506/524/506 505/522/505 537/549/537
f 492/523/492 524/550/524 525/552/525
f 507/463/507 506/524/506 538/551/538
f 493/525/493 525/552/525 526/554/526
f 508/464/508 507/463/507 539/553/539
f 494/526/494 526/554/526 527/556/527
f 481/510/481 513/538/513 514/557/514
f 509/500/509 508/464/508 540/555/540
f 495/498/495 527/556/527 528/559/528
f 482/499/482 514/557/514 515/560/515
f 510/502/510 509/500/509 541/558/541
f 496/501/496 528/559/528 529/532/529
f 554/561/554 553/569/553 585/562/585
f 532/539/532 564/593/564 565/564/565
f 520/541/520 519/527/519 551/529/551
f 533/540/533 565/564/565 566/566/566
f 521/543/521 520/541/520 552/565/552
f 534/542/534 566/566/566 567/568/567
f 522/546/522 521/2398/521 553/569/553
f 535/544/535 567/568/567 568/570/568
f 523/548/523 522/546/522 554/561/554
f 536/547/536 568/570/568 569/572/569
f 524/550/524 523/548/523 555/571/555
f 537/549/537 569/572/569 570/574/570
f 525/552/525 524/550/524 556/573/556
f 538/551/538 570/574/570 571/576/571
f 526/554/526 525/552/525 557/575/557
f 539/553/539 571/576/571 572/578/572
f 527/556/527 526/554/526 558/577/558
f 514/557/514 513/538/513 545/580/545
f 540/555/540 572/578/572 573/582/573
f 528/559/528 527/556/527 559/579/559
f 515/560/515 514/557/514 546/581/546
f 541/558/541 573/582/573 574/585/574
f 529/532/529 528/559/528 560/583/560
f 516/496/516 515/560/515 547/584/547
f 542/530/542 574/585/574 575/588/575
f 529/532/529 561/586/561 562/589/562
f 517/534/517 516/496/516 548/587/548
f 543/531/543 575/588/575 576/591/576
f 530/533/530 562/589/562 563/592/563
f 518/537/518 517/534/517 549/590/549
f 544/535/544 576/591/576 545/580/545
f 531/536/531 563/592/563 564/593/564
f 583/594/583 582/621/582 614/595/614
f 568/570/568 567/568/567 599/597/599
f 555/571/555 554/561/554 586/563/586
f 569/572/569 568/570/568 600/598/600
f 556/573/556 555/571/555 587/599/587
f 570/574/570 569/572/569 601/600/601
f 557/575/557 556/573/556 588/601/588
f 571/576/571 570/574/570 602/602/602
f 558/577/558 557/575/557 589/603/589
f 572/578/572 571/576/571 603/604/603
f 559/579/559 558/577/558 590/605/590
f 546/581/546 545/580/545 577/608/577
f 573/582/573 572/578/572 604/606/604
f 560/583/560 559/579/559 591/607/591
f 547/584/547 546/581/546 578/609/578
f 574/585/574 573/582/573 605/610/605
f 561/586/561 560/583/560 592/611/592
f 548/587/548 547/584/547 579/612/579
f 575/588/575 574/585/574 606/613/606
f 562/589/562 561/586/561 593/614/593
f 549/590/549 548/587/548 580/615/580
f 576/591/576 575/588/575 607/616/607
f 563/592/563 562/589/562 594/617/594
f 550/528/550 549/590/549 581/618/581
f 545/580/545 576/591/576 608/619/608
f 564/593/564 563/592/563 595/620/595
f 551/529/551 550/528/550 582/621/582
f 565/564/565 564/593/564 596/622/596
f 552/565/552 551/529/551 583/594/583
f 566/566/566 565/564/565 597/623/597
f 553/567/553 552/565/552 584/624/584
f 567/568/567 566/566/566 598/625/598
f 611/649/611 610/646/610 624/648/624
f 610/646/610 609/645/609 625/651/625
f 609/645/609 640/654/640 626/653/626
f 640/654/640 639/652/639 627/655/627
f 639/652/639 638/650/638 627/655/627
f 638/650/638 637/647/637 628/656/628
f 627/655/627 638/650/638 628/656/628
f 637/647/637 636/643/636 629/630/629
f 636/643/636 635/641/635 630/632/630
f 629/630/629 636/643/636 630/632/630
f 635/641/635 634/640/634 631/634/631
f 634/640/634 633/638/633 632/636/632
f 631/634/631 634/640/634 632/636/632
f 631/634/631 630/632/630 635/641/635
f 629/630/629 628/656/628 637/647/637
f 627/655/627 626/653/626 640/654/640
f 626/653/626 625/651/625 609/645/609
f 625/651/625 624/648/624 610/646/610
f 624/648/624 623/644/623 611/649/611
f 623/644/623 622/642/622 611/649/611
f 622/642/622 621/629/621 612/628/612
f 611/649/611 622/642/622 612/628/612
f 621/629/621 620/639/620 613/627/613
f 620/639/620 619/637/619 614/595/614
f 613/627/613 620/639/620 614/595/614
f 619/637/619 618/635/618 616/631/616
f 618/635/618 617/633/617 616/631/616
f 616/631/616 615/596/615 619/637/619
f 615/596/615 614/595/614 619/637/619
f 596/622/596 628/656/628 629/630/629
f 584/624/584 583/594/583 615/596/615
f 597/623/597 629/630/629 630/632/630
f 585/626/585 584/624/584 616/631/616
f 598/625/598 630/632/630 631/634/631
f 586/563/586 585/562/585 617/633/617
f 599/597/599 631/634/631 632/636/632
f 587/599/587 586/563/586 618/635/618
f 600/598/600 632/636/632 633/638/633
f 588/601/588 587/599/587 619/637/619
f 601/600/601 633/638/633 634/640/634
f 589/603/589 588/601/588 620/639/620
f 602/602/602 634/640/634 635/641/635
f 590/605/590 589/603/589 621/629/621
f 603/604/603 635/641/635 636/643/636
f 591/607/591 590/605/590 622/642/622
f 578/609/578 577/608/577 609/645/609
f 604/606/604 636/643/636 637/647/637
f 592/611/592 591/607/591 623/644/623
f 579/612/579 578/609/578 610/646/610
f 605/610/605 637/647/637 638/650/638
f 593/614/593 592/611/592 624/648/624
f 580/615/580 579/612/579 611/649/611
f 606/613/606 638/650/638 639/652/639
f 593/614/593 625/651/625 626/653/626
f 581/618/581 580/615/580 612/628/612
f 607/616/607 639/652/639 640/654/640
f 594/617/594 626/653/626 627/655/627
f 582/621/582 581/618/581 613/627/613
f 608/619/608 640/654/640 609/645/609
f 595/620/595 627/655/627 628/656/628
f 665/657/665 697/722/697 698/658/698
f 674/660/674 673/675/673 705/661/705
f 653/663/653 652/723/652 684/664/684
f 666/659/666 698/658/698 699/666/699
f 653/663/653 685/665/685 686/668/686
f 667/667/667 699/666/699 700/670/700
f 654/669/654 686/668/686 687/672/687
f 642/674/642 641/701/641 673/675/673
f 668/671/668 700/670/700 701/676/701
f 655/673/655 687/672/687 688/678/688
f 643/680/643 642/674/642 674/660/674
f 669/677/669 701/676/701 702/682/702
f 656/679/656 688/678/688 689/684/689
f 644/686/644 643/2399/643 675/687/675
f 671/689/671 670/683/670 702/682/702
f 657/685/657 689/684/689 690/691/690
f 645/693/645 644/686/644 676/688/676
f 672/695/672 671/689/671 703/690/703
f 658/692/658 690/691/690 691/697/691
f 646/699/646 645/693/645 677/694/677
f 641/701/641 672/695/672 704/696/704
f 659/698/659 691/697/691 692/702/692
f 647/704/647 646/699/646 678/700/678
f 660/703/660 692/702/692 693/706/693
f 648/708/648 647/704/647 679/705/679
f 661/707/661 693/706/693 694/710/694
f 649/712/649 648/708/648 680/709/680
f 662/711/662 694/710/694 695/714/695
f 650/716/650 649/712/649 681/713/681
f 663/715/663 695/714/695 696/718/696
f 651/720/651 650/716/650 682/717/682
f 664/719/664 696/718/696 697/722/697
f 652/723/652 651/720/651 683/721/683
f 718/724/718 717/754/717 749/725/749
f 700/670/700 732/756/732 733/727/733
f 688/678/688 687/672/687 719/728/719
f 675/681/675 674/660/674 706/662/706
f 701/676/701 733/727/733 734/731/734
f 688/678/688 720/729/720 721/732/721
f 676/688/676 675/687/675 707/733/707
f 702/682/702 734/731/734 735/735/735
f 689/684/689 721/732/721 722/736/722
f 677/694/677 676/688/676 708/734/708
f 703/690/703 735/735/735 736/738/736
f 690/691/690 722/736/722 723/739/723
f 678/700/678 677/694/677 709/737/709
f 673/675/673 704/696/704 736/738/736
f 691/697/691 723/739/723 724/741/724
f 679/705/679 678/700/678 710/740/710
f 692/702/692 724/741/724 725/743/725
f 680/709/680 679/705/679 711/742/711
f 693/706/693 725/743/725 726/745/726
f 681/713/681 680/709/680 712/744/712
f 694/710/694 726/745/726 727/747/727
f 682/717/682 681/713/681 713/746/713
f 695/714/695 727/747/727 728/749/728
f 683/721/683 682/717/682 714/748/714
f 696/718/696 728/749/728 729/751/729
f 684/664/684 683/721/683 715/750/715
f 697/722/697 729/751/729 730/753/730
f 685/665/685 684/664/684 716/752/716
f 698/658/698 730/753/730 731/755/731
f 686/668/686 685/665/685 717/754/717
f 699/666/699 731/755/731 732/756/732
f 687/672/687 686/668/686 718/724/718
f 753/757/753 752/765/752 784/758/784
f 731/755/731 763/789/763 764/760/764
f 719/728/719 718/724/718 750/726/750
f 706/662/706 705/661/705 737/762/737
f 732/756/732 764/760/764 765/764/765
f 720/729/720 719/728/719 751/761/751
f 707/730/707 706/662/706 738/763/738
f 733/727/733 765/764/765 766/767/766
f 720/729/720 752/765/752 753/757/753
f 708/734/708 707/733/707 739/768/739
f 734/731/734 766/767/766 767/770/767
f 721/732/721 753/757/753 754/771/754
f 709/737/709 708/734/708 740/769/740
f 735/735/735 767/770/767 768/773/768
f 722/736/722 754/771/754 755/774/755
f 710/740/710 709/737/709 741/772/741
f 705/661/705 736/738/736 768/773/768
f 723/739/723 755/774/755 756/776/756
f 711/742/711 710/740/710 742/775/742
f 724/741/724 756/776/756 757/778/757
f 712/744/712 711/742/711 743/777/743
f 725/743/725 757/778/757 758/780/758
f 713/746/713 712/744/712 744/779/744
f 726/745/726 758/780/758 759/782/759
f 714/748/714 713/746/713 745/781/745
f 727/747/727 759/782/759 760/784/760
f 715/750/715 714/748/714 746/783/746
f 728/749/728 760/784/760 761/786/761
f 716/752/716 715/750/715 747/785/747
f 729/751/729 761/786/761 762/788/762
f 717/754/717 716/752/716 748/787/748
f 730/753/730 762/788/762 763/789/763
f 787/790/787 819/854/819 820/791/820
f 740/769/740 739/768/739 771/793/771
f 766/767/766 798/821/798 799/795/799
f 753/757/753 785/759/785 786/796/786
f 741/772/741 740/769/740 772/794/772
f 767/770/767 799/795/799 800/798/800
f 754/771/754 786/796/786 787/790/787
f 742/775/742 741/772/741 773/797/773
f 768/773/768 800/798/800 769/800/769
f 755/774/755 787/790/787 788/792/788
f 743/777/743 742/775/742 774/799/774
f 756/776/756 788/792/788 789/802/789
f 744/779/744 743/777/743 775/801/775
f 757/778/757 789/802/789 790/804/790
f 745/781/745 744/779/744 776/803/776
f 758/780/758 790/804/790 791/806/791
f 746/783/746 745/781/745 777/805/777
f 759/782/759 791/806/791 792/808/792
f 747/785/747 746/783/746 778/807/778
f 760/784/760 792/808/792 793/810/793
f 748/787/748 747/785/747 779/809/779
f 761/786/761 793/810/793 794/812/794
f 749/725/749 748/787/748 780/811/780
f 762/788/762 794/812/794 795/814/795
f 750/726/750 749/725/749 781/813/781
f 763/789/763 795/814/795 796/816/796
f 751/761/751 750/726/750 782/815/782
f 738/763/738 737/762/737 769/800/769
f 764/760/764 796/816/796 797/819/797
f 752/765/752 751/761/751 783/817/783
f 739/766/739 738/763/738 770/818/770
f 765/764/765 797/819/797 798/821/798
f 822/822/822 854/888/854 855/823/855
f 775/801/775 774/799/774 806/825/806
f 788/792/788 820/791/820 821/827/821
f 776/803/776 775/801/775 807/826/807
f 789/802/789 821/827/821 822/822/822
f 777/805/777 776/803/776 808/828/808
f 790/804/790 822/822/822 823/824/823
f 778/807/778 777/805/777 809/829/809
f 791/806/791 823/824/823 824/831/824
f 779/809/779 778/807/778 810/830/810
f 792/808/792 824/831/824 825/833/825
f 780/811/780 779/809/779 811/832/811
f 793/810/793 825/833/825 826/835/826
f 781/813/781 780/811/780 812/834/812
f 794/812/794 826/835/826 827/837/827
f 782/815/782 781/813/781 813/836/813
f 795/814/795 827/837/827 828/839/828
f 783/817/783 782/815/782 814/838/814
f 770/818/770 769/800/769 801/841/801
f 796/816/796 828/839/828 829/843/829
f 784/758/784 783/817/783 815/840/815
f 771/820/771 770/818/770 802/842/802
f 797/819/797 829/843/829 830/846/830
f 785/759/785 784/758/784 816/844/816
f 772/794/772 771/793/771 803/848/803
f 798/821/798 830/846/830 831/850/831
f 785/759/785 817/847/817 818/851/818
f 773/797/773 772/794/772 804/849/804
f 799/795/799 831/850/831 832/853/832
f 786/796/786 818/851/818 819/854/819
f 774/799/774 773/797/773 805/852/805
f 800/798/800 832/853/832 801/841/801
f 858/855/858 857/862/857 889/856/889
f 810/830/810 809/829/809 841/858/841
f 823/824/823 855/823/855 856/860/856
f 811/832/811 810/830/810 842/859/842
f 824/831/824 856/860/856 857/862/857
f 812/834/812 811/832/811 843/861/843
f 825/833/825 857/862/857 858/855/858
f 813/836/813 812/834/812 844/863/844
f 826/835/826 858/855/858 859/865/859
f 814/838/814 813/836/813 845/864/845
f 827/837/827 859/865/859 860/867/860
f 815/840/815 814/838/814 846/866/846
f 802/842/802 801/841/801 833/869/833
f 828/839/828 860/867/860 861/871/861
f 816/844/816 815/840/815 847/868/847
f 803/845/803 802/842/802 834/870/834
f 829/843/829 861/871/861 862/874/862
f 817/847/817 816/844/816 848/872/848
f 804/849/804 803/848/803 835/876/835
f 830/846/830 862/874/862 863/878/863
f 817/847/817 849/875/849 850/879/850
f 805/852/805 804/849/804 836/877/836
f 831/850/831 863/878/863 864/881/864
f 818/851/818 850/879/850 851/882/851
f 806/825/806 805/852/805 837/880/837
f 832/853/832 864/881/864 833/869/833
f 819/854/819 851/882/851 852/884/852
f 807/826/807 806/825/806 838/883/838
f 820/791/820 852/884/852 853/886/853
f 808/828/808 807/826/807 839/885/839
f 821/827/821 853/886/853 854/888/854
f 809/829/809 808/828/808 840/887/840
f 880/889/880 912/952/912 913/890/913
f 844/863/844 876/919/876 877/892/877
f 859/865/859 858/855/858 890/857/890
f 845/864/845 877/892/877 878/894/878
f 860/867/860 859/865/859 891/893/891
f 846/866/846 878/894/878 879/896/879
f 833/869/833 865/908/865 866/897/866
f 861/871/861 860/867/860 892/895/892
f 847/868/847 879/896/879 880/889/880
f 834/870/834 866/897/866 867/899/867
f 862/874/862 861/871/861 893/898/893
f 848/872/848 880/889/880 881/891/881
f 835/876/835 867/923/867 868/901/868
f 863/878/863 862/874/862 894/900/894
f 850/879/850 849/875/849 881/891/881
f 836/877/836 868/901/868 869/904/869
f 864/881/864 863/878/863 895/902/895
f 851/882/851 850/879/850 882/903/882
f 837/880/837 869/904/869 870/907/870
f 833/869/833 864/881/864 896/905/896
f 852/884/852 851/882/851 883/906/883
f 838/883/838 870/907/870 871/910/871
f 853/886/853 852/884/852 884/909/884
f 839/885/839 871/910/871 872/912/872
f 854/888/854 853/886/853 885/911/885
f 840/887/840 872/912/872 873/914/873
f 855/823/855 854/888/854 886/913/886
f 841/858/841 873/914/873 874/916/874
f 856/860/856 855/823/855 887/915/887
f 842/859/842 874/916/874 875/918/875
f 857/862/857 856/860/856 888/917/888
f 843/861/843 875/918/875 876/919/876
f 916/920/916 915/930/915 947/921/947
f 867/923/867 899/979/899 900/924/900
f 895/902/895 894/900/894 926/925/926
f 882/903/882 881/891/881 913/890/913
f 868/901/868 900/924/900 901/928/901
f 896/905/896 895/902/895 927/926/927
f 883/906/883 882/903/882 914/927/914
f 869/904/869 901/928/901 902/931/902
f 865/908/865 896/905/896 928/929/928
f 884/909/884 883/906/883 915/930/915
f 870/907/870 902/931/902 903/933/903
f 885/911/885 884/909/884 916/920/916
f 871/910/871 903/933/903 904/935/904
f 886/913/886 885/911/885 917/934/917
f 872/912/872 904/935/904 905/937/905
f 887/915/887 886/913/886 918/936/918
f 873/914/873 905/937/905 906/939/906
f 888/917/888 887/915/887 919/938/919
f 874/916/874 906/939/906 907/941/907
f 889/856/889 888/917/888 920/940/920
f 875/918/875 907/941/907 908/943/908
f 890/857/890 889/856/889 921/942/921
f 876/919/876 908/943/908 909/945/909
f 891/893/891 890/857/890 922/944/922
f 877/892/877 909/945/909 910/947/910
f 892/895/892 891/893/891 923/946/923
f 878/894/878 910/947/910 911/949/911
f 865/908/865 897/932/897 898/950/898
f 893/898/893 892/895/892 924/948/924
f 879/896/879 911/949/911 912/952/912
f 866/897/866 898/950/898 899/953/899
f 894/900/894 893/898/893 925/951/925
f 951/954/951 950/960/950 982/955/982
f 902/931/902 934/985/934 935/957/935
f 917/934/917 916/920/916 948/922/948
f 903/933/903 935/957/935 936/959/936
f 918/936/918 917/934/917 949/958/949
f 904/935/904 936/959/936 937/961/937
f 919/938/919 918/936/918 950/960/950
f 905/937/905 937/961/937 938/962/938
f 920/940/920 919/938/919 951/954/951
f 906/939/906 938/962/938 939/964/939
f 921/942/921 920/940/920 952/963/952
f 907/941/907 939/964/939 940/966/940
f 922/944/922 921/942/921 953/965/953
f 908/943/908 940/966/940 941/968/941
f 923/946/923 922/944/922 954/967/954
f 909/945/909 941/968/941 942/970/942
f 924/948/924 923/946/923 955/969/955
f 910/947/910 942/970/942 943/972/943
f 897/932/897 929/986/929 930/973/930
f 925/951/925 924/948/924 956/971/956
f 911/949/911 943/972/943 944/975/944
f 898/950/898 930/973/930 931/976/931
f 926/925/926 925/951/925 957/974/957
f 912/952/912 944/975/944 945/978/945
f 899/979/899 931/1006/931 932/980/932
f 927/926/927 926/925/926 958/977/958
f 914/927/914 913/890/913 945/978/945
f 900/924/900 932/980/932 933/983/933
f 928/929/928 927/926/927 959/981/959
f 915/930/915 914/927/914 946/982/946
f 901/928/901 933/983/933 934/985/934
f 897/932/897 928/929/928 960/984/960
f 988/987/988 987/997/987 1019/988/1019
f 937/961/937 969/1019/969 970/990/970
f 952/963/952 951/954/951 983/956/983
f 938/962/938 970/990/970 971/992/971
f 953/965/953 952/963/952 984/991/984
f 939/964/939 971/992/971 972/994/972
f 954/967/954 953/965/953 985/993/985
f 940/966/940 972/994/972 973/996/973
f 955/969/955 954/967/954 986/995/986
f 941/968/941 973/996/973 974/998/974
f 956/971/956 955/969/955 987/997/987
f 942/970/942 974/998/974 975/999/975
f 929/986/929 961/1014/961 962/1000/962
f 957/974/957 956/971/956 988/987/988
f 943/972/943 975/999/975 976/1002/976
f 930/973/930 962/1000/962 963/1003/963
f 958/977/958 957/974/957 989/1001/989
f 945/978/945 944/975/944 976/1002/976
f 931/1006/931 963/1030/963 964/1007/964
f 959/981/959 958/977/958 990/1004/990
f 946/982/946 945/978/945 977/1005/977
f 932/980/932 964/1007/964 965/1010/965
f 960/984/960 959/981/959 991/1008/991
f 947/921/947 946/982/946 978/1009/978
f 933/983/933 965/1010/965 966/1013/966
f 960/984/960 992/1011/992 961/1014/961
f 948/922/948 947/921/947 979/1012/979
f 934/985/934 966/1013/966 967/1016/967
f 949/958/949 948/922/948 980/1015/980
f 935/957/935 967/1016/967 968/1018/968
f 950/960/950 949/958/949 981/1017/981
f 936/959/936 968/1018/968 969/1019/969
f 995/1020/995 1027/2400/1027 1028/1021/1028
f 974/998/974 1006/1052/1006 1007/1023/1007
f 961/1014/961 993/1037/993 994/1024/994
f 989/1001/989 988/987/988 1020/989/1020
f 975/999/975 1007/1023/1007 1008/1026/1008
f 962/1000/962 994/1024/994 995/1027/995
f 990/1004/990 989/1001/989 1021/1025/1021
f 977/1005/977 976/1002/976 1008/1026/1008
f 963/1030/963 995/1020/995 996/1022/996
f 991/1008/991 990/1004/990 1022/1028/1022
f 978/1009/978 977/1005/977 1009/1029/1009
f 964/1007/964 996/1022/996 997/1033/997
f 991/1008/991 1023/1031/1023 1024/1034/1024
f 979/1012/979 978/1009/978 1010/1032/1010
f 965/1010/965 997/1033/997 998/1036/998
f 992/1011/992 1024/1034/1024 993/1037/993
f 980/1015/980 979/1012/979 1011/1035/1011
f 966/1013/966 998/1036/998 999/1039/999
f 981/1017/981 980/1015/980 1012/1038/1012
f 967/1016/967 999/1039/999 1000/1041/1000
f 982/955/982 981/1017/981 1013/1040/1013
f 968/1018/968 1000/1041/1000 1001/1043/1001
f 983/956/983 982/955/982 1014/1042/1014
f 969/1019/969 1001/1043/1001 1002/1045/1002
f 984/991/984 983/956/983 1015/1044/1015
f 970/990/970 1002/1045/1002 1003/1047/1003
f 985/993/985 984/991/984 1016/1046/1016
f 971/992/971 1003/1047/1003 1004/1049/1004
f 986/995/986 985/993/985 1017/1048/1017
f 972/994/972 1004/1049/1004 1005/1051/1005
f 987/997/987 986/995/986 1018/1050/1018
f 973/996/973 1005/1051/1005 1006/1052/1006
f 1031/1053/1031 1030/1062/1030 1062/1054/1062
f 1022/1028/1022 1054/1085/1054 1055/1056/1055
f 1010/1032/1010 1009/1029/1009 1041/1057/1041
f 996/1022/996 1028/1021/1028 1029/1059/1029
f 1023/1031/1023 1055/1056/1055 1056/1060/1056
f 1011/1035/1011 1010/1032/1010 1042/1058/1042
f 997/1033/997 1029/1059/1029 1030/1062/1030
f 1024/1034/1024 1056/1060/1056 1025/1063/1025
f 1012/1038/1012 1011/1035/1011 1043/1061/1043
f 998/1036/998 1030/1062/1030 1031/1053/1031
f 1013/1040/1013 1012/1038/1012 1044/1064/1044
f 1000/1041/1000 999/1039/999 1031/1053/1031
f 1014/1042/1014 1013/1040/1013 1045/1065/1045
f 1001/1043/1001 1000/1041/1000 1032/1066/1032
f 1015/1044/1015 1014/1042/1014 1046/1067/1046
f 1002/1045/1002 1001/1043/1001 1033/1068/1033
f 1016/1046/1016 1015/1044/1015 1047/1069/1047
f 1003/1047/1003 1002/1045/1002 1034/1070/1034
f 1016/1046/1016 1048/1071/1048 1049/1073/1049
f 1004/1049/1004 1003/1047/1003 1035/1072/1035
f 1017/1048/1017 1049/1073/1049 1050/1075/1050
f 1005/1051/1005 1004/1049/1004 1036/1074/1036
f 1018/1050/1018 1050/1075/1050 1051/1077/1051
f 1006/1052/1006 1005/1051/1005 1037/1076/1037
f 1019/988/1019 1051/1077/1051 1052/1079/1052
f 1007/1023/1007 1006/1052/1006 1038/1078/1038
f 993/1037/993 1025/1063/1025 1026/1081/1026
f 1020/989/1020 1052/1079/1052 1053/1082/1053
f 1008/1026/1008 1007/1023/1007 1039/1080/1039
f 994/1024/994 1026/1081/1026 1027/1084/1027
f 1021/1025/1021 1053/1082/1053 1054/1085/1054
f 1009/1029/1009 1008/1026/1008 1040/1083/1040
f 1066/1086/1066 1065/1092/1065 1097/1087/1097
f 1044/1064/1044 1076/1118/1076 1077/1089/1077
f 1032/1066/1032 1031/1053/1031 1063/1055/1063
f 1045/1065/1045 1077/1089/1077 1078/1091/1078
f 1033/1068/1033 1032/1066/1032 1064/1090/1064
f 1046/1067/1046 1078/1091/1078 1079/1093/1079
f 1034/1070/1034 1033/1068/1033 1065/1092/1065
f 1047/1069/1047 1079/1093/1079 1080/1094/1080
f 1035/1072/1035 1034/1070/1034 1066/1086/1066
f 1048/1071/1048 1080/1094/1080 1081/1096/1081
f 1036/1074/1036 1035/1072/1035 1067/1095/1067
f 1049/1073/1049 1081/1096/1081 1082/1098/1082
f 1037/1076/1037 1036/1074/1036 1068/1097/1068
f 1050/1075/1050 1082/1098/1082 1083/1100/1083
f 1038/1078/1038 1037/1076/1037 1069/1099/1069
f 1051/1077/1051 1083/1100/1083 1084/1102/1084
f 1039/1080/1039 1038/1078/1038 1070/1101/1070
f 1025/1063/1025 1057/1117/1057 1058/1104/1058
f 1052/1079/1052 1084/1102/1084 1085/1105/1085
f 1040/1083/1040 1039/1080/1039 1071/1103/1071
f 1027/1084/1027 1026/1081/1026 1058/1104/1058
f 1053/1082/1053 1085/1105/1085 1086/1108/1086
f 1041/1057/1041 1040/1083/1040 1072/1106/1072
f 1028/1021/1028 1027/2400/1027 1059/1110/1059
f 1054/1085/1054 1086/1108/1086 1087/1112/1087
f 1042/1058/1042 1041/1057/1041 1073/1109/1073
f 1029/1059/1029 1028/1021/1028 1060/1111/1060
f 1055/1056/1055 1087/1112/1087 1088/1115/1088
f 1042/1058/1042 1074/1113/1074 1075/1116/1075
f 1030/1062/1030 1029/1059/1029 1061/1114/1061
f 1056/1060/1056 1088/1115/1088 1057/1117/1057
f 1043/1061/1043 1075/1116/1075 1076/1118/1076
f 1095/1119/1095 1094/1147/1094 1126/1120/1126
f 1080/1094/1080 1079/1093/1079 1111/1122/1111
f 1067/1095/1067 1066/1086/1066 1098/1088/1098
f 1081/1096/1081 1080/1094/1080 1112/1123/1112
f 1068/1097/1068 1067/1095/1067 1099/1124/1099
f 1082/1098/1082 1081/1096/1081 1113/1125/1113
f 1069/1099/1069 1068/1097/1068 1100/1126/1100
f 1083/1100/1083 1082/1098/1082 1114/1127/1114
f 1070/1101/1070 1069/1099/1069 1101/1128/1101
f 1084/1102/1084 1083/1100/1083 1115/1129/1115
f 1071/1103/1071 1070/1101/1070 1102/1130/1102
f 1058/1104/1058 1057/1117/1057 1089/1133/1089
f 1085/1105/1085 1084/1102/1084 1116/1131/1116
f 1072/1106/1072 1071/1103/1071 1103/1132/1103
f 1059/1107/1059 1058/1104/1058 1090/1134/1090
f 1086/1108/1086 1085/1105/1085 1117/1135/1117
f 1073/1109/1073 1072/1106/1072 1104/1136/1104
f 1060/1111/1060 1059/1110/1059 1091/1140/1091
f 1087/1112/1087 1086/1108/1086 1118/1138/1118
f 1074/1113/1074 1073/1109/1073 1105/1139/1105
f 1061/1114/1061 1060/1111/1060 1092/1141/1092
f 1088/1115/1088 1087/1112/1087 1119/1142/1119
f 1075/1116/1075 1074/1113/1074 1106/1143/1106
f 1062/1054/1062 1061/1114/1061 1093/1144/1093
f 1057/1117/1057 1088/1115/1088 1120/1145/1120
f 1076/1118/1076 1075/1116/1075 1107/1146/1107
f 1063/1055/1063 1062/1054/1062 1094/1147/1094
f 1077/1089/1077 1076/1118/1076 1108/1148/1108
f 1064/1090/1064 1063/1055/1063 1095/1119/1095
f 1078/1091/1078 1077/1089/1077 1109/1149/1109
f 1065/1092/1065 1064/1090/1064 1096/1150/1096
f 1079/1093/1079 1078/1091/1078 1110/1151/1110
f 1123/1173/1123 1122/1170/1122 1137/1175/1137
f 1122/1170/1122 1121/1180/1121 1138/1177/1138
f 1138/1177/1138 1121/1180/1121 1139/1179/1139
f 1121/1180/1121 1152/1178/1152 1139/1179/1139
f 1152/1178/1152 1151/1176/1151 1140/1181/1140
f 1139/1179/1139 1152/1178/1152 1140/1181/1140
f 1151/1176/1151 1150/1174/1150 1141/1155/1141
f 1150/1174/1150 1149/1171/1149 1142/1157/1142
f 1141/1155/1141 1150/1174/1150 1142/1157/1142
f 1149/1171/1149 1148/1169/1148 1143/1159/1143
f 1148/1169/1148 1147/1167/1147 1144/1161/1144
f 1143/1159/1143 1148/1169/1148 1144/1161/1144
f 1147/1167/1147 1146/1165/1146 1145/1163/1145
f 1145/1163/1145 1144/1161/1144 1147/1167/1147
f 1143/1159/1143 1142/1157/1142 1149/1171/1149
f 1141/1155/1141 1140/1181/1140 1151/1176/1151
f 1138/1177/1138 1137/1175/1137 1122/1170/1122
f 1137/1175/1137 1136/1172/1136 1123/1173/1123
f 1136/1172/1136 1135/1154/1135 1124/1153/1124
f 1123/1173/1123 1136/1172/1136 1124/1153/1124
f 1135/1154/1135 1134/1168/1134 1125/1152/1125
f 1134/1168/1134 1133/1166/1133 1126/1120/1126
f 1125/1152/1125 1134/1168/1134 1126/1120/1126
f 1133/1166/1133 1132/1164/1132 1127/1121/1127
f 1132/1164/1132 1131/1162/1131 1128/1156/1128
f 1127/1121/1127 1132/1164/1132 1128/1156/1128
f 1131/1162/1131 1130/1160/1130 1129/1158/1129
f 1129/1158/1129 1128/1156/1128 1131/1162/1131
f 1127/1121/1127 1126/1120/1126 1133/1166/1133
f 1108/1148/1108 1140/1181/1140 1141/1155/1141
f 1096/1150/1096 1095/1119/1095 1127/1121/1127
f 1109/1149/1109 1141/1155/1141 1142/1157/1142
f 1097/1087/1097 1096/1150/1096 1128/1156/1128
f 1110/1151/1110 1142/1157/1142 1143/1159/1143
f 1098/1088/1098 1097/1087/1097 1129/1158/1129
f 1111/1122/1111 1143/1159/1143 1144/1161/1144
f 1099/1124/1099 1098/1088/1098 1130/1160/1130
f 1112/1123/1112 1144/1161/1144 1145/1163/1145
f 1100/1126/1100 1099/1124/1099 1131/1162/1131
f 1113/1125/1113 1145/1163/1145 1146/1165/1146
f 1101/1128/1101 1100/1126/1100 1132/1164/1132
f 1114/1127/1114 1146/1165/1146 1147/1167/1147
f 1102/1130/1102 1101/1128/1101 1133/1166/1133
f 1115/1129/1115 1147/1167/1147 1148/1169/1148
f 1103/1132/1103 1102/1130/1102 1134/1168/1134
f 1089/1133/1089 1121/1180/1121 1122/1170/1122
f 1116/1131/1116 1148/1169/1148 1149/1171/1149
f 1104/1136/1104 1103/1132/1103 1135/1154/1135
f 1091/1137/1091 1090/1134/1090 1122/1170/1122
f 1117/1135/1117 1149/1171/1149 1150/1174/1150
f 1105/1139/1105 1104/1136/1104 1136/1172/1136
f 1092/1141/1092 1091/1140/1091 1123/1173/1123
f 1118/1138/1118 1150/1174/1150 1151/1176/1151
f 1106/1143/1106 1105/1139/1105 1137/1175/1137
f 1093/1144/1093 1092/1141/1092 1124/1153/1124
f 1119/1142/1119 1151/1176/1151 1152/1178/1152
f 1106/1143/1106 1138/1177/1138 1139/1179/1139
f 1094/1147/1094 1093/1144/1093 1125/1152/1125
f 1120/1145/1120 1152/1178/1152 1121/1180/1121
f 1107/1146/1107 1139/1179/1139 1140/1181/1140
f 1160/1182/1160 1159/1242/1159 1191/1183/1191
f 1209/1185/1209 1241/1280/1241 1242/1186/1242
f 1169/1188/1169 1168/1243/1168 1200/1189/1200
f 1177/1191/1177 1209/1185/1209 1210/1187/1210
f 1155/1193/1155 1187/1244/1187 1188/1194/1188
f 1165/1196/1165 1164/1245/1164 1196/1197/1196
f 1173/1199/1173 1205/1246/1205 1206/1200/1206
f 1182/1202/1182 1214/1247/1214 1215/1203/1215
f 1161/1205/1161 1160/1182/1160 1192/1184/1192
f 1170/1207/1170 1169/1188/1169 1201/1190/1201
f 1178/1192/1178 1210/1187/1210 1211/1209/1211
f 1156/1195/1156 1188/1194/1188 1189/1211/1189
f 1166/1213/1166 1165/1196/1165 1197/1198/1197
f 1174/1201/1174 1206/1200/1206 1207/1215/1207
f 1183/1204/1183 1215/1203/1215 1216/1217/1216
f 1162/1219/1162 1161/1205/1161 1193/1206/1193
f 1171/1221/1171 1170/1207/1170 1202/1208/1202
f 1179/1223/1179 1211/1255/1211 1212/1224/1212
f 1158/1226/1158 1157/1212/1157 1189/1211/1189
f 1167/1228/1167 1166/1213/1166 1198/1214/1198
f 1175/1216/1175 1207/1215/1207 1208/1230/1208
f 1153/1232/1153 1185/1235/1185 1186/1233/1186
f 1184/1218/1184 1216/1217/1216 1185/1235/1185
f 1163/1236/1163 1162/1219/1162 1194/1220/1194
f 1172/1238/1172 1171/1221/1171 1203/1222/1203
f 1180/1225/1180 1212/1224/1212 1213/1240/1213
f 1159/1242/1159 1158/1226/1158 1190/1227/1190
f 1168/1243/1168 1167/1228/1167 1199/1229/1199
f 1176/1231/1176 1208/1230/1208 1209/1185/1209
f 1154/1234/1154 1186/1233/1186 1187/1244/1187
f 1164/1245/1164 1163/1236/1163 1195/1237/1195
f 1173/1199/1173 1172/1238/1172 1204/1239/1204
f 1181/1241/1181 1213/1240/1213 1214/1247/1214
f 1217/1248/1217 1249/1297/1249 1250/1249/1250
f 1197/1198/1197 1196/1197/1196 1228/1251/1228
f 1210/1187/1210 1242/1186/1242 1243/1253/1243
f 1198/1214/1198 1197/1198/1197 1229/1252/1229
f 1211/1255/1211 1243/1313/1243 1244/1256/1244
f 1199/1229/1199 1198/1214/1198 1230/1254/1230
f 1185/1235/1185 1217/1248/1217 1218/1250/1218
f 1212/1224/1212 1244/1256/1244 1245/1258/1245
f 1200/1189/1200 1199/1229/1199 1231/1257/1231
f 1186/1233/1186 1218/1250/1218 1219/1260/1219
f 1213/1240/1213 1245/1258/1245 1246/1261/1246
f 1201/1190/1201 1200/1189/1200 1232/1259/1232
f 1187/1244/1187 1219/1260/1219 1220/1263/1220
f 1214/1247/1214 1246/1261/1246 1247/1264/1247
f 1202/1208/1202 1201/1190/1201 1233/1262/1233
f 1188/1194/1188 1220/1263/1220 1221/1266/1221
f 1215/1203/1215 1247/1264/1247 1248/1267/1248
f 1203/1222/1203 1202/1208/1202 1234/1265/1234
f 1190/1227/1190 1189/1211/1189 1221/1266/1221
f 1216/1217/1216 1248/1267/1248 1217/1248/1217
f 1204/1239/1204 1203/1222/1203 1235/1268/1235
f 1191/1183/1191 1190/1227/1190 1222/1269/1222
f 1205/1246/1205 1204/1239/1204 1236/1270/1236
f 1192/1184/1192 1191/1183/1191 1223/1271/1223
f 1205/1246/1205 1237/1272/1237 1238/1274/1238
f 1193/1206/1193 1192/1184/1192 1224/1273/1224
f 1206/1200/1206 1238/1274/1238 1239/1276/1239
f 1194/1220/1194 1193/1206/1193 1225/1275/1225
f 1207/1215/1207 1239/1276/1239 1240/1278/1240
f 1195/1237/1195 1194/1220/1194 1226/1277/1226
f 1208/1230/1208 1240/1278/1240 1241/1280/1241
f 1196/1197/1196 1195/1237/1195 1227/1279/1227
f 1262/1281/1262 1261/1311/1261 1293/1282/1293
f 1244/1256/1244 1276/1314/1276 1277/1284/1277
f 1232/1259/1232 1231/1257/1231 1263/1285/1263
f 1218/1250/1218 1250/1249/1250 1251/1287/1251
f 1245/1258/1245 1277/1284/1277 1278/1288/1278
f 1233/1262/1233 1232/1259/1232 1264/1286/1264
f 1220/1263/1220 1219/1260/1219 1251/1287/1251
f 1246/1261/1246 1278/1288/1278 1279/1291/1279
f 1234/1265/1234 1233/1262/1233 1265/1289/1265
f 1221/1266/1221 1220/1263/1220 1252/1290/1252
f 1247/1264/1247 1279/1291/1279 1280/1294/1280
f 1235/1268/1235 1234/1265/1234 1266/1292/1266
f 1222/1269/1222 1221/1266/1221 1253/1293/1253
f 1248/1267/1248 1280/1294/1280 1249/1297/1249
f 1235/1268/1235 1267/1295/1267 1268/1298/1268
f 1223/1271/1223 1222/1269/1222 1254/1296/1254
f 1236/1270/1236 1268/1298/1268 1269/1300/1269
f 1224/1273/1224 1223/1271/1223 1255/1299/1255
f 1237/1272/1237 1269/1300/1269 1270/1302/1270
f 1225/1275/1225 1224/1273/1224 1256/1301/1256
f 1238/1274/1238 1270/1302/1270 1271/1304/1271
f 1226/1277/1226 1225/1275/1225 1257/1303/1257
f 1239/1276/1239 1271/1304/1271 1272/1306/1272
f 1227/1279/1227 1226/1277/1226 1258/1305/1258
f 1240/1278/1240 1272/1306/1272 1273/1308/1273
f 1228/1251/1228 1227/1279/1227 1259/1307/1259
f 1241/1280/1241 1273/1308/1273 1274/1310/1274
f 1229/1252/1229 1228/1251/1228 1260/1309/1260
f 1242/1186/1242 1274/1310/1274 1275/1312/1275
f 1230/1254/1230 1229/1252/1229 1261/1311/1261
f 1243/1313/1243 1275/1318/1275 1276/1314/1276
f 1231/1257/1231 1230/1254/1230 1262/1281/1262
f 1297/1315/1297 1296/1323/1296 1328/1316/1328
f 1275/1318/1275 1307/1374/1307 1308/1319/1308
f 1263/1285/1263 1262/1281/1262 1294/1283/1294
f 1249/1297/1249 1281/1333/1281 1282/1321/1282
f 1276/1314/1276 1308/1319/1308 1309/1322/1309
f 1264/1286/1264 1263/1285/1263 1295/1320/1295
f 1251/1287/1251 1250/1249/1250 1282/1321/1282
f 1277/1284/1277 1309/1322/1309 1310/1325/1310
f 1265/1289/1265 1264/1286/1264 1296/1323/1296
f 1252/1290/1252 1251/1287/1251 1283/1324/1283
f 1278/1288/1278 1310/1325/1310 1311/1327/1311
f 1266/1292/1266 1265/1289/1265 1297/1315/1297
f 1253/1293/1253 1252/1290/1252 1284/1326/1284
f 1279/1291/1279 1311/1327/1311 1312/1330/1312
f 1266/1292/1266 1298/1328/1298 1299/1331/1299
f 1254/1296/1254 1253/1293/1253 1285/1329/1285
f 1280/1294/1280 1312/1330/1312 1281/1333/1281
f 1267/1295/1267 1299/1331/1299 1300/1334/1300
f 1255/1299/1255 1254/1296/1254 1286/1332/1286
f 1268/1298/1268 1300/1334/1300 1301/1336/1301
f 1256/1301/1256 1255/1299/1255 1287/1335/1287
f 1269/1300/1269 1301/1336/1301 1302/1338/1302
f 1257/1303/1257 1256/1301/1256 1288/1337/1288
f 1270/1302/1270 1302/1338/1302 1303/1340/1303
f 1258/1305/1258 1257/1303/1257 1289/1339/1289
f 1271/1304/1271 1303/1340/1303 1304/1342/1304
f 1259/1307/1259 1258/1305/1258 1290/1341/1290
f 1272/1306/1272 1304/1342/1304 1305/1344/1305
f 1260/1309/1260 1259/1307/1259 1291/1343/1291
f 1273/1308/1273 1305/1344/1305 1306/1346/1306
f 1261/1311/1261 1260/1309/1260 1292/1345/1292
f 1274/1310/1274 1306/1346/1306 1307/1347/1307
f 1331/1348/1331 1363/1411/1363 1364/1349/1364
f 1284/1326/1284 1283/1324/1283 1315/1351/1315
f 1310/1325/1310 1342/1379/1342 1343/1353/1343
f 1298/1328/1298 1297/1315/1297 1329/1317/1329
f 1285/1329/1285 1284/1326/1284 1316/1352/1316
f 1311/1327/1311 1343/1353/1343 1344/1356/1344
f 1298/1328/1298 1330/1354/1330 1331/1348/1331
f 1286/1332/1286 1285/1329/1285 1317/1355/1317
f 1312/1330/1312 1344/1356/1344 1313/1358/1313
f 1299/1331/1299 1331/1348/1331 1332/1350/1332
f 1287/1335/1287 1286/1332/1286 1318/1357/1318
f 1300/1334/1300 1332/1350/1332 1333/1360/1333
f 1288/1337/1288 1287/1335/1287 1319/1359/1319
f 1301/1336/1301 1333/1360/1333 1334/1362/1334
f 1289/1339/1289 1288/1337/1288 1320/1361/1320
f 1302/1338/1302 1334/1362/1334 1335/1364/1335
f 1290/1341/1290 1289/1339/1289 1321/1363/1321
f 1303/1340/1303 1335/1364/1335 1336/1366/1336
f 1291/1343/1291 1290/1341/1290 1322/1365/1322
f 1304/1342/1304 1336/1366/1336 1337/1368/1337
f 1292/1345/1292 1291/1343/1291 1323/1367/1323
f 1305/1344/1305 1337/1368/1337 1338/1370/1338
f 1293/1282/1293 1292/1345/1292 1324/1369/1324
f 1306/1346/1306 1338/1370/1338 1339/1372/1339
f 1294/1283/1294 1293/1282/1293 1325/1371/1325
f 1307/1374/1307 1339/1397/1339 1340/1375/1340
f 1295/1320/1295 1294/1283/1294 1326/1373/1326
f 1281/1333/1281 1313/1358/1313 1314/1377/1314
f 1308/1319/1308 1340/1375/1340 1341/1378/1341
f 1296/1323/1296 1295/1320/1295 1327/1376/1327
f 1283/1324/1283 1282/1321/1282 1314/1377/1314
f 1309/1322/1309 1341/1378/1341 1342/1379/1342
f 1366/1380/1366 1398/1446/1398 1399/1381/1399
f 1319/1359/1319 1318/1357/1318 1350/1383/1350
f 1332/1350/1332 1364/1349/1364 1365/1385/1365
f 1320/1361/1320 1319/1359/1319 1351/1384/1351
f 1333/1360/1333 1365/1385/1365 1366/1380/1366
f 1321/1363/1321 1320/1361/1320 1352/1386/1352
f 1334/1362/1334 1366/1380/1366 1367/1382/1367
f 1322/1365/1322 1321/1363/1321 1353/1387/1353
f 1335/1364/1335 1367/1382/1367 1368/1389/1368
f 1323/1367/1323 1322/1365/1322 1354/1388/1354
f 1336/1366/1336 1368/1389/1368 1369/1391/1369
f 1324/1369/1324 1323/1367/1323 1355/1390/1355
f 1337/1368/1337 1369/1391/1369 1370/1393/1370
f 1325/1371/1325 1324/1369/1324 1356/1392/1356
f 1338/1370/1338 1370/1393/1370 1371/1395/1371
f 1326/1373/1326 1325/1371/1325 1357/1394/1357
f 1339/1397/1339 1371/1425/1371 1372/1398/1372
f 1327/1376/1327 1326/1373/1326 1358/1396/1358
f 1313/1358/1313 1345/1412/1345 1346/1400/1346
f 1340/1375/1340 1372/1398/1372 1373/1401/1373
f 1328/1316/1328 1327/1376/1327 1359/1399/1359
f 1315/1351/1315 1314/1377/1314 1346/1400/1346
f 1341/1378/1341 1373/1401/1373 1374/1404/1374
f 1329/1317/1329 1328/1316/1328 1360/1402/1360
f 1316/1352/1316 1315/1351/1315 1347/1403/1347
f 1342/1379/1342 1374/1404/1374 1375/1407/1375
f 1330/1354/1330 1329/1317/1329 1361/1405/1361
f 1317/1355/1317 1316/1352/1316 1348/1406/1348
f 1343/1353/1343 1375/1407/1375 1376/1410/1376
f 1330/1354/1330 1362/1408/1362 1363/1411/1363
f 1318/1357/1318 1317/1355/1317 1349/1409/1349
f 1344/1356/1344 1376/1410/1376 1345/1412/1345
f 1402/1413/1402 1401/1420/1401 1433/1414/1433
f 1354/1388/1354 1353/1387/1353 1385/1416/1385
f 1367/1382/1367 1399/1381/1399 1400/1418/1400
f 1355/1390/1355 1354/1388/1354 1386/1417/1386
f 1368/1389/1368 1400/1418/1400 1401/1420/1401
f 1356/1392/1356 1355/1390/1355 1387/1419/1387
f 1369/1391/1369 1401/1420/1401 1402/1413/1402
f 1357/1394/1357 1356/1392/1356 1388/1421/1388
f 1370/1393/1370 1402/1413/1402 1403/1423/1403
f 1358/1396/1358 1357/1394/1357 1389/1422/1389
f 1371/1425/1371 1403/2401/1403 1404/1426/1404
f 1359/1399/1359 1358/1396/1358 1390/1424/1390
f 1345/1412/1345 1377/1441/1377 1378/1428/1378
f 1372/1398/1372 1404/1426/1404 1405/1429/1405
f 1360/1402/1360 1359/1399/1359 1391/1427/1391
f 1347/1403/1347 1346/1400/1346 1378/1428/1378
f 1373/1401/1373 1405/1429/1405 1406/1432/1406
f 1361/1405/1361 1360/1402/1360 1392/1430/1392
f 1348/1406/1348 1347/1403/1347 1379/1431/1379
f 1374/1404/1374 1406/1432/1406 1407/1435/1407
f 1362/1408/1362 1361/1405/1361 1393/1433/1393
f 1349/1409/1349 1348/1406/1348 1380/1434/1380
f 1375/1407/1375 1407/1435/1407 1408/1438/1408
f 1362/1408/1362 1394/1436/1394 1395/1439/1395
f 1350/1383/1350 1349/1409/1349 1381/1437/1381
f 1376/1410/1376 1408/1438/1408 1377/1441/1377
f 1363/1411/1363 1395/1439/1395 1396/1442/1396
f 1351/1384/1351 1350/1383/1350 1382/1440/1382
f 1364/1349/1364 1396/1442/1396 1397/1444/1397
f 1352/1386/1352 1351/1384/1351 1383/1443/1383
f 1365/1385/1365 1397/1444/1397 1398/1446/1398
f 1353/1387/1353 1352/1386/1352 1384/1445/1384
f 1424/1447/1424 1456/1511/1456 1457/1448/1457
f 1388/1421/1388 1420/1478/1420 1421/1450/1421
f 1403/1423/1403 1402/1413/1402 1434/1415/1434
f 1389/1422/1389 1421/1450/1421 1422/1452/1422
f 1404/1426/1404 1403/2401/1403 1435/1453/1435
f 1390/1424/1390 1422/1452/1422 1423/1455/1423
f 1377/1441/1377 1409/1467/1409 1410/1456/1410
f 1405/1429/1405 1404/1426/1404 1436/1454/1436
f 1391/1427/1391 1423/1455/1423 1424/1447/1424
f 1378/1428/1378 1410/1456/1410 1411/1458/1411
f 1406/1432/1406 1405/1429/1405 1437/1457/1437
f 1392/1430/1392 1424/1447/1424 1425/1449/1425
f 1379/1431/1379 1411/1458/1411 1412/1460/1412
f 1407/1435/1407 1406/1432/1406 1438/1459/1438
f 1394/1436/1394 1393/1433/1393 1425/1449/1425
f 1380/1434/1380 1412/1460/1412 1413/1463/1413
f 1408/1438/1408 1407/1435/1407 1439/1461/1439
f 1395/1439/1395 1394/1436/1394 1426/1462/1426
f 1381/1437/1381 1413/1463/1413 1414/1466/1414
f 1377/1441/1377 1408/1438/1408 1440/1464/1440
f 1396/1442/1396 1395/1439/1395 1427/1465/1427
f 1382/1440/1382 1414/1466/1414 1415/1469/1415
f 1397/1444/1397 1396/1442/1396 1428/1468/1428
f 1383/1443/1383 1415/1469/1415 1416/1471/1416
f 1398/1446/1398 1397/1444/1397 1429/1470/1429
f 1384/1445/1384 1416/1471/1416 1417/1473/1417
f 1399/1381/1399 1398/1446/1398 1430/1472/1430
f 1385/1416/1385 1417/1473/1417 1418/1475/1418
f 1400/1418/1400 1399/1381/1399 1431/1474/1431
f 1386/1417/1386 1418/1475/1418 1419/1477/1419
f 1401/1420/1401 1400/1418/1400 1432/1476/1432
f 1387/1419/1387 1419/1477/1419 1420/1478/1420
f 1460/1479/1460 1459/1488/1459 1491/1480/1491
f 1411/1458/1411 1443/1512/1443 1444/1482/1444
f 1439/1461/1439 1438/1459/1438 1470/1483/1470
f 1425/1449/1425 1457/1448/1457 1458/1485/1458
f 1412/1460/1412 1444/1482/1444 1445/1486/1445
f 1440/1464/1440 1439/1461/1439 1471/1484/1471
f 1427/1465/1427 1426/1462/1426 1458/1485/1458
f 1413/1463/1413 1445/1486/1445 1446/1489/1446
f 1409/1467/1409 1440/1464/1440 1472/1487/1472
f 1428/1468/1428 1427/1465/1427 1459/1488/1459
f 1414/1466/1414 1446/1489/1446 1447/1491/1447
f 1429/1470/1429 1428/1468/1428 1460/1479/1460
f 1415/1469/1415 1447/1491/1447 1448/1493/1448
f 1430/1472/1430 1429/1470/1429 1461/1492/1461
f 1416/1471/1416 1448/1493/1448 1449/1495/1449
f 1431/1474/1431 1430/1472/1430 1462/1494/1462
f 1417/1473/1417 1449/1495/1449 1450/1497/1450
f 1432/1476/1432 1431/1474/1431 1463/1496/1463
f 1418/1475/1418 1450/1497/1450 1451/1499/1451
f 1433/1414/1433 1432/1476/1432 1464/1498/1464
f 1419/1477/1419 1451/1499/1451 1452/1501/1452
f 1434/1415/1434 1433/1414/1433 1465/1500/1465
f 1420/1478/1420 1452/1501/1452 1453/1503/1453
f 1435/1451/1435 1434/1415/1434 1466/1502/1466
f 1421/1450/1421 1453/1503/1453 1454/1505/1454
f 1436/1454/1436 1435/1453/1435 1467/1506/1467
f 1422/1452/1422 1454/1505/1454 1455/1508/1455
f 1410/1456/1410 1409/1467/1409 1441/1490/1441
f 1437/1457/1437 1436/1454/1436 1468/1507/1468
f 1423/1455/1423 1455/1508/1455 1456/1511/1456
f 1410/1456/1410 1442/1509/1442 1443/1512/1443
f 1438/1459/1438 1437/1457/1437 1469/1510/1469
f 1495/1513/1495 1494/1519/1494 1526/1514/1526
f 1446/1489/1446 1478/1545/1478 1479/1516/1479
f 1461/1492/1461 1460/1479/1460 1492/1481/1492
f 1447/1491/1447 1479/1516/1479 1480/1518/1480
f 1462/1494/1462 1461/1492/1461 1493/1517/1493
f 1448/1493/1448 1480/1518/1480 1481/1520/1481
f 1463/1496/1463 1462/1494/1462 1494/1519/1494
f 1449/1495/1449 1481/1520/1481 1482/1521/1482
f 1464/1498/1464 1463/1496/1463 1495/1513/1495
f 1450/1497/1450 1482/1521/1482 1483/1523/1483
f 1465/1500/1465 1464/1498/1464 1496/1522/1496
f 1451/1499/1451 1483/1523/1483 1484/1525/1484
f 1466/1502/1466 1465/1500/1465 1497/1524/1497
f 1452/1501/1452 1484/1525/1484 1485/1527/1485
f 1467/1504/1467 1466/1502/1466 1498/1526/1498
f 1453/1503/1453 1485/1527/1485 1486/1529/1486
f 1468/1507/1468 1467/1506/1467 1499/1530/1499
f 1454/1505/1454 1486/1529/1486 1487/1532/1487
f 1442/1509/1442 1441/1490/1441 1473/1533/1473
f 1469/1510/1469 1468/1507/1468 1500/1531/1500
f 1455/1508/1455 1487/1532/1487 1488/1536/1488
f 1442/1509/1442 1474/1534/1474 1475/1537/1475
f 1470/1483/1470 1469/1510/1469 1501/1535/1501
f 1456/1511/1456 1488/1536/1488 1489/1539/1489
f 1443/1512/1443 1475/1537/1475 1476/1540/1476
f 1471/1484/1471 1470/1483/1470 1502/1538/1502
f 1457/1448/1457 1489/1539/1489 1490/1542/1490
f 1444/1482/1444 1476/1540/1476 1477/1543/1477
f 1472/1487/1472 1471/1484/1471 1503/1541/1503
f 1459/1488/1459 1458/1485/1458 1490/1542/1490
f 1445/1486/1445 1477/1543/1477 1478/1545/1478
f 1441/1490/1441 1472/1487/1472 1504/1544/1504
f 1532/1546/1532 1531/1558/1531 1563/1547/1563
f 1481/1520/1481 1513/1578/1513 1514/1549/1514
f 1496/1522/1496 1495/1513/1495 1527/1515/1527
f 1482/1521/1482 1514/1549/1514 1515/1551/1515
f 1497/1524/1497 1496/1522/1496 1528/1550/1528
f 1483/1523/1483 1515/1551/1515 1516/1553/1516
f 1498/1526/1498 1497/1524/1497 1529/1552/1529
f 1484/1525/1484 1516/1553/1516 1517/1555/1517
f 1499/1528/1499 1498/1526/1498 1530/1554/1530
f 1485/1527/1485 1517/1555/1517 1518/1557/1518
f 1500/1531/1500 1499/1530/1499 1531/1558/1531
f 1486/1529/1486 1518/1557/1518 1519/1559/1519
f 1474/1534/1474 1473/1533/1473 1505/1560/1505
f 1501/1535/1501 1500/1531/1500 1532/1546/1532
f 1487/1532/1487 1519/1559/1519 1520/1563/1520
f 1475/1537/1475 1474/1534/1474 1506/1561/1506
f 1502/1538/1502 1501/1535/1501 1533/1562/1533
f 1488/1536/1488 1520/1563/1520 1521/1566/1521
f 1475/1537/1475 1507/1564/1507 1508/1567/1508
f 1503/1541/1503 1502/1538/1502 1534/1565/1534
f 1489/1539/1489 1521/1566/1521 1522/1569/1522
f 1476/1540/1476 1508/1567/1508 1509/1570/1509
f 1504/1544/1504 1503/1541/1503 1535/1568/1535
f 1490/1542/1490 1522/1569/1522 1523/1572/1523
f 1477/1543/1477 1509/1570/1509 1510/1573/1510
f 1473/1533/1473 1504/1544/1504 1536/1571/1536
f 1492/1481/1492 1491/1480/1491 1523/1572/1523
f 1478/1545/1478 1510/1573/1510 1511/1575/1511
f 1493/1517/1493 1492/1481/1492 1524/1574/1524
f 1479/1516/1479 1511/1575/1511 1512/1577/1512
f 1494/1519/1494 1493/1517/1493 1525/1576/1525
f 1480/1518/1480 1512/1577/1512 1513/1578/1513
f 1540/1579/1540 1539/1587/1539 1571/1580/1571
f 1518/1557/1518 1550/1611/1550 1551/1582/1551
f 1506/1561/1506 1505/1560/1505 1537/1583/1537
f 1533/1562/1533 1532/1546/1532 1564/1548/1564
f 1519/1559/1519 1551/1582/1551 1552/1586/1552
f 1507/1564/1507 1506/1561/1506 1538/1584/1538
f 1534/1565/1534 1533/1562/1533 1565/1585/1565
f 1520/1563/1520 1552/1586/1552 1553/1589/1553
f 1508/1567/1508 1507/1564/1507 1539/1587/1539
f 1535/1568/1535 1534/1565/1534 1566/1588/1566
f 1521/1566/1521 1553/1589/1553 1554/1591/1554
f 1509/1570/1509 1508/1567/1508 1540/1579/1540
f 1536/1571/1536 1535/1568/1535 1567/1590/1567
f 1522/1569/1522 1554/1591/1554 1555/1594/1555
f 1510/1573/1510 1509/1570/1509 1541/1592/1541
f 1505/1560/1505 1536/1571/1536 1568/1593/1568
f 1523/1572/1523 1555/1594/1555 1556/1596/1556
f 1510/1573/1510 1542/1595/1542 1543/1597/1543
f 1524/1574/1524 1556/1596/1556 1557/1598/1557
f 1511/1575/1511 1543/1597/1543 1544/1599/1544
f 1525/1576/1525 1557/1598/1557 1558/1600/1558
f 1512/1577/1512 1544/1599/1544 1545/1601/1545
f 1527/1515/1527 1526/1514/1526 1558/1600/1558
f 1513/1578/1513 1545/1601/1545 1546/1603/1546
f 1528/1550/1528 1527/1515/1527 1559/1602/1559
f 1514/1549/1514 1546/1603/1546 1547/1605/1547
f 1529/1552/1529 1528/1550/1528 1560/1604/1560
f 1515/1551/1515 1547/1605/1547 1548/1607/1548
f 1530/1554/1530 1529/1552/1529 1561/1606/1561
f 1516/1553/1516 1548/1607/1548 1549/1609/1549
f 1531/1556/1531 1530/1554/1530 1562/1608/1562
f 1517/1555/1517 1549/1609/1549 1550/1611/1550
f 1575/1612/1575 1574/1621/1574 1606/1613/1606
f 1567/1590/1567 1566/1588/1566 1598/1615/1598
f 1553/1589/1553 1585/1643/1585 1586/1617/1586
f 1541/1592/1541 1540/1579/1540 1572/1581/1572
f 1568/1593/1568 1567/1590/1567 1599/1616/1599
f 1554/1591/1554 1586/1617/1586 1587/1620/1587
f 1542/1595/1542 1541/1592/1541 1573/1618/1573
f 1537/1583/1537 1568/1593/1568 1600/1619/1600
f 1555/1594/1555 1587/1620/1587 1588/1623/1588
f 1543/1597/1543 1542/1595/1542 1574/1621/1574
f 1556/1596/1556 1588/1623/1588 1589/1624/1589
f 1544/1599/1544 1543/1597/1543 1575/1612/1575
f 1557/1598/1557 1589/1624/1589 1590/1626/1590
f 1545/1601/1545 1544/1599/1544 1576/1625/1576
f 1558/1600/1558 1590/1626/1590 1591/1628/1591
f 1546/1603/1546 1545/1601/1545 1577/1627/1577
f 1559/1602/1559 1591/1628/1591 1592/1630/1592
f 1547/1605/1547 1546/1603/1546 1578/1629/1578
f 1560/1604/1560 1592/1630/1592 1593/1632/1593
f 1548/1607/1548 1547/1605/1547 1579/1631/1579
f 1561/1606/1561 1593/1632/1593 1594/1634/1594
f 1548/1607/1548 1580/1633/1580 1581/1635/1581
f 1562/1608/1562 1594/1634/1594 1595/1636/1595
f 1549/1609/1549 1581/1635/1581 1582/1637/1582
f 1563/1547/1563 1595/1660/1595 1596/1638/1596
f 1550/1611/1550 1582/1637/1582 1583/1639/1583
f 1538/1584/1538 1537/1583/1537 1569/1622/1569
f 1565/1585/1565 1564/1548/1564 1596/1638/1596
f 1551/1582/1551 1583/1639/1583 1584/1642/1584
f 1539/1587/1539 1538/1584/1538 1570/1640/1570
f 1566/1588/1566 1565/1585/1565 1597/1641/1597
f 1552/1586/1552 1584/1642/1584 1585/1643/1585
f 1610/1644/1610 1609/1650/1609 1641/1645/1641
f 1588/1623/1588 1620/1676/1620 1621/1647/1621
f 1576/1625/1576 1575/1612/1575 1607/1614/1607
f 1589/1624/1589 1621/1647/1621 1622/1649/1622
f 1577/1627/1577 1576/1625/1576 1608/1648/1608
f 1590/1626/1590 1622/1649/1622 1623/1651/1623
f 1578/1629/1578 1577/1627/1577 1609/1650/1609
f 1591/1628/1591 1623/1651/1623 1624/1652/1624
f 1579/1631/1579 1578/1629/1578 1610/1644/1610
f 1592/1630/1592 1624/1652/1624 1625/1654/1625
f 1580/1633/1580 1579/1631/1579 1611/1653/1611
f 1593/1632/1593 1625/1654/1625 1626/1656/1626
f 1581/1635/1581 1580/1633/1580 1612/1655/1612
f 1594/1634/1594 1626/1656/1626 1627/1658/1627
f 1582/1637/1582 1581/1635/1581 1613/1657/1613
f 1595/1660/1595 1627/2402/1627 1628/1661/1628
f 1583/1639/1583 1582/1637/1582 1614/1659/1614
f 1570/1640/1570 1569/1622/1569 1601/1663/1601
f 1596/1638/1596 1628/1661/1628 1629/1665/1629
f 1584/1642/1584 1583/1639/1583 1615/1662/1615
f 1571/1580/1571 1570/1640/1570 1602/1664/1602
f 1597/1641/1597 1629/1665/1629 1630/1668/1630
f 1584/1642/1584 1616/1666/1616 1617/1669/1617
f 1572/1581/1572 1571/1580/1571 1603/1667/1603
f 1598/1615/1598 1630/1668/1630 1631/1671/1631
f 1585/1643/1585 1617/1669/1617 1618/1672/1618
f 1573/1618/1573 1572/1581/1572 1604/1670/1604
f 1599/1616/1599 1631/1671/1631 1632/1674/1632
f 1586/1617/1586 1618/1672/1618 1619/1675/1619
f 1574/1621/1574 1573/1618/1573 1605/1673/1605
f 1569/1622/1569 1600/1619/1600 1632/1674/1632
f 1587/1620/1587 1619/1675/1619 1620/1676/1620
f 1639/1677/1639 1638/1705/1638 1670/1678/1670
f 1624/1652/1624 1623/1651/1623 1655/1680/1655
f 1611/1653/1611 1610/1644/1610 1642/1646/1642
f 1625/1654/1625 1624/1652/1624 1656/1681/1656
f 1612/1655/1612 1611/1653/1611 1643/1682/1643
f 1626/1656/1626 1625/1654/1625 1657/1683/1657
f 1613/1657/1613 1612/1655/1612 1644/1684/1644
f 1627/1658/1627 1626/1656/1626 1658/1685/1658
f 1614/1659/1614 1613/1657/1613 1645/1686/1645
f 1628/1661/1628 1627/2402/1627 1659/1689/1659
f 1615/1662/1615 1614/1659/1614 1646/1688/1646
f 1602/1664/1602 1601/1663/1601 1633/1692/1633
f 1629/1665/1629 1628/1661/1628 1660/1690/1660
f 1616/1666/1616 1615/1662/1615 1647/1691/1647
f 1603/1667/1603 1602/1664/1602 1634/1693/1634
f 1630/1668/1630 1629/1665/1629 1661/1694/1661
f 1617/1669/1617 1616/1666/1616 1648/1695/1648
f 1604/1670/1604 1603/1667/1603 1635/1696/1635
f 1631/1671/1631 1630/1668/1630 1662/1697/1662
f 1618/1672/1618 1617/1669/1617 1649/1698/1649
f 1605/1673/1605 1604/1670/1604 1636/1699/1636
f 1632/1674/1632 1631/1671/1631 1663/1700/1663
f 1619/1675/1619 1618/1672/1618 1650/1701/1650
f 1606/1613/1606 1605/1673/1605 1637/1702/1637
f 1601/1663/1601 1632/1674/1632 1664/1703/1664
f 1620/1676/1620 1619/1675/1619 1651/1704/1651
f 1607/1614/1607 1606/1613/1606 1638/1705/1638
f 1621/1647/1621 1620/1676/1620 1652/1706/1652
f 1608/1648/1608 1607/1614/1607 1639/1677/1639
f 1622/1649/1622 1621/1647/1621 1653/1707/1653
f 1609/1650/1609 1608/1648/1608 1640/1708/1640
f 1623/1651/1623 1622/1649/1622 1654/1709/1654
f 1667/1732/1667 1666/1729/1666 1677/1723/1677
f 1666/1729/1666 1665/1728/1665 1678/1725/1678
f 1678/1725/1678 1665/1728/1665 1679/1727/1679
f 1665/1728/1665 1696/1737/1696 1679/1727/1679
f 1696/1737/1696 1695/1735/1695 1680/1731/1680
f 1679/1727/1679 1696/1737/1696 1680/1731/1680
f 1695/1735/1695 1694/1733/1694 1681/1734/1681
f 1694/1733/1694 1693/1730/1693 1682/1736/1682
f 1682/1736/1682 1693/1730/1693 1683/1738/1683
f 1693/1730/1693 1692/1726/1692 1683/1738/1683
f 1692/1726/1692 1691/1724/1691 1684/1739/1684
f 1683/1738/1683 1692/1726/1692 1684/1739/1684
f 1691/1724/1691 1690/1722/1690 1685/1713/1685
f 1690/1722/1690 1689/1720/1689 1686/1715/1686
f 1685/1713/1685 1690/1722/1690 1686/1715/1686
f 1689/1720/1689 1688/1719/1688 1687/1717/1687
f 1687/1717/1687 1686/1715/1686 1689/1720/1689
f 1685/1713/1685 1684/1739/1684 1691/1724/1691
f 1682/1736/1682 1681/1734/1681 1694/1733/1694
f 1681/1734/1681 1680/1731/1680 1695/1735/1695
f 1678/1725/1678 1677/1723/1677 1666/1729/1666
f 1677/1723/1677 1676/1721/1676 1667/1732/1667
f 1676/1721/1676 1675/1712/1675 1668/1711/1668
f 1667/1732/1667 1676/1721/1676 1668/1711/1668
f 1675/1712/1675 1674/1718/1674 1669/1710/1669
f 1674/1718/1674 1673/1716/1673 1670/1678/1670
f 1669/1710/1669 1674/1718/1674 1670/1678/1670
f 1673/1716/1673 1672/1714/1672 1671/1679/1671
f 1671/1679/1671 1670/1678/1670 1673/1716/1673
f 1652/1706/1652 1684/1739/1684 1685/1713/1685
f 1640/1708/1640 1639/1677/1639 1671/1679/1671
f 1653/1707/1653 1685/1713/1685 1686/1715/1686
f 1641/1645/1641 1640/1708/1640 1672/1714/1672
f 1654/1709/1654 1686/1715/1686 1687/1717/1687
f 1642/1646/1642 1641/1645/1641 1673/1716/1673
f 1655/1680/1655 1687/1717/1687 1688/1719/1688
f 1643/1682/1643 1642/1646/1642 1674/1718/1674
f 1656/1681/1656 1688/1719/1688 1689/1720/1689
f 1644/1684/1644 1643/1682/1643 1675/1712/1675
f 1657/1683/1657 1689/1720/1689 1690/1722/1690
f 1645/1686/1645 1644/1684/1644 1676/1721/1676
f 1658/1685/1658 1690/1722/1690 1691/1724/1691
f 1646/1688/1646 1645/1686/1645 1677/1723/1677
f 1659/1689/1659 1691/1724/1691 1692/1726/1692
f 1647/1691/1647 1646/1688/1646 1678/1725/1678
f 1634/1693/1634 1633/1692/1633 1665/1728/1665
f 1660/1690/1660 1692/1726/1692 1693/1730/1693
f 1648/1695/1648 1647/1691/1647 1679/1727/1679
f 1635/1696/1635 1634/1693/1634 1666/1729/1666
f 1661/1694/1661 1693/1730/1693 1694/1733/1694
f 1648/1695/1648 1680/1731/1680 1681/1734/1681
f 1636/1699/1636 1635/1696/1635 1667/1732/1667
f 1662/1697/1662 1694/1733/1694 1695/1735/1695
f 1649/1698/1649 1681/1734/1681 1682/1736/1682
f 1637/1702/1637 1636/1699/1636 1668/1711/1668
f 1664/1703/1664 1663/1700/1663 1695/1735/1695
f 1650/1701/1650 1682/1736/1682 1683/1738/1683
f 1638/1705/1638 1637/1702/1637 1669/1710/1669
f 1633/1692/1633 1664/1703/1664 1696/1737/1696
f 1651/1704/1651 1683/1738/1683 1684/1739/1684
f 1874/1740/1874 1873/1768/1873 1708/1741/1708
f 1868/1743/1868 1701/1770/1701 1702/1744/1702
f 1875/1746/1875 1874/1740/1874 1709/1742/1709
f 1869/1745/1869 1702/1744/1702 1703/1748/1703
f 1699/1750/1699 1875/1746/1875 1710/1747/1710
f 1870/1749/1870 1703/1748/1703 1704/1752/1704
f 1876/1754/1876 1699/1750/1699 1711/1751/1711
f 1697/1753/1697 1704/1752/1704 1705/1756/1705
f 1700/1758/1700 1876/1754/1876 1712/1755/1712
f 1698/1757/1698 1705/1756/1705 1706/1760/1706
f 1877/1762/1877 1700/1758/1700 1713/1759/1713
f 1871/1761/1871 1706/1760/1706 1707/1764/1707
f 1878/1766/1878 1877/1762/1877 1714/1763/1714
f 1873/1768/1873 1872/1765/1872 1707/1764/1707
f 1708/1741/1708 1707/1764/1707 1722/1772/1722
f 1709/1742/1709 1708/1741/1708 1723/1773/1723
f 1701/1770/1701 1716/1775/1716 1717/1779/1717
f 1710/1747/1710 1709/1742/1709 1724/1778/1724
f 1702/1744/1702 1717/1779/1717 1718/1781/1718
f 1711/1751/1711 1710/1747/1710 1725/1780/1725
f 1703/1748/1703 1718/1781/1718 1719/1783/1719
f 1712/1755/1712 1711/1751/1711 1726/1782/1726
f 1704/1752/1704 1719/1783/1719 1720/1785/1720
f 1713/1759/1713 1712/1755/1712 1727/1784/1727
f 1705/1756/1705 1720/1785/1720 1721/1787/1721
f 1714/1763/1714 1713/1759/1713 1728/1786/1728
f 1706/1760/1706 1721/1787/1721 1722/1772/1722
f 1715/1767/1715 1714/1763/1714 1729/1788/1729
f 1727/1784/1727 1726/1782/1726 1741/1789/1741
f 1719/1783/1719 1734/1805/1734 1735/1791/1735
f 1728/1786/1728 1727/1784/1727 1742/1790/1742
f 1720/1785/1720 1735/1791/1735 1736/1793/1736
f 1729/1788/1729 1728/1786/1728 1743/1792/1743
f 1721/1787/1721 1736/1793/1736 1737/1795/1737
f 1730/1777/1730 1729/1788/1729 1744/1794/1744
f 1723/1773/1723 1722/1772/1722 1737/1795/1737
f 1724/1778/1724 1723/1773/1723 1738/1797/1738
f 1716/1775/1716 1731/1799/1731 1732/1802/1732
f 1725/1780/1725 1724/1778/1724 1739/1801/1739
f 1717/1779/1717 1732/1802/1732 1733/1804/1733
f 1726/1782/1726 1725/1780/1725 1740/1803/1740
f 1718/1781/1718 1733/1804/1733 1734/1805/1734
f 1738/1797/1738 1753/1822/1753 1754/1810/1754
f 1732/1802/1732 1731/1799/1731 1746/1807/1746
f 1740/1803/1740 1739/1801/1739 1754/1810/1754
f 1733/1804/1733 1732/1802/1732 1747/1811/1747
f 1741/1789/1741 1740/1803/1740 1755/1812/1755
f 1734/1805/1734 1733/1804/1733 1748/1813/1748
f 1742/1790/1742 1741/1789/1741 1756/1814/1756
f 1735/1791/1735 1734/1805/1734 1749/1815/1749
f 1743/1792/1743 1742/1790/1742 1757/1816/1757
f 1736/1793/1736 1735/1791/1735 1750/1817/1750
f 1744/1794/1744 1743/1792/1743 1758/1818/1758
f 1737/1795/1737 1736/1793/1736 1751/1819/1751
f 1745/1796/1745 1744/1794/1744 1759/1820/1759
f 1738/1797/1738 1737/1795/1737 1752/1821/1752
f 1750/1817/1750 1749/1815/1749 1764/1823/1764
f 1757/1816/1757 1772/1839/1772 1773/1825/1773
f 1751/1819/1751 1750/1817/1750 1765/1824/1765
f 1758/1818/1758 1773/1825/1773 1774/1827/1774
f 1752/1821/1752 1751/1819/1751 1766/1826/1766
f 1759/1820/1759 1774/1827/1774 1775/1829/1775
f 1753/1822/1753 1752/1821/1752 1767/1828/1767
f 1753/1822/1753 1768/1830/1768 1769/1834/1769
f 1747/1811/1747 1746/1807/1746 1761/1832/1761
f 1754/1810/1754 1769/1834/1769 1770/1836/1770
f 1748/1813/1748 1747/1811/1747 1762/1835/1762
f 1755/1812/1755 1770/1836/1770 1771/1838/1771
f 1749/1815/1749 1748/1813/1748 1763/1837/1763
f 1756/1814/1756 1771/1838/1771 1772/1839/1772
f 1768/1830/1768 1783/1854/1783 1784/1840/1784
f 1762/1835/1762 1761/1832/1761 1776/1841/1776
f 1769/1834/1769 1784/1840/1784 1785/1843/1785
f 1763/1837/1763 1762/1835/1762 1777/1842/1777
f 1770/1836/1770 1785/1843/1785 1786/1845/1786
f 1764/1823/1764 1763/1837/1763 1778/1844/1778
f 1771/1838/1771 1786/1845/1786 1787/1847/1787
f 1765/1824/1765 1764/1823/1764 1779/1846/1779
f 1772/1839/1772 1787/1847/1787 1788/1849/1788
f 1766/1826/1766 1765/1824/1765 1780/1848/1780
f 1773/1825/1773 1788/1849/1788 1789/1851/1789
f 1767/1828/1767 1766/1826/1766 1781/1850/1781
f 1774/1827/1774 1789/1851/1789 1790/1853/1790
f 1768/1830/1768 1767/1828/1767 1782/1852/1782
f 1787/1847/1787 1802/1873/1802 1803/1857/1803
f 1781/1850/1781 1780/1848/1780 1795/1858/1795
f 1788/1849/1788 1803/1857/1803 1804/1860/1804
f 1782/1852/1782 1781/1850/1781 1796/1859/1796
f 1789/1851/1789 1804/1860/1804 1805/1862/1805
f 1783/1854/1783 1782/1852/1782 1797/1861/1797
f 1783/1854/1783 1798/1863/1798 1799/1867/1799
f 1776/1841/1776 1791/1865/1791 1792/1868/1792
f 1784/1840/1784 1799/1867/1799 1800/1869/1800
f 1778/1844/1778 1777/1842/1777 1792/1868/1792
f 1785/1843/1785 1800/1869/1800 1801/1871/1801
f 1779/1846/1779 1778/1844/1778 1793/1870/1793
f 1786/1845/1786 1801/1871/1801 1802/1873/1802
f 1780/1848/1780 1779/1846/1779 1794/1872/1794
f 1799/1867/1799 1814/1889/1814 1815/1874/1815
f 1792/1868/1792 1807/1890/1807 1808/1875/1808
f 1800/1869/1800 1815/1874/1815 1816/1876/1816
f 1793/1870/1793 1808/1875/1808 1809/1877/1809
f 1801/1871/1801 1816/1876/1816 1817/1878/1817
f 1794/1872/1794 1809/1877/1809 1810/1879/1810
f 1802/1873/1802 1817/1878/1817 1818/1880/1818
f 1795/1858/1795 1810/1879/1810 1811/1881/1811
f 1803/1857/1803 1818/1880/1818 1819/1882/1819
f 1796/1859/1796 1811/1881/1811 1812/1883/1812
f 1804/1860/1804 1819/1882/1819 1820/1884/1820
f 1798/1863/1798 1797/1861/1797 1812/1883/1812
f 1798/1863/1798 1813/1885/1813 1814/1889/1814
f 1791/1865/1791 1806/1887/1806 1807/1890/1807
f 1818/1880/1818 1834/1906/1834 1835/1891/1835
f 1811/1881/1811 1827/1907/1827 1828/1892/1828
f 1819/1882/1819 1835/1891/1835 1836/1893/1836
f 1812/1883/1812 1828/1892/1828 1829/1894/1829
f 1813/1885/1813 1829/1894/1829 1830/1898/1830
f 1806/1887/1806 1822/1896/1822 1823/1899/1823
f 1814/1889/1814 1830/1898/1830 1831/1900/1831
f 1807/1890/1807 1823/1899/1823 1824/1901/1824
f 1815/1874/1815 1831/1900/1831 1832/1902/1832
f 1808/1875/1808 1824/1901/1824 1825/1903/1825
f 1816/1876/1816 1832/1902/1832 1833/1904/1833
f 1809/1877/1809 1825/1903/1825 1826/1905/1826
f 1817/1878/1817 1833/1904/1833 1834/1906/1834
f 1810/1879/1810 1826/1905/1826 1827/1907/1827
f 1824/1908/1824 1823/1938/1823 1838/1909/1838
f 1831/1911/1831 1846/1939/1846 1847/1912/1847
f 1825/1914/1825 1824/1908/1824 1839/1910/1839
f 1832/1913/1832 1847/1912/1847 1848/1916/1848
f 1825/1914/1825 1840/1915/1840 1841/1918/1841
f 1833/1917/1833 1848/1916/1848 1849/1920/1849
f 1827/1922/1827 1826/1919/1826 1841/1918/1841
f 1834/1921/1834 1849/1920/1849 1850/1924/1850
f 1827/1922/1827 1842/1923/1842 1843/1926/1843
f 1835/1925/1835 1850/1924/1850 1851/1928/1851
f 1828/1927/1828 1843/1926/1843 1844/1930/1844
f 1829/1931/1829 1844/1930/1844 1845/1936/1845
f 1823/1938/1823 1822/1932/1822 1837/1934/1837
f 1830/1937/1830 1845/1936/1845 1846/1939/1846
f 1843/1926/1843 1842/1923/1842 1857/1940/1857
f 1851/1928/1851 1850/1924/1850 1865/1942/1865
f 1843/1926/1843 1858/1941/1858 1859/1944/1859
f 1844/1930/1844 1859/1944/1859 1860/1948/1860
f 1838/1909/1838 1837/1934/1837 1852/1946/1852
f 1846/1939/1846 1845/1936/1845 1860/1948/1860
f 1839/1910/1839 1838/1909/1838 1853/1949/1853
f 1847/1912/1847 1846/1939/1846 1861/1950/1861
f 1840/1915/1840 1839/1910/1839 1854/1951/1854
f 1848/1916/1848 1847/1912/1847 1862/1952/1862
f 1841/1918/1841 1840/1915/1840 1855/1953/1855
f 1849/1920/1849 1848/1916/1848 1863/1954/1863
f 1842/1923/1842 1841/1918/1841 1856/1955/1856
f 1850/1924/1850 1849/1920/1849 1864/1956/1864
f 1862/1952/1862 1861/1950/1861 1875/1746/1875
f 1855/1953/1855 1854/1951/1854 1870/1749/1870
f 1863/1954/1863 1862/1952/1862 1699/1750/1699
f 1856/1955/1856 1855/1953/1855 1697/1753/1697
f 1864/1956/1864 1863/1954/1863 1876/1754/1876
f 1857/1940/1857 1856/1955/1856 1698/1757/1698
f 1865/1942/1865 1864/1956/1864 1700/1758/1700
f 1858/1941/1858 1857/1940/1857 1871/1761/1871
f 1866/1943/1866 1865/1942/1865 1877/1762/1877
f 1858/1941/1858 1872/1765/1872 1873/1768/1873
f 1860/1948/1860 1859/1944/1859 1873/1768/1873
f 1853/1949/1853 1852/1946/1852 1868/1743/1868
f 1861/1950/1861 1860/1948/1860 1874/1740/1874
f 1854/1951/1854 1853/1949/1853 1869/1745/1869
f 2056/1959/2056 2055/1987/2055 1890/1960/1890
f 2050/1962/2050 1883/1989/1883 1884/1963/1884
f 2057/1965/2057 2056/1959/2056 1891/1961/1891
f 2051/1964/2051 1884/1963/1884 1885/1967/1885
f 1881/1969/1881 2057/1965/2057 1892/1966/1892
f 2052/1968/2052 1885/1967/1885 1886/1971/1886
f 2058/1973/2058 1881/1969/1881 1893/1970/1893
f 1879/1972/1879 1886/1971/1886 1887/1975/1887
f 1882/1977/1882 2058/1973/2058 1894/1974/1894
f 1880/1976/1880 1887/1975/1887 1888/1979/1888
f 2059/1981/2059 1882/1977/1882 1895/1978/1895
f 2053/1980/2053 1888/1979/1888 1889/1983/1889
f 2060/1985/2060 2059/1981/2059 1896/1982/1896
f 2054/1984/2054 1889/1983/1889 1890/1960/1890
f 1889/1983/1889 1904/2007/1904 1905/1991/1905
f 1891/1961/1891 1890/1960/1890 1905/1991/1905
f 1883/1989/1883 1898/1993/1898 1899/1997/1899
f 1892/1966/1892 1891/1961/1891 1906/1996/1906
f 1884/1963/1884 1899/1997/1899 1900/1999/1900
f 1893/1970/1893 1892/1966/1892 1907/1998/1907
f 1885/1967/1885 1900/1999/1900 1901/2001/1901
f 1894/1974/1894 1893/1970/1893 1908/2000/1908
f 1886/1971/1886 1901/2001/1901 1902/2003/1902
f 1895/1978/1895 1894/1974/1894 1909/2002/1909
f 1887/1975/1887 1902/2003/1902 1903/2005/1903
f 1896/1982/1896 1895/1978/1895 1910/2004/1910
f 1888/1979/1888 1903/2005/1903 1904/2007/1904
f 1897/1986/1897 1896/1982/1896 1911/2006/1911
f 1909/2002/1909 1908/2000/1908 1923/2008/1923
f 1901/2001/1901 1916/2024/1916 1917/2010/1917
f 1910/2004/1910 1909/2002/1909 1924/2009/1924
f 1902/2003/1902 1917/2010/1917 1918/2012/1918
f 1911/2006/1911 1910/2004/1910 1925/2011/1925
f 1903/2005/1903 1918/2012/1918 1919/2014/1919
f 1912/1995/1912 1911/2006/1911 1926/2013/1926
f 1904/2007/1904 1919/2014/1919 1920/2016/1920
f 1906/1996/1906 1905/1991/1905 1920/2016/1920
f 1898/1993/1898 1913/2018/1913 1914/2021/1914
f 1907/1998/1907 1906/1996/1906 1921/2020/1921
f 1899/1997/1899 1914/2021/1914 1915/2023/1915
f 1908/2000/1908 1907/1998/1907 1922/2022/1922
f 1900/1999/1900 1915/2023/1915 1916/2024/1916
f 1920/2016/1920 1935/2041/1935 1936/2029/1936
f 1914/2021/1914 1913/2018/1913 1928/2026/1928
f 1921/2020/1921 1936/2029/1936 1937/2031/1937
f 1915/2023/1915 1914/2021/1914 1929/2030/1929
f 1922/2022/1922 1937/2031/1937 1938/2033/1938
f 1916/2024/1916 1915/2023/1915 1930/2032/1930
f 1923/2008/1923 1938/2033/1938 1939/2035/1939
f 1916/2024/1916 1931/2034/1931 1932/2036/1932
f 1924/2009/1924 1939/2035/1939 1940/2037/1940
f 1917/2010/1917 1932/2036/1932 1933/2038/1933
f 1925/2011/1925 1940/2037/1940 1941/2039/1941
f 1918/2012/1918 1933/2038/1933 1934/2040/1934
f 1926/2013/1926 1941/2039/1941 1942/2028/1942
f 1919/2014/1919 1934/2040/1934 1935/2041/1935
f 1932/2036/1932 1931/2034/1931 1946/2042/1946
f 1939/2035/1939 1954/2058/1954 1955/2044/1955
f 1933/2038/1933 1932/2036/1932 1947/2043/1947
f 1940/2037/1940 1955/2044/1955 1956/2046/1956
f 1934/2040/1934 1933/2038/1933 1948/2045/1948
f 1941/2039/1941 1956/2046/1956 1957/2048/1957
f 1934/2040/1934 1949/2047/1949 1950/2049/1950
f 1935/2041/1935 1950/2049/1950 1951/2053/1951
f 1929/2030/1929 1928/2026/1928 1943/2051/1943
f 1936/2029/1936 1951/2053/1951 1952/2055/1952
f 1930/2032/1930 1929/2030/1929 1944/2054/1944
f 1937/2031/1937 1952/2055/1952 1953/2057/1953
f 1931/2034/1931 1930/2032/1930 1945/2056/1945
f 1938/2033/1938 1953/2057/1953 1954/2058/1954
f 1950/2049/1950 1965/2073/1965 1966/2059/1966
f 1944/2054/1944 1943/2051/1943 1958/2060/1958
f 1951/2053/1951 1966/2059/1966 1967/2062/1967
f 1945/2056/1945 1944/2054/1944 1959/2061/1959
f 1952/2055/1952 1967/2062/1967 1968/2064/1968
f 1946/2042/1946 1945/2056/1945 1960/2063/1960
f 1953/2057/1953 1968/2064/1968 1969/2066/1969
f 1947/2043/1947 1946/2042/1946 1961/2065/1961
f 1954/2058/1954 1969/2066/1969 1970/2068/1970
f 1948/2045/1948 1947/2043/1947 1962/2067/1962
f 1955/2044/1955 1970/2068/1970 1971/2070/1971
f 1949/2047/1949 1948/2045/1948 1963/2069/1963
f 1956/2046/1956 1971/2070/1971 1972/2072/1972
f 1949/2047/1949 1964/2071/1964 1965/2073/1965
f 1969/2066/1969 1984/2092/1984 1985/2076/1985
f 1963/2069/1963 1962/2067/1962 1977/2077/1977
f 1970/2068/1970 1985/2076/1985 1986/2079/1986
f 1964/2071/1964 1963/2069/1963 1978/2078/1978
f 1971/2070/1971 1986/2079/1986 1987/2081/1987
f 1965/2073/1965 1964/2071/1964 1979/2080/1979
f 1965/2073/1965 1980/2082/1980 1981/2086/1981
f 1959/2061/1959 1958/2060/1958 1973/2084/1973
f 1966/2059/1966 1981/2086/1981 1982/2088/1982
f 1960/2063/1960 1959/2061/1959 1974/2087/1974
f 1967/2062/1967 1982/2088/1982 1983/2090/1983
f 1961/2065/1961 1960/2063/1960 1975/2089/1975
f 1968/2064/1968 1983/2090/1983 1984/2092/1984
f 1962/2067/1962 1961/2065/1961 1976/2091/1976
f 1981/2086/1981 1996/2108/1996 1997/2093/1997
f 1974/2087/1974 1989/2109/1989 1990/2094/1990
f 1982/2088/1982 1997/2093/1997 1998/2095/1998
f 1975/2089/1975 1990/2094/1990 1991/2096/1991
f 1983/2090/1983 1998/2095/1998 1999/2097/1999
f 1976/2091/1976 1991/2096/1991 1992/2098/1992
f 1984/2092/1984 1999/2097/1999 2000/2099/2000
f 1977/2077/1977 1992/2098/1992 1993/2100/1993
f 1985/2076/1985 2000/2099/2000 2001/2101/2001
f 1978/2078/1978 1993/2100/1993 1994/2102/1994
f 1986/2079/1986 2001/2101/2001 2002/2103/2002
f 1980/2082/1980 1979/2080/1979 1994/2102/1994
f 1980/2082/1980 1995/2104/1995 1996/2108/1996
f 1973/2084/1973 1988/2106/1988 1989/2109/1989
f 2000/2099/2000 2016/2125/2016 2017/2110/2017
f 1993/2100/1993 2009/2126/2009 2010/2111/2010
f 2001/2101/2001 2017/2110/2017 2018/2112/2018
f 1995/2104/1995 1994/2102/1994 2010/2111/2010
f 1996/2108/1996 1995/2104/1995 2011/2113/2011
f 1988/2106/1988 2004/2115/2004 2005/2118/2005
f 1996/2108/1996 2012/2117/2012 2013/2119/2013
f 1989/2109/1989 2005/2118/2005 2006/2120/2006
f 1998/2095/1998 1997/2093/1997 2013/2119/2013
f 1990/2094/1990 2006/2120/2006 2007/2122/2007
f 1999/2097/1999 1998/2095/1998 2014/2121/2014
f 1991/2096/1991 2007/2122/2007 2008/2124/2008
f 1999/2097/1999 2015/2123/2015 2016/2125/2016
f 1992/2098/1992 2008/2124/2008 2009/2126/2009
f 2006/2127/2006 2005/2157/2005 2020/2128/2020
f 2014/2130/2014 2013/2158/2013 2028/2131/2028
f 2007/2133/2007 2006/2127/2006 2021/2129/2021
f 2015/2135/2015 2014/2130/2014 2029/2132/2029
f 2008/2137/2008 2007/2133/2007 2022/2134/2022
f 2016/2139/2016 2015/2135/2015 2030/2136/2030
f 2009/2141/2009 2008/2137/2008 2023/2138/2023
f 2017/2143/2017 2016/2139/2016 2031/2140/2031
f 2010/2145/2010 2009/2141/2009 2024/2142/2024
f 2018/2147/2018 2017/2143/2017 2032/2144/2032
f 2011/2149/2011 2010/2145/2010 2025/2146/2025
f 2012/2155/2012 2011/2149/2011 2026/2150/2026
f 2005/2157/2005 2004/2151/2004 2019/2153/2019
f 2013/2158/2013 2012/2155/2012 2027/2156/2027
f 2025/2146/2025 2024/2142/2024 2039/2159/2039
f 2033/2148/2033 2032/2144/2032 2047/2161/2047
f 2026/2150/2026 2025/2146/2025 2040/2160/2040
f 2027/2156/2027 2026/2150/2026 2041/2163/2041
f 2020/2128/2020 2019/2153/2019 2034/2165/2034
f 2028/2131/2028 2027/2156/2027 2042/2167/2042
f 2021/2129/2021 2020/2128/2020 2035/2168/2035
f 2029/2132/2029 2028/2131/2028 2043/2169/2043
f 2022/2134/2022 2021/2129/2021 2036/2170/2036
f 2030/2136/2030 2029/2132/2029 2044/2171/2044
f 2023/2138/2023 2022/2134/2022 2037/2172/2037
f 2031/2140/2031 2030/2136/2030 2045/2173/2045
f 2024/2142/2024 2023/2138/2023 2038/2174/2038
f 2032/2144/2032 2031/2140/2031 2046/2175/2046
f 2044/2171/2044 2043/2169/2043 2057/1965/2057
f 2037/2172/2037 2036/2170/2036 2052/1968/2052
f 2045/2173/2045 2044/2171/2044 1881/1969/1881
f 2038/2174/2038 2037/2172/2037 1879/1972/1879
f 2046/2175/2046 2045/2173/2045 2058/1973/2058
f 2039/2159/2039 2038/2174/2038 1880/1976/1880
f 2047/2161/2047 2046/2175/2046 1882/1977/1882
f 2040/2160/2040 2039/2159/2039 2053/1980/2053
f 2048/2162/2048 2047/2161/2047 2059/1981/2059
f 2041/2163/2041 2040/2160/2040 2054/1984/2054
f 2042/2167/2042 2041/2163/2041 2055/1987/2055
f 2035/2168/2035 2034/2165/2034 2050/1962/2050
f 2043/2169/2043 2042/2167/2042 2056/1959/2056
f 2036/2170/2036 2035/2168/2035 2051/1964/2051
f 2238/2178/2238 2237/2206/2237 2072/2179/2072
f 2232/2181/2232 2065/2208/2065 2066/2182/2066
f 2239/2184/2239 2238/2178/2238 2073/2180/2073
f 2233/2183/2233 2066/2182/2066 2067/2186/2067
f 2063/2188/2063 2239/2184/2239 2074/2185/2074
f 2234/2187/2234 2067/2186/2067 2068/2190/2068
f 2240/2192/2240 2063/2188/2063 2075/2189/2075
f 2061/2191/2061 2068/2190/2068 2069/2194/2069
f 2064/2196/2064 2240/2192/2240 2076/2193/2076
f 2062/2195/2062 2069/2194/2069 2070/2198/2070
f 2241/2200/2241 2064/2196/2064 2077/2197/2077
f 2235/2199/2235 2070/2198/2070 2071/2202/2071
f 2242/2204/2242 2241/2200/2241 2078/2201/2078
f 2236/2203/2236 2071/2202/2071 2072/2179/2072
f 2072/2179/2072 2071/2202/2071 2086/2210/2086
f 2073/2180/2073 2072/2179/2072 2087/2211/2087
f 2065/2208/2065 2080/2213/2080 2081/2217/2081
f 2074/2185/2074 2073/2180/2073 2088/2216/2088
f 2066/2182/2066 2081/2217/2081 2082/2219/2082
f 2075/2189/2075 2074/2185/2074 2089/2218/2089
f 2067/2186/2067 2082/2219/2082 2083/2221/2083
f 2076/2193/2076 2075/2189/2075 2090/2220/2090
f 2068/2190/2068 2083/2221/2083 2084/2223/2084
f 2077/2197/2077 2076/2193/2076 2091/2222/2091
f 2069/2194/2069 2084/2223/2084 2085/2225/2085
f 2078/2201/2078 2077/2197/2077 2092/2224/2092
f 2070/2198/2070 2085/2225/2085 2086/2210/2086
f 2079/2205/2079 2078/2201/2078 2093/2226/2093
f 2091/2222/2091 2090/2220/2090 2105/2227/2105
f 2083/2221/2083 2098/2243/2098 2099/2229/2099
f 2092/2224/2092 2091/2222/2091 2106/2228/2106
f 2084/2223/2084 2099/2229/2099 2100/2231/2100
f 2093/2226/2093 2092/2224/2092 2107/2230/2107
f 2085/2225/2085 2100/2231/2100 2101/2233/2101
f 2094/2215/2094 2093/2226/2093 2108/2232/2108
f 2086/2210/2086 2101/2233/2101 2102/2235/2102
f 2088/2216/2088 2087/2211/2087 2102/2235/2102
f 2080/2213/2080 2095/2237/2095 2096/2240/2096
f 2089/2218/2089 2088/2216/2088 2103/2239/2103
f 2081/2217/2081 2096/2240/2096 2097/2242/2097
f 2090/2220/2090 2089/2218/2089 2104/2241/2104
f 2082/2219/2082 2097/2242/2097 2098/2243/2098
f 2102/2235/2102 2117/2260/2117 2118/2248/2118
f 2096/2240/2096 2095/2237/2095 2110/2245/2110
f 2103/2239/2103 2118/2248/2118 2119/2250/2119
f 2097/2242/2097 2096/2240/2096 2111/2249/2111
f 2104/2241/2104 2119/2250/2119 2120/2252/2120
f 2098/2243/2098 2097/2242/2097 2112/2251/2112
f 2105/2227/2105 2120/2252/2120 2121/2254/2121
f 2099/2229/2099 2098/2243/2098 2113/2253/2113
f 2106/2228/2106 2121/2254/2121 2122/2256/2122
f 2099/2229/2099 2114/2255/2114 2115/2257/2115
f 2107/2230/2107 2122/2256/2122 2123/2258/2123
f 2100/2231/2100 2115/2257/2115 2116/2259/2116
f 2108/2232/2108 2123/2258/2123 2124/2247/2124
f 2101/2233/2101 2116/2259/2116 2117/2260/2117
f 2114/2255/2114 2113/2253/2113 2128/2261/2128
f 2121/2254/2121 2136/2277/2136 2137/2263/2137
f 2115/2257/2115 2114/2255/2114 2129/2262/2129
f 2122/2256/2122 2137/2263/2137 2138/2265/2138
f 2116/2259/2116 2115/2257/2115 2130/2264/2130
f 2123/2258/2123 2138/2265/2138 2139/2267/2139
f 2116/2259/2116 2131/2266/2131 2132/2268/2132
f 2117/2260/2117 2132/2268/2132 2133/2272/2133
f 2111/2249/2111 2110/2245/2110 2125/2270/2125
f 2118/2248/2118 2133/2272/2133 2134/2274/2134
f 2112/2251/2112 2111/2249/2111 2126/2273/2126
f 2119/2250/2119 2134/2274/2134 2135/2276/2135
f 2113/2253/2113 2112/2251/2112 2127/2275/2127
f 2120/2252/2120 2135/2276/2135 2136/2277/2136
f 2132/2268/2132 2147/2292/2147 2148/2278/2148
f 2126/2273/2126 2125/2270/2125 2140/2279/2140
f 2133/2272/2133 2148/2278/2148 2149/2281/2149
f 2127/2275/2127 2126/2273/2126 2141/2280/2141
f 2134/2274/2134 2149/2281/2149 2150/2283/2150
f 2128/2261/2128 2127/2275/2127 2142/2282/2142
f 2135/2276/2135 2150/2283/2150 2151/2285/2151
f 2129/2262/2129 2128/2261/2128 2143/2284/2143
f 2136/2277/2136 2151/2285/2151 2152/2287/2152
f 2130/2264/2130 2129/2262/2129 2144/2286/2144
f 2137/2263/2137 2152/2287/2152 2153/2289/2153
f 2131/2266/2131 2130/2264/2130 2145/2288/2145
f 2138/2265/2138 2153/2289/2153 2154/2291/2154
f 2131/2266/2131 2146/2290/2146 2147/2292/2147
f 2151/2285/2151 2166/2311/2166 2167/2295/2167
f 2145/2288/2145 2144/2286/2144 2159/2296/2159
f 2152/2287/2152 2167/2295/2167 2168/2298/2168
f 2146/2290/2146 2145/2288/2145 2160/2297/2160
f 2153/2289/2153 2168/2298/2168 2169/2300/2169
f 2147/2292/2147 2146/2290/2146 2161/2299/2161
f 2147/2292/2147 2162/2301/2162 2163/2305/2163
f 2141/2280/2141 2140/2279/2140 2155/2303/2155
f 2148/2278/2148 2163/2305/2163 2164/2307/2164
f 2142/2282/2142 2141/2280/2141 2156/2306/2156
f 2149/2281/2149 2164/2307/2164 2165/2309/2165
f 2143/2284/2143 2142/2282/2142 2157/2308/2157
f 2150/2283/2150 2165/2309/2165 2166/2311/2166
f 2144/2286/2144 2143/2284/2143 2158/2310/2158
f 2163/2305/2163 2178/2327/2178 2179/2312/2179
f 2156/2306/2156 2171/2328/2171 2172/2313/2172
f 2164/2307/2164 2179/2312/2179 2180/2314/2180
f 2157/2308/2157 2172/2313/2172 2173/2315/2173
f 2165/2309/2165 2180/2314/2180 2181/2316/2181
f 2158/2310/2158 2173/2315/2173 2174/2317/2174
f 2166/2311/2166 2181/2316/2181 2182/2318/2182
f 2159/2296/2159 2174/2317/2174 2175/2319/2175
f 2167/2295/2167 2182/2318/2182 2183/2320/2183
f 2160/2297/2160 2175/2319/2175 2176/2321/2176
f 2168/2298/2168 2183/2320/2183 2184/2322/2184
f 2162/2301/2162 2161/2299/2161 2176/2321/2176
f 2162/2301/2162 2177/2323/2177 2178/2327/2178
f 2155/2303/2155 2170/2325/2170 2171/2328/2171
f 2182/2318/2182 2198/2344/2198 2199/2329/2199
f 2175/2319/2175 2191/2345/2191 2192/2330/2192
f 2183/2320/2183 2199/2329/2199 2200/2331/2200
f 2177/2323/2177 2176/2321/2176 2192/2330/2192
f 2177/2323/2177 2193/2332/2193 2194/2336/2194
f 2170/2325/2170 2186/2334/2186 2187/2337/2187
f 2178/2327/2178 2194/2336/2194 2195/2338/2195
f 2171/2328/2171 2187/2337/2187 2188/2339/2188
f 2179/2312/2179 2195/2338/2195 2196/2340/2196
f 2172/2313/2172 2188/2339/2188 2189/2341/2189
f 2180/2314/2180 2196/2340/2196 2197/2342/2197
f 2173/2315/2173 2189/2341/2189 2190/2343/2190
f 2181/2316/2181 2197/2342/2197 2198/2344/2198
f 2174/2317/2174 2190/2343/2190 2191/2345/2191
f 2188/2346/2188 2187/2376/2187 2202/2347/2202
f 2196/2349/2196 2195/2377/2195 2210/2350/2210
f 2189/2352/2189 2188/2346/2188 2203/2348/2203
f 2197/2354/2197 2196/2349/2196 2211/2351/2211
f 2190/2356/2190 2189/2352/2189 2204/2353/2204
f 2198/2358/2198 2197/2354/2197 2212/2355/2212
f 2191/2360/2191 2190/2356/2190 2205/2357/2205
f 2198/2358/2198 2213/2359/2213 2214/2362/2214
f 2192/2364/2192 2191/2360/2191 2206/2361/2206
f 2199/2363/2199 2214/2362/2214 2215/2366/2215
f 2193/2368/2193 2192/2364/2192 2207/2365/2207
f 2194/2374/2194 2193/2368/2193 2208/2369/2208
f 2187/2376/2187 2186/2370/2186 2201/2372/2201
f 2195/2377/2195 2194/2374/2194 2209/2375/2209
f 2207/2365/2207 2206/2361/2206 2221/2378/2221
f 2215/2366/2215 2214/2362/2214 2229/2380/2229
f 2207/2365/2207 2222/2379/2222 2223/2382/2223
f 2209/2375/2209 2208/2369/2208 2223/2382/2223
f 2202/2347/2202 2201/2372/2201 2216/2384/2216
f 2210/2350/2210 2209/2375/2209 2224/2386/2224
f 2203/2348/2203 2202/2347/2202 2217/2387/2217
f 2211/2351/2211 2210/2350/2210 2225/2388/2225
f 2204/2353/2204 2203/2348/2203 2218/2389/2218
f 2212/2355/2212 2211/2351/2211 2226/2390/2226
f 2205/2357/2205 2204/2353/2204 2219/2391/2219
f 2213/2359/2213 2212/2355/2212 2227/2392/2227
f 2206/2361/2206 2205/2357/2205 2220/2393/2220
f 2214/2362/2214 2213/2359/2213 2228/2394/2228
f 2226/2390/2226 2225/2388/2225 2239/2184/2239
f 2219/2391/2219 2218/2389/2218 2234/2187/2234
f 2227/2392/2227 2226/2390/2226 2063/2188/2063
f 2220/2393/2220 2219/2391/2219 2061/2191/2061
f 2228/2394/2228 2227/2392/2227 2240/2192/2240
f 2221/2378/2221 2220/2393/2220 2062/2195/2062
f 2229/2380/2229 2228/2394/2228 2064/2196/2064
f 2222/2379/2222 2221/2378/2221 2235/2199/2235
f 2230/2381/2230 2229/2380/2229 2241/2200/2241
f 2222/2379/2222 2236/2203/2236 2237/2206/2237
f 2224/2386/2224 2223/2382/2223 2237/2206/2237
f 2217/2387/2217 2216/2384/2216 2232/2181/2232
f 2225/2388/2225 2224/2386/2224 2238/2178/2238
f 2218/2389/2218 2217/2387/2217 2233/2183/2233
