# Blender 4.5.4 LTS
# www.blender.org
mtllib sprout.mtl
o sprout
v 0.000000 0.130541 0.398496
v 0.000000 0.116355 2.428511
v 0.025467 0.128033 0.398496
v 0.022814 0.114120 2.428735
v 0.049956 0.120605 0.398496
v 0.044751 0.107498 2.429399
v 0.072525 0.108541 0.398496
v 0.064968 0.096746 2.430478
v 0.092307 0.092307 0.398496
v 0.082689 0.082276 2.431930
v 0.108541 0.072525 0.398496
v 0.097232 0.064643 2.433699
v 0.120605 0.049956 0.398496
v 0.108038 0.044527 2.435717
v 0.128033 0.025467 0.398496
v 0.114692 0.022700 2.437907
v 0.130542 -0.000000 0.398496
v 0.116939 -0.000000 2.440184
v 0.128033 -0.025467 0.398496
v 0.114692 -0.022700 2.442461
v 0.120605 -0.049956 0.398496
v 0.108038 -0.044527 2.444651
v 0.108541 -0.072525 0.398496
v 0.097232 -0.064644 2.446669
v 0.092307 -0.092307 0.398496
v 0.082689 -0.082276 2.448438
v 0.072525 -0.108541 0.398496
v 0.064968 -0.096746 2.449890
v 0.049956 -0.120605 0.398496
v 0.044751 -0.107498 2.450969
v 0.025467 -0.128033 0.398496
v 0.022814 -0.114120 2.451632
v 0.000000 -0.130542 0.398496
v 0.000000 -0.116356 2.451857
v -0.025467 -0.128033 0.398496
v -0.022814 -0.114120 2.451632
v -0.049956 -0.120605 0.398496
v -0.044751 -0.107498 2.450969
v -0.072525 -0.108541 0.398496
v -0.064968 -0.096746 2.449890
v -0.092307 -0.092307 0.398496
v -0.082689 -0.082276 2.448438
v -0.108541 -0.072525 0.398496
v -0.097232 -0.064644 2.446669
v -0.120605 -0.049956 0.398496
v -0.108038 -0.044527 2.444651
v -0.128033 -0.025467 0.398496
v -0.114692 -0.022700 2.442461
v -0.130542 -0.000000 0.398496
v -0.116939 -0.000000 2.440184
v -0.128033 0.025467 0.398496
v -0.114692 0.022700 2.437907
v -0.120605 0.049956 0.398496
v -0.108038 0.044527 2.435717
v -0.108541 0.072525 0.398496
v -0.097232 0.064643 2.433699
v -0.092307 0.092307 0.398496
v -0.082689 0.082276 2.431930
v -0.072525 0.108541 0.398496
v -0.064968 0.096746 2.430478
v -0.049956 0.120605 0.398496
v -0.044751 0.107498 2.429399
v -0.025467 0.128033 0.398496
v -0.022814 0.114120 2.428735
v -0.000000 0.235158 0.027720
v 0.045877 0.230640 0.027720
v 0.089991 0.217258 0.027720
v 0.130647 0.195527 0.027720
v 0.166282 0.166282 0.027720
v 0.195527 0.130647 0.027720
v 0.217258 0.089991 0.027720
v 0.230640 0.045877 0.027720
v 0.235158 -0.000000 0.027720
v 0.230640 -0.045877 0.027720
v 0.217258 -0.089991 0.027720
v 0.195527 -0.130647 0.027720
v 0.166282 -0.166282 0.027720
v 0.130647 -0.195527 0.027720
v 0.089991 -0.217258 0.027720
v 0.045877 -0.230640 0.027720
v -0.000000 -0.235158 0.027720
v -0.045877 -0.230640 0.027720
v -0.089991 -0.217258 0.027720
v -0.130647 -0.195527 0.027720
v -0.166282 -0.166282 0.027720
v -0.195527 -0.130647 0.027720
v -0.217258 -0.089991 0.027720
v -0.230640 -0.045877 0.027720
v -0.235158 -0.000000 0.027720
v -0.230640 0.045877 0.027720
v -0.217258 0.089991 0.027720
v -0.195527 0.130647 0.027720
v -0.166282 0.166282 0.027720
v -0.130647 0.195527 0.027720
v -0.089991 0.217258 0.027720
v -0.045877 0.230640 0.027720
v 0.091716 0.137264 0.176984
v 0.063175 0.152519 0.176984
v 0.116733 -0.116733 0.176984
v 0.137263 -0.091717 0.176984
v -0.137264 -0.091717 0.176984
v -0.116733 -0.116733 0.176984
v -0.063176 0.152519 0.176984
v -0.091717 0.137264 0.176984
v 0.165085 -0.000000 0.176984
v 0.161913 0.032207 0.176984
v -0.032207 -0.161913 0.176984
v -0.000000 -0.165086 0.176984
v -0.152519 0.063175 0.176984
v -0.161914 0.032207 0.176984
v 0.116733 0.116733 0.176984
v 0.091716 -0.137264 0.176984
v -0.152519 -0.063175 0.176984
v -0.032207 0.161913 0.176984
v 0.161913 -0.032207 0.176984
v -0.063176 -0.152519 0.176984
v -0.137264 0.091717 0.176984
v 0.137263 0.091717 0.176984
v 0.063175 -0.152519 0.176984
v -0.161914 -0.032207 0.176984
v 0.032206 0.161913 0.176984
v -0.000000 0.165086 0.176984
v 0.152519 -0.063175 0.176984
v -0.091717 -0.137264 0.176984
v -0.116733 0.116733 0.176984
v 0.152519 0.063175 0.176984
v 0.032206 -0.161913 0.176984
v -0.165086 -0.000000 0.176984
v 0.000000 0.148556 2.856011
v 0.022814 0.146316 2.856183
v 0.044751 0.139681 2.856690
v 0.064968 0.128906 2.857515
v 0.082689 0.114405 2.858625
v 0.097232 0.096736 2.859977
v 0.108038 0.076578 2.861520
v 0.114693 0.054705 2.863194
v 0.116940 0.031958 2.864934
v 0.114693 0.009210 2.866675
v 0.108038 -0.012663 2.868349
v 0.097232 -0.032821 2.869892
v 0.082689 -0.050490 2.871244
v 0.064968 -0.064991 2.872354
v 0.044751 -0.075765 2.873178
v 0.022814 -0.082401 2.873686
v 0.000000 -0.084641 2.873858
v -0.022814 -0.082401 2.873686
v -0.044751 -0.075765 2.873178
v -0.064968 -0.064991 2.872354
v -0.082689 -0.050490 2.871244
v -0.097232 -0.032821 2.869892
v -0.108038 -0.012663 2.868349
v -0.114692 0.009210 2.866675
v -0.116939 0.031958 2.864934
v -0.114692 0.054705 2.863194
v -0.108038 0.076578 2.861520
v -0.097232 0.096736 2.859977
v -0.082689 0.114405 2.858625
v -0.064968 0.128906 2.857515
v -0.044751 0.139681 2.856690
v -0.022814 0.146316 2.856183
v 0.000000 0.176846 3.259112
v 0.022814 0.174619 3.258814
v 0.044751 0.168023 3.257932
v 0.064968 0.157312 3.256500
v 0.082689 0.142897 3.254573
v 0.097232 0.125333 3.252224
v 0.108038 0.105294 3.249545
v 0.114693 0.083551 3.246638
v 0.116940 0.060938 3.243614
v 0.114693 0.038325 3.240591
v 0.108038 0.016582 3.237684
v 0.097232 -0.003457 3.235004
v 0.082689 -0.021021 3.232656
v 0.064968 -0.035436 3.230729
v 0.044751 -0.046147 3.229296
v 0.022814 -0.052743 3.228415
v 0.000000 -0.054970 3.228117
v -0.022814 -0.052743 3.228415
v -0.044751 -0.046147 3.229296
v -0.064968 -0.035436 3.230729
v -0.082689 -0.021021 3.232656
v -0.097232 -0.003457 3.235004
v -0.108038 0.016582 3.237684
v -0.114692 0.038325 3.240591
v -0.116939 0.060938 3.243614
v -0.114692 0.083551 3.246638
v -0.108038 0.105294 3.249545
v -0.097232 0.125333 3.252224
v -0.082689 0.142897 3.254573
v -0.064968 0.157312 3.256500
v -0.044751 0.168023 3.257932
v -0.022814 0.174619 3.258814
v 0.000000 0.127071 3.619501
v 0.022814 0.124922 3.618843
v 0.044751 0.118560 3.616894
v 0.064968 0.108227 3.613729
v 0.082689 0.094322 3.609470
v 0.097232 0.077378 3.604281
v 0.108038 0.058047 3.598360
v 0.114693 0.037072 3.591935
v 0.116940 0.015259 3.585254
v 0.114693 -0.006555 3.578573
v 0.108038 -0.027530 3.572148
v 0.097232 -0.046861 3.566227
v 0.082689 -0.063805 3.561037
v 0.064968 -0.077710 3.556779
v 0.044751 -0.088042 3.553614
v 0.022814 -0.094405 3.551665
v 0.000000 -0.096554 3.551007
v -0.022814 -0.094405 3.551665
v -0.044751 -0.088042 3.553614
v -0.064968 -0.077710 3.556779
v -0.082689 -0.063805 3.561037
v -0.097232 -0.046861 3.566227
v -0.108038 -0.027530 3.572148
v -0.114692 -0.006555 3.578573
v -0.116939 0.015259 3.585254
v -0.114692 0.037072 3.591935
v -0.108038 0.058047 3.598360
v -0.097232 0.077378 3.604281
v -0.082689 0.094322 3.609470
v -0.064968 0.108227 3.613729
v -0.044751 0.118560 3.616894
v -0.022814 0.124922 3.618843
v -0.000000 0.022923 3.940728
v 0.021803 0.020924 3.939944
v 0.042769 0.015003 3.937622
v 0.062091 0.005388 3.933852
v 0.079027 -0.007551 3.928778
v 0.092925 -0.023318 3.922595
v 0.103253 -0.041307 3.915542
v 0.109613 -0.060825 3.907888
v 0.111760 -0.081124 3.899929
v 0.109613 -0.101423 3.891970
v 0.103253 -0.120941 3.884316
v 0.092925 -0.138930 3.877263
v 0.079027 -0.154697 3.871080
v 0.062091 -0.167636 3.866006
v 0.042769 -0.177251 3.862236
v 0.021803 -0.183172 3.859915
v -0.000000 -0.185171 3.859130
v -0.021803 -0.183172 3.859915
v -0.042769 -0.177251 3.862236
v -0.062091 -0.167636 3.866006
v -0.079027 -0.154697 3.871080
v -0.092925 -0.138930 3.877263
v -0.103253 -0.120941 3.884316
v -0.109613 -0.101423 3.891970
v -0.111760 -0.081124 3.899929
v -0.109613 -0.060825 3.907888
v -0.103253 -0.041307 3.915542
v -0.092925 -0.023318 3.922595
v -0.079027 -0.007551 3.928778
v -0.062091 0.005388 3.933852
v -0.042769 0.015003 3.937622
v -0.021803 0.020924 3.939944
v -0.000000 -0.078686 4.118375
v 0.021803 -0.080452 4.117153
v 0.042769 -0.085680 4.113532
v 0.062091 -0.094170 4.107650
v 0.079027 -0.105595 4.099736
v 0.092925 -0.119517 4.090092
v 0.103253 -0.135401 4.079091
v 0.109613 -0.152636 4.067153
v 0.111760 -0.170559 4.054738
v 0.109613 -0.188483 4.042323
v 0.103253 -0.205718 4.030385
v 0.092925 -0.221601 4.019383
v 0.079027 -0.235524 4.009739
v 0.062091 -0.246949 4.001825
v 0.042769 -0.255439 3.995945
v 0.021803 -0.260667 3.992323
v -0.000000 -0.262432 3.991100
v -0.021803 -0.260667 3.992323
v -0.042769 -0.255439 3.995945
v -0.062091 -0.246949 4.001825
v -0.079027 -0.235524 4.009739
v -0.092926 -0.221601 4.019383
v -0.103253 -0.205718 4.030385
v -0.109613 -0.188483 4.042323
v -0.111761 -0.170559 4.054738
v -0.109613 -0.152636 4.067153
v -0.103253 -0.135401 4.079091
v -0.092926 -0.119517 4.090092
v -0.079027 -0.105595 4.099736
v -0.062091 -0.094170 4.107650
v -0.042769 -0.085680 4.113532
v -0.021803 -0.080452 4.117153
v -0.000000 -0.225394 4.284573
v 0.019892 -0.226570 4.283007
v 0.039020 -0.230053 4.278366
v 0.056648 -0.235709 4.270830
v 0.072099 -0.243321 4.260688
v 0.084779 -0.252596 4.248331
v 0.094202 -0.263178 4.234232
v 0.100004 -0.274660 4.218935
v 0.101963 -0.286601 4.203025
v 0.100004 -0.298542 4.187115
v 0.094202 -0.310024 4.171817
v 0.084779 -0.320606 4.157719
v 0.072099 -0.329881 4.145361
v 0.056648 -0.337493 4.135219
v 0.039020 -0.343149 4.127684
v 0.019892 -0.346632 4.123044
v -0.000000 -0.347808 4.121476
v -0.019892 -0.346632 4.123044
v -0.039020 -0.343149 4.127684
v -0.056648 -0.337493 4.135219
v -0.072099 -0.329881 4.145361
v -0.084780 -0.320606 4.157719
v -0.094202 -0.310024 4.171817
v -0.100004 -0.298542 4.187115
v -0.101963 -0.286601 4.203025
v -0.100004 -0.274660 4.218935
v -0.094202 -0.263178 4.234232
v -0.084780 -0.252596 4.248331
v -0.072099 -0.243321 4.260688
v -0.056648 -0.235709 4.270830
v -0.039020 -0.230053 4.278366
v -0.019892 -0.226570 4.283007
v -0.000000 -0.395216 4.367252
v 0.019892 -0.395690 4.365351
v 0.039020 -0.397092 4.359720
v 0.056648 -0.399368 4.350577
v 0.072099 -0.402432 4.338272
v 0.084779 -0.406165 4.323279
v 0.094202 -0.410425 4.306173
v 0.100004 -0.415046 4.287612
v 0.101963 -0.419852 4.268310
v 0.100004 -0.424659 4.249007
v 0.094202 -0.429280 4.230446
v 0.084779 -0.433540 4.213340
v 0.072099 -0.437273 4.198347
v 0.056648 -0.440336 4.186042
v 0.039020 -0.442613 4.176899
v 0.019892 -0.444015 4.171268
v -0.000000 -0.444488 4.169367
v -0.019892 -0.444015 4.171268
v -0.039020 -0.442613 4.176899
v -0.056648 -0.440336 4.186042
v -0.072099 -0.437273 4.198347
v -0.084780 -0.433540 4.213340
v -0.094202 -0.429280 4.230446
v -0.100004 -0.424659 4.249007
v -0.101963 -0.419852 4.268310
v -0.100004 -0.415046 4.287612
v -0.094202 -0.410425 4.306173
v -0.084780 -0.406165 4.323279
v -0.072099 -0.402432 4.338272
v -0.056648 -0.399368 4.350577
v -0.039020 -0.397092 4.359720
v -0.019892 -0.395690 4.365351
v -0.000000 -0.599218 4.383639
v 0.019892 -0.598927 4.381702
v 0.039020 -0.598065 4.375964
v 0.056648 -0.596665 4.366646
v 0.072099 -0.594781 4.354106
v 0.084779 -0.592485 4.338827
v 0.094202 -0.589867 4.321394
v 0.100004 -0.587026 4.302479
v 0.101963 -0.584070 4.282808
v 0.100004 -0.581115 4.263136
v 0.094202 -0.578274 4.244221
v 0.084779 -0.575655 4.226789
v 0.072099 -0.573360 4.211509
v 0.056648 -0.571476 4.198969
v 0.039020 -0.570076 4.189651
v 0.019892 -0.569214 4.183913
v -0.000000 -0.568923 4.181976
v -0.019892 -0.569214 4.183913
v -0.039020 -0.570076 4.189651
v -0.056648 -0.571476 4.198969
v -0.072099 -0.573360 4.211509
v -0.084780 -0.575655 4.226789
v -0.094202 -0.578274 4.244221
v -0.100004 -0.581115 4.263136
v -0.101963 -0.584070 4.282808
v -0.100004 -0.587026 4.302479
v -0.094202 -0.589867 4.321394
v -0.084780 -0.592485 4.338827
v -0.072099 -0.594781 4.354106
v -0.056648 -0.596665 4.366646
v -0.039020 -0.598065 4.375964
v -0.019892 -0.598927 4.381702
v -0.000000 -0.765421 4.317745
v 0.018469 -0.764558 4.316143
v 0.036228 -0.762003 4.311401
v 0.052595 -0.757853 4.303699
v 0.066941 -0.752268 4.293335
v 0.078714 -0.745463 4.280706
v 0.087462 -0.737700 4.266297
v 0.092850 -0.729276 4.250664
v 0.094669 -0.720515 4.234405
v 0.092850 -0.711754 4.218146
v 0.087462 -0.703330 4.202512
v 0.078714 -0.695567 4.188103
v 0.066941 -0.688762 4.175474
v 0.052595 -0.683177 4.165110
v 0.036228 -0.679027 4.157408
v 0.018469 -0.676472 4.152666
v -0.000000 -0.675609 4.151065
v -0.018469 -0.676472 4.152666
v -0.036228 -0.679027 4.157408
v -0.052595 -0.683177 4.165110
v -0.066941 -0.688762 4.175474
v -0.078714 -0.695567 4.188103
v -0.087463 -0.703330 4.202512
v -0.092850 -0.711754 4.218146
v -0.094669 -0.720515 4.234405
v -0.092850 -0.729276 4.250664
v -0.087463 -0.737700 4.266297
v -0.078714 -0.745463 4.280706
v -0.066941 -0.752268 4.293335
v -0.052595 -0.757853 4.303699
v -0.036228 -0.762003 4.311401
v -0.018469 -0.764558 4.316143
v -0.000000 -0.924341 4.183941
v 0.016728 -0.922972 4.183024
v 0.032813 -0.918918 4.180308
v 0.047637 -0.912335 4.175899
v 0.060631 -0.903475 4.169964
v 0.071295 -0.892680 4.162734
v 0.079218 -0.880363 4.154483
v 0.084098 -0.866999 4.145531
v 0.085745 -0.853101 4.136221
v 0.084098 -0.839203 4.126911
v 0.079218 -0.825839 4.117959
v 0.071295 -0.813523 4.109709
v 0.060631 -0.802727 4.102478
v 0.047637 -0.793867 4.096543
v 0.032813 -0.787284 4.092133
v 0.016728 -0.783231 4.089417
v -0.000000 -0.781861 4.088500
v -0.016728 -0.783231 4.089417
v -0.032814 -0.787284 4.092133
v -0.047638 -0.793867 4.096543
v -0.060632 -0.802727 4.102478
v -0.071295 -0.813523 4.109709
v -0.079219 -0.825839 4.117959
v -0.084098 -0.839203 4.126911
v -0.085746 -0.853101 4.136221
v -0.084098 -0.866999 4.145531
v -0.079219 -0.880363 4.154483
v -0.071295 -0.892680 4.162734
v -0.060632 -0.903475 4.169964
v -0.047638 -0.912335 4.175899
v -0.032814 -0.918918 4.180308
v -0.016728 -0.922972 4.183024
v -0.000000 -1.002984 4.029611
v 0.015863 -1.001478 4.029194
v 0.031116 -0.997019 4.027961
v 0.045174 -0.989776 4.025959
v 0.057496 -0.980030 4.023265
v 0.067608 -0.968154 4.019982
v 0.075122 -0.954604 4.016236
v 0.079749 -0.939902 4.012172
v 0.081311 -0.924613 4.007945
v 0.079749 -0.909323 4.003718
v 0.075122 -0.894621 3.999654
v 0.067608 -0.881072 3.995909
v 0.057496 -0.869196 3.992626
v 0.045174 -0.859449 3.989932
v 0.031116 -0.852207 3.987929
v 0.015863 -0.847747 3.986696
v -0.000000 -0.846241 3.986280
v -0.015863 -0.847747 3.986696
v -0.031117 -0.852207 3.987929
v -0.045174 -0.859449 3.989932
v -0.057496 -0.869196 3.992626
v -0.067608 -0.881072 3.995909
v -0.075122 -0.894621 3.999654
v -0.079749 -0.909323 4.003718
v -0.081311 -0.924613 4.007945
v -0.079749 -0.939902 4.012172
v -0.075122 -0.954604 4.016236
v -0.067608 -0.968154 4.019982
v -0.057496 -0.980030 4.023265
v -0.045174 -0.989776 4.025959
v -0.031117 -0.997019 4.027961
v -0.015863 -1.001478 4.029194
v -0.000000 -1.032468 3.900431
v 0.014868 -1.031014 3.900262
v 0.029165 -1.026706 3.899762
v 0.042342 -1.019710 3.898950
v 0.053891 -1.010295 3.897856
v 0.063369 -0.998823 3.896525
v 0.070412 -0.985735 3.895005
v 0.074749 -0.971533 3.893355
v 0.076213 -0.956764 3.891641
v 0.074749 -0.941995 3.889925
v 0.070412 -0.927793 3.888276
v 0.063369 -0.914705 3.886757
v 0.053891 -0.903233 3.885425
v 0.042342 -0.893818 3.884332
v 0.029165 -0.886822 3.883520
v 0.014868 -0.882514 3.883019
v -0.000000 -0.881060 3.882850
v -0.014869 -0.882514 3.883019
v -0.029166 -0.886822 3.883520
v -0.042342 -0.893818 3.884332
v -0.053891 -0.903233 3.885425
v -0.063369 -0.914705 3.886757
v -0.070412 -0.927793 3.888276
v -0.074749 -0.941995 3.889925
v -0.076213 -0.956764 3.891641
v -0.074749 -0.971533 3.893355
v -0.070412 -0.985735 3.895005
v -0.063369 -0.998823 3.896525
v -0.053891 -1.010295 3.897856
v -0.042342 -1.019710 3.898950
v -0.029166 -1.026706 3.899762
v -0.014869 -1.031014 3.900262
v -0.000000 -1.043665 3.692692
v 0.012986 -1.042410 3.692940
v 0.025474 -1.038694 3.693676
v 0.036983 -1.032660 3.694871
v 0.047070 -1.024539 3.696479
v 0.055349 -1.014643 3.698437
v 0.061501 -1.003354 3.700672
v 0.065289 -0.991104 3.703097
v 0.066568 -0.978364 3.705619
v 0.065289 -0.965625 3.708141
v 0.061501 -0.953374 3.710566
v 0.055349 -0.942085 3.712801
v 0.047070 -0.932190 3.714760
v 0.036983 -0.924069 3.716368
v 0.025474 -0.918034 3.717562
v 0.012986 -0.914318 3.718297
v -0.000000 -0.913063 3.718546
v -0.012987 -0.914318 3.718297
v -0.025475 -0.918034 3.717562
v -0.036984 -0.924069 3.716368
v -0.047071 -0.932190 3.714760
v -0.055350 -0.942085 3.712801
v -0.061501 -0.953374 3.710566
v -0.065289 -0.965625 3.708141
v -0.066568 -0.978364 3.705619
v -0.065289 -0.991104 3.703097
v -0.061501 -1.003354 3.700672
v -0.055350 -1.014643 3.698437
v -0.047071 -1.024539 3.696479
v -0.036984 -1.032660 3.694871
v -0.025475 -1.038694 3.693676
v -0.012987 -1.042410 3.692940
v -0.000000 -1.000375 3.578049
v 0.009045 -0.999501 3.578222
v 0.017743 -0.996913 3.578734
v 0.025759 -0.992710 3.579566
v 0.032785 -0.987054 3.580686
v 0.038551 -0.980161 3.582051
v 0.042836 -0.972298 3.583607
v 0.045474 -0.963766 3.585296
v 0.046365 -0.954892 3.587053
v 0.045474 -0.946019 3.588809
v 0.042836 -0.937487 3.590498
v 0.038551 -0.929624 3.592055
v 0.032785 -0.922732 3.593420
v 0.025759 -0.917075 3.594540
v 0.017743 -0.912872 3.595371
v 0.009045 -0.910284 3.595884
v -0.000000 -0.909410 3.596056
v -0.009046 -0.910284 3.595884
v -0.017743 -0.912872 3.595371
v -0.025759 -0.917075 3.594540
v -0.032785 -0.922732 3.593420
v -0.038552 -0.929624 3.592055
v -0.042836 -0.937487 3.590498
v -0.045475 -0.946019 3.588809
v -0.046366 -0.954892 3.587053
v -0.045475 -0.963766 3.585296
v -0.042836 -0.972298 3.583607
v -0.038552 -0.980161 3.582051
v -0.032785 -0.987054 3.580686
v -0.025759 -0.992710 3.579566
v -0.017743 -0.996913 3.578734
v -0.009046 -0.999501 3.578222
v -0.000000 -1.000375 3.578049
v 0.009045 -0.999501 3.578222
v 0.017743 -0.996913 3.578734
v 0.025759 -0.992710 3.579566
v 0.032785 -0.987054 3.580686
v 0.038551 -0.980161 3.582051
v 0.042836 -0.972298 3.583607
v 0.045474 -0.963766 3.585296
v 0.046365 -0.954892 3.587053
v 0.045474 -0.946019 3.588809
v 0.042836 -0.937487 3.590498
v 0.038551 -0.929624 3.592055
v 0.032785 -0.922732 3.593420
v 0.025759 -0.917075 3.594540
v 0.017743 -0.912872 3.595371
v 0.009045 -0.910284 3.595884
v -0.000000 -0.909410 3.596056
v -0.009046 -0.910284 3.595884
v -0.017743 -0.912872 3.595371
v -0.025759 -0.917075 3.594540
v -0.032785 -0.922732 3.593420
v -0.038552 -0.929624 3.592055
v -0.042836 -0.937487 3.590498
v -0.045475 -0.946019 3.588809
v -0.046366 -0.954892 3.587053
v -0.045475 -0.963766 3.585296
v -0.042836 -0.972298 3.583607
v -0.038552 -0.980161 3.582051
v -0.032785 -0.987054 3.580686
v -0.025759 -0.992710 3.579566
v -0.017743 -0.996913 3.578734
v -0.009046 -0.999501 3.578222
v -0.000000 -0.966840 3.546902
v 0.003667 -0.966486 3.546972
v 0.007193 -0.965436 3.547180
v 0.010443 -0.963732 3.547517
v 0.013292 -0.961439 3.547971
v 0.015629 -0.958645 3.548524
v 0.017366 -0.955457 3.549155
v 0.018436 -0.951998 3.549840
v 0.018797 -0.948400 3.550552
v 0.018436 -0.944803 3.551265
v 0.017366 -0.941344 3.551949
v 0.015629 -0.938156 3.552580
v 0.013292 -0.935362 3.553133
v 0.010443 -0.933068 3.553587
v 0.007193 -0.931364 3.553925
v 0.003667 -0.930315 3.554133
v -0.000000 -0.929961 3.554203
v -0.003667 -0.930315 3.554133
v -0.007194 -0.931364 3.553925
v -0.010444 -0.933068 3.553587
v -0.013292 -0.935362 3.553133
v -0.015630 -0.938156 3.552580
v -0.017367 -0.941344 3.551949
v -0.018437 -0.944803 3.551265
v -0.018798 -0.948400 3.550552
v -0.018437 -0.951998 3.549840
v -0.017367 -0.955457 3.549155
v -0.015630 -0.958645 3.548524
v -0.013292 -0.961439 3.547971
v -0.010444 -0.963732 3.547517
v -0.007194 -0.965436 3.547180
v -0.003667 -0.966486 3.546972
v -0.092845 0.017118 2.078286
v -0.087542 0.036912 2.077338
v -0.078481 0.055282 2.076208
v -0.066013 0.071522 2.074940
v -0.050615 0.085009 2.073584
v -0.032880 0.095223 2.072191
v -0.013489 0.101773 2.070814
v 0.006813 0.104407 2.069507
v 0.027246 0.103023 2.068319
v 0.047024 0.097675 2.067297
v 0.065387 0.088568 2.066480
v 0.081630 0.076052 2.065898
v 0.095128 0.060609 2.065575
v 0.105364 0.042831 2.065522
v 0.111942 0.023401 2.065743
v 0.114611 0.003068 2.066228
v 0.113268 -0.017389 2.066959
v 0.107965 -0.037183 2.067907
v 0.098905 -0.055553 2.069037
v 0.086436 -0.071793 2.070304
v 0.071039 -0.085280 2.071660
v 0.053303 -0.095494 2.073054
v 0.033912 -0.102044 2.074430
v 0.013610 -0.104678 2.075738
v -0.006823 -0.103294 2.076926
v -0.026601 -0.097946 2.077948
v -0.044964 -0.088839 2.078765
v -0.061207 -0.076323 2.079347
v -0.074705 -0.060879 2.079670
v -0.084941 -0.043101 2.079722
v -0.091519 -0.023672 2.079501
v -0.094188 -0.003339 2.079016
v -0.068852 0.028200 2.438923
v -0.063617 0.047988 2.437561
v -0.054759 0.066340 2.435204
v -0.042620 0.082552 2.431943
v -0.027664 0.095999 2.427904
v -0.010468 0.106167 2.423243
v 0.008308 0.112662 2.418137
v 0.027943 0.115238 2.412784
v 0.047682 0.113793 2.407388
v 0.066766 0.108384 2.402158
v 0.084462 0.099218 2.397295
v 0.100090 0.086648 2.392984
v 0.113050 0.071157 2.389393
v 0.122843 0.053340 2.386658
v 0.129093 0.033882 2.384886
v 0.131559 0.013531 2.384143
v 0.130148 -0.006932 2.384460
v 0.124913 -0.026720 2.385822
v 0.116055 -0.045072 2.388180
v 0.103915 -0.061283 2.391440
v 0.088960 -0.074731 2.395479
v 0.071764 -0.084898 2.400140
v 0.052987 -0.091394 2.405246
v 0.033352 -0.093969 2.410599
v 0.013614 -0.092525 2.415995
v -0.005471 -0.087116 2.421225
v -0.023167 -0.077950 2.426088
v -0.038795 -0.065380 2.430399
v -0.051754 -0.049889 2.433990
v -0.061547 -0.032072 2.436725
v -0.067797 -0.012614 2.438497
v -0.070264 0.007737 2.439240
v 0.018253 0.026902 2.752609
v 0.023375 0.046695 2.750937
v 0.031900 0.065064 2.747661
v 0.043500 0.081303 2.742909
v 0.057728 0.094787 2.736862
v 0.074038 0.104998 2.729754
v 0.091803 0.111545 2.721857
v 0.110340 0.114175 2.713475
v 0.128938 0.112787 2.704930
v 0.146881 0.107435 2.696551
v 0.163480 0.098324 2.688658
v 0.178097 0.085805 2.681557
v 0.190170 0.070358 2.675519
v 0.199235 0.052578 2.670777
v 0.204945 0.033147 2.667512
v 0.207079 0.012812 2.665851
v 0.205555 -0.007645 2.665857
v 0.200432 -0.027439 2.667530
v 0.191907 -0.045808 2.670806
v 0.180308 -0.062046 2.675558
v 0.166080 -0.075530 2.681604
v 0.149770 -0.085742 2.688713
v 0.132005 -0.092288 2.696610
v 0.113467 -0.094918 2.704992
v 0.094869 -0.093530 2.713537
v 0.076926 -0.088178 2.721916
v 0.060328 -0.079068 2.729809
v 0.045711 -0.066548 2.736910
v 0.033638 -0.051102 2.742948
v 0.024572 -0.033321 2.747690
v 0.018863 -0.013890 2.750955
v 0.016729 0.006445 2.752616
v 0.148177 0.016821 3.025249
v 0.153007 0.035743 3.023519
v 0.160959 0.053315 3.020000
v 0.171727 0.068860 3.014827
v 0.184897 0.081782 3.008200
v 0.199964 0.091584 3.000372
v 0.216349 0.097890 2.991646
v 0.233421 0.100456 2.982355
v 0.250525 0.099185 2.972856
v 0.267003 0.094125 2.963516
v 0.282222 0.085471 2.954693
v 0.295598 0.073555 2.946727
v 0.306616 0.058835 2.939922
v 0.314852 0.041877 2.934541
v 0.319991 0.023333 2.930790
v 0.321835 0.003915 2.928814
v 0.320313 -0.015631 2.928689
v 0.315483 -0.034553 2.930419
v 0.307531 -0.052125 2.933938
v 0.296763 -0.067670 2.939110
v 0.283593 -0.080592 2.945738
v 0.268526 -0.090394 2.953566
v 0.252141 -0.096700 2.962292
v 0.235069 -0.099266 2.971583
v 0.217965 -0.097995 2.981082
v 0.201487 -0.092935 2.990422
v 0.186268 -0.084281 2.999245
v 0.172892 -0.072365 3.007211
v 0.161874 -0.057645 3.014016
v 0.153638 -0.040687 3.019397
v 0.148499 -0.022143 3.023148
v 0.146655 -0.002725 3.025124
v 0.258523 0.004676 3.170903
v 0.263095 0.023625 3.168811
v 0.270284 0.041278 3.164221
v 0.279813 0.056956 3.157308
v 0.291316 0.070055 3.148339
v 0.304351 0.080074 3.137657
v 0.318417 0.086626 3.125676
v 0.332974 0.089461 3.112852
v 0.347462 0.088468 3.099681
v 0.361324 0.083687 3.086667
v 0.374028 0.075301 3.074312
v 0.385085 0.063632 3.063090
v 0.394071 0.049129 3.053432
v 0.400640 0.032349 3.045709
v 0.404540 0.013936 3.040219
v 0.405621 -0.005401 3.037172
v 0.403841 -0.024919 3.036684
v 0.399269 -0.043869 3.038777
v 0.392080 -0.061521 3.043367
v 0.382551 -0.077199 3.050279
v 0.371048 -0.090299 3.059248
v 0.358013 -0.100317 3.069929
v 0.343947 -0.106870 3.081911
v 0.329390 -0.109704 3.094735
v 0.314902 -0.108712 3.107906
v 0.301040 -0.103931 3.120919
v 0.288336 -0.095544 3.133275
v 0.277279 -0.083875 3.144496
v 0.268293 -0.069372 3.154155
v 0.261724 -0.052592 3.161878
v 0.257824 -0.034180 3.167369
v 0.256743 -0.014843 3.170416
v 0.406928 -0.014396 3.301157
v 0.410665 0.002949 3.298899
v 0.415936 0.019224 3.293676
v 0.422540 0.033802 3.285688
v 0.430222 0.046123 3.275243
v 0.438687 0.055715 3.262741
v 0.447610 0.062207 3.248665
v 0.456648 0.065351 3.233553
v 0.465453 0.065027 3.217987
v 0.473688 0.061245 3.202566
v 0.481036 0.054152 3.187881
v 0.487214 0.044021 3.174498
v 0.491985 0.031240 3.162930
v 0.495165 0.016301 3.153622
v 0.496633 -0.000223 3.146932
v 0.496332 -0.017695 3.143116
v 0.494274 -0.035445 3.142322
v 0.490537 -0.052791 3.144581
v 0.485266 -0.069066 3.149804
v 0.478662 -0.083644 3.157791
v 0.470980 -0.095965 3.168236
v 0.462515 -0.105556 3.180738
v 0.453591 -0.112049 3.194814
v 0.444554 -0.115193 3.209926
v 0.435748 -0.114868 3.225492
v 0.427513 -0.111087 3.240913
v 0.420166 -0.103994 3.255598
v 0.413988 -0.093862 3.268981
v 0.409217 -0.081081 3.280549
v 0.406036 -0.066142 3.289857
v 0.404569 -0.049619 3.296547
v 0.404870 -0.032147 3.300363
v 0.565452 -0.038340 3.354681
v 0.568533 -0.020895 3.352208
v 0.571865 -0.004327 3.346350
v 0.575318 0.010728 3.337331
v 0.578761 0.023692 3.325497
v 0.582060 0.034066 3.311304
v 0.585090 0.041451 3.295299
v 0.587734 0.045564 3.278092
v 0.589889 0.046246 3.260349
v 0.591473 0.043472 3.242751
v 0.592426 0.037348 3.225971
v 0.592711 0.028109 3.210659
v 0.592316 0.016110 3.197399
v 0.591257 0.001813 3.186703
v 0.589575 -0.014233 3.178981
v 0.587334 -0.031411 3.174531
v 0.584620 -0.049062 3.173522
v 0.581539 -0.066507 3.175995
v 0.578207 -0.083076 3.181853
v 0.574753 -0.098131 3.190872
v 0.571311 -0.111095 3.202705
v 0.568011 -0.121468 3.216898
v 0.564982 -0.128853 3.232904
v 0.562339 -0.132966 3.250110
v 0.560183 -0.133649 3.267854
v 0.558599 -0.130875 3.285453
v 0.557646 -0.124750 3.302231
v 0.557361 -0.115511 3.317544
v 0.557756 -0.103513 3.330803
v 0.558815 -0.089216 3.341500
v 0.560497 -0.073170 3.349222
v 0.562738 -0.055991 3.353672
v 0.745853 -0.068514 3.345459
v 0.748262 -0.050956 3.343044
v 0.749601 -0.034051 3.337354
v 0.749818 -0.018450 3.328608
v 0.748905 -0.004752 3.317142
v 0.746897 0.006517 3.303397
v 0.743872 0.014923 3.287902
v 0.739945 0.020144 3.271251
v 0.735267 0.021979 3.254084
v 0.730019 0.020357 3.237062
v 0.724402 0.015341 3.220838
v 0.718632 0.007123 3.206036
v 0.712930 -0.003980 3.193224
v 0.707515 -0.017543 3.182896
v 0.702597 -0.033043 3.175447
v 0.698363 -0.049886 3.171165
v 0.694976 -0.067423 3.170213
v 0.692568 -0.084981 3.172629
v 0.691229 -0.101886 3.178319
v 0.691011 -0.117487 3.187065
v 0.691925 -0.131185 3.198530
v 0.693933 -0.142454 3.212275
v 0.696958 -0.150860 3.227771
v 0.700885 -0.156081 3.244422
v 0.705562 -0.157916 3.261589
v 0.710810 -0.156294 3.278611
v 0.716428 -0.151278 3.294835
v 0.722198 -0.143060 3.309637
v 0.727900 -0.131957 3.322448
v 0.733314 -0.118394 3.332777
v 0.738233 -0.102894 3.340225
v 0.742467 -0.086051 3.344508
v 0.883249 -0.094445 3.267696
v 0.884991 -0.078051 3.265697
v 0.884770 -0.062084 3.261137
v 0.882593 -0.047158 3.254190
v 0.878545 -0.033845 3.245125
v 0.872782 -0.022658 3.234288
v 0.865524 -0.014027 3.222097
v 0.857051 -0.008283 3.209020
v 0.847688 -0.005648 3.195560
v 0.837795 -0.006221 3.182233
v 0.827752 -0.009982 3.169553
v 0.817946 -0.016786 3.158005
v 0.808753 -0.026371 3.148036
v 0.800525 -0.038368 3.140026
v 0.793581 -0.052318 3.134284
v 0.788186 -0.067684 3.131030
v 0.784547 -0.083875 3.130391
v 0.782805 -0.100269 3.132390
v 0.783026 -0.116236 3.136950
v 0.785203 -0.131162 3.143897
v 0.789250 -0.144475 3.152962
v 0.795014 -0.155662 3.163799
v 0.802271 -0.164293 3.175990
v 0.810745 -0.170037 3.189067
v 0.820108 -0.172672 3.202527
v 0.830001 -0.172099 3.215853
v 0.840044 -0.168338 3.228534
v 0.849849 -0.161534 3.240081
v 0.859043 -0.151950 3.250051
v 0.867270 -0.139952 3.258061
v 0.874215 -0.126002 3.263803
v 0.879610 -0.110636 3.267056
v 1.006064 -0.120445 3.130580
v 1.007192 -0.105500 3.129310
v 1.005662 -0.090751 3.126783
v 1.001530 -0.076766 3.123095
v 0.994957 -0.064082 3.118387
v 0.986194 -0.053187 3.112841
v 0.975579 -0.044499 3.106670
v 0.963519 -0.038352 3.100110
v 0.950478 -0.034982 3.093414
v 0.936957 -0.034519 3.086840
v 0.923476 -0.036981 3.080639
v 0.910552 -0.042273 3.075051
v 0.898683 -0.050191 3.070289
v 0.888324 -0.060432 3.066539
v 0.879874 -0.072602 3.063941
v 0.873657 -0.086232 3.062598
v 0.869912 -0.100800 3.062560
v 0.868783 -0.115746 3.063828
v 0.870314 -0.130495 3.066356
v 0.874445 -0.144480 3.070044
v 0.881019 -0.157163 3.074752
v 0.889782 -0.168059 3.080298
v 0.900397 -0.176747 3.086470
v 0.912457 -0.182894 3.093029
v 0.925498 -0.186264 3.099725
v 0.939019 -0.186727 3.106299
v 0.952500 -0.184265 3.112500
v 0.965423 -0.178973 3.118088
v 0.977293 -0.171054 3.122849
v 0.987652 -0.160814 3.126601
v 0.996102 -0.148644 3.129199
v 1.002319 -0.135013 3.130541
v 1.056187 -0.134810 2.984612
v 1.057130 -0.120599 2.983834
v 1.055303 -0.106499 2.982699
v 1.050774 -0.093050 2.981251
v 1.043719 -0.080772 2.979544
v 1.034408 -0.070134 2.977644
v 1.023200 -0.061547 2.975624
v 1.010524 -0.055340 2.973562
v 0.996868 -0.051751 2.971538
v 0.982757 -0.050919 2.969628
v 0.968733 -0.052875 2.967907
v 0.955335 -0.057545 2.966441
v 0.943079 -0.064748 2.965285
v 0.932433 -0.074209 2.964485
v 0.923810 -0.085563 2.964070
v 0.917538 -0.098374 2.964057
v 0.913860 -0.112150 2.964448
v 0.912917 -0.126361 2.965225
v 0.914744 -0.140462 2.966360
v 0.919273 -0.153910 2.967809
v 0.926328 -0.166189 2.969516
v 0.935639 -0.176826 2.971416
v 0.946847 -0.185413 2.973436
v 0.959523 -0.191621 2.975497
v 0.973179 -0.195209 2.977522
v 0.987290 -0.196042 2.979431
v 1.001314 -0.194085 2.981153
v 1.014712 -0.189416 2.982619
v 1.026969 -0.182212 2.983775
v 1.037614 -0.172752 2.984575
v 1.046238 -0.161398 2.984989
v 1.052509 -0.148586 2.985002
v 1.066356 -0.141410 2.866664
v 1.067229 -0.128079 2.866136
v 1.065484 -0.114833 2.865668
v 1.061186 -0.102179 2.865278
v 1.054502 -0.090604 2.864980
v 1.045689 -0.080553 2.864785
v 1.035084 -0.072412 2.864703
v 1.023095 -0.066494 2.864734
v 1.010184 -0.063027 2.864880
v 0.996846 -0.062143 2.865132
v 0.983594 -0.063877 2.865483
v 0.970937 -0.068162 2.865919
v 0.959362 -0.074833 2.866422
v 0.949313 -0.083635 2.866975
v 0.941177 -0.094228 2.867554
v 0.935266 -0.106205 2.868138
v 0.931808 -0.119107 2.868705
v 0.930935 -0.132438 2.869232
v 0.932680 -0.145685 2.869700
v 0.936978 -0.158339 2.870091
v 0.943662 -0.169914 2.870389
v 0.952476 -0.179964 2.870583
v 0.963081 -0.188105 2.870666
v 0.975069 -0.194023 2.870634
v 0.987980 -0.197490 2.870489
v 1.001318 -0.198374 2.870235
v 1.014570 -0.196640 2.869885
v 1.027227 -0.192355 2.869449
v 1.038802 -0.185684 2.868946
v 1.048851 -0.176883 2.868394
v 1.056987 -0.166290 2.867815
v 1.062898 -0.154312 2.867230
v 1.051033 -0.146616 2.681202
v 1.051857 -0.134968 2.681090
v 1.050515 -0.123385 2.681715
v 1.047058 -0.112311 2.683054
v 1.041620 -0.102173 2.685053
v 1.034408 -0.093360 2.687637
v 1.025700 -0.086210 2.690706
v 1.015831 -0.080998 2.694142
v 1.005180 -0.077925 2.697814
v 0.994157 -0.077109 2.701580
v 0.983184 -0.078581 2.705295
v 0.972684 -0.082284 2.708817
v 0.963061 -0.088076 2.712010
v 0.954683 -0.095735 2.714752
v 0.947873 -0.104967 2.716937
v 0.942893 -0.115416 2.718481
v 0.939934 -0.126681 2.719325
v 0.939110 -0.138328 2.719437
v 0.940452 -0.149912 2.718812
v 0.943909 -0.160985 2.717474
v 0.949347 -0.171124 2.715474
v 0.956559 -0.179937 2.712890
v 0.965267 -0.187087 2.709821
v 0.975136 -0.192299 2.706385
v 0.985787 -0.195372 2.702713
v 0.996810 -0.196188 2.698947
v 1.007783 -0.194716 2.695232
v 1.018283 -0.191013 2.691710
v 1.027907 -0.185220 2.688517
v 1.036284 -0.177561 2.685776
v 1.043094 -0.168330 2.683590
v 1.048074 -0.157881 2.682046
v 0.999311 -0.142105 2.584612
v 0.999885 -0.133992 2.584534
v 0.998950 -0.125924 2.584969
v 0.996543 -0.118211 2.585901
v 0.992755 -0.111150 2.587294
v 0.987732 -0.105011 2.589093
v 0.981667 -0.100031 2.591231
v 0.974792 -0.096401 2.593625
v 0.967374 -0.094260 2.596182
v 0.959696 -0.093692 2.598805
v 0.952053 -0.094717 2.601393
v 0.944741 -0.097297 2.603846
v 0.938037 -0.101331 2.606070
v 0.932202 -0.106666 2.607980
v 0.927459 -0.113095 2.609501
v 0.923990 -0.120373 2.610577
v 0.921929 -0.128219 2.611165
v 0.921355 -0.136332 2.611243
v 0.922290 -0.144400 2.610807
v 0.924698 -0.152113 2.609875
v 0.928486 -0.159174 2.608483
v 0.933509 -0.165313 2.606683
v 0.939574 -0.170293 2.604546
v 0.946448 -0.173923 2.602152
v 0.953866 -0.176063 2.599595
v 0.961544 -0.176632 2.596972
v 0.969187 -0.175607 2.594384
v 0.976500 -0.173027 2.591931
v 0.983203 -0.168993 2.589707
v 0.989038 -0.163658 2.587797
v 0.993781 -0.157228 2.586275
v 0.997250 -0.149951 2.585200
v 0.999311 -0.142105 2.584612
v 0.999885 -0.133992 2.584534
v 0.998950 -0.125924 2.584969
v 0.996543 -0.118211 2.585901
v 0.992755 -0.111150 2.587294
v 0.987732 -0.105011 2.589093
v 0.981667 -0.100031 2.591231
v 0.974792 -0.096401 2.593625
v 0.967374 -0.094260 2.596182
v 0.959696 -0.093692 2.598805
v 0.952053 -0.094717 2.601393
v 0.944741 -0.097297 2.603846
v 0.938037 -0.101331 2.606070
v 0.932202 -0.106666 2.607980
v 0.927459 -0.113095 2.609501
v 0.923990 -0.120373 2.610577
v 0.921929 -0.128219 2.611165
v 0.921355 -0.136332 2.611243
v 0.922290 -0.144400 2.610807
v 0.924698 -0.152113 2.609875
v 0.928486 -0.159174 2.608483
v 0.933509 -0.165313 2.606683
v 0.939574 -0.170293 2.604546
v 0.946448 -0.173923 2.602152
v 0.953866 -0.176063 2.599595
v 0.961544 -0.176632 2.596972
v 0.969187 -0.175607 2.594384
v 0.976500 -0.173027 2.591931
v 0.983203 -0.168993 2.589707
v 0.989038 -0.163658 2.587797
v 0.993781 -0.157228 2.586275
v 0.997250 -0.149951 2.585200
v 0.966215 -0.137629 2.560904
v 0.966448 -0.134339 2.560873
v 0.966069 -0.131069 2.561049
v 0.965093 -0.127942 2.561427
v 0.963557 -0.125079 2.561992
v 0.961521 -0.122590 2.562721
v 0.959062 -0.120571 2.563588
v 0.956275 -0.119099 2.564558
v 0.953268 -0.118232 2.565595
v 0.950155 -0.118001 2.566658
v 0.947056 -0.118417 2.567708
v 0.944091 -0.119462 2.568702
v 0.941374 -0.121098 2.569604
v 0.939008 -0.123261 2.570378
v 0.937085 -0.125868 2.570995
v 0.935679 -0.128818 2.571431
v 0.934843 -0.131999 2.571669
v 0.934610 -0.135288 2.571701
v 0.934989 -0.138559 2.571524
v 0.935966 -0.141686 2.571147
v 0.937501 -0.144549 2.570582
v 0.939538 -0.147038 2.569852
v 0.941997 -0.149057 2.568986
v 0.944784 -0.150529 2.568015
v 0.947791 -0.151396 2.566978
v 0.950904 -0.151627 2.565915
v 0.954002 -0.151211 2.564866
v 0.956967 -0.150165 2.563871
v 0.959685 -0.148530 2.562970
v 0.962050 -0.146367 2.562196
v 0.963973 -0.143760 2.561579
v 0.965380 -0.140810 2.561142
v 0.041522 -0.068758 2.664859
v 0.024281 -0.074272 2.666646
v 0.006259 -0.076335 2.667995
v -0.011851 -0.074868 2.668853
v -0.029354 -0.069926 2.669188
v -0.045576 -0.061699 2.668987
v -0.059894 -0.050504 2.668257
v -0.071758 -0.036771 2.667026
v -0.080712 -0.021028 2.665342
v -0.086412 -0.003879 2.663270
v -0.088639 0.014017 2.660888
v -0.087307 0.031970 2.658289
v -0.082468 0.049293 2.655573
v -0.074307 0.065318 2.652843
v -0.063138 0.079431 2.650205
v -0.049390 0.091088 2.647760
v -0.033593 0.099843 2.645602
v -0.016351 0.105357 2.643814
v 0.001671 0.107421 2.642466
v 0.019781 0.105953 2.641607
v 0.037283 0.101011 2.641272
v 0.053505 0.092784 2.641474
v 0.067823 0.081589 2.642204
v 0.079687 0.067856 2.643435
v 0.088641 0.052113 2.645119
v 0.094341 0.034964 2.647191
v 0.096568 0.017069 2.649573
v 0.095236 -0.000885 2.652172
v 0.090397 -0.018208 2.654888
v 0.082236 -0.034233 2.657618
v 0.071067 -0.048346 2.660256
v 0.057320 -0.060003 2.662701
v 0.057869 -0.013891 3.000179
v 0.040625 -0.019412 3.001925
v 0.022596 -0.021493 3.003151
v 0.004475 -0.020056 3.003809
v -0.013041 -0.015155 3.003875
v -0.029281 -0.006977 3.003346
v -0.043619 0.004161 3.002242
v -0.055505 0.017832 3.000606
v -0.064482 0.033512 2.998500
v -0.070205 0.050597 2.996005
v -0.072454 0.068431 2.993218
v -0.071142 0.086328 2.990245
v -0.066320 0.103601 2.987201
v -0.058174 0.119586 2.984202
v -0.047016 0.133668 2.981364
v -0.033275 0.145307 2.978796
v -0.017479 0.154055 2.976597
v -0.000236 0.159576 2.974851
v 0.017793 0.161657 2.973625
v 0.035914 0.160220 2.972966
v 0.053430 0.155319 2.972901
v 0.069670 0.147142 2.973430
v 0.084008 0.136003 2.974534
v 0.095894 0.122332 2.976170
v 0.104871 0.106652 2.978276
v 0.110594 0.089567 2.980770
v 0.112843 0.071733 2.983558
v 0.111531 0.053836 2.986531
v 0.106710 0.036563 2.989575
v 0.098563 0.020578 2.992573
v 0.087405 0.006496 2.995411
v 0.073664 -0.005143 2.997979
v 0.072610 0.039309 3.316028
v 0.055365 0.033693 3.317414
v 0.037329 0.031332 3.317573
v 0.019198 0.032314 3.316499
v 0.001667 0.036604 3.314233
v -0.014590 0.044035 3.310863
v -0.028948 0.054322 3.306517
v -0.040855 0.067071 3.301363
v -0.049854 0.081790 3.295599
v -0.055599 0.097915 3.289447
v -0.057869 0.114826 3.283143
v -0.056577 0.131872 3.276928
v -0.051773 0.148399 3.271042
v -0.043641 0.163772 3.265712
v -0.032493 0.177400 3.261142
v -0.018759 0.188759 3.257507
v -0.002965 0.197412 3.254947
v 0.014281 0.203028 3.253562
v 0.032316 0.205389 3.253402
v 0.050447 0.204407 3.254477
v 0.067978 0.200117 3.256742
v 0.084235 0.192686 3.260113
v 0.098593 0.182399 3.264458
v 0.110500 0.169650 3.269612
v 0.119499 0.154931 3.275376
v 0.125244 0.138806 3.281528
v 0.127514 0.121895 3.287833
v 0.126223 0.104849 3.294047
v 0.121418 0.088322 3.299933
v 0.113286 0.072949 3.305263
v 0.102138 0.059321 3.309834
v 0.088404 0.047962 3.313468
v 0.061456 0.139892 3.586383
v 0.044230 0.134155 3.587504
v 0.026256 0.131435 3.586876
v 0.008223 0.131836 3.584524
v -0.009175 0.135342 3.580539
v -0.025270 0.141819 3.575074
v -0.039443 0.151018 3.568338
v -0.051150 0.162585 3.560592
v -0.059940 0.176076 3.552131
v -0.065477 0.190973 3.543281
v -0.067546 0.206702 3.534383
v -0.066070 0.222660 3.525779
v -0.061103 0.238233 3.517799
v -0.052838 0.252823 3.510749
v -0.041592 0.265868 3.504901
v -0.027797 0.276869 3.500479
v -0.011983 0.285401 3.497654
v 0.005243 0.291138 3.496534
v 0.023217 0.293858 3.497162
v 0.041250 0.293457 3.499514
v 0.058648 0.289951 3.503498
v 0.074743 0.283474 3.508964
v 0.088916 0.274275 3.515700
v 0.100623 0.262708 3.523446
v 0.109413 0.249216 3.531907
v 0.114950 0.234320 3.540757
v 0.117019 0.218591 3.549655
v 0.115543 0.202633 3.558259
v 0.110576 0.187060 3.566239
v 0.102311 0.172470 3.573288
v 0.091065 0.159425 3.579137
v 0.077270 0.148424 3.583559
v 0.032134 0.271767 3.817781
v 0.015687 0.266218 3.818741
v -0.001446 0.263422 3.817812
v -0.018606 0.263486 3.815031
v -0.035134 0.266408 3.810503
v -0.050394 0.272075 3.804404
v -0.063802 0.280270 3.796968
v -0.074840 0.290678 3.788479
v -0.083085 0.302898 3.779265
v -0.088220 0.316461 3.769680
v -0.090048 0.330846 3.760092
v -0.088498 0.345501 3.750869
v -0.083631 0.359861 3.742366
v -0.075632 0.373375 3.734910
v -0.064810 0.385524 3.728787
v -0.051580 0.395841 3.724232
v -0.036451 0.403929 3.721421
v -0.020004 0.409478 3.720461
v -0.002871 0.412274 3.721391
v 0.014289 0.412210 3.724172
v 0.030817 0.409288 3.728699
v 0.046078 0.403621 3.734799
v 0.059485 0.395427 3.742235
v 0.070523 0.385019 3.750724
v 0.078768 0.372799 3.759937
v 0.083903 0.359235 3.769523
v 0.085731 0.344850 3.779111
v 0.084181 0.330196 3.788333
v 0.079314 0.315836 3.796836
v 0.071315 0.302321 3.804292
v 0.060493 0.290172 3.810416
v 0.047263 0.279855 3.814970
v 0.001651 0.375784 3.938699
v -0.014726 0.369991 3.939357
v -0.031652 0.366469 3.937536
v -0.048477 0.365356 3.933304
v -0.064553 0.366692 3.926826
v -0.079264 0.370428 3.918349
v -0.092044 0.376420 3.908201
v -0.102401 0.384436 3.896769
v -0.109937 0.394170 3.884495
v -0.114364 0.405247 3.871849
v -0.115511 0.417241 3.859318
v -0.113334 0.429692 3.847383
v -0.107916 0.442121 3.836503
v -0.099465 0.454050 3.827095
v -0.088308 0.465022 3.819523
v -0.074871 0.474613 3.814075
v -0.059672 0.482457 3.810963
v -0.043295 0.488251 3.810305
v -0.026369 0.491772 3.812127
v -0.009545 0.492885 3.816357
v 0.006532 0.491549 3.822836
v 0.021242 0.487813 3.831313
v 0.034022 0.481821 3.841462
v 0.044379 0.473805 3.852893
v 0.051916 0.464071 3.865167
v 0.056343 0.452994 3.877813
v 0.057489 0.441000 3.890344
v 0.055312 0.428548 3.902278
v 0.049894 0.416120 3.913159
v 0.041444 0.404190 3.922566
v 0.030286 0.393219 3.930139
v 0.016850 0.383628 3.935586
v -0.043610 0.509575 4.043549
v -0.058417 0.503901 4.043870
v -0.073460 0.499537 4.041382
v -0.088163 0.496650 4.036180
v -0.101959 0.495354 4.028464
v -0.114318 0.495695 4.018530
v -0.124766 0.497663 4.006761
v -0.132901 0.501181 3.993609
v -0.138411 0.506114 3.979578
v -0.141083 0.512272 3.965208
v -0.140815 0.519419 3.951052
v -0.137617 0.527280 3.937654
v -0.131612 0.535553 3.925527
v -0.123032 0.543920 3.915139
v -0.112205 0.552060 3.906888
v -0.099548 0.559660 3.901093
v -0.085547 0.566426 3.897974
v -0.070740 0.572101 3.897653
v -0.055696 0.576465 3.900140
v -0.040994 0.579351 3.905342
v -0.027198 0.580648 3.913058
v -0.014838 0.580306 3.922992
v -0.004390 0.578338 3.934761
v 0.003745 0.574820 3.947914
v 0.009254 0.569887 3.961944
v 0.011926 0.563729 3.976314
v 0.011658 0.556582 3.990470
v 0.008461 0.548721 4.003869
v 0.002456 0.540448 4.015995
v -0.006125 0.532081 4.026383
v -0.016952 0.523942 4.034634
v -0.029609 0.516342 4.040430
v -0.097518 0.644529 4.080191
v -0.112102 0.638298 4.080368
v -0.126485 0.632285 4.077448
v -0.140113 0.626719 4.071547
v -0.152465 0.621818 4.062889
v -0.163064 0.617766 4.051807
v -0.171504 0.614723 4.038729
v -0.177460 0.612803 4.024155
v -0.180704 0.612081 4.008647
v -0.181110 0.612584 3.992800
v -0.178663 0.614293 3.977223
v -0.173458 0.617142 3.962516
v -0.165693 0.621022 3.949241
v -0.155668 0.625784 3.937911
v -0.143768 0.631245 3.928961
v -0.130449 0.637195 3.922734
v -0.116225 0.643405 3.919469
v -0.101642 0.649637 3.919294
v -0.087259 0.655650 3.922213
v -0.073630 0.661215 3.928115
v -0.061278 0.666117 3.936773
v -0.050679 0.670168 3.947854
v -0.042239 0.673211 3.960932
v -0.036283 0.675131 3.975505
v -0.033039 0.675854 3.991014
v -0.032633 0.675351 4.006861
v -0.035080 0.673642 4.022438
v -0.040286 0.670792 4.037146
v -0.048050 0.666912 4.050419
v -0.058075 0.662150 4.061750
v -0.069976 0.656689 4.070701
v -0.083294 0.650740 4.076928
v -0.163422 0.791589 4.060162
v -0.177758 0.784811 4.060432
v -0.191409 0.777179 4.057793
v -0.203848 0.768986 4.052345
v -0.214599 0.760547 4.044299
v -0.223248 0.752186 4.033962
v -0.229463 0.744225 4.021733
v -0.233005 0.736970 4.008082
v -0.233738 0.730699 3.993533
v -0.231633 0.725653 3.978644
v -0.226772 0.722027 3.963989
v -0.219341 0.719959 3.950131
v -0.209626 0.719529 3.937601
v -0.198000 0.720754 3.926883
v -0.184911 0.723587 3.918386
v -0.170860 0.727918 3.912439
v -0.156388 0.733581 3.909269
v -0.142052 0.740360 3.908999
v -0.128402 0.747992 3.911639
v -0.115962 0.756185 3.917086
v -0.105211 0.764624 3.925133
v -0.096562 0.772985 3.935469
v -0.090347 0.780945 3.947698
v -0.086805 0.788201 3.961349
v -0.086073 0.794472 3.975899
v -0.088178 0.799518 3.990788
v -0.093039 0.803144 4.005442
v -0.100469 0.805212 4.019300
v -0.110185 0.805641 4.031829
v -0.121810 0.804416 4.042548
v -0.134900 0.801584 4.051044
v -0.148950 0.797253 4.056992
v -0.218210 0.897015 3.982641
v -0.231326 0.890339 3.983139
v -0.243423 0.882119 3.981421
v -0.254036 0.872672 3.977554
v -0.262756 0.862359 3.971685
v -0.269250 0.851578 3.964040
v -0.273267 0.840744 3.954912
v -0.274653 0.830271 3.944654
v -0.273355 0.820562 3.933658
v -0.269423 0.811992 3.922348
v -0.263007 0.804888 3.911157
v -0.254355 0.799525 3.900517
v -0.243798 0.796108 3.890836
v -0.231743 0.794768 3.882486
v -0.218653 0.795557 3.875787
v -0.205031 0.798445 3.870998
v -0.191400 0.803321 3.868303
v -0.178284 0.809997 3.867805
v -0.166187 0.818216 3.869522
v -0.155574 0.827664 3.873390
v -0.146854 0.837976 3.879259
v -0.140360 0.848757 3.886904
v -0.136343 0.859592 3.896031
v -0.134957 0.870065 3.906290
v -0.136255 0.879773 3.917286
v -0.140187 0.888344 3.928596
v -0.146603 0.895447 3.939787
v -0.155255 0.900810 3.950427
v -0.165812 0.904228 3.960108
v -0.177866 0.905567 3.968459
v -0.190957 0.904778 3.975156
v -0.204579 0.901890 3.979945
v -0.271576 0.984967 3.853841
v -0.283258 0.978602 3.854798
v -0.293628 0.970216 3.854741
v -0.302290 0.960130 3.853672
v -0.308909 0.948732 3.851632
v -0.313231 0.936459 3.848699
v -0.315090 0.923785 3.844986
v -0.314415 0.911195 3.840635
v -0.311231 0.899173 3.835815
v -0.305661 0.888182 3.830709
v -0.297919 0.878644 3.825514
v -0.288303 0.870925 3.820431
v -0.277182 0.865322 3.815654
v -0.264983 0.862051 3.811367
v -0.252176 0.861236 3.807734
v -0.239252 0.862911 3.804895
v -0.226708 0.867008 3.802960
v -0.215026 0.873373 3.802002
v -0.204655 0.881760 3.802059
v -0.195994 0.891846 3.803128
v -0.189375 0.903244 3.805168
v -0.185053 0.915516 3.808101
v -0.183194 0.928191 3.811814
v -0.183869 0.940781 3.816165
v -0.187053 0.952803 3.820986
v -0.192622 0.963794 3.826091
v -0.200364 0.973332 3.831286
v -0.209980 0.981051 3.836370
v -0.221101 0.986654 3.841146
v -0.233300 0.989925 3.845434
v -0.246108 0.990739 3.849066
v -0.259032 0.989065 3.851905
v -0.299202 1.012495 3.722049
v -0.310207 1.006395 3.723341
v -0.319823 0.998251 3.724422
v -0.327682 0.988376 3.725252
v -0.333482 0.977150 3.725799
v -0.337000 0.965003 3.726040
v -0.338100 0.952404 3.725968
v -0.336741 0.939835 3.725585
v -0.332974 0.927780 3.724905
v -0.326945 0.916702 3.723955
v -0.318885 0.907027 3.722772
v -0.309104 0.899128 3.721400
v -0.297977 0.893306 3.719894
v -0.285932 0.889786 3.718309
v -0.273433 0.888703 3.716708
v -0.260959 0.890100 3.715151
v -0.248990 0.893922 3.713699
v -0.237986 0.900022 3.712408
v -0.228370 0.908165 3.711326
v -0.220511 0.918040 3.710497
v -0.214711 0.929267 3.709950
v -0.211193 0.941413 3.709709
v -0.210092 0.954013 3.709781
v -0.211452 0.966582 3.710164
v -0.215218 0.978636 3.710844
v -0.221248 0.989714 3.711793
v -0.229308 0.999389 3.712977
v -0.239089 1.007289 3.714348
v -0.250216 1.013111 3.715855
v -0.262261 1.016630 3.717440
v -0.274760 1.017713 3.719041
v -0.287234 1.016316 3.720597
v -0.310546 1.009867 3.617559
v -0.320843 1.004160 3.618947
v -0.329806 0.996555 3.620487
v -0.337090 0.987346 3.622120
v -0.342416 0.976886 3.623783
v -0.345579 0.965578 3.625412
v -0.346457 0.953855 3.626945
v -0.345016 0.942169 3.628322
v -0.341313 0.930968 3.629491
v -0.335488 0.920683 3.630406
v -0.327767 0.911710 3.631032
v -0.318445 0.904392 3.631347
v -0.307882 0.899012 3.631337
v -0.296482 0.895776 3.631002
v -0.284685 0.894808 3.630356
v -0.272942 0.896145 3.629424
v -0.261707 0.899737 3.628241
v -0.251410 0.905445 3.626852
v -0.242447 0.913049 3.625313
v -0.235162 0.922258 3.623680
v -0.229836 0.932718 3.622017
v -0.226674 0.944027 3.620388
v -0.225796 0.955749 3.618855
v -0.227236 0.967435 3.617479
v -0.230940 0.978636 3.616310
v -0.236764 0.988921 3.615394
v -0.244485 0.997894 3.614768
v -0.253807 1.005212 3.614454
v -0.264371 1.010592 3.614464
v -0.275770 1.013829 3.614798
v -0.287568 1.014797 3.615443
v -0.299310 1.013459 3.616376
v -0.317046 0.980062 3.455328
v -0.326039 0.975159 3.456843
v -0.333867 0.968763 3.459086
v -0.340228 0.961118 3.461971
v -0.344878 0.952520 3.465386
v -0.347638 0.943298 3.469200
v -0.348401 0.933806 3.473267
v -0.347140 0.924409 3.477430
v -0.343901 0.915469 3.481530
v -0.338811 0.907329 3.485408
v -0.332063 0.900302 3.488916
v -0.323918 0.894658 3.491919
v -0.314689 0.890613 3.494302
v -0.304730 0.888324 3.495973
v -0.294423 0.887878 3.496867
v -0.284166 0.889292 3.496950
v -0.274352 0.892512 3.496220
v -0.265358 0.897415 3.494704
v -0.257531 0.903811 3.492461
v -0.251170 0.911455 3.489577
v -0.246520 0.920054 3.486161
v -0.243760 0.929276 3.482347
v -0.242997 0.938768 3.478280
v -0.244258 0.948164 3.474117
v -0.247497 0.957104 3.470018
v -0.252587 0.965244 3.466139
v -0.259335 0.972272 3.462631
v -0.267480 0.977916 3.459628
v -0.276709 0.981961 3.457246
v -0.286669 0.984250 3.455575
v -0.296975 0.984696 3.454681
v -0.307232 0.983282 3.454597
v -0.304597 0.928674 3.373724
v -0.310861 0.925259 3.374780
v -0.316314 0.920804 3.376342
v -0.320744 0.915480 3.378352
v -0.323983 0.909491 3.380730
v -0.325905 0.903067 3.383386
v -0.326437 0.896456 3.386219
v -0.325558 0.889911 3.389118
v -0.323302 0.883684 3.391974
v -0.319757 0.878015 3.394675
v -0.315057 0.873120 3.397119
v -0.309384 0.869189 3.399210
v -0.302955 0.866372 3.400870
v -0.296019 0.864777 3.402034
v -0.288840 0.864466 3.402657
v -0.281696 0.865452 3.402715
v -0.274861 0.867695 3.402206
v -0.268596 0.871109 3.401150
v -0.263144 0.875564 3.399588
v -0.258714 0.880889 3.397579
v -0.255475 0.886878 3.395200
v -0.253553 0.893301 3.392543
v -0.253021 0.899912 3.389711
v -0.253900 0.906457 3.386812
v -0.256155 0.912684 3.383956
v -0.259701 0.918353 3.381254
v -0.264401 0.923248 3.378811
v -0.270074 0.927179 3.376719
v -0.276503 0.929996 3.375060
v -0.283439 0.931591 3.373896
v -0.290618 0.931901 3.373273
v -0.297762 0.930916 3.373215
v -0.304597 0.928674 3.373724
v -0.310861 0.925259 3.374780
v -0.316314 0.920804 3.376342
v -0.320744 0.915480 3.378352
v -0.323983 0.909491 3.380730
v -0.325905 0.903067 3.383386
v -0.326437 0.896456 3.386219
v -0.325558 0.889911 3.389118
v -0.323302 0.883684 3.391974
v -0.319757 0.878015 3.394675
v -0.315057 0.873120 3.397119
v -0.309384 0.869189 3.399210
v -0.302955 0.866372 3.400870
v -0.296019 0.864777 3.402034
v -0.288840 0.864466 3.402657
v -0.281696 0.865452 3.402715
v -0.274861 0.867695 3.402206
v -0.268596 0.871109 3.401150
v -0.263144 0.875564 3.399588
v -0.258714 0.880889 3.397579
v -0.255475 0.886878 3.395200
v -0.253553 0.893301 3.392543
v -0.253021 0.899912 3.389711
v -0.253900 0.906457 3.386812
v -0.256155 0.912684 3.383956
v -0.259701 0.918353 3.381254
v -0.264401 0.923248 3.378811
v -0.270074 0.927179 3.376719
v -0.276503 0.929996 3.375060
v -0.283439 0.931591 3.373896
v -0.290618 0.931901 3.373273
v -0.297762 0.930916 3.373215
v -0.294157 0.899333 3.355042
v -0.296697 0.897949 3.355470
v -0.298907 0.896143 3.356103
v -0.300703 0.893984 3.356918
v -0.302016 0.891556 3.357882
v -0.302795 0.888952 3.358959
v -0.303011 0.886272 3.360108
v -0.302655 0.883618 3.361283
v -0.301740 0.881094 3.362441
v -0.300303 0.878795 3.363536
v -0.298397 0.876811 3.364527
v -0.296097 0.875217 3.365375
v -0.293491 0.874075 3.366047
v -0.290679 0.873428 3.366520
v -0.287769 0.873303 3.366772
v -0.284872 0.873702 3.366796
v -0.282101 0.874611 3.366589
v -0.279561 0.875995 3.366161
v -0.277351 0.877802 3.365528
v -0.275555 0.879960 3.364714
v -0.274242 0.882388 3.363749
v -0.273462 0.884993 3.362672
v -0.273247 0.887673 3.361524
v -0.273603 0.890326 3.360348
v -0.274518 0.892851 3.359190
v -0.275955 0.895149 3.358095
v -0.277860 0.897134 3.357104
v -0.280160 0.898728 3.356256
v -0.282767 0.899870 3.355584
v -0.285579 0.900516 3.355112
v -0.288489 0.900642 3.354859
v -0.291386 0.900243 3.354836
vn -0.0000 0.9979 0.0649
vn -0.0000 0.9995 -0.0313
vn 0.1947 0.9787 0.0649
vn 0.1979 0.9797 -0.0307
vn 0.3818 0.9220 0.0648
vn 0.3879 0.9212 -0.0288
vn 0.5543 0.8298 0.0648
vn 0.5626 0.8263 -0.0258
vn 0.7056 0.7057 0.0648
vn 0.7150 0.6988 -0.0215
vn 0.8297 0.5545 0.0647
vn 0.8390 0.5439 -0.0161
vn 0.9219 0.3820 0.0647
vn 0.9298 0.3680 -0.0098
vn 0.9787 0.1947 0.0647
vn 0.9840 0.1784 -0.0027
vn 0.9979 -0.0000 0.0647
vn 0.9998 -0.0173 0.0046
vn 0.9787 -0.1947 0.0647
vn 0.9773 -0.2115 0.0118
vn 0.9219 -0.3819 0.0647
vn 0.9177 -0.3970 0.0185
vn 0.8297 -0.5545 0.0647
vn 0.8235 -0.5668 0.0243
vn 0.7056 -0.7057 0.0647
vn 0.6987 -0.7148 0.0291
vn 0.5543 -0.8298 0.0648
vn 0.5479 -0.8359 0.0328
vn 0.3818 -0.9220 0.0648
vn 0.3769 -0.9256 0.0354
vn 0.1946 -0.9787 0.0648
vn 0.1920 -0.9807 0.0370
vn -0.0000 -0.9979 0.0648
vn -0.0000 -0.9993 0.0375
vn -0.1946 -0.9787 0.0648
vn -0.1920 -0.9807 0.0370
vn -0.3818 -0.9220 0.0648
vn -0.3769 -0.9256 0.0354
vn -0.5543 -0.8298 0.0648
vn -0.5479 -0.8359 0.0328
vn -0.7056 -0.7057 0.0647
vn -0.6987 -0.7148 0.0291
vn -0.8297 -0.5545 0.0647
vn -0.8235 -0.5668 0.0243
vn -0.9219 -0.3819 0.0647
vn -0.9177 -0.3970 0.0185
vn -0.9787 -0.1947 0.0647
vn -0.9773 -0.2115 0.0118
vn -0.9979 -0.0000 0.0647
vn -0.9998 -0.0173 0.0046
vn -0.9787 0.1947 0.0647
vn -0.9840 0.1784 -0.0027
vn -0.9219 0.3820 0.0647
vn -0.9298 0.3680 -0.0098
vn -0.8297 0.5545 0.0647
vn -0.8390 0.5439 -0.0161
vn -0.7056 0.7057 0.0648
vn -0.7150 0.6988 -0.0215
vn -0.5543 0.8298 0.0648
vn -0.5626 0.8263 -0.0258
vn -0.3818 0.9220 0.0648
vn -0.3879 0.9212 -0.0288
vn -0.1947 0.9787 0.0649
vn -0.1979 0.9797 -0.0307
vn -0.0000 0.9999 -0.0137
vn 0.1951 0.9807 -0.0137
vn 0.3827 0.9238 -0.0137
vn 0.5555 0.8314 -0.0137
vn 0.7070 0.7070 -0.0137
vn 0.8314 0.5555 -0.0137
vn 0.9238 0.3826 -0.0137
vn 0.9807 0.1951 -0.0137
vn 0.9999 -0.0000 -0.0137
vn 0.9807 -0.1951 -0.0137
vn 0.9238 -0.3826 -0.0137
vn 0.8314 -0.5555 -0.0137
vn 0.7070 -0.7070 -0.0137
vn 0.5555 -0.8314 -0.0137
vn 0.3827 -0.9238 -0.0137
vn 0.1951 -0.9807 -0.0137
vn -0.0000 -0.9999 -0.0137
vn -0.1951 -0.9807 -0.0137
vn -0.3826 -0.9238 -0.0137
vn -0.5555 -0.8314 -0.0137
vn -0.7070 -0.7070 -0.0137
vn -0.8314 -0.5555 -0.0137
vn -0.9238 -0.3826 -0.0137
vn -0.9807 -0.1951 -0.0137
vn -0.9999 -0.0000 -0.0137
vn -0.9807 0.1951 -0.0137
vn -0.9238 0.3826 -0.0137
vn -0.8314 0.5555 -0.0137
vn -0.7070 0.7070 -0.0137
vn -0.5555 0.8314 -0.0137
vn -0.3826 0.9238 -0.0137
vn -0.1951 0.9807 -0.0137
vn 0.5385 0.8060 0.2457
vn 0.3710 0.8956 0.2457
vn 0.6854 -0.6854 0.2457
vn 0.8060 -0.5385 0.2457
vn -0.8060 -0.5385 0.2457
vn -0.6854 -0.6854 0.2457
vn -0.3710 0.8956 0.2457
vn -0.5385 0.8060 0.2457
vn 0.9694 -0.0000 0.2457
vn 0.9507 0.1891 0.2457
vn -0.1891 -0.9507 0.2457
vn -0.0000 -0.9694 0.2457
vn -0.8956 0.3710 0.2457
vn -0.9507 0.1891 0.2457
vn 0.6854 0.6854 0.2457
vn 0.5385 -0.8060 0.2457
vn -0.8956 -0.3710 0.2457
vn -0.1891 0.9507 0.2457
vn 0.9507 -0.1891 0.2457
vn -0.3710 -0.8956 0.2457
vn -0.8060 0.5385 0.2457
vn 0.8060 0.5385 0.2457
vn 0.3710 -0.8956 0.2457
vn -0.9507 -0.1891 0.2457
vn 0.1891 0.9507 0.2457
vn -0.0000 0.9694 0.2457
vn 0.8956 -0.3710 0.2457
vn -0.5385 -0.8060 0.2457
vn -0.6854 0.6854 0.2457
vn 0.8956 0.3710 0.2457
vn 0.1891 -0.9507 0.2457
vn -0.9694 -0.0000 0.2457
vn -0.0000 0.9974 -0.0725
vn 0.1951 0.9782 -0.0712
vn 0.3828 0.9214 -0.0673
vn 0.5558 0.8291 -0.0608
vn 0.7074 0.7049 -0.0520
vn 0.8318 0.5536 -0.0412
vn 0.9241 0.3810 -0.0286
vn 0.9809 0.1940 -0.0146
vn 1.0000 -0.0004 0.0001
vn 0.9808 -0.1946 0.0150
vn 0.9239 -0.3814 0.0296
vn 0.8316 -0.5536 0.0433
vn 0.7074 -0.7047 0.0554
vn 0.5559 -0.8287 0.0654
vn 0.3830 -0.9209 0.0728
vn 0.1954 -0.9777 0.0774
vn -0.0000 -0.9969 0.0790
vn -0.1954 -0.9777 0.0774
vn -0.3830 -0.9209 0.0728
vn -0.5559 -0.8287 0.0654
vn -0.7074 -0.7047 0.0554
vn -0.8316 -0.5536 0.0433
vn -0.9239 -0.3814 0.0296
vn -0.9808 -0.1946 0.0150
vn -1.0000 -0.0004 0.0001
vn -0.9809 0.1940 -0.0146
vn -0.9241 0.3810 -0.0286
vn -0.8318 0.5536 -0.0412
vn -0.7074 0.7049 -0.0520
vn -0.5558 0.8291 -0.0608
vn -0.3828 0.9214 -0.0673
vn -0.1951 0.9782 -0.0712
vn -0.0000 0.9998 0.0188
vn 0.1870 0.9822 0.0187
vn 0.3678 0.9297 0.0183
vn 0.5359 0.8441 0.0176
vn 0.6855 0.7279 0.0164
vn 0.8110 0.5848 0.0145
vn 0.9077 0.4195 0.0115
vn 0.9714 0.2373 0.0073
vn 0.9990 0.0444 0.0021
vn 0.9883 -0.1524 -0.0033
vn 0.9384 -0.3454 -0.0077
vn 0.8503 -0.5262 -0.0106
vn 0.7270 -0.6865 -0.0122
vn 0.5735 -0.8191 -0.0129
vn 0.3961 -0.9181 -0.0131
vn 0.2023 -0.9792 -0.0131
vn -0.0000 -0.9999 -0.0130
vn -0.2023 -0.9792 -0.0131
vn -0.3961 -0.9181 -0.0131
vn -0.5735 -0.8191 -0.0129
vn -0.7270 -0.6865 -0.0122
vn -0.8503 -0.5262 -0.0106
vn -0.9384 -0.3454 -0.0077
vn -0.9883 -0.1524 -0.0033
vn -0.9990 0.0444 0.0021
vn -0.9714 0.2373 0.0073
vn -0.9077 0.4195 0.0115
vn -0.8110 0.5848 0.0145
vn -0.6855 0.7279 0.0164
vn -0.5359 0.8441 0.0176
vn -0.3678 0.9297 0.0183
vn -0.1870 0.9822 0.0187
vn -0.0000 0.9809 0.1944
vn 0.1974 0.9616 0.1908
vn 0.3869 0.9043 0.1802
vn 0.5611 0.8115 0.1632
vn 0.7128 0.6871 0.1407
vn 0.8361 0.5367 0.1138
vn 0.9262 0.3677 0.0836
vn 0.9808 0.1883 0.0506
vn 0.9999 0.0049 0.0140
vn 0.9830 -0.1815 -0.0265
vn 0.9275 -0.3677 -0.0669
vn 0.8343 -0.5417 -0.1027
vn 0.7082 -0.6936 -0.1323
vn 0.5552 -0.8170 -0.1556
vn 0.3817 -0.9080 -0.1725
vn 0.1943 -0.9638 -0.1828
vn -0.0000 -0.9825 -0.1862
vn -0.1943 -0.9638 -0.1828
vn -0.3817 -0.9080 -0.1725
vn -0.5552 -0.8170 -0.1556
vn -0.7082 -0.6936 -0.1323
vn -0.8343 -0.5417 -0.1027
vn -0.9275 -0.3677 -0.0669
vn -0.9830 -0.1815 -0.0265
vn -0.9999 0.0049 0.0140
vn -0.9808 0.1883 0.0506
vn -0.9262 0.3677 0.0836
vn -0.8361 0.5367 0.1138
vn -0.7128 0.6871 0.1407
vn -0.5611 0.8115 0.1632
vn -0.3869 0.9043 0.1802
vn -0.1974 0.9616 0.1908
vn -0.0000 0.9253 0.3793
vn 0.1984 0.9068 0.3721
vn 0.3890 0.8519 0.3506
vn 0.5641 0.7629 0.3160
vn 0.7166 0.6433 0.2696
vn 0.8404 0.4981 0.2136
vn 0.9303 0.3344 0.1509
vn 0.9830 0.1626 0.0849
vn 0.9999 -0.0045 0.0165
vn 0.9826 -0.1760 -0.0600
vn 0.9252 -0.3544 -0.1356
vn 0.8310 -0.5182 -0.2024
vn 0.7053 -0.6596 -0.2597
vn 0.5533 -0.7746 -0.3062
vn 0.3807 -0.8596 -0.3407
vn 0.1940 -0.9118 -0.3618
vn -0.0000 -0.9294 -0.3690
vn -0.1940 -0.9118 -0.3618
vn -0.3807 -0.8596 -0.3407
vn -0.5533 -0.7746 -0.3062
vn -0.7053 -0.6596 -0.2597
vn -0.8310 -0.5182 -0.2024
vn -0.9252 -0.3544 -0.1356
vn -0.9826 -0.1760 -0.0600
vn -0.9999 -0.0045 0.0165
vn -0.9830 0.1626 0.0849
vn -0.9303 0.3344 0.1509
vn -0.8404 0.4981 0.2136
vn -0.7166 0.6433 0.2696
vn -0.5641 0.7629 0.3160
vn -0.3890 0.8519 0.3506
vn -0.1984 0.9068 0.3721
vn -0.0000 0.8239 0.5667
vn 0.1983 0.8074 0.5557
vn 0.3889 0.7584 0.5230
vn 0.5644 0.6787 0.4699
vn 0.7177 0.5712 0.3983
vn 0.8426 0.4397 0.3110
vn 0.9336 0.2891 0.2116
vn 0.9860 0.1275 0.1077
vn 0.9996 -0.0227 0.0190
vn 0.9845 -0.1619 -0.0681
vn 0.9312 -0.3187 -0.1767
vn 0.8387 -0.4682 -0.2782
vn 0.7131 -0.5986 -0.3649
vn 0.5600 -0.7053 -0.4347
vn 0.3855 -0.7845 -0.4858
vn 0.1964 -0.8333 -0.5168
vn -0.0000 -0.8497 -0.5272
vn -0.1964 -0.8333 -0.5168
vn -0.3855 -0.7845 -0.4858
vn -0.5600 -0.7053 -0.4347
vn -0.7131 -0.5986 -0.3649
vn -0.8387 -0.4682 -0.2782
vn -0.9312 -0.3187 -0.1767
vn -0.9845 -0.1619 -0.0681
vn -0.9996 -0.0227 0.0190
vn -0.9860 0.1275 0.1077
vn -0.9336 0.2891 0.2116
vn -0.8426 0.4397 0.3110
vn -0.7177 0.5712 0.3983
vn -0.5644 0.6787 0.4699
vn -0.3889 0.7584 0.5230
vn -0.1983 0.8074 0.5557
vn -0.0000 0.6344 0.7730
vn 0.1974 0.6217 0.7580
vn 0.3871 0.5838 0.7137
vn 0.5619 0.5219 0.6418
vn 0.7149 0.4377 0.5453
vn 0.8400 0.3335 0.4279
vn 0.9318 0.2119 0.2948
vn 0.9851 0.0769 0.1539
vn 0.9988 -0.0432 0.0247
vn 0.9829 -0.1432 -0.1159
vn 0.9247 -0.2749 -0.2634
vn 0.8302 -0.3958 -0.3926
vn 0.7044 -0.5010 -0.5029
vn 0.5523 -0.5870 -0.5920
vn 0.3797 -0.6508 -0.6575
vn 0.1932 -0.6899 -0.6976
vn -0.0000 -0.7031 -0.7111
vn -0.1932 -0.6899 -0.6976
vn -0.3797 -0.6508 -0.6575
vn -0.5523 -0.5870 -0.5920
vn -0.7044 -0.5010 -0.5029
vn -0.8302 -0.3958 -0.3926
vn -0.9247 -0.2749 -0.2634
vn -0.9829 -0.1432 -0.1159
vn -0.9988 -0.0432 0.0247
vn -0.9851 0.0769 0.1539
vn -0.9318 0.2119 0.2948
vn -0.8400 0.3335 0.4279
vn -0.7149 0.4377 0.5453
vn -0.5619 0.5219 0.6418
vn -0.3871 0.5838 0.7137
vn -0.1974 0.6217 0.7580
vn -0.0000 0.2754 0.9613
vn 0.1969 0.2702 0.9425
vn 0.3863 0.2546 0.8865
vn 0.5608 0.2293 0.7955
vn 0.7138 0.1951 0.6726
vn 0.8392 0.1530 0.5219
vn 0.9319 0.1035 0.3476
vn 0.9867 0.0448 0.1561
vn 0.9999 -0.0112 0.0028
vn 0.9866 -0.0446 -0.1571
vn 0.9314 -0.0976 -0.3507
vn 0.8385 -0.1492 -0.5240
vn 0.7131 -0.1946 -0.6735
vn 0.5601 -0.2320 -0.7952
vn 0.3857 -0.2599 -0.8853
vn 0.1966 -0.2772 -0.9405
vn -0.0000 -0.2830 -0.9591
vn -0.1966 -0.2772 -0.9405
vn -0.3857 -0.2599 -0.8853
vn -0.5601 -0.2320 -0.7952
vn -0.7131 -0.1946 -0.6735
vn -0.8385 -0.1492 -0.5240
vn -0.9314 -0.0976 -0.3507
vn -0.9866 -0.0446 -0.1571
vn -0.9999 -0.0112 0.0028
vn -0.9867 0.0448 0.1561
vn -0.9319 0.1035 0.3476
vn -0.8392 0.1530 0.5219
vn -0.7138 0.1951 0.6726
vn -0.5608 0.2293 0.7955
vn -0.3863 0.2546 0.8865
vn -0.1969 0.2702 0.9425
vn -0.0000 -0.1582 0.9874
vn 0.1974 -0.1557 0.9679
vn 0.3871 -0.1482 0.9100
vn 0.5618 -0.1362 0.8160
vn 0.7147 -0.1201 0.6890
vn 0.8399 -0.1009 0.5333
vn 0.9322 -0.0793 0.3531
vn 0.9865 -0.0544 0.1542
vn 0.9999 -0.0162 -0.0002
vn 0.9867 -0.0022 -0.1626
vn 0.9316 0.0164 -0.3630
vn 0.8390 0.0375 -0.5428
vn 0.7138 0.0562 -0.6981
vn 0.5610 0.0714 -0.8247
vn 0.3865 0.0826 -0.9186
vn 0.1970 0.0896 -0.9763
vn -0.0000 0.0920 -0.9958
vn -0.1970 0.0896 -0.9763
vn -0.3865 0.0826 -0.9186
vn -0.5610 0.0714 -0.8247
vn -0.7138 0.0562 -0.6981
vn -0.8390 0.0375 -0.5428
vn -0.9316 0.0164 -0.3630
vn -0.9867 -0.0022 -0.1626
vn -0.9999 -0.0162 -0.0002
vn -0.9865 -0.0544 0.1542
vn -0.9322 -0.0793 0.3531
vn -0.8399 -0.1009 0.5333
vn -0.7147 -0.1201 0.6890
vn -0.5618 -0.1362 0.8160
vn -0.3871 -0.1482 0.9100
vn -0.1974 -0.1557 0.9679
vn -0.0000 -0.5301 0.8479
vn 0.1970 -0.5205 0.8308
vn 0.3865 -0.4920 0.7801
vn 0.5612 -0.4458 0.6973
vn 0.7143 -0.3837 0.5853
vn 0.8396 -0.3076 0.4477
vn 0.9319 -0.2195 0.2887
vn 0.9856 -0.1212 0.1180
vn 0.9991 -0.0405 -0.0118
vn 0.9846 0.0318 -0.1720
vn 0.9286 0.1189 -0.3514
vn 0.8357 0.1989 -0.5119
vn 0.7104 0.2680 -0.6507
vn 0.5579 0.3239 -0.7641
vn 0.3841 0.3650 -0.8481
vn 0.1959 0.3902 -0.8996
vn -0.0000 0.3988 -0.9170
vn -0.1959 0.3902 -0.8996
vn -0.3841 0.3650 -0.8481
vn -0.5579 0.3239 -0.7641
vn -0.7104 0.2680 -0.6507
vn -0.8357 0.1989 -0.5119
vn -0.9286 0.1189 -0.3514
vn -0.9846 0.0318 -0.1720
vn -0.9991 -0.0405 -0.0118
vn -0.9856 -0.1212 0.1180
vn -0.9319 -0.2195 0.2887
vn -0.8396 -0.3076 0.4477
vn -0.7143 -0.3837 0.5853
vn -0.5612 -0.4458 0.6973
vn -0.3865 -0.4920 0.7801
vn -0.1970 -0.5205 0.8308
vn -0.0000 -0.8184 0.5746
vn 0.1993 -0.8023 0.5627
vn 0.3908 -0.7545 0.5273
vn 0.5670 -0.6767 0.4697
vn 0.7205 -0.5720 0.3920
vn 0.8451 -0.4442 0.2975
vn 0.9351 -0.2986 0.1911
vn 0.9855 -0.1471 0.0842
vn 0.9997 -0.0218 -0.0148
vn 0.9817 0.1180 -0.1496
vn 0.9220 0.2673 -0.2799
vn 0.8267 0.4005 -0.3951
vn 0.7006 0.5143 -0.4946
vn 0.5489 0.6059 -0.5759
vn 0.3773 0.6729 -0.6363
vn 0.1922 0.7137 -0.6735
vn -0.0000 0.7274 -0.6862
vn -0.1922 0.7137 -0.6735
vn -0.3773 0.6729 -0.6363
vn -0.5489 0.6059 -0.5759
vn -0.7006 0.5143 -0.4946
vn -0.8267 0.4005 -0.3951
vn -0.9220 0.2673 -0.2799
vn -0.9817 0.1180 -0.1496
vn -0.9997 -0.0218 -0.0148
vn -0.9855 -0.1471 0.0842
vn -0.9351 -0.2986 0.1911
vn -0.8451 -0.4442 0.2975
vn -0.7205 -0.5720 0.3920
vn -0.5670 -0.6767 0.4697
vn -0.3908 -0.7545 0.5273
vn -0.1993 -0.8023 0.5627
vn -0.0000 -0.9540 0.2998
vn 0.2003 -0.9348 0.2932
vn 0.3925 -0.8781 0.2737
vn 0.5687 -0.7861 0.2421
vn 0.7216 -0.6628 0.2000
vn 0.8445 -0.5142 0.1498
vn 0.9321 -0.3495 0.0953
vn 0.9824 -0.1821 0.0403
vn 0.9996 -0.0188 -0.0212
vn 0.9824 0.1590 -0.0984
vn 0.9243 0.3394 -0.1746
vn 0.8294 0.5036 -0.2420
vn 0.7031 0.6449 -0.2997
vn 0.5509 0.7592 -0.3466
vn 0.3787 0.8434 -0.3812
vn 0.1929 0.8948 -0.4025
vn -0.0000 0.9122 -0.4097
vn -0.1929 0.8948 -0.4025
vn -0.3787 0.8434 -0.3812
vn -0.5509 0.7592 -0.3466
vn -0.7031 0.6449 -0.2997
vn -0.8294 0.5036 -0.2420
vn -0.9243 0.3394 -0.1746
vn -0.9824 0.1590 -0.0984
vn -0.9996 -0.0188 -0.0212
vn -0.9824 -0.1821 0.0403
vn -0.9321 -0.3495 0.0953
vn -0.8445 -0.5142 0.1498
vn -0.7216 -0.6628 0.2000
vn -0.5687 -0.7861 0.2421
vn -0.3925 -0.8781 0.2737
vn -0.2003 -0.9348 0.2932
vn -0.0000 -0.9941 0.1088
vn 0.1969 -0.9746 0.1065
vn 0.3861 -0.9171 0.0996
vn 0.5594 -0.8242 0.0883
vn 0.7099 -0.7005 0.0726
vn 0.8319 -0.5524 0.0527
vn 0.9218 -0.3867 0.0283
vn 0.9779 -0.2092 -0.0019
vn 0.9990 -0.0217 -0.0387
vn 0.9819 0.1719 -0.0791
vn 0.9252 0.3606 -0.1185
vn 0.8314 0.5337 -0.1544
vn 0.7056 0.6838 -0.1857
vn 0.5533 0.8058 -0.2113
vn 0.3806 0.8956 -0.2303
vn 0.1940 0.9507 -0.2420
vn -0.0000 0.9693 -0.2460
vn -0.1940 0.9507 -0.2420
vn -0.3806 0.8956 -0.2303
vn -0.5533 0.8058 -0.2113
vn -0.7056 0.6838 -0.1857
vn -0.8314 0.5337 -0.1544
vn -0.9252 0.3606 -0.1185
vn -0.9819 0.1719 -0.0791
vn -0.9990 -0.0217 -0.0387
vn -0.9779 -0.2092 -0.0019
vn -0.9218 -0.3867 0.0283
vn -0.8319 -0.5524 0.0527
vn -0.7099 -0.7005 0.0726
vn -0.5594 -0.8242 0.0883
vn -0.3861 -0.9171 0.0996
vn -0.1969 -0.9746 0.1065
vn -0.0000 -0.9987 -0.0501
vn 0.1855 -0.9813 -0.0506
vn 0.3655 -0.9294 -0.0523
vn 0.5335 -0.8440 -0.0551
vn 0.6837 -0.7274 -0.0594
vn 0.8101 -0.5827 -0.0654
vn 0.9073 -0.4141 -0.0733
vn 0.9703 -0.2276 -0.0825
vn 0.9953 -0.0307 -0.0914
vn 0.9811 0.1675 -0.0971
vn 0.9288 0.3577 -0.0971
vn 0.8413 0.5329 -0.0904
vn 0.7218 0.6876 -0.0793
vn 0.5729 0.8169 -0.0675
vn 0.3985 0.9153 -0.0580
vn 0.2048 0.9774 -0.0522
vn -0.0000 0.9987 -0.0503
vn -0.2048 0.9774 -0.0522
vn -0.3985 0.9153 -0.0580
vn -0.5729 0.8169 -0.0675
vn -0.7218 0.6876 -0.0793
vn -0.8413 0.5329 -0.0904
vn -0.9288 0.3577 -0.0971
vn -0.9811 0.1675 -0.0971
vn -0.9953 -0.0307 -0.0914
vn -0.9703 -0.2276 -0.0825
vn -0.9073 -0.4141 -0.0733
vn -0.8101 -0.5827 -0.0654
vn -0.6837 -0.7274 -0.0594
vn -0.5335 -0.8440 -0.0551
vn -0.3655 -0.9294 -0.0523
vn -0.1855 -0.9813 -0.0506
vn -0.0000 -1.0000 -0.0036
vn 0.2121 -0.9772 -0.0031
vn 0.4137 -0.9104 -0.0017
vn 0.5951 -0.8037 0.0006
vn 0.7485 -0.6632 0.0040
vn 0.8681 -0.4964 0.0085
vn 0.9502 -0.3113 0.0142
vn 0.9930 -0.1160 0.0216
vn 0.9962 0.0815 0.0309
vn 0.9609 0.2736 0.0429
vn 0.8896 0.4531 0.0584
vn 0.7862 0.6130 0.0775
vn 0.6564 0.7479 0.0989
vn 0.5064 0.8540 0.1198
vn 0.3431 0.9293 0.1369
vn 0.1728 0.9738 0.1480
vn -0.0000 0.9884 0.1517
vn -0.1728 0.9738 0.1480
vn -0.3431 0.9293 0.1370
vn -0.5064 0.8540 0.1198
vn -0.6564 0.7479 0.0989
vn -0.7862 0.6130 0.0775
vn -0.8896 0.4531 0.0584
vn -0.9609 0.2736 0.0430
vn -0.9962 0.0815 0.0309
vn -0.9930 -0.1160 0.0215
vn -0.9502 -0.3113 0.0142
vn -0.8681 -0.4964 0.0085
vn -0.7485 -0.6632 0.0040
vn -0.5951 -0.8037 0.0007
vn -0.4137 -0.9104 -0.0017
vn -0.2121 -0.9772 -0.0031
vn -0.0000 -0.9971 0.0764
vn 0.2285 -0.9706 0.0761
vn 0.4424 -0.8937 0.0748
vn 0.6297 -0.7734 0.0729
vn 0.7817 -0.6196 0.0707
vn 0.8940 -0.4430 0.0679
vn 0.9651 -0.2535 0.0650
vn 0.9963 -0.0600 0.0619
vn 0.9897 0.1304 0.0588
vn 0.9485 0.3118 0.0561
vn 0.8759 0.4794 0.0535
vn 0.7756 0.6291 0.0512
vn 0.6513 0.7572 0.0494
vn 0.5070 0.8606 0.0480
vn 0.3470 0.9367 0.0470
vn 0.1763 0.9832 0.0464
vn -0.0000 0.9989 0.0463
vn -0.1763 0.9832 0.0464
vn -0.3470 0.9367 0.0470
vn -0.5070 0.8606 0.0480
vn -0.6513 0.7572 0.0494
vn -0.7756 0.6291 0.0512
vn -0.8759 0.4794 0.0535
vn -0.9485 0.3118 0.0560
vn -0.9897 0.1304 0.0588
vn -0.9963 -0.0600 0.0620
vn -0.9651 -0.2535 0.0650
vn -0.8940 -0.4430 0.0679
vn -0.7817 -0.6196 0.0707
vn -0.6297 -0.7734 0.0729
vn -0.4424 -0.8937 0.0748
vn -0.2285 -0.9706 0.0760
vn -0.0000 -0.3700 -0.9291
vn 0.1073 -0.3602 -0.9267
vn 0.2111 -0.3313 -0.9196
vn 0.3082 -0.2839 -0.9079
vn 0.3951 -0.2193 -0.8921
vn 0.4685 -0.1391 -0.8725
vn 0.5254 -0.0459 -0.8496
vn 0.5631 0.0574 -0.8244
vn 0.5797 0.1670 -0.7975
vn 0.5738 0.2787 -0.7701
vn 0.5449 0.3880 -0.7433
vn 0.4937 0.4901 -0.7184
vn 0.4221 0.5807 -0.6962
vn 0.3329 0.6555 -0.6779
vn 0.2299 0.7114 -0.6642
vn 0.1174 0.7458 -0.6557
vn -0.0000 0.7575 -0.6529
vn -0.1173 0.7458 -0.6557
vn -0.2299 0.7114 -0.6642
vn -0.3330 0.6555 -0.6778
vn -0.4221 0.5807 -0.6962
vn -0.4937 0.4901 -0.7184
vn -0.5448 0.3880 -0.7434
vn -0.5738 0.2787 -0.7701
vn -0.5797 0.1670 -0.7975
vn -0.5631 0.0574 -0.8244
vn -0.5255 -0.0459 -0.8496
vn -0.4685 -0.1391 -0.8724
vn -0.3950 -0.2193 -0.8921
vn -0.3082 -0.2839 -0.9080
vn -0.2112 -0.3313 -0.9196
vn -0.1073 -0.3602 -0.9267
vn -0.9871 0.1478 0.0611
vn -0.9417 0.3325 0.0524
vn -0.8617 0.5058 0.0415
vn -0.7494 0.6614 0.0289
vn -0.6084 0.7935 0.0151
vn -0.4430 0.8965 0.0007
vn -0.2590 0.9658 -0.0138
vn -0.0631 0.9976 -0.0274
vn 0.1368 0.9898 -0.0396
vn 0.3324 0.9418 -0.0498
vn 0.5151 0.8552 -0.0574
vn 0.6770 0.7333 -0.0622
vn 0.8120 0.5801 -0.0639
vn 0.9117 0.4061 -0.0627
vn 0.9749 0.2148 -0.0593
vn 0.9984 0.0154 -0.0537
vn 0.9819 -0.1839 -0.0462
vn 0.9262 -0.3752 -0.0372
vn 0.8341 -0.5510 -0.0270
vn 0.7095 -0.7045 -0.0159
vn 0.5578 -0.8300 -0.0042
vn 0.3851 -0.9228 0.0079
vn 0.1985 -0.9799 0.0199
vn 0.0053 -0.9995 0.0316
vn -0.1871 -0.9814 0.0425
vn -0.3716 -0.9269 0.0523
vn -0.5416 -0.8384 0.0605
vn -0.6912 -0.7196 0.0668
vn -0.8151 -0.5750 0.0709
vn -0.9088 -0.4109 0.0722
vn -0.9706 -0.2299 0.0710
vn -0.9968 -0.0419 0.0674
vn -0.9766 0.1778 0.1211
vn -0.9243 0.3652 0.1111
vn -0.8371 0.5382 0.0983
vn -0.7189 0.6902 0.0832
vn -0.5749 0.8155 0.0663
vn -0.4115 0.9102 0.0475
vn -0.2352 0.9716 0.0257
vn -0.0510 0.9987 -0.0008
vn 0.1388 0.9898 -0.0321
vn 0.3292 0.9421 -0.0629
vn 0.5093 0.8561 -0.0881
vn 0.6688 0.7358 -0.1062
vn 0.8013 0.5864 -0.1182
vn 0.9004 0.4168 -0.1246
vn 0.9647 0.2314 -0.1259
vn 0.9917 0.0377 -0.1231
vn 0.9806 -0.1573 -0.1166
vn 0.9318 -0.3469 -0.1072
vn 0.8462 -0.5243 -0.0949
vn 0.7261 -0.6829 -0.0800
vn 0.5751 -0.8157 -0.0621
vn 0.3988 -0.9162 -0.0401
vn 0.2064 -0.9784 -0.0130
vn 0.0106 -0.9998 0.0182
vn -0.1801 -0.9824 0.0487
vn -0.3631 -0.9288 0.0744
vn -0.5340 -0.8401 0.0948
vn -0.6862 -0.7190 0.1102
vn -0.8128 -0.5698 0.1212
vn -0.9080 -0.3991 0.1278
vn -0.9687 -0.2116 0.1299
vn -0.9917 -0.0170 0.1275
vn -0.9296 0.1713 0.3262
vn -0.8784 0.3629 0.3110
vn -0.7922 0.5404 0.2837
vn -0.6743 0.6965 0.2454
vn -0.5292 0.8250 0.1981
vn -0.3635 0.9204 0.1444
vn -0.1865 0.9785 0.0883
vn -0.0112 0.9994 0.0335
vn 0.1579 0.9872 -0.0240
vn 0.3321 0.9390 -0.0897
vn 0.5015 0.8515 -0.1532
vn 0.6510 0.7299 -0.2083
vn 0.7739 0.5805 -0.2532
vn 0.8659 0.4094 -0.2873
vn 0.9242 0.2233 -0.3098
vn 0.9469 0.0292 -0.3201
vn 0.9335 -0.1655 -0.3181
vn 0.8844 -0.3541 -0.3040
vn 0.8014 -0.5295 -0.2782
vn 0.6872 -0.6851 -0.2415
vn 0.5457 -0.8150 -0.1950
vn 0.3813 -0.9138 -0.1396
vn 0.2013 -0.9765 -0.0768
vn 0.0208 -0.9997 -0.0108
vn -0.1516 -0.9871 0.0506
vn -0.3252 -0.9393 0.1091
vn -0.4927 -0.8543 0.1655
vn -0.6428 -0.7346 0.2171
vn -0.7675 -0.5854 0.2611
vn -0.8615 -0.4130 0.2953
vn -0.9211 -0.2244 0.3181
vn -0.9441 -0.0272 0.3286
vn -0.8499 0.1637 0.5008
vn -0.8005 0.3557 0.4824
vn -0.7189 0.5338 0.4453
vn -0.6082 0.6909 0.3908
vn -0.4726 0.8206 0.3214
vn -0.3174 0.9174 0.2400
vn -0.1497 0.9771 0.1511
vn 0.0162 0.9979 0.0633
vn 0.1625 0.9865 -0.0216
vn 0.3194 0.9397 -0.1222
vn 0.4747 0.8524 -0.2194
vn 0.6096 0.7319 -0.3046
vn 0.7194 0.5839 -0.3762
vn 0.8010 0.4140 -0.4324
vn 0.8517 0.2286 -0.4715
vn 0.8698 0.0347 -0.4922
vn 0.8547 -0.1604 -0.4937
vn 0.8070 -0.3494 -0.4760
vn 0.7286 -0.5251 -0.4399
vn 0.6221 -0.6809 -0.3866
vn 0.4913 -0.8109 -0.3179
vn 0.3404 -0.9101 -0.2361
vn 0.1739 -0.9743 -0.1432
vn 0.0037 -0.9991 -0.0421
vn -0.1461 -0.9879 0.0520
vn -0.3032 -0.9422 0.1423
vn -0.4579 -0.8583 0.2317
vn -0.5954 -0.7396 0.3138
vn -0.7088 -0.5915 0.3844
vn -0.7936 -0.4200 0.4403
vn -0.8464 -0.2319 0.4793
vn -0.8655 -0.0348 0.4998
vn -0.7261 0.1493 0.6711
vn -0.6793 0.3416 0.6496
vn -0.6050 0.5204 0.6026
vn -0.5061 0.6790 0.5318
vn -0.3861 0.8108 0.4398
vn -0.2492 0.9106 0.3298
vn -0.1001 0.9734 0.2061
vn 0.0514 0.9953 0.0819
vn 0.1787 0.9838 -0.0116
vn 0.3058 0.9439 -0.1250
vn 0.4396 0.8610 -0.2557
vn 0.5568 0.7429 -0.3717
vn 0.6519 0.5958 -0.4690
vn 0.7218 0.4259 -0.5456
vn 0.7638 0.2397 -0.5993
vn 0.7765 0.0445 -0.6286
vn 0.7591 -0.1521 -0.6329
vn 0.7124 -0.3429 -0.6124
vn 0.6380 -0.5207 -0.5674
vn 0.5389 -0.6786 -0.4992
vn 0.4188 -0.8104 -0.4096
vn 0.2821 -0.9109 -0.3011
vn 0.1339 -0.9752 -0.1762
vn -0.0100 -0.9987 -0.0492
vn -0.1305 -0.9904 0.0460
vn -0.2702 -0.9489 0.1630
vn -0.4069 -0.8666 0.2889
vn -0.5251 -0.7492 0.4038
vn -0.6205 -0.6023 0.5022
vn -0.6902 -0.4321 0.5805
vn -0.7317 -0.2451 0.6360
vn -0.7439 -0.0488 0.6666
vn -0.5083 0.1208 0.8527
vn -0.4661 0.3128 0.8276
vn -0.4050 0.4925 0.7704
vn -0.3269 0.6531 0.6831
vn -0.2342 0.7883 0.5690
vn -0.1295 0.8924 0.4323
vn -0.0144 0.9603 0.2785
vn 0.1079 0.9871 0.1185
vn 0.1964 0.9805 -0.0120
vn 0.2782 0.9449 -0.1725
vn 0.3761 0.8640 -0.3347
vn 0.4602 0.7492 -0.4764
vn 0.5269 0.6059 -0.5961
vn 0.5737 0.4398 -0.6910
vn 0.5987 0.2573 -0.7585
vn 0.6011 0.0654 -0.7965
vn 0.5806 -0.1286 -0.8040
vn 0.5383 -0.3176 -0.7806
vn 0.4755 -0.4951 -0.7272
vn 0.3943 -0.6540 -0.6456
vn 0.2979 -0.7884 -0.5383
vn 0.1897 -0.8929 -0.4084
vn 0.0735 -0.9632 -0.2586
vn -0.0417 -0.9950 -0.0913
vn -0.1094 -0.9927 0.0517
vn -0.2164 -0.9549 0.2034
vn -0.3194 -0.8761 0.3612
vn -0.4028 -0.7627 0.5061
vn -0.4662 -0.6199 0.6312
vn -0.5089 -0.4534 0.7317
vn -0.5303 -0.2698 0.8037
vn -0.5300 -0.0759 0.8446
vn -0.1331 0.0641 0.9890
vn -0.0986 0.2570 0.9614
vn -0.0606 0.4400 0.8960
vn -0.0202 0.6061 0.7951
vn 0.0209 0.7489 0.6624
vn 0.0613 0.8627 0.5019
vn 0.0999 0.9428 0.3180
vn 0.1376 0.9834 0.1185
vn 0.1678 0.9855 -0.0237
vn 0.1825 0.9620 -0.2029
vn 0.2007 0.8949 -0.3987
vn 0.2118 0.7918 -0.5729
vn 0.2147 0.6580 -0.7218
vn 0.2091 0.4989 -0.8411
vn 0.1952 0.3207 -0.9269
vn 0.1733 0.1303 -0.9762
vn 0.1443 -0.0649 -0.9874
vn 0.1092 -0.2576 -0.9600
vn 0.0695 -0.4404 -0.8951
vn 0.0266 -0.6062 -0.7949
vn -0.0178 -0.7487 -0.6627
vn -0.0620 -0.8622 -0.5028
vn -0.1042 -0.9419 -0.3192
vn -0.1398 -0.9831 -0.1184
vn -0.1534 -0.9878 0.0270
vn -0.1835 -0.9616 0.2042
vn -0.2026 -0.8941 0.3995
vn -0.2112 -0.7913 0.5738
vn -0.2110 -0.6579 0.7229
vn -0.2025 -0.4992 0.8425
vn -0.1861 -0.3213 0.9285
vn -0.1626 -0.1311 0.9779
vn 0.2968 -0.0081 0.9549
vn 0.3240 0.1867 0.9274
vn 0.3399 0.3739 0.8629
vn 0.3438 0.5465 0.7636
vn 0.3357 0.6976 0.6330
vn 0.3159 0.8213 0.4751
vn 0.2846 0.9124 0.2940
vn 0.2364 0.9662 0.1026
vn 0.1753 0.9842 -0.0251
vn 0.1376 0.9692 -0.2041
vn 0.0844 0.9138 -0.3974
vn 0.0247 0.8228 -0.5679
vn -0.0354 0.6998 -0.7135
vn -0.0928 0.5496 -0.8303
vn -0.1452 0.3779 -0.9144
vn -0.1908 0.1914 -0.9628
vn -0.2278 -0.0028 -0.9737
vn -0.2550 -0.1972 -0.9466
vn -0.2710 -0.3840 -0.8827
vn -0.2753 -0.5561 -0.7842
vn -0.2673 -0.7071 -0.6547
vn -0.2475 -0.8310 -0.4982
vn -0.2174 -0.9226 -0.3185
vn -0.1838 -0.9757 -0.1196
vn -0.1507 -0.9883 0.0235
vn -0.0851 -0.9786 0.1873
vn -0.0220 -0.9258 0.3775
vn 0.0400 -0.8352 0.5484
vn 0.1013 -0.7122 0.6946
vn 0.1597 -0.5618 0.8117
vn 0.2131 -0.3897 0.8959
vn 0.2594 -0.2027 0.9443
vn 0.6374 -0.0718 0.7672
vn 0.6577 0.1240 0.7430
vn 0.6536 0.3149 0.6882
vn 0.6251 0.4935 0.6047
vn 0.5732 0.6529 0.4951
vn 0.4992 0.7868 0.3631
vn 0.4046 0.8892 0.2135
vn 0.2959 0.9529 0.0661
vn 0.2083 0.9770 -0.0454
vn 0.1027 0.9724 -0.2094
vn -0.0153 0.9281 -0.3720
vn -0.1297 0.8468 -0.5159
vn -0.2360 0.7323 -0.6388
vn -0.3306 0.5892 -0.7373
vn -0.4102 0.4234 -0.8077
vn -0.4725 0.2413 -0.8477
vn -0.5151 0.0495 -0.8557
vn -0.5362 -0.1446 -0.8316
vn -0.5352 -0.3332 -0.7762
vn -0.5119 -0.5097 -0.6915
vn -0.4668 -0.6672 -0.5805
vn -0.4008 -0.7997 -0.4470
vn -0.3159 -0.9019 -0.2944
vn -0.2162 -0.9682 -0.1261
vn -0.1325 -0.9911 0.0126
vn -0.0251 -0.9893 0.1437
vn 0.1027 -0.9493 0.2972
vn 0.2259 -0.8703 0.4377
vn 0.3402 -0.7570 0.5579
vn 0.4419 -0.6144 0.6537
vn 0.5273 -0.4482 0.7218
vn 0.5934 -0.2650 0.7601
vn 0.8848 -0.1229 0.4494
vn 0.8994 0.0769 0.4304
vn 0.8777 0.2739 0.3931
vn 0.8207 0.4598 0.3392
vn 0.7303 0.6271 0.2709
vn 0.6106 0.7683 0.1922
vn 0.4692 0.8762 0.1104
vn 0.3256 0.9449 0.0356
vn 0.1910 0.9801 -0.0542
vn 0.0212 0.9847 -0.1728
vn -0.1517 0.9486 -0.2776
vn -0.3136 0.8752 -0.3683
vn -0.4597 0.7686 -0.4449
vn -0.5860 0.6334 -0.5054
vn -0.6886 0.4750 -0.5478
vn -0.7647 0.2996 -0.5705
vn -0.8121 0.1122 -0.5726
vn -0.8287 -0.0787 -0.5541
vn -0.8143 -0.2669 -0.5154
vn -0.7687 -0.4460 -0.4585
vn -0.6928 -0.6095 -0.3854
vn -0.5881 -0.7515 -0.2990
vn -0.4564 -0.8667 -0.2014
vn -0.3004 -0.9494 -0.0920
vn -0.1521 -0.9882 0.0189
vn -0.0016 -0.9943 0.1066
vn 0.1700 -0.9666 0.1917
vn 0.3406 -0.9002 0.2713
vn 0.4991 -0.7971 0.3398
vn 0.6379 -0.6618 0.3938
vn 0.7514 -0.4998 0.4308
vn 0.8349 -0.3176 0.4496
vn 0.9764 -0.1435 0.1611
vn 0.9873 0.0562 0.1487
vn 0.9587 0.2527 0.1305
vn 0.8927 0.4375 0.1078
vn 0.7937 0.6027 0.0823
vn 0.6683 0.7418 0.0550
vn 0.5244 0.8511 0.0252
vn 0.3663 0.9304 -0.0122
vn 0.1889 0.9800 -0.0627
vn -0.0060 0.9931 -0.1173
vn -0.2017 0.9653 -0.1656
vn -0.3867 0.8990 -0.2057
vn -0.5539 0.7980 -0.2377
vn -0.6978 0.6669 -0.2613
vn -0.8139 0.5112 -0.2760
vn -0.8984 0.3371 -0.2815
vn -0.9490 0.1491 -0.2777
vn -0.9633 -0.0435 -0.2647
vn -0.9410 -0.2350 -0.2433
vn -0.8825 -0.4188 -0.2142
vn -0.7889 -0.5880 -0.1784
vn -0.6625 -0.7365 -0.1366
vn -0.5067 -0.8575 -0.0892
vn -0.3303 -0.9432 -0.0363
vn -0.1500 -0.9886 0.0151
vn 0.0314 -0.9979 0.0567
vn 0.2167 -0.9720 0.0906
vn 0.3989 -0.9093 0.1187
vn 0.5688 -0.8103 0.1410
vn 0.7178 -0.6783 0.1568
vn 0.8389 -0.5185 0.1655
vn 0.9263 -0.3379 0.1669
vn 0.9868 -0.1618 0.0054
vn 0.9996 0.0266 0.0002
vn 0.9768 0.2140 -0.0061
vn 0.9190 0.3941 -0.0139
vn 0.8276 0.5607 -0.0240
vn 0.7051 0.7081 -0.0366
vn 0.5547 0.8304 -0.0516
vn 0.3814 0.9219 -0.0679
vn 0.1910 0.9780 -0.0836
vn -0.0080 0.9952 -0.0974
vn -0.2067 0.9724 -0.1084
vn -0.3966 0.9106 -0.1165
vn -0.5698 0.8127 -0.1217
vn -0.7196 0.6832 -0.1240
vn -0.8406 0.5275 -0.1234
vn -0.9283 0.3520 -0.1198
vn -0.9802 0.1625 -0.1134
vn -0.9940 -0.0332 -0.1042
vn -0.9691 -0.2287 -0.0927
vn -0.9056 -0.4167 -0.0794
vn -0.8051 -0.5896 -0.0646
vn -0.6710 -0.7399 -0.0487
vn -0.5090 -0.8602 -0.0323
vn -0.3287 -0.9443 -0.0160
vn -0.1331 -0.9911 -0.0018
vn 0.0636 -0.9979 0.0087
vn 0.2562 -0.9665 0.0152
vn 0.4379 -0.8988 0.0181
vn 0.6022 -0.7981 0.0182
vn 0.7434 -0.6687 0.0165
vn 0.8568 -0.5154 0.0136
vn 0.9387 -0.3446 0.0099
vn 0.9702 -0.1810 -0.1611
vn 0.9855 0.0134 -0.1690
vn 0.9625 0.2079 -0.1740
vn 0.9015 0.3953 -0.1758
vn 0.8042 0.5682 -0.1744
vn 0.6740 0.7190 -0.1697
vn 0.5162 0.8411 -0.1618
vn 0.3386 0.9288 -0.1508
vn 0.1486 0.9795 -0.1362
vn -0.0439 0.9922 -0.1167
vn -0.2309 0.9687 -0.0909
vn -0.4082 0.9110 -0.0591
vn -0.5747 0.8179 -0.0272
vn -0.7248 0.6889 -0.0033
vn -0.8478 0.5302 0.0121
vn -0.9363 0.3505 0.0220
vn -0.9870 0.1580 0.0287
vn -0.9987 -0.0397 0.0330
vn -0.9712 -0.2356 0.0349
vn -0.9059 -0.4222 0.0331
vn -0.8052 -0.5924 0.0255
vn -0.6742 -0.7385 0.0094
vn -0.5212 -0.8533 -0.0147
vn -0.3556 -0.9338 -0.0393
vn -0.1719 -0.9834 -0.0587
vn 0.0173 -0.9971 -0.0736
vn 0.2079 -0.9743 -0.0867
vn 0.3919 -0.9146 -0.0995
vn 0.5615 -0.8198 -0.1126
vn 0.7093 -0.6936 -0.1258
vn 0.8294 -0.5411 -0.1388
vn 0.9175 -0.3681 -0.1508
vn 0.9816 -0.1903 -0.0167
vn 0.9992 0.0373 -0.0169
vn 0.9650 0.2618 -0.0158
vn 0.8828 0.4695 -0.0134
vn 0.7602 0.6496 -0.0096
vn 0.6068 0.7948 -0.0045
vn 0.4320 0.9019 0.0023
vn 0.2446 0.9696 0.0115
vn 0.0517 0.9984 0.0242
vn -0.1395 0.9893 0.0433
vn -0.3221 0.9438 0.0747
vn -0.4876 0.8642 0.1239
vn -0.6293 0.7546 0.1858
vn -0.7439 0.6213 0.2464
vn -0.8306 0.4717 0.2960
vn -0.8905 0.3124 0.3306
vn -0.9253 0.1481 0.3492
vn -0.9360 -0.0184 0.3516
vn -0.9227 -0.1854 0.3379
vn -0.8845 -0.3504 0.3081
vn -0.8193 -0.5096 0.2628
vn -0.7254 -0.6572 0.2048
vn -0.6022 -0.7856 0.1418
vn -0.4514 -0.8880 0.0876
vn -0.2786 -0.9591 0.0512
vn -0.0915 -0.9954 0.0291
vn 0.1023 -0.9946 0.0148
vn 0.2962 -0.9551 0.0048
vn 0.4831 -0.8755 -0.0026
vn 0.6548 -0.7558 -0.0082
vn 0.8017 -0.5976 -0.0124
vn 0.9137 -0.4061 -0.0152
vn 0.9718 -0.2166 0.0927
vn 0.9943 0.0524 0.0931
vn 0.9448 0.3146 0.0913
vn 0.8338 0.5450 0.0881
vn 0.6797 0.7287 0.0834
vn 0.5012 0.8618 0.0782
vn 0.3128 0.9470 0.0729
vn 0.1242 0.9900 0.0675
vn -0.0588 0.9963 0.0624
vn -0.2324 0.9709 0.0575
vn -0.3941 0.9175 0.0530
vn -0.5418 0.8390 0.0492
vn -0.6734 0.7378 0.0462
vn -0.7865 0.6161 0.0441
vn -0.8783 0.4761 0.0427
vn -0.9462 0.3209 0.0419
vn -0.9871 0.1545 0.0416
vn -0.9990 -0.0174 0.0415
vn -0.9812 -0.1885 0.0417
vn -0.9349 -0.3523 0.0424
vn -0.8625 -0.5042 0.0435
vn -0.7665 -0.6407 0.0454
vn -0.6495 -0.7588 0.0481
vn -0.5139 -0.8563 0.0516
vn -0.3616 -0.9306 0.0558
vn -0.1947 -0.9790 0.0605
vn -0.0151 -0.9977 0.0656
vn 0.1742 -0.9821 0.0711
vn 0.3687 -0.9264 0.0765
vn 0.5605 -0.8241 0.0816
vn 0.7372 -0.6701 0.0864
vn 0.8810 -0.4645 0.0903
vn 0.2022 -0.0752 -0.9765
vn 0.2088 0.0267 -0.9776
vn 0.1990 0.1284 -0.9716
vn 0.1728 0.2273 -0.9584
vn 0.1304 0.3205 -0.9382
vn 0.0723 0.4054 -0.9113
vn -0.0006 0.4786 -0.8780
vn -0.0870 0.5368 -0.8392
vn -0.1842 0.5768 -0.7958
vn -0.2893 0.5954 -0.7495
vn -0.3980 0.5909 -0.7017
vn -0.5054 0.5618 -0.6549
vn -0.6063 0.5085 -0.6114
vn -0.6956 0.4331 -0.5732
vn -0.7685 0.3391 -0.5426
vn -0.8217 0.2312 -0.5209
vn -0.8531 0.1146 -0.5090
vn -0.8618 -0.0057 -0.5072
vn -0.8476 -0.1256 -0.5155
vn -0.8107 -0.2404 -0.5338
vn -0.7523 -0.3449 -0.5614
vn -0.6747 -0.4337 -0.5972
vn -0.5821 -0.5025 -0.6392
vn -0.4793 -0.5482 -0.6854
vn -0.3714 -0.5697 -0.7332
vn -0.2638 -0.5669 -0.7804
vn -0.1609 -0.5415 -0.8251
vn -0.0665 -0.4960 -0.8658
vn 0.0164 -0.4333 -0.9011
vn 0.0858 -0.3568 -0.9302
vn 0.1403 -0.2696 -0.9527
vn 0.1793 -0.1748 -0.9681
vn 0.3766 -0.9170 0.1317
vn 0.1976 -0.9689 0.1489
vn 0.0118 -0.9869 0.1609
vn -0.1743 -0.9704 0.1673
vn -0.3543 -0.9200 0.1678
vn -0.5220 -0.8373 0.1625
vn -0.6715 -0.7254 0.1514
vn -0.7976 -0.5878 0.1351
vn -0.8960 -0.4293 0.1139
vn -0.9629 -0.2549 0.0886
vn -0.9957 -0.0703 0.0600
vn -0.9925 0.1188 0.0289
vn -0.9520 0.3062 -0.0038
vn -0.8738 0.4848 -0.0369
vn -0.7595 0.6468 -0.0690
vn -0.6127 0.7841 -0.0986
vn -0.4392 0.8897 -0.1243
vn -0.2464 0.9583 -0.1450
vn -0.0426 0.9863 -0.1595
vn 0.1633 0.9723 -0.1672
vn 0.3623 0.9168 -0.1678
vn 0.5458 0.8222 -0.1612
vn 0.7059 0.6927 -0.1478
vn 0.8356 0.5341 -0.1282
vn 0.9296 0.3537 -0.1032
vn 0.9843 0.1599 -0.0741
vn 0.9984 -0.0384 -0.0424
vn 0.9726 -0.2323 -0.0094
vn 0.9100 -0.4140 0.0234
vn 0.8145 -0.5776 0.0548
vn 0.6906 -0.7184 0.0839
vn 0.5429 -0.8326 0.1098
vn 0.4109 -0.9024 0.1300
vn 0.2243 -0.9631 0.1489
vn 0.0288 -0.9864 0.1619
vn -0.1678 -0.9713 0.1686
vn -0.3583 -0.9182 0.1689
vn -0.5342 -0.8296 0.1626
vn -0.6896 -0.7085 0.1499
vn -0.8181 -0.5598 0.1316
vn -0.9147 -0.3894 0.1083
vn -0.9755 -0.2043 0.0811
vn -0.9986 -0.0125 0.0512
vn -0.9838 0.1781 0.0198
vn -0.9326 0.3608 -0.0118
vn -0.8466 0.5305 -0.0428
vn -0.7281 0.6817 -0.0725
vn -0.5809 0.8078 -0.0997
vn -0.4108 0.9034 -0.1233
vn -0.2244 0.9640 -0.1424
vn -0.0292 0.9873 -0.1562
vn 0.1674 0.9722 -0.1639
vn 0.3569 0.9193 -0.1655
vn 0.5338 0.8302 -0.1606
vn 0.6894 0.7089 -0.1490
vn 0.8180 0.5600 -0.1313
vn 0.9146 0.3895 -0.1083
vn 0.9755 0.2044 -0.0809
vn 0.9987 0.0128 -0.0503
vn 0.9840 -0.1774 -0.0179
vn 0.9330 -0.3597 0.0148
vn 0.8471 -0.5293 0.0472
vn 0.7286 -0.6805 0.0780
vn 0.5812 -0.8068 0.1060
vn 0.4264 -0.8835 0.1938
vn 0.2399 -0.9469 0.2139
vn 0.0436 -0.9732 0.2259
vn -0.1545 -0.9611 0.2289
vn -0.3473 -0.9109 0.2226
vn -0.5253 -0.8252 0.2075
vn -0.6828 -0.7070 0.1843
vn -0.8128 -0.5620 0.1534
vn -0.9103 -0.3975 0.1156
vn -0.9727 -0.2207 0.0712
vn -0.9992 -0.0340 0.0221
vn -0.9861 0.1641 -0.0255
vn -0.9308 0.3591 -0.0674
vn -0.8382 0.5351 -0.1052
vn -0.7145 0.6855 -0.1397
vn -0.5652 0.8073 -0.1700
vn -0.3955 0.8975 -0.1951
vn -0.2113 0.9538 -0.2138
vn -0.0189 0.9742 -0.2250
vn 0.1752 0.9578 -0.2277
vn 0.3631 0.9051 -0.2212
vn 0.5395 0.8166 -0.2051
vn 0.6956 0.6957 -0.1793
vn 0.8251 0.5465 -0.1434
vn 0.9217 0.3754 -0.0980
vn 0.9798 0.1941 -0.0474
vn 0.9999 0.0154 -0.0027
vn 0.9864 -0.1610 0.0328
vn 0.9394 -0.3365 0.0658
vn 0.8573 -0.5050 0.1000
vn 0.7414 -0.6574 0.1346
vn 0.5958 -0.7856 0.1667
vn 0.4108 -0.8218 0.3949
vn 0.2227 -0.8844 0.4102
vn 0.0257 -0.9121 0.4092
vn -0.1722 -0.9037 0.3920
vn -0.3636 -0.8593 0.3596
vn -0.5410 -0.7805 0.3133
vn -0.6970 -0.6703 0.2549
vn -0.8250 -0.5332 0.1873
vn -0.9193 -0.3768 0.1139
vn -0.9760 -0.2145 0.0389
vn -0.9980 -0.0502 -0.0396
vn -0.9842 0.1299 -0.1207
vn -0.9311 0.3079 -0.1956
vn -0.8418 0.4721 -0.2615
vn -0.7205 0.6170 -0.3166
vn -0.5719 0.7375 -0.3592
vn -0.4016 0.8296 -0.3880
vn -0.2160 0.8899 -0.4018
vn -0.0221 0.9162 -0.4001
vn 0.1735 0.9074 -0.3828
vn 0.3630 0.8635 -0.3501
vn 0.5392 0.7859 -0.3028
vn 0.6952 0.6768 -0.2420
vn 0.8245 0.5401 -0.1688
vn 0.9196 0.3832 -0.0867
vn 0.9741 0.2258 -0.0110
vn 0.9964 0.0675 0.0516
vn 0.9869 -0.1072 0.1202
vn 0.9387 -0.2855 0.1929
vn 0.8524 -0.4533 0.2607
vn 0.7320 -0.6022 0.3186
vn 0.5828 -0.7265 0.3640
vn 0.3882 -0.7305 0.5619
vn 0.2001 -0.7942 0.5737
vn 0.0042 -0.8264 0.5631
vn -0.1919 -0.8256 0.5305
vn -0.3807 -0.7919 0.4774
vn -0.5546 -0.7264 0.4059
vn -0.7067 -0.6316 0.3188
vn -0.8309 -0.5111 0.2200
vn -0.9210 -0.3724 0.1147
vn -0.9718 -0.2357 0.0099
vn -0.9909 -0.0865 -0.1031
vn -0.9734 0.0815 -0.2140
vn -0.9174 0.2442 -0.3142
vn -0.8260 0.3959 -0.4011
vn -0.7031 0.5317 -0.4721
vn -0.5533 0.6469 -0.5247
vn -0.3824 0.7373 -0.5569
vn -0.1967 0.7996 -0.5674
vn -0.0035 0.8314 -0.5557
vn 0.1901 0.8313 -0.5224
vn 0.3767 0.7992 -0.4684
vn 0.5493 0.7362 -0.3954
vn 0.7015 0.6439 -0.3055
vn 0.8272 0.5250 -0.2003
vn 0.9185 0.3864 -0.0836
vn 0.9663 0.2570 0.0155
vn 0.9880 0.1120 0.1063
vn 0.9760 -0.0554 0.2106
vn 0.9240 -0.2220 0.3114
vn 0.8345 -0.3785 0.4004
vn 0.7118 -0.5187 0.4736
vn 0.5610 -0.6374 0.5281
vn 0.3483 -0.5989 0.7211
vn 0.1610 -0.6649 0.7294
vn -0.0329 -0.7041 0.7093
vn -0.2258 -0.7152 0.6614
vn -0.4102 -0.6975 0.5876
vn -0.5790 -0.6512 0.4905
vn -0.7257 -0.5777 0.3736
vn -0.8442 -0.4788 0.2411
vn -0.9275 -0.3594 0.1025
vn -0.9686 -0.2484 -0.0068
vn -0.9832 -0.1280 -0.1301
vn -0.9624 0.0190 -0.2711
vn -0.9027 0.1660 -0.3969
vn -0.8078 0.3061 -0.5038
vn -0.6818 0.4341 -0.5889
vn -0.5296 0.5453 -0.6498
vn -0.3571 0.6354 -0.6846
vn -0.1711 0.7006 -0.6927
vn 0.0221 0.7389 -0.6735
vn 0.2145 0.7490 -0.6269
vn 0.3987 0.7305 -0.5545
vn 0.5675 0.6840 -0.4583
vn 0.7144 0.6113 -0.3407
vn 0.8329 0.5145 -0.2040
vn 0.9132 0.4027 -0.0625
vn 0.9545 0.2962 0.0339
vn 0.9744 0.1630 0.1551
vn 0.9553 0.0151 0.2951
vn 0.8965 -0.1313 0.4232
vn 0.8016 -0.2706 0.5331
vn 0.6750 -0.3980 0.6212
vn 0.5219 -0.5088 0.6846
vn 0.2716 -0.3759 0.8860
vn 0.0863 -0.4456 0.8911
vn -0.1024 -0.4973 0.8615
vn -0.2876 -0.5287 0.7986
vn -0.4623 -0.5384 0.7045
vn -0.6200 -0.5252 0.5830
vn -0.7547 -0.4881 0.4384
vn -0.8615 -0.4257 0.2767
vn -0.9343 -0.3395 0.1088
vn -0.9576 -0.2859 -0.0358
vn -0.9580 -0.1959 -0.2093
vn -0.9242 -0.0792 -0.3735
vn -0.8541 0.0392 -0.5186
vn -0.7512 0.1551 -0.6416
vn -0.6197 0.2644 -0.7390
vn -0.4647 0.3632 -0.8075
vn -0.2921 0.4479 -0.8450
vn -0.1092 0.5156 -0.8499
vn 0.0789 0.5642 -0.8219
vn 0.2641 0.5913 -0.7620
vn 0.4394 0.5962 -0.6719
vn 0.5981 0.5789 -0.5542
vn 0.7338 0.5402 -0.4121
vn 0.8404 0.4820 -0.2476
vn 0.9071 0.4154 -0.0682
vn 0.9328 0.3556 0.0587
vn 0.9433 0.2486 0.2198
vn 0.9115 0.1352 0.3885
vn 0.8409 0.0224 0.5407
vn 0.7365 -0.0884 0.6706
vn 0.6031 -0.1940 0.7737
vn 0.4461 -0.2910 0.8463
vn 0.1276 -0.0154 0.9917
vn -0.0544 -0.0927 0.9942
vn -0.2343 -0.1667 0.9578
vn -0.4051 -0.2343 0.8837
vn -0.5605 -0.2929 0.7746
vn -0.6943 -0.3400 0.6343
vn -0.8014 -0.3736 0.4671
vn -0.8774 -0.3917 0.2769
vn -0.9173 -0.3905 0.0781
vn -0.9211 -0.3852 -0.0573
vn -0.8975 -0.3612 -0.2529
vn -0.8365 -0.3186 -0.4458
vn -0.7424 -0.2637 -0.6159
vn -0.6194 -0.1988 -0.7594
vn -0.4726 -0.1266 -0.8721
vn -0.3075 -0.0498 -0.9502
vn -0.1304 0.0284 -0.9911
vn 0.0518 0.1053 -0.9931
vn 0.2321 0.1778 -0.9563
vn 0.4038 0.2432 -0.8819
vn 0.5600 0.2991 -0.7726
vn 0.6947 0.3436 -0.6320
vn 0.8023 0.3750 -0.4644
vn 0.8782 0.3922 -0.2739
vn 0.9152 0.3961 -0.0750
vn 0.9210 0.3851 0.0583
vn 0.8985 0.3596 0.2517
vn 0.8366 0.3206 0.4442
vn 0.7416 0.2691 0.6145
vn 0.6179 0.2073 0.7584
vn 0.4704 0.1375 0.8717
vn 0.3048 0.0623 0.9504
vn -0.0504 0.3802 0.9235
vn -0.2299 0.2950 0.9274
vn -0.4009 0.1996 0.8941
vn -0.5569 0.0974 0.8249
vn -0.6916 -0.0076 0.7222
vn -0.7999 -0.1115 0.5897
vn -0.8771 -0.2107 0.4316
vn -0.9188 -0.3032 0.2528
vn -0.9190 -0.3874 0.0729
vn -0.9004 -0.4314 -0.0557
vn -0.8505 -0.4650 -0.2459
vn -0.7596 -0.4890 -0.4288
vn -0.6393 -0.4933 -0.5899
vn -0.4950 -0.4768 -0.7264
vn -0.3324 -0.4403 -0.8340
vn -0.1575 -0.3854 -0.9092
vn 0.0229 -0.3144 -0.9490
vn 0.2021 -0.2300 -0.9520
vn 0.3726 -0.1357 -0.9180
vn 0.5283 -0.0350 -0.8483
vn 0.6630 0.0682 -0.7455
vn 0.7717 0.1698 -0.6129
vn 0.8505 0.2653 -0.4543
vn 0.8971 0.3485 -0.2717
vn 0.9097 0.4082 -0.0759
vn 0.8813 0.4707 0.0423
vn 0.8214 0.5307 0.2087
vn 0.7314 0.5571 0.3933
vn 0.6121 0.5608 0.5576
vn 0.4682 0.5438 0.6964
vn 0.3055 0.5070 0.8060
vn 0.1303 0.4518 0.8826
vn -0.2014 0.6738 0.7109
vn -0.3777 0.5832 0.7191
vn -0.5399 0.4707 0.6978
vn -0.6818 0.3408 0.6473
vn -0.7977 0.1984 0.5695
vn -0.8829 0.0489 0.4671
vn -0.9335 -0.1021 0.3436
vn -0.9467 -0.2493 0.2041
vn -0.9230 -0.3793 0.0642
vn -0.8849 -0.4622 -0.0577
vn -0.8047 -0.5530 -0.2160
vn -0.6890 -0.6250 -0.3669
vn -0.5483 -0.6691 -0.5017
vn -0.3881 -0.6847 -0.6169
vn -0.2143 -0.6720 -0.7088
vn -0.0333 -0.6322 -0.7741
vn 0.1482 -0.5670 -0.8103
vn 0.3240 -0.4779 -0.8165
vn 0.4856 -0.3696 -0.7922
vn 0.6286 -0.2456 -0.7380
vn 0.7467 -0.1102 -0.6560
vn 0.8351 0.0317 -0.5492
vn 0.8901 0.1749 -0.4208
vn 0.9092 0.3141 -0.2733
vn 0.8910 0.4405 -0.1102
vn 0.8465 0.5322 0.0117
vn 0.7691 0.6269 0.1241
vn 0.6522 0.7093 0.2676
vn 0.5082 0.7619 0.4015
vn 0.3443 0.7843 0.5162
vn 0.1667 0.7764 0.6078
vn -0.0175 0.7390 0.6735
vn -0.3171 0.8738 0.3686
vn -0.4940 0.7786 0.3868
vn -0.6507 0.6524 0.3886
vn -0.7814 0.4998 0.3736
vn -0.8806 0.3278 0.3421
vn -0.9445 0.1436 0.2954
vn -0.9709 -0.0446 0.2352
vn -0.9600 -0.2272 0.1639
vn -0.9164 -0.3915 0.0830
vn -0.8457 -0.5335 -0.0135
vn -0.7278 -0.6766 -0.1122
vn -0.5827 -0.7874 -0.2010
vn -0.4207 -0.8617 -0.2837
vn -0.2457 -0.9008 -0.3579
vn -0.0634 -0.9051 -0.4204
vn 0.1204 -0.8753 -0.4684
vn 0.2992 -0.8129 -0.4997
vn 0.4677 -0.7200 -0.5127
vn 0.6190 -0.5994 -0.5076
vn 0.7461 -0.4566 -0.4846
vn 0.8462 -0.2950 -0.4437
vn 0.9143 -0.1201 -0.3867
vn 0.9471 0.0623 -0.3147
vn 0.9421 0.2462 -0.2277
vn 0.8976 0.4233 -0.1231
vn 0.8230 0.5677 -0.0206
vn 0.7290 0.6834 0.0388
vn 0.6010 0.7937 0.0942
vn 0.4416 0.8829 0.1598
vn 0.2607 0.9384 0.2267
vn 0.0682 0.9557 0.2865
vn -0.1271 0.9337 0.3346
vn -0.3605 0.9289 0.0849
vn -0.5338 0.8393 0.1033
vn -0.6878 0.7160 0.1193
vn -0.8157 0.5635 0.1309
vn -0.9114 0.3882 0.1365
vn -0.9709 0.1977 0.1351
vn -0.9921 0.0002 0.1256
vn -0.9748 -0.1954 0.1075
vn -0.9211 -0.3809 0.0804
vn -0.8338 -0.5503 0.0437
vn -0.7122 -0.7020 0.0005
vn -0.5557 -0.8304 -0.0410
vn -0.3757 -0.9235 -0.0781
vn -0.1845 -0.9764 -0.1126
vn 0.0097 -0.9894 -0.1451
vn 0.2007 -0.9639 -0.1748
vn 0.3826 -0.9020 -0.2000
vn 0.5495 -0.8061 -0.2196
vn 0.6963 -0.6792 -0.2321
vn 0.8164 -0.5267 -0.2369
vn 0.9060 -0.3528 -0.2337
vn 0.9613 -0.1628 -0.2223
vn 0.9788 0.0333 -0.2020
vn 0.9575 0.2313 -0.1721
vn 0.8969 0.4216 -0.1331
vn 0.7997 0.5940 -0.0872
vn 0.6743 0.7372 -0.0430
vn 0.5302 0.8478 -0.0104
vn 0.3702 0.9289 0.0121
vn 0.1961 0.9801 0.0304
vn 0.0120 0.9988 0.0479
vn -0.1759 0.9822 0.0660
vn -0.4159 0.9084 -0.0423
vn -0.5778 0.8157 -0.0282
vn -0.7189 0.6949 -0.0151
vn -0.8351 0.5501 -0.0020
vn -0.9227 0.3853 0.0119
vn -0.9784 0.2048 0.0269
vn -0.9990 0.0140 0.0418
vn -0.9822 -0.1801 0.0542
vn -0.9273 -0.3691 0.0616
vn -0.8362 -0.5448 0.0623
vn -0.7123 -0.6996 0.0564
vn -0.5576 -0.8289 0.0443
vn -0.3841 -0.9229 0.0283
vn -0.1916 -0.9814 0.0107
vn 0.0096 -0.9999 -0.0076
vn 0.2100 -0.9773 -0.0261
vn 0.4005 -0.9152 -0.0451
vn 0.5729 -0.8171 -0.0646
vn 0.7210 -0.6878 -0.0843
vn 0.8400 -0.5327 -0.1034
vn 0.9260 -0.3576 -0.1208
vn 0.9765 -0.1677 -0.1354
vn 0.9889 0.0271 -0.1463
vn 0.9629 0.2223 -0.1530
vn 0.8991 0.4095 -0.1549
vn 0.7997 0.5810 -0.1515
vn 0.6685 0.7298 -0.1431
vn 0.5112 0.8495 -0.1300
vn 0.3337 0.9358 -0.1134
vn 0.1445 0.9850 -0.0948
vn -0.0486 0.9959 -0.0759
vn -0.2376 0.9696 -0.0582
vn -0.4305 0.8697 -0.2412
vn -0.6000 0.7714 -0.2121
vn -0.7458 0.6417 -0.1788
vn -0.8621 0.4858 -0.1437
vn -0.9443 0.3102 -0.1101
vn -0.9891 0.1230 -0.0804
vn -0.9963 -0.0665 -0.0550
vn -0.9679 -0.2493 -0.0313
vn -0.9081 -0.4188 -0.0039
vn -0.8176 -0.5748 0.0339
vn -0.6926 -0.7174 0.0751
vn -0.5348 -0.8384 0.1053
vn -0.3635 -0.9237 0.1210
vn -0.1777 -0.9762 0.1240
vn 0.0129 -0.9930 0.1177
vn 0.2023 -0.9737 0.1048
vn 0.3848 -0.9188 0.0873
vn 0.5554 -0.8289 0.0670
vn 0.7085 -0.7043 0.0437
vn 0.8364 -0.5479 0.0150
vn 0.9283 -0.3710 -0.0245
vn 0.9785 -0.1925 -0.0744
vn 0.9923 -0.0124 -0.1229
vn 0.9710 0.1726 -0.1652
vn 0.9125 0.3561 -0.2016
vn 0.8165 0.5285 -0.2323
vn 0.6863 0.6805 -0.2569
vn 0.5280 0.8036 -0.2747
vn 0.3469 0.8936 -0.2849
vn 0.1527 0.9458 -0.2865
vn -0.0469 0.9590 -0.2795
vn -0.2438 0.9332 -0.2641
vn -0.4707 0.8820 -0.0230
vn -0.6612 0.7500 -0.0200
vn -0.8107 0.5853 -0.0156
vn -0.9160 0.4011 -0.0095
vn -0.9781 0.2081 -0.0016
vn -0.9999 0.0142 0.0094
vn -0.9843 -0.1747 0.0253
vn -0.9341 -0.3531 0.0523
vn -0.8516 -0.5138 0.1037
vn -0.7389 -0.6478 0.1857
vn -0.6010 -0.7499 0.2765
vn -0.4471 -0.8207 0.3558
vn -0.2857 -0.8632 0.4163
vn -0.1225 -0.8812 0.4565
vn 0.0394 -0.8779 0.4773
vn 0.1988 -0.8549 0.4792
vn 0.3547 -0.8127 0.4623
vn 0.5059 -0.7500 0.4262
vn 0.6489 -0.6650 0.3698
vn 0.7777 -0.5556 0.2940
vn 0.8836 -0.4212 0.2044
vn 0.9574 -0.2635 0.1184
vn 0.9943 -0.0878 0.0603
vn 0.9949 0.0967 0.0296
vn 0.9594 0.2819 0.0121
vn 0.8871 0.4616 0.0004
vn 0.7768 0.6297 -0.0081
vn 0.6280 0.7781 -0.0145
vn 0.4423 0.8967 -0.0193
vn 0.2256 0.9740 -0.0225
vn -0.0103 0.9997 -0.0242
vn -0.2486 0.9683 -0.0244
vn -0.5459 0.8315 0.1033
vn -0.7545 0.6490 0.0971
vn -0.8926 0.4418 0.0900
vn -0.9689 0.2331 0.0827
vn -0.9965 0.0350 0.0758
vn -0.9865 -0.1483 0.0690
vn -0.9469 -0.3154 0.0625
vn -0.8828 -0.4664 0.0565
vn -0.7975 -0.6011 0.0513
vn -0.6933 -0.7191 0.0471
vn -0.5717 -0.8193 0.0440
vn -0.4343 -0.8998 0.0424
vn -0.2829 -0.9582 0.0417
vn -0.1198 -0.9919 0.0419
vn 0.0514 -0.9978 0.0422
vn 0.2232 -0.9739 0.0422
vn 0.3864 -0.9214 0.0419
vn 0.5342 -0.8443 0.0417
vn 0.6638 -0.7467 0.0422
vn 0.7737 -0.6320 0.0437
vn 0.8630 -0.5031 0.0465
vn 0.9308 -0.3619 0.0506
vn 0.9761 -0.2102 0.0558
vn 0.9969 -0.0492 0.0618
vn 0.9904 0.1203 0.0682
vn 0.9520 0.2969 0.0748
vn 0.8747 0.4777 0.0818
vn 0.7495 0.6559 0.0890
vn 0.5670 0.8181 0.0961
vn 0.3236 0.9406 0.1024
vn 0.0317 0.9938 0.1062
vn -0.2734 0.9560 0.1065
vn -0.1490 0.0660 -0.9866
vn -0.2387 0.0248 -0.9708
vn -0.3214 -0.0299 -0.9465
vn -0.3943 -0.0978 -0.9137
vn -0.4544 -0.1779 -0.8728
vn -0.4981 -0.2687 -0.8245
vn -0.5223 -0.3676 -0.7694
vn -0.5232 -0.4712 -0.7101
vn -0.4998 -0.5744 -0.6482
vn -0.4507 -0.6724 -0.5872
vn -0.3772 -0.7593 -0.5302
vn -0.2826 -0.8301 -0.4808
vn -0.1721 -0.8804 -0.4418
vn -0.0526 -0.9081 -0.4154
vn 0.0688 -0.9130 -0.4022
vn 0.1882 -0.8963 -0.4015
vn 0.3035 -0.8585 -0.4134
vn 0.4108 -0.7994 -0.4384
vn 0.5036 -0.7211 -0.4759
vn 0.5758 -0.6275 -0.5241
vn 0.6236 -0.5242 -0.5799
vn 0.6454 -0.4168 -0.6402
vn 0.6413 -0.3110 -0.7015
vn 0.6128 -0.2120 -0.7613
vn 0.5642 -0.1231 -0.8164
vn 0.4987 -0.0474 -0.8655
vn 0.4202 0.0136 -0.9073
vn 0.3323 0.0595 -0.9413
vn 0.2385 0.0901 -0.9669
vn 0.1413 0.1057 -0.9843
vn 0.0430 0.1066 -0.9934
vn -0.0544 0.0933 -0.9942
vt 0.250208 0.867297
vt 0.221878 0.928388
vt 0.217900 0.924007
vt 0.257692 0.870318
vt 0.225894 0.933653
vt 0.265539 0.873577
vt 0.229880 0.939964
vt 0.273820 0.877124
vt 0.233779 0.947548
vt 0.282568 0.881051
vt 0.237500 0.956660
vt 0.291752 0.885476
vt 0.240995 0.967634
vt 0.301269 0.890529
vt 0.244331 0.980700
vt 0.310956 0.896284
vt 0.248757 0.994730
vt 0.069101 0.891898
vt 0.132686 0.968973
vt 0.126667 0.980151
vt 0.077407 0.886355
vt 0.137429 0.958136
vt 0.085659 0.881262
vt 0.141544 0.948685
vt 0.093806 0.876642
vt 0.145437 0.940811
vt 0.101827 0.872475
vt 0.149285 0.934313
vt 0.109717 0.868727
vt 0.153102 0.928961
vt 0.117493 0.865363
vt 0.156877 0.924538
vt 0.125179 0.862360
vt 0.160584 0.920865
vt 0.140218 0.857112
vt 0.164289 0.917848
vt 0.147583 0.854865
vt 0.167929 0.915400
vt 0.154945 0.852974
vt 0.171510 0.913430
vt 0.162336 0.851465
vt 0.175038 0.911864
vt 0.169772 0.850374
vt 0.178535 0.910663
vt 0.177256 0.849743
vt 0.182027 0.909804
vt 0.184772 0.849611
vt 0.185539 0.909270
vt 0.192288 0.850004
vt 0.189103 0.909053
vt 0.199767 0.850924
vt 0.192641 0.909463
vt 0.207169 0.852341
vt 0.196164 0.910196
vt 0.214466 0.854188
vt 0.199674 0.911331
vt 0.221652 0.856379
vt 0.203203 0.912877
vt 0.228752 0.858833
vt 0.206762 0.914868
vt 0.235824 0.861488
vt 0.210374 0.917349
vt 0.310407 0.865616
vt 0.242945 0.864311
vt 0.214074 0.920373
vt 0.217285 0.938842
vt 0.208321 0.947044
vt 0.207457 0.942093
vt 0.201662 0.929468
vt 0.202635 0.977455
vt 0.170861 0.933658
vt 0.156419 0.945349
vt 0.170205 0.951658
vt 0.155052 0.952994
vt 0.180004 0.915770
vt 0.179743 0.922124
vt 0.177094 0.916992
vt 0.203307 0.919851
vt 0.200460 0.926566
vt 0.198910 0.924313
vt 0.217292 0.999864
vt 0.221408 0.983098
vt 0.168477 0.923021
vt 0.171974 0.930358
vt 0.165738 0.926022
vt 0.191836 0.914639
vt 0.192943 0.920274
vt 0.190880 0.919743
vt 0.219621 0.944945
vt 0.208520 0.953349
vt 0.158318 0.939092
vt 0.168748 0.946285
vt 0.182934 0.914928
vt 0.181870 0.920935
vt 0.206076 0.922373
vt 0.153455 0.975359
vt 0.188006 0.973157
vt 0.153819 0.991157
vt 0.171303 0.920574
vt 0.173568 0.927651
vt 0.194801 0.915163
vt 0.194860 0.921257
vt 0.221510 0.952236
vt 0.207855 0.960002
vt 0.160579 0.933940
vt 0.168589 0.941358
vt 0.185898 0.914446
vt 0.184056 0.920218
vt 0.211743 0.929228
vt 0.205870 0.937476
vt 0.204089 0.933378
vt 0.208846 0.925485
vt 0.154060 0.962788
vt 0.179442 0.968922
vt 0.174198 0.918598
vt 0.175462 0.925510
vt 0.197641 0.916310
vt 0.197049 0.922572
vt 0.222665 0.960806
vt 0.205720 0.968514
vt 0.163116 0.929640
vt 0.169274 0.937296
vt 0.188885 0.914276
vt 0.186347 0.919998
vt 0.214597 0.933647
vt 0.173345 0.959874
vt 0.177743 0.923867
vt 0.200495 0.917852
vt 0.222833 0.971066
vt 0.188696 0.919652
vt 0.213013 0.835859
vt 0.219786 0.822117
vt 0.226120 0.825502
vt 0.125449 0.835832
vt 0.132811 0.859704
vt 0.205306 0.833735
vt 0.275026 0.855568
vt 0.081553 0.854160
vt 0.168476 0.829246
vt 0.178517 0.829491
vt 0.238919 0.844520
vt 0.244650 0.846473
vt 0.321767 0.870411
vt 0.320717 0.902725
vt 0.136460 0.833038
vt 0.220153 0.838092
vt 0.282433 0.857506
vt 0.092316 0.848526
vt 0.188050 0.830403
vt 0.250327 0.848348
vt 0.051875 0.874217
vt 0.147349 0.831007
vt 0.226787 0.840319
vt 0.290696 0.859662
vt 0.103281 0.843567
vt 0.196990 0.831866
vt 0.262020 0.851953
vt 0.256079 0.850173
vt 0.061168 0.867146
vt 0.158049 0.829743
vt 0.233005 0.842470
vt 0.299991 0.862239
vt 0.114352 0.839323
vt 0.268283 0.853739
vt 0.071117 0.860404
vt 0.263863 0.839177
vt 0.262372 0.823954
vt 0.268377 0.824853
vt 0.053768 0.835993
vt 0.231787 0.828316
vt 0.067453 0.825361
vt 0.236940 0.830648
vt 0.083031 0.815944
vt 0.241717 0.832602
vt 0.099954 0.808350
vt 0.268615 0.840108
vt 0.246237 0.834270
vt 0.117450 0.802931
vt 0.273722 0.840904
vt 0.250612 0.835717
vt 0.135193 0.800334
vt 0.279355 0.841539
vt 0.254944 0.836991
vt 0.152382 0.799970
vt 0.285741 0.841941
vt 0.259327 0.838118
vt 0.168284 0.801648
vt 0.293180 0.841972
vt 0.182349 0.804910
vt 0.302086 0.841395
vt 0.194316 0.809144
vt 0.313129 0.839841
vt 0.204267 0.813723
vt 0.043394 0.881420
vt 0.024983 0.868142
vt 0.212599 0.818149
vt 0.032805 0.857958
vt 0.042247 0.847093
vt 0.057149 0.780021
vt 0.035505 0.711780
vt 0.049193 0.700000
vt 0.239431 0.817234
vt 0.073261 0.769949
vt 0.090964 0.762475
vt 0.274699 0.825415
vt 0.245160 0.819498
vt 0.109603 0.757943
vt 0.281461 0.825509
vt 0.250845 0.821307
vt 0.128414 0.756167
vt 0.288798 0.824890
vt 0.256554 0.822773
vt 0.146588 0.757315
vt 0.296810 0.823158
vt 0.163426 0.761078
vt 0.305460 0.819745
vt 0.178324 0.766993
vt 0.314463 0.814062
vt 0.190880 0.774451
vt 0.323303 0.806085
vt 0.200995 0.782747
vt 0.011877 0.847120
vt 0.016910 0.833886
vt 0.208952 0.791133
vt 0.023191 0.819964
vt 0.215559 0.798917
vt 0.031845 0.805775
vt 0.221703 0.805466
vt 0.043207 0.792188
vt 0.227707 0.810520
vt 0.233618 0.814330
vt 0.100279 0.681217
vt 0.077007 0.618732
vt 0.095277 0.616296
vt 0.224886 0.771183
vt 0.064937 0.690746
vt 0.267215 0.786535
vt 0.276225 0.786826
vt 0.232951 0.776551
vt 0.082177 0.684406
vt 0.285562 0.786157
vt 0.241282 0.780558
vt 0.295206 0.784314
vt 0.249782 0.783452
vt 0.118472 0.681127
vt 0.305042 0.780998
vt 0.258422 0.785414
vt 0.136065 0.684144
vt 0.314794 0.775894
vt 0.152421 0.689981
vt 0.324006 0.768790
vt 0.166998 0.698198
vt 0.332199 0.759648
vt 0.179390 0.708225
vt 0.339339 0.748556
vt 0.189442 0.719449
vt 0.005476 0.773975
vt 0.009623 0.757366
vt 0.197430 0.731472
vt 0.015719 0.740915
vt 0.204023 0.743944
vt 0.024288 0.725591
vt 0.210306 0.755162
vt 0.217266 0.764164
vt 0.131126 0.620477
vt 0.141452 0.549355
vt 0.147312 0.626846
vt 0.295267 0.733207
vt 0.307446 0.730027
vt 0.247156 0.731246
vt 0.113555 0.616893
vt 0.319193 0.725065
vt 0.258888 0.733771
vt 0.330039 0.718192
vt 0.270846 0.734952
vt 0.339452 0.709415
vt 0.161529 0.635657
vt 0.346971 0.698967
vt 0.173321 0.646426
vt 0.352541 0.687237
vt 0.182390 0.658505
vt 0.001984 0.697243
vt 0.005473 0.682699
vt 0.188710 0.670966
vt 0.010688 0.668674
vt 0.193278 0.683005
vt 0.018818 0.655108
vt 0.198615 0.694597
vt 0.029914 0.642752
vt 0.205830 0.705293
vt 0.043667 0.632253
vt 0.214745 0.714419
vt 0.059573 0.624123
vt 0.282995 0.734793
vt 0.224859 0.721727
vt 0.235756 0.727283
vt 0.166779 0.562948
vt 0.168658 0.470434
vt 0.175662 0.571793
vt 0.338104 0.618410
vt 0.346840 0.610725
vt 0.155252 0.555379
vt 0.353058 0.601789
vt 0.356726 0.591910
vt 0.001685 0.598414
vt 0.004562 0.588134
vt 0.181758 0.581582
vt 0.009873 0.577865
vt 0.185543 0.591824
vt 0.018109 0.568280
vt 0.189559 0.601868
vt 0.029128 0.559786
vt 0.196045 0.610717
vt 0.042554 0.552720
vt 0.204987 0.618286
vt 0.057875 0.547342
vt 0.271581 0.635385
vt 0.286394 0.634811
vt 0.216004 0.624483
vt 0.074503 0.543830
vt 0.300888 0.632878
vt 0.228619 0.629263
vt 0.091812 0.542289
vt 0.314651 0.629524
vt 0.242360 0.632645
vt 0.109133 0.542699
vt 0.327219 0.624701
vt 0.256805 0.634673
vt 0.125885 0.545082
vt 0.176937 0.477827
vt 0.172689 0.339408
vt 0.179788 0.481619
vt 0.000136 0.481007
vt 0.002795 0.476909
vt 0.174098 0.474011
vt 0.008162 0.472937
vt 0.016454 0.469259
vt 0.027431 0.466013
vt 0.185403 0.485218
vt 0.040691 0.463318
vt 0.194020 0.488435
vt 0.055733 0.461271
vt 0.268801 0.495266
vt 0.286301 0.494584
vt 0.205394 0.491132
vt 0.071984 0.459940
vt 0.303247 0.493184
vt 0.219103 0.493212
vt 0.088830 0.459360
vt 0.319021 0.491080
vt 0.234627 0.494611
vt 0.105584 0.459573
vt 0.333014 0.488304
vt 0.251392 0.495299
vt 0.121661 0.460523
vt 0.344662 0.484921
vt 0.136489 0.462162
vt 0.353488 0.481038
vt 0.149554 0.464419
vt 0.359184 0.476821
vt 0.160400 0.467206
vt 0.361960 0.472470
vt 0.071089 0.353007
vt 0.092225 0.266791
vt 0.087487 0.353571
vt 0.016153 0.345819
vt 0.027084 0.348191
vt 0.177608 0.336791
vt 0.040262 0.350247
vt 0.185364 0.334059
vt 0.055134 0.351880
vt 0.255735 0.320214
vt 0.272605 0.317681
vt 0.195783 0.331254
vt 0.289136 0.315487
vt 0.208510 0.328421
vt 0.304721 0.313779
vt 0.223090 0.325602
vt 0.103635 0.353621
vt 0.318747 0.312711
vt 0.239013 0.322847
vt 0.119019 0.353101
vt 0.330623 0.312415
vt 0.133091 0.352053
vt 0.339828 0.312962
vt 0.145370 0.350548
vt 0.346008 0.314332
vt 0.155457 0.348679
vt 0.349283 0.316324
vt 0.163045 0.346547
vt 0.000136 0.337953
vt 0.002641 0.340589
vt 0.167950 0.344245
vt 0.007915 0.343246
vt 0.170349 0.341864
vt 0.133520 0.263444
vt 0.128586 0.185938
vt 0.140060 0.183113
vt 0.267026 0.190687
vt 0.198347 0.207361
vt 0.208753 0.203029
vt 0.106767 0.267115
vt 0.277926 0.190844
vt 0.219902 0.199255
vt 0.120698 0.265968
vt 0.287698 0.192253
vt 0.231535 0.196045
vt 0.295993 0.195021
vt 0.144795 0.259694
vt 0.302505 0.199134
vt 0.154157 0.254914
vt 0.307238 0.204224
vt 0.161316 0.249335
vt 0.019377 0.229808
vt 0.166107 0.243190
vt 0.023346 0.237351
vt 0.168689 0.236704
vt 0.030021 0.244608
vt 0.170810 0.230213
vt 0.039199 0.251269
vt 0.174871 0.223801
vt 0.050513 0.257038
vt 0.181036 0.217767
vt 0.063491 0.261663
vt 0.243447 0.193469
vt 0.188989 0.212270
vt 0.077587 0.264954
vt 0.255396 0.191624
vt 0.165336 0.165050
vt 0.163254 0.131136
vt 0.168836 0.125504
vt 0.250536 0.113463
vt 0.150225 0.178478
vt 0.256781 0.118284
vt 0.158731 0.172332
vt 0.262530 0.124579
vt 0.017938 0.222279
vt 0.045151 0.124335
vt 0.169959 0.157060
vt 0.047315 0.136703
vt 0.172815 0.148737
vt 0.051985 0.148471
vt 0.174961 0.140707
vt 0.059025 0.159230
vt 0.177862 0.134217
vt 0.068135 0.168596
vt 0.181558 0.128833
vt 0.078909 0.176234
vt 0.213325 0.109765
vt 0.185850 0.124337
vt 0.090867 0.181888
vt 0.220319 0.108218
vt 0.190580 0.120542
vt 0.103496 0.185391
vt 0.227901 0.107540
vt 0.195673 0.117273
vt 0.116234 0.186739
vt 0.235792 0.108078
vt 0.201124 0.114403
vt 0.243494 0.110052
vt 0.206984 0.111874
vt 0.181730 0.101592
vt 0.180119 0.096629
vt 0.181874 0.094283
vt 0.045262 0.111801
vt 0.069386 0.061631
vt 0.172707 0.119632
vt 0.069748 0.076946
vt 0.175266 0.113971
vt 0.072547 0.091384
vt 0.177316 0.108907
vt 0.077682 0.104549
vt 0.179438 0.104871
vt 0.084879 0.116069
vt 0.093768 0.125625
vt 0.197886 0.086610
vt 0.184139 0.098811
vt 0.103910 0.132979
vt 0.201617 0.083992
vt 0.186625 0.096319
vt 0.114817 0.137984
vt 0.206206 0.081452
vt 0.189187 0.093944
vt 0.125986 0.140667
vt 0.212002 0.079469
vt 0.191857 0.091569
vt 0.136886 0.141082
vt 0.219064 0.078911
vt 0.194709 0.089129
vt 0.147012 0.139408
vt 0.226723 0.080623
vt 0.155917 0.135949
vt 0.233992 0.084634
vt 0.240711 0.090184
vt 0.193901 0.079823
vt 0.190153 0.075616
vt 0.196473 0.077259
vt 0.107075 0.099190
vt 0.191772 0.082125
vt 0.183522 0.092161
vt 0.115230 0.107431
vt 0.185100 0.090161
vt 0.124251 0.113388
vt 0.186651 0.088216
vt 0.133638 0.117120
vt 0.199809 0.074404
vt 0.188230 0.086263
vt 0.142836 0.118691
vt 0.204476 0.071432
vt 0.189898 0.084234
vt 0.151378 0.118335
vt 0.211182 0.069119
vt 0.158870 0.116419
vt 0.219792 0.068931
vt 0.165040 0.113413
vt 0.228964 0.071474
vt 0.169808 0.109827
vt 0.071169 0.045536
vt 0.093418 0.030641
vt 0.173339 0.106105
vt 0.091526 0.047123
vt 0.176024 0.102537
vt 0.092158 0.062487
vt 0.178211 0.099348
vt 0.095157 0.076479
vt 0.100246 0.088802
vt 0.195986 0.065189
vt 0.178929 0.060258
vt 0.177380 0.054551
vt 0.183137 0.086403
vt 0.184245 0.084851
vt 0.136817 0.092185
vt 0.143299 0.096821
vt 0.191704 0.072933
vt 0.185326 0.083254
vt 0.149835 0.099444
vt 0.193581 0.069590
vt 0.186410 0.081571
vt 0.156006 0.100460
vt 0.161503 0.100335
vt 0.199281 0.058932
vt 0.166188 0.099453
vt 0.204293 0.048410
vt 0.170038 0.098079
vt 0.097828 0.013187
vt 0.130434 0.014853
vt 0.173135 0.096417
vt 0.125450 0.029683
vt 0.175615 0.094634
vt 0.123042 0.043490
vt 0.177618 0.092855
vt 0.122697 0.056203
vt 0.179278 0.091147
vt 0.124071 0.067591
vt 0.180703 0.089518
vt 0.126988 0.077468
vt 0.187574 0.079820
vt 0.181971 0.087948
vt 0.131328 0.085678
vt 0.188803 0.077865
vt 0.142098 0.048755
vt 0.147509 0.041427
vt 0.142108 0.048758
vt 0.155526 0.094407
vt 0.174397 0.048099
vt 0.158911 0.094618
vt 0.169020 0.040889
vt 0.162056 0.094240
vt 0.147503 0.041442
vt 0.164882 0.093392
vt 0.138462 0.055471
vt 0.167361 0.092195
vt 0.136352 0.062077
vt 0.169502 0.090753
vt 0.135629 0.068259
vt 0.171337 0.089151
vt 0.136072 0.073861
vt 0.172911 0.087445
vt 0.137484 0.078797
vt 0.178205 0.077512
vt 0.178860 0.075027
vt 0.174268 0.085660
vt 0.139676 0.083006
vt 0.179354 0.072199
vt 0.175451 0.083797
vt 0.142422 0.086492
vt 0.179623 0.068905
vt 0.176489 0.081841
vt 0.145335 0.089523
vt 0.179552 0.064990
vt 0.177406 0.079762
vt 0.148579 0.091883
vt 0.152030 0.093512
vt 0.177374 0.054554
vt 0.163812 0.067573
vt 0.161599 0.066620
vt 0.162057 0.094236
vt 0.164882 0.093388
vt 0.138471 0.055475
vt 0.167361 0.092192
vt 0.136361 0.062079
vt 0.169501 0.090750
vt 0.135638 0.068258
vt 0.171337 0.089149
vt 0.136079 0.073858
vt 0.172910 0.087444
vt 0.137490 0.078792
vt 0.178202 0.077516
vt 0.178855 0.075029
vt 0.174268 0.085659
vt 0.139681 0.083001
vt 0.179348 0.072201
vt 0.175450 0.083797
vt 0.142426 0.086487
vt 0.179617 0.068908
vt 0.176488 0.081843
vt 0.145338 0.089518
vt 0.179546 0.064992
vt 0.177404 0.079764
vt 0.148582 0.091878
vt 0.178923 0.060261
vt 0.152033 0.093507
vt 0.155528 0.094403
vt 0.174387 0.048103
vt 0.158912 0.094614
vt 0.168982 0.040898
vt 0.165434 0.068921
vt 0.166519 0.070501
vt 0.148144 0.072481
vt 0.155733 0.085142
vt 0.158856 0.066178
vt 0.157424 0.085602
vt 0.155991 0.066413
vt 0.159066 0.085760
vt 0.153146 0.067332
vt 0.160615 0.085617
vt 0.150801 0.068695
vt 0.162032 0.085206
vt 0.149143 0.070461
vt 0.163298 0.084545
vt 0.164386 0.083669
vt 0.147781 0.074617
vt 0.165298 0.082616
vt 0.147994 0.076736
vt 0.167458 0.075546
vt 0.167429 0.073887
vt 0.166041 0.081416
vt 0.148641 0.078709
vt 0.167154 0.072178
vt 0.166629 0.080096
vt 0.149668 0.080484
vt 0.167071 0.078675
vt 0.150939 0.082024
vt 0.167342 0.077152
vt 0.152428 0.083322
vt 0.154047 0.084379
vt 0.460945 0.048270
vt 0.442371 0.056137
vt 0.456658 0.039175
vt 0.378293 0.023877
vt 0.382449 0.068864
vt 0.372160 0.070148
vt 0.526815 0.093513
vt 0.545116 0.103049
vt 0.537731 0.109296
vt 0.437212 0.048419
vt 0.451170 0.030408
vt 0.529282 0.114351
vt 0.520017 0.097739
vt 0.431029 0.041446
vt 0.444413 0.022334
vt 0.519873 0.117812
vt 0.512628 0.100382
vt 0.386153 0.000136
vt 0.388111 0.023453
vt 0.423862 0.035389
vt 0.436480 0.015277
vt 0.509834 0.119435
vt 0.504946 0.101284
vt 0.375528 0.001303
vt 0.368350 0.025696
vt 0.415822 0.030401
vt 0.427579 0.009476
vt 0.499576 0.119066
vt 0.497327 0.100392
vt 0.572522 0.017760
vt 0.589463 0.033989
vt 0.582210 0.040953
vt 0.417921 0.004891
vt 0.407047 0.026733
vt 0.489527 0.116680
vt 0.490127 0.097764
vt 0.565869 0.026447
vt 0.576140 0.048184
vt 0.407604 0.001784
vt 0.397756 0.024389
vt 0.480101 0.112376
vt 0.483665 0.093570
vt 0.559871 0.035510
vt 0.571113 0.055676
vt 0.396920 0.000223
vt 0.471655 0.106378
vt 0.478163 0.088059
vt 0.554588 0.044875
vt 0.566971 0.063440
vt 0.464452 0.099026
vt 0.473697 0.081504
vt 0.549996 0.054372
vt 0.563442 0.071499
vt 0.458614 0.090751
vt 0.470148 0.074121
vt 0.545903 0.063732
vt 0.560011 0.079754
vt 0.454042 0.082014
vt 0.467181 0.066024
vt 0.541925 0.072619
vt 0.556092 0.087938
vt 0.450280 0.073158
vt 0.464299 0.057328
vt 0.537610 0.080700
vt 0.551222 0.095797
vt 0.446606 0.064444
vt 0.532618 0.087729
vt 0.532622 0.156793
vt 0.542411 0.216301
vt 0.533502 0.221557
vt 0.420588 0.078995
vt 0.522533 0.160457
vt 0.511738 0.162309
vt 0.362232 0.073087
vt 0.412004 0.074362
vt 0.500637 0.162289
vt 0.594581 0.078773
vt 0.586612 0.084030
vt 0.402630 0.071058
vt 0.489681 0.160301
vt 0.579801 0.090207
vt 0.392695 0.069195
vt 0.479316 0.156409
vt 0.574206 0.097105
vt 0.469952 0.150774
vt 0.569803 0.104530
vt 0.461923 0.143653
vt 0.566402 0.112381
vt 0.455440 0.135387
vt 0.563492 0.120702
vt 0.450539 0.126397
vt 0.560123 0.129151
vt 0.446938 0.117172
vt 0.555483 0.137366
vt 0.443706 0.108041
vt 0.549316 0.144948
vt 0.439746 0.099487
vt 0.541644 0.151529
vt 0.434591 0.091707
vt 0.428173 0.084826
vt 0.501744 0.227753
vt 0.513225 0.274506
vt 0.502280 0.274874
vt 0.429343 0.152300
vt 0.523512 0.225326
vt 0.382256 0.137762
vt 0.371992 0.139565
vt 0.421517 0.146474
vt 0.512795 0.227422
vt 0.362232 0.142963
vt 0.412608 0.142017
vt 0.596414 0.143381
vt 0.587994 0.147872
vt 0.402889 0.139036
vt 0.490798 0.226281
vt 0.580621 0.153516
vt 0.392662 0.137609
vt 0.480369 0.223030
vt 0.574468 0.160184
vt 0.470866 0.218126
vt 0.569652 0.167746
vt 0.462641 0.211771
vt 0.566180 0.176064
vt 0.455948 0.204213
vt 0.563589 0.185019
vt 0.450879 0.195697
vt 0.560445 0.193986
vt 0.447250 0.186397
vt 0.555977 0.202286
vt 0.444414 0.176704
vt 0.549960 0.209793
vt 0.440875 0.167545
vt 0.435852 0.159369
vt 0.481116 0.270743
vt 0.473803 0.322887
vt 0.471720 0.266401
vt 0.596218 0.202532
vt 0.587039 0.206108
vt 0.406010 0.199591
vt 0.491435 0.273607
vt 0.578991 0.210864
vt 0.395532 0.198484
vt 0.572312 0.216641
vt 0.384869 0.198875
vt 0.567195 0.223230
vt 0.463606 0.260780
vt 0.563728 0.230300
vt 0.457072 0.254158
vt 0.561524 0.237481
vt 0.452316 0.246898
vt 0.559148 0.244655
vt 0.449315 0.239465
vt 0.555260 0.251765
vt 0.447195 0.232043
vt 0.549624 0.258432
vt 0.444144 0.224654
vt 0.542340 0.264303
vt 0.439386 0.217594
vt 0.533635 0.269085
vt 0.432941 0.211315
vt 0.523811 0.272542
vt 0.374375 0.200771
vt 0.425035 0.206108
vt 0.364426 0.204116
vt 0.415955 0.202158
vt 0.459359 0.315590
vt 0.457993 0.375863
vt 0.454564 0.310983
vt 0.569109 0.290350
vt 0.564370 0.294317
vt 0.465848 0.319609
vt 0.561241 0.298805
vt 0.559497 0.303707
vt 0.557361 0.308583
vt 0.451532 0.305982
vt 0.553635 0.313214
vt 0.449760 0.300830
vt 0.548202 0.317415
vt 0.447308 0.295860
vt 0.541199 0.321024
vt 0.443188 0.291469
vt 0.532869 0.323912
vt 0.437413 0.287726
vt 0.523514 0.325986
vt 0.392596 0.281708
vt 0.382807 0.283251
vt 0.430170 0.284739
vt 0.513478 0.327183
vt 0.373587 0.285646
vt 0.421732 0.282599
vt 0.503126 0.327462
vt 0.591513 0.282552
vt 0.582917 0.284376
vt 0.412421 0.281366
vt 0.492811 0.326857
vt 0.575360 0.287003
vt 0.402587 0.281069
vt 0.482910 0.325323
vt 0.451982 0.372830
vt 0.456695 0.454623
vt 0.455068 0.457323
vt 0.556041 0.373979
vt 0.554247 0.374989
vt 0.455207 0.374895
vt 0.550851 0.375916
vt 0.453856 0.373848
vt 0.545824 0.376738
vt 0.539312 0.377440
vt 0.448408 0.371933
vt 0.531535 0.378010
vt 0.443119 0.371216
vt 0.522767 0.378431
vt 0.399404 0.371415
vt 0.389556 0.372227
vt 0.436285 0.370723
vt 0.513324 0.378693
vt 0.380207 0.373225
vt 0.428165 0.370487
vt 0.503556 0.378788
vt 0.586374 0.369830
vt 0.577911 0.370035
vt 0.419074 0.370526
vt 0.493826 0.378696
vt 0.570537 0.370482
vt 0.409363 0.370840
vt 0.484519 0.378436
vt 0.564529 0.371142
vt 0.475986 0.378011
vt 0.560099 0.371979
vt 0.468547 0.377433
vt 0.557351 0.372946
vt 0.462478 0.376713
vt 0.513532 0.440118
vt 0.504323 0.488733
vt 0.504102 0.439999
vt 0.538637 0.443476
vt 0.451846 0.460056
vt 0.531126 0.441902
vt 0.446975 0.462729
vt 0.522655 0.440764
vt 0.395372 0.472669
vt 0.440596 0.465249
vt 0.385948 0.472670
vt 0.432935 0.467526
vt 0.575278 0.465029
vt 0.424265 0.469476
vt 0.494733 0.440451
vt 0.568226 0.462827
vt 0.414893 0.471026
vt 0.485789 0.441423
vt 0.562555 0.460396
vt 0.405145 0.472109
vt 0.477613 0.442874
vt 0.558439 0.457823
vt 0.470510 0.444738
vt 0.555944 0.455198
vt 0.464740 0.446934
vt 0.554765 0.452613
vt 0.460500 0.449373
vt 0.553046 0.450070
vt 0.457900 0.451965
vt 0.549774 0.447641
vt 0.544923 0.445416
vt 0.479477 0.493845
vt 0.488344 0.538562
vt 0.481202 0.542135
vt 0.583478 0.466917
vt 0.570000 0.537620
vt 0.439385 0.540365
vt 0.431979 0.543697
vt 0.495541 0.489473
vt 0.564007 0.533432
vt 0.423845 0.546363
vt 0.487157 0.491198
vt 0.559236 0.528768
vt 0.415179 0.548270
vt 0.555825 0.523744
vt 0.472783 0.497319
vt 0.553843 0.518571
vt 0.467321 0.501489
vt 0.552797 0.513417
vt 0.463283 0.506194
vt 0.550967 0.508340
vt 0.460764 0.511254
vt 0.547700 0.503559
vt 0.459545 0.516505
vt 0.542975 0.499213
vt 0.458199 0.521780
vt 0.536930 0.495456
vt 0.455481 0.527013
vt 0.529774 0.492428
vt 0.451324 0.531951
vt 0.521761 0.490244
vt 0.406242 0.549295
vt 0.445894 0.536431
vt 0.513174 0.488994
vt 0.397403 0.549305
vt 0.466293 0.559001
vt 0.471876 0.577667
vt 0.468867 0.583430
vt 0.551722 0.582708
vt 0.474997 0.546875
vt 0.550409 0.576620
vt 0.469971 0.552586
vt 0.549514 0.569891
vt 0.547746 0.563052
vt 0.463994 0.565782
vt 0.544666 0.556456
vt 0.462830 0.572603
vt 0.540257 0.550392
vt 0.461792 0.578951
vt 0.534630 0.545111
vt 0.459967 0.584382
vt 0.527970 0.540822
vt 0.457380 0.589221
vt 0.520515 0.537698
vt 0.426399 0.613475
vt 0.454115 0.593680
vt 0.512534 0.535867
vt 0.418265 0.615176
vt 0.450189 0.597955
vt 0.504313 0.535393
vt 0.577054 0.541236
vt 0.561348 0.599554
vt 0.445547 0.602192
vt 0.496147 0.536290
vt 0.557109 0.594137
vt 0.440088 0.606411
vt 0.553917 0.588518
vt 0.433817 0.610328
vt 0.462377 0.606133
vt 0.466372 0.606538
vt 0.465538 0.609901
vt 0.543588 0.588287
vt 0.467076 0.588937
vt 0.540712 0.582120
vt 0.465994 0.593910
vt 0.536611 0.576228
vt 0.464964 0.598340
vt 0.531372 0.570952
vt 0.463744 0.602312
vt 0.525180 0.566567
vt 0.518252 0.563290
vt 0.447944 0.635049
vt 0.460927 0.610024
vt 0.510821 0.561297
vt 0.440967 0.640455
vt 0.459382 0.614122
vt 0.503138 0.560668
vt 0.566712 0.604738
vt 0.553241 0.624322
vt 0.457637 0.618574
vt 0.495517 0.561501
vt 0.550910 0.617575
vt 0.455540 0.623392
vt 0.488283 0.563789
vt 0.549075 0.611611
vt 0.452452 0.628904
vt 0.481752 0.567425
vt 0.547653 0.606022
vt 0.476208 0.572173
vt 0.546558 0.600367
vt 0.545383 0.594409
vt 0.546150 0.641154
vt 0.530413 0.632640
vt 0.546329 0.632633
vt 0.514977 0.575039
vt 0.458870 0.636400
vt 0.464761 0.613327
vt 0.508299 0.573014
vt 0.455500 0.645071
vt 0.463997 0.616912
vt 0.501393 0.572243
vt 0.556359 0.632423
vt 0.463211 0.620754
vt 0.494587 0.572889
vt 0.545800 0.625493
vt 0.462132 0.625070
vt 0.488208 0.574956
vt 0.544926 0.619214
vt 0.460780 0.630117
vt 0.482580 0.578256
vt 0.543815 0.613440
vt 0.477925 0.582396
vt 0.542484 0.607960
vt 0.474323 0.586914
vt 0.540871 0.602532
vt 0.471712 0.591393
vt 0.538718 0.597100
vt 0.469850 0.595584
vt 0.535748 0.591761
vt 0.468439 0.599533
vt 0.531791 0.586671
vt 0.467316 0.603130
vt 0.526895 0.582057
vt 0.521233 0.578121
vt 0.532695 0.615032
vt 0.513618 0.607061
vt 0.514097 0.603632
vt 0.470922 0.618789
vt 0.498764 0.581455
vt 0.493854 0.581950
vt 0.531996 0.626230
vt 0.471329 0.622767
vt 0.489350 0.583738
vt 0.532696 0.620393
vt 0.472132 0.627402
vt 0.485584 0.586372
vt 0.482492 0.589442
vt 0.532075 0.610019
vt 0.479787 0.592564
vt 0.530762 0.605335
vt 0.477318 0.595511
vt 0.528649 0.600986
vt 0.475195 0.598293
vt 0.525678 0.597034
vt 0.473589 0.600962
vt 0.521947 0.593483
vt 0.472450 0.603637
vt 0.517730 0.590164
vt 0.471676 0.606345
vt 0.513299 0.586976
vt 0.471171 0.609142
vt 0.508700 0.584174
vt 0.473596 0.632936
vt 0.470880 0.612093
vt 0.503825 0.582206
vt 0.476399 0.639981
vt 0.470790 0.615277
vt 0.511687 0.594641
vt 0.513066 0.597299
vt 0.511684 0.594643
vt 0.490045 0.589557
vt 0.513900 0.600336
vt 0.488384 0.590650
vt 0.513069 0.597297
vt 0.486860 0.591991
vt 0.485461 0.593555
vt 0.509896 0.592457
vt 0.484265 0.595373
vt 0.507888 0.590748
vt 0.483378 0.597430
vt 0.505823 0.589433
vt 0.482864 0.599673
vt 0.503736 0.588476
vt 0.482744 0.602043
vt 0.501640 0.587898
vt 0.491054 0.616818
vt 0.483023 0.604497
vt 0.499582 0.587663
vt 0.494411 0.618962
vt 0.483711 0.607006
vt 0.497576 0.587698
vt 0.508152 0.617209
vt 0.510647 0.613807
vt 0.484830 0.609548
vt 0.495614 0.587949
vt 0.512453 0.610499
vt 0.486416 0.612087
vt 0.493697 0.588247
vt 0.488501 0.614558
vt 0.491834 0.588761
vt 0.514093 0.603632
vt 0.502320 0.600447
vt 0.502893 0.599078
vt 0.486862 0.591993
vt 0.485464 0.593556
vt 0.509893 0.592459
vt 0.484267 0.595374
vt 0.507886 0.590750
vt 0.483381 0.597431
vt 0.505822 0.589435
vt 0.482867 0.599674
vt 0.503735 0.588478
vt 0.482747 0.602043
vt 0.501639 0.587901
vt 0.488504 0.614555
vt 0.491056 0.616815
vt 0.483026 0.604496
vt 0.499582 0.587665
vt 0.494414 0.618958
vt 0.483714 0.607005
vt 0.497576 0.587701
vt 0.508148 0.617205
vt 0.510643 0.613805
vt 0.484833 0.609546
vt 0.495615 0.587952
vt 0.512449 0.610497
vt 0.486419 0.612085
vt 0.493698 0.588249
vt 0.513614 0.607060
vt 0.491834 0.588763
vt 0.490047 0.589559
vt 0.513897 0.600336
vt 0.488385 0.590652
vt 0.501449 0.601758
vt 0.500286 0.602944
vt 0.499268 0.591628
vt 0.493467 0.592348
vt 0.503175 0.597714
vt 0.492680 0.592913
vt 0.503182 0.596413
vt 0.492007 0.593594
vt 0.502940 0.595217
vt 0.491470 0.594391
vt 0.502483 0.594156
vt 0.491094 0.595300
vt 0.501854 0.593266
vt 0.490905 0.596303
vt 0.501089 0.592552
vt 0.490927 0.597364
vt 0.500217 0.592007
vt 0.491173 0.598462
vt 0.497324 0.603808
vt 0.491647 0.599565
vt 0.498269 0.591407
vt 0.498849 0.603933
vt 0.492351 0.600638
vt 0.497256 0.591335
vt 0.493280 0.601645
vt 0.496260 0.591397
vt 0.494429 0.602546
vt 0.495287 0.591586
vt 0.495784 0.603288
vt 0.494346 0.591904
vt 0.710689 0.017367
vt 0.724889 0.042619
vt 0.718472 0.048161
vt 0.615097 0.092360
vt 0.601973 0.109134
vt 0.611779 0.085876
vt 0.673120 0.078504
vt 0.681134 0.105661
vt 0.673436 0.110627
vt 0.623887 0.066938
vt 0.620616 0.060967
vt 0.748849 0.000136
vt 0.748175 0.032749
vt 0.740163 0.001037
vt 0.690959 0.053521
vt 0.700560 0.076723
vt 0.697028 0.084417
vt 0.645208 0.083698
vt 0.631280 0.108922
vt 0.638726 0.081048
vt 0.788802 0.015782
vt 0.788268 0.042716
vt 0.781863 0.010449
vt 0.705355 0.023857
vt 0.712881 0.054566
vt 0.666525 0.082198
vt 0.664892 0.113867
vt 0.609291 0.079330
vt 0.618029 0.054666
vt 0.739880 0.034791
vt 0.731786 0.003344
vt 0.687702 0.060700
vt 0.692886 0.092060
vt 0.624785 0.104147
vt 0.632947 0.077215
vt 0.781134 0.038313
vt 0.774300 0.005992
vt 0.700886 0.030935
vt 0.708117 0.061623
vt 0.659446 0.084324
vt 0.655960 0.115225
vt 0.807654 0.033731
vt 0.806564 0.059800
vt 0.801412 0.027778
vt 0.723992 0.006921
vt 0.732065 0.038112
vt 0.683778 0.067423
vt 0.687653 0.099310
vt 0.619397 0.098531
vt 0.627987 0.072431
vt 0.766159 0.002676
vt 0.765171 0.032849
vt 0.757599 0.000690
vt 0.773390 0.034962
vt 0.697163 0.038402
vt 0.704094 0.069087
vt 0.652230 0.084805
vt 0.647118 0.114729
vt 0.800787 0.053720
vt 0.795231 0.021674
vt 0.716918 0.011657
vt 0.678929 0.073469
vt 0.756685 0.032095
vt 0.693968 0.046021
vt 0.638791 0.112546
vt 0.794776 0.047938
vt 0.779114 0.064676
vt 0.770475 0.112256
vt 0.771258 0.062575
vt 0.707047 0.107481
vt 0.701808 0.116207
vt 0.599794 0.102221
vt 0.695274 0.124468
vt 0.812419 0.065926
vt 0.808884 0.087926
vt 0.687397 0.131748
vt 0.804258 0.082041
vt 0.678321 0.137575
vt 0.763055 0.061685
vt 0.799031 0.076724
vt 0.668387 0.141632
vt 0.754704 0.062090
vt 0.793098 0.071941
vt 0.658039 0.143776
vt 0.746479 0.063784
vt 0.786438 0.067857
vt 0.647736 0.144009
vt 0.738650 0.066724
vt 0.637851 0.142470
vt 0.731428 0.070881
vt 0.628783 0.139324
vt 0.725023 0.076211
vt 0.620827 0.134887
vt 0.719588 0.082687
vt 0.614146 0.129342
vt 0.715121 0.090268
vt 0.608843 0.123013
vt 0.711237 0.098711
vt 0.604860 0.116191
vt 0.693438 0.180942
vt 0.697242 0.250569
vt 0.690090 0.256953
vt 0.808710 0.131714
vt 0.685006 0.187255
vt 0.675492 0.192015
vt 0.761393 0.111940
vt 0.802610 0.125668
vt 0.665277 0.195050
vt 0.752356 0.112926
vt 0.795572 0.120642
vt 0.654752 0.196284
vt 0.743613 0.115294
vt 0.787758 0.116693
vt 0.644285 0.195729
vt 0.735435 0.119058
vt 0.779330 0.113876
vt 0.634320 0.193502
vt 0.728090 0.124196
vt 0.625180 0.189709
vt 0.721829 0.130640
vt 0.617156 0.184556
vt 0.716848 0.138268
vt 0.610481 0.178298
vt 0.713130 0.146867
vt 0.605290 0.171226
vt 0.709948 0.155858
vt 0.601581 0.163668
vt 0.705939 0.164835
vt 0.599007 0.155935
vt 0.700471 0.173348
vt 0.596686 0.148503
vt 0.813064 0.094760
vt 0.813691 0.138635
vt 0.662181 0.267716
vt 0.670904 0.314202
vt 0.661043 0.315895
vt 0.817444 0.146122
vt 0.813068 0.212524
vt 0.681645 0.262043
vt 0.766910 0.186030
vt 0.808146 0.205408
vt 0.672219 0.265668
vt 0.757157 0.186166
vt 0.801800 0.199161
vt 0.747555 0.187767
vt 0.794241 0.193977
vt 0.651915 0.268141
vt 0.738421 0.190844
vt 0.785725 0.189998
vt 0.641794 0.266994
vt 0.730078 0.195367
vt 0.776522 0.187324
vt 0.632190 0.264322
vt 0.722841 0.201263
vt 0.623436 0.260262
vt 0.716998 0.208408
vt 0.615809 0.254992
vt 0.712747 0.216643
vt 0.609520 0.248716
vt 0.709886 0.225715
vt 0.604693 0.241637
vt 0.706971 0.234730
vt 0.601308 0.233908
vt 0.702882 0.243094
vt 0.599067 0.225873
vt 0.596686 0.218207
vt 0.641041 0.315132
vt 0.631949 0.366736
vt 0.631676 0.312779
vt 0.752136 0.249464
vt 0.742341 0.251015
vt 0.790737 0.256282
vt 0.650961 0.316202
vt 0.733162 0.253878
vt 0.781842 0.252734
vt 0.724945 0.257976
vt 0.772222 0.250363
vt 0.718018 0.263167
vt 0.623200 0.309265
vt 0.712671 0.269220
vt 0.615902 0.304756
vt 0.709070 0.275775
vt 0.610016 0.299453
vt 0.706938 0.282395
vt 0.605693 0.293596
vt 0.704713 0.288952
vt 0.602933 0.287457
vt 0.700950 0.295496
vt 0.601106 0.281206
vt 0.695482 0.301590
vt 0.598635 0.274985
vt 0.688465 0.306898
vt 0.816433 0.220235
vt 0.810131 0.272618
vt 0.680164 0.311165
vt 0.762205 0.249250
vt 0.805139 0.266401
vt 0.798597 0.260890
vt 0.617313 0.362188
vt 0.614820 0.416419
vt 0.611888 0.359157
vt 0.719448 0.336224
vt 0.713374 0.338971
vt 0.624076 0.364742
vt 0.708863 0.342323
vt 0.706010 0.346186
vt 0.704398 0.350396
vt 0.607959 0.355754
vt 0.702131 0.354534
vt 0.605554 0.352103
vt 0.698251 0.358402
vt 0.604160 0.348363
vt 0.692733 0.361811
vt 0.601929 0.344809
vt 0.685777 0.364624
vt 0.813421 0.279297
vt 0.799777 0.348458
vt 0.677672 0.366755
vt 0.754022 0.332749
vt 0.794984 0.344662
vt 0.668756 0.368166
vt 0.744496 0.332422
vt 0.788730 0.341176
vt 0.659385 0.368847
vt 0.735324 0.332898
vt 0.781225 0.338135
vt 0.649911 0.368811
vt 0.726863 0.334177
vt 0.772731 0.335655
vt 0.640661 0.368108
vt 0.763553 0.333834
vt 0.608303 0.415707
vt 0.610217 0.484228
vt 0.609266 0.487014
vt 0.700979 0.416257
vt 0.699879 0.416534
vt 0.611348 0.416237
vt 0.697863 0.416757
vt 0.609328 0.415994
vt 0.694294 0.416888
vt 0.689223 0.416947
vt 0.606397 0.415451
vt 0.682833 0.416958
vt 0.802970 0.352423
vt 0.791714 0.425238
vt 0.675372 0.416940
vt 0.745272 0.418664
vt 0.786591 0.424293
vt 0.667135 0.416907
vt 0.736025 0.417748
vt 0.780069 0.423220
vt 0.658444 0.416869
vt 0.727255 0.417010
vt 0.772377 0.422065
vt 0.649649 0.416832
vt 0.719303 0.416475
vt 0.763797 0.420880
vt 0.641083 0.416772
vt 0.712481 0.416148
vt 0.754647 0.419719
vt 0.633053 0.416712
vt 0.707051 0.416020
vt 0.625843 0.416642
vt 0.703198 0.416066
vt 0.619700 0.416549
vt 0.665276 0.472320
vt 0.657557 0.512793
vt 0.657150 0.471559
vt 0.685590 0.477834
vt 0.607652 0.489841
vt 0.679769 0.475533
vt 0.783560 0.509112
vt 0.779454 0.510968
vt 0.672913 0.473666
vt 0.734949 0.508697
vt 0.773933 0.512177
vt 0.726841 0.506623
vt 0.767252 0.512687
vt 0.719183 0.504233
vt 0.759709 0.512518
vt 0.648844 0.471442
vt 0.712213 0.501565
vt 0.751614 0.511739
vt 0.640700 0.471933
vt 0.706182 0.498662
vt 0.743263 0.510443
vt 0.633029 0.472992
vt 0.701350 0.495590
vt 0.626118 0.474559
vt 0.697936 0.492441
vt 0.620213 0.476557
vt 0.696028 0.489331
vt 0.615515 0.478898
vt 0.695125 0.486304
vt 0.612168 0.481488
vt 0.693366 0.483324
vt 0.690172 0.480466
vt 0.635175 0.515697
vt 0.645390 0.552899
vt 0.638684 0.555630
vt 0.711210 0.559643
vt 0.744657 0.568898
vt 0.738734 0.568593
vt 0.649881 0.512819
vt 0.706583 0.556819
vt 0.732780 0.567620
vt 0.642323 0.513804
vt 0.702401 0.553572
vt 0.726978 0.566143
vt 0.698820 0.549823
vt 0.628692 0.518414
vt 0.696055 0.545530
vt 0.623098 0.521846
vt 0.694311 0.540779
vt 0.618587 0.525860
vt 0.693245 0.535825
vt 0.615298 0.530312
vt 0.691413 0.530872
vt 0.613283 0.535064
vt 0.688311 0.526177
vt 0.612345 0.539949
vt 0.683956 0.521962
vt 0.611296 0.544782
vt 0.678496 0.518403
vt 0.759913 0.564639
vt 0.755516 0.566954
vt 0.672125 0.515630
vt 0.721448 0.564297
vt 0.750321 0.568385
vt 0.665062 0.513739
vt 0.716183 0.562123
vt 0.623127 0.569358
vt 0.633364 0.583737
vt 0.629250 0.588878
vt 0.697923 0.585264
vt 0.632603 0.559377
vt 0.696426 0.582759
vt 0.627359 0.564007
vt 0.695158 0.579324
vt 0.694010 0.574724
vt 0.620033 0.575230
vt 0.692172 0.569814
vt 0.618123 0.581405
vt 0.689227 0.564804
vt 0.617256 0.587661
vt 0.685062 0.560154
vt 0.616684 0.593553
vt 0.679796 0.556249
vt 0.732499 0.596820
vt 0.728416 0.598460
vt 0.673655 0.553316
vt 0.709956 0.595584
vt 0.707467 0.593989
vt 0.724213 0.599245
vt 0.666885 0.551478
vt 0.705315 0.592336
vt 0.720005 0.599190
vt 0.659742 0.550794
vt 0.703276 0.590702
vt 0.716157 0.598389
vt 0.652491 0.551283
vt 0.701366 0.589040
vt 0.712820 0.597104
vt 0.699579 0.587276
vt 0.716139 0.606160
vt 0.713655 0.616242
vt 0.709158 0.610533
vt 0.693786 0.586509
vt 0.626197 0.594426
vt 0.692597 0.583837
vt 0.624190 0.600124
vt 0.690671 0.580613
vt 0.623051 0.605833
vt 0.687519 0.577156
vt 0.622638 0.611344
vt 0.683044 0.574022
vt 0.720994 0.605424
vt 0.677458 0.571692
vt 0.703247 0.600014
vt 0.701980 0.598627
vt 0.711968 0.605720
vt 0.671113 0.570399
vt 0.700845 0.597300
vt 0.708840 0.604483
vt 0.664354 0.570178
vt 0.699834 0.595991
vt 0.706525 0.602983
vt 0.657470 0.570987
vt 0.698857 0.594678
vt 0.704724 0.601469
vt 0.650716 0.572784
vt 0.697878 0.593324
vt 0.644303 0.575538
vt 0.696877 0.591918
vt 0.638447 0.579217
vt 0.695852 0.590393
vt 0.694818 0.588649
vt 0.698050 0.596475
vt 0.694714 0.596852
vt 0.694202 0.595652
vt 0.680473 0.578516
vt 0.700757 0.599982
vt 0.699787 0.598730
vt 0.706527 0.607319
vt 0.675305 0.577615
vt 0.698898 0.597575
vt 0.704596 0.604924
vt 0.669496 0.577815
vt 0.703088 0.602999
vt 0.663341 0.578998
vt 0.697214 0.595393
vt 0.701839 0.601384
vt 0.657121 0.580945
vt 0.696369 0.594293
vt 0.651132 0.583502
vt 0.695517 0.593125
vt 0.645616 0.586697
vt 0.694632 0.591884
vt 0.640761 0.590622
vt 0.693688 0.590537
vt 0.636693 0.595221
vt 0.692636 0.589012
vt 0.633565 0.600231
vt 0.691401 0.587202
vt 0.631365 0.605436
vt 0.689874 0.585059
vt 0.630012 0.610666
vt 0.687761 0.582718
vt 0.629383 0.615818
vt 0.684674 0.580367
vt 0.692351 0.592649
vt 0.686672 0.592082
vt 0.686177 0.591263
vt 0.696118 0.605919
vt 0.696089 0.603478
vt 0.672313 0.584895
vt 0.693640 0.594563
vt 0.695897 0.601421
vt 0.668486 0.586560
vt 0.693029 0.593565
vt 0.695573 0.599695
vt 0.664371 0.588851
vt 0.660040 0.591368
vt 0.691552 0.591811
vt 0.655734 0.593939
vt 0.690573 0.591051
vt 0.651839 0.596914
vt 0.689418 0.590310
vt 0.648708 0.600553
vt 0.688152 0.589440
vt 0.646490 0.604787
vt 0.686845 0.588375
vt 0.645165 0.609475
vt 0.685462 0.587150
vt 0.644598 0.614121
vt 0.683812 0.585886
vt 0.695013 0.612267
vt 0.681686 0.584768
vt 0.695173 0.598188
vt 0.695846 0.608834
vt 0.679018 0.584048
vt 0.675848 0.584062
vt 0.684190 0.589630
vt 0.684883 0.590056
vt 0.684190 0.589631
vt 0.673910 0.590094
vt 0.685566 0.590585
vt 0.672553 0.590940
vt 0.684884 0.590056
vt 0.671084 0.592139
vt 0.669735 0.593833
vt 0.683506 0.589250
vt 0.668742 0.596003
vt 0.682783 0.588918
vt 0.668248 0.598480
vt 0.681985 0.588679
vt 0.668130 0.601433
vt 0.681122 0.588547
vt 0.693031 0.615592
vt 0.680791 0.604120
vt 0.680212 0.588508
vt 0.686809 0.597707
vt 0.687139 0.596413
vt 0.682663 0.603071
vt 0.679258 0.588543
vt 0.687272 0.595196
vt 0.684215 0.601809
vt 0.678277 0.588582
vt 0.687230 0.594063
vt 0.685408 0.600445
vt 0.677258 0.588715
vt 0.687027 0.593022
vt 0.686248 0.599065
vt 0.676196 0.588996
vt 0.675095 0.589456
vt 0.686176 0.591263
vt 0.682841 0.591900
vt 0.682755 0.591461
vt 0.671086 0.592141
vt 0.669738 0.593834
vt 0.683505 0.589251
vt 0.668745 0.596004
vt 0.682782 0.588919
vt 0.668251 0.598480
vt 0.681984 0.588680
vt 0.668133 0.601433
vt 0.681122 0.588548
vt 0.678515 0.604932
vt 0.680790 0.604118
vt 0.680212 0.588509
vt 0.686807 0.597707
vt 0.687137 0.596412
vt 0.682662 0.603069
vt 0.679258 0.588544
vt 0.687271 0.595196
vt 0.684214 0.601807
vt 0.678277 0.588583
vt 0.687229 0.594064
vt 0.685407 0.600444
vt 0.677258 0.588716
vt 0.687026 0.593022
vt 0.686247 0.599064
vt 0.676196 0.588998
vt 0.686671 0.592083
vt 0.675096 0.589457
vt 0.673910 0.590096
vt 0.685565 0.590586
vt 0.672554 0.590941
vt 0.682841 0.592386
vt 0.682749 0.592909
vt 0.681729 0.590262
vt 0.677324 0.591057
vt 0.682590 0.591076
vt 0.677038 0.591547
vt 0.682358 0.590748
vt 0.676847 0.592155
vt 0.682069 0.590479
vt 0.676783 0.592880
vt 0.676886 0.593689
vt 0.681344 0.590094
vt 0.677191 0.594572
vt 0.680918 0.589970
vt 0.677727 0.595480
vt 0.680457 0.589893
vt 0.678449 0.595841
vt 0.679978 0.589869
vt 0.681874 0.594552
vt 0.682269 0.594008
vt 0.679268 0.595946
vt 0.679502 0.589898
vt 0.682560 0.593454
vt 0.680054 0.595816
vt 0.679016 0.589988
vt 0.680764 0.595504
vt 0.678537 0.590144
vt 0.681372 0.595061
vt 0.678087 0.590369
vt 0.677678 0.590670
vt 0.018311 0.877398
vt 0.137490 0.000136
vt 0.579597 0.009508
vt 0.527853 0.638975
vt 0.795270 0.426021
vt 0.678516 0.604935
s 1
f 2/1/2 3/2/3 1/3/1
f 4/4/4 5/5/5 3/2/3
f 6/6/6 7/7/7 5/5/5
f 8/8/8 9/9/9 7/7/7
f 10/10/10 11/11/11 9/9/9
f 12/12/12 13/13/13 11/11/11
f 14/14/14 15/15/15 13/13/13
f 16/16/16 17/17/17 15/15/15
f 18/18/18 19/19/19 17/20/17
f 20/21/20 21/22/21 19/19/19
f 22/23/22 23/24/23 21/22/21
f 24/25/24 25/26/25 23/24/23
f 26/27/26 27/28/27 25/26/25
f 28/29/28 29/30/29 27/28/27
f 30/31/30 31/32/31 29/30/29
f 32/33/32 33/34/33 31/32/31
f 33/34/33 36/35/36 35/36/35
f 35/36/35 38/37/38 37/38/37
f 37/38/37 40/39/40 39/40/39
f 39/40/39 42/41/42 41/42/41
f 41/42/41 44/43/44 43/44/43
f 43/44/43 46/45/46 45/46/45
f 45/46/45 48/47/48 47/48/47
f 47/48/47 50/49/50 49/50/49
f 49/50/49 52/51/52 51/52/51
f 51/52/51 54/53/54 53/54/53
f 53/54/53 56/55/56 55/56/55
f 55/56/55 58/57/58 57/58/57
f 57/58/57 60/59/60 59/60/59
f 59/60/59 62/61/62 61/62/61
f 14/14/14 136/63/136 16/16/16
f 61/62/61 64/64/64 63/65/63
f 63/65/63 2/1/2 1/3/1
f 98/66/98 68/67/68 67/68/67
f 96/69/96 72/70/72 80/71/80
f 99/72/99 76/73/76 100/74/100
f 101/75/101 85/76/85 102/77/102
f 104/78/104 95/79/95 94/80/94
f 105/81/105 72/70/72 106/82/106
f 107/83/107 81/84/81 108/85/108
f 110/86/110 91/87/91 90/88/90
f 97/89/97 69/90/69 68/67/68
f 112/91/112 77/92/77 99/72/99
f 113/93/113 86/94/86 101/75/101
f 103/95/103 96/69/96 95/79/95
f 115/96/115 73/97/73 105/98/105
f 116/99/116 82/100/82 107/83/107
f 109/101/109 92/102/92 91/87/91
f 111/103/111 70/104/70 69/90/69
f 119/105/119 78/106/78 112/91/112
f 120/107/120 87/108/87 113/93/113
f 122/109/122 66/110/66 65/111/65
f 114/112/114 65/111/65 96/69/96
f 123/113/123 74/114/74 115/96/115
f 124/115/124 83/116/83 116/99/116
f 117/117/117 93/118/93 92/102/92
f 118/119/118 71/120/71 70/104/70
f 127/121/127 79/122/79 119/105/119
f 128/123/128 88/124/88 120/107/120
f 121/125/121 67/68/67 66/110/66
f 100/74/100 75/126/75 123/113/123
f 102/77/102 84/127/84 124/115/124
f 125/128/125 94/80/94 93/118/93
f 126/129/126 72/70/72 71/120/71
f 108/85/108 80/71/80 127/121/127
f 128/123/128 90/88/90 89/130/89
f 49/50/49 110/86/110 128/123/128
f 33/34/33 127/121/127 31/32/31
f 13/13/13 106/82/106 126/129/126
f 57/58/57 104/78/104 125/128/125
f 41/42/41 124/115/124 39/40/39
f 23/24/23 123/113/123 21/22/21
f 3/2/3 98/66/98 121/125/121
f 49/50/49 120/107/120 47/48/47
f 31/32/31 119/105/119 29/30/29
f 11/11/11 126/129/126 118/119/118
f 55/56/55 125/128/125 117/117/117
f 39/40/39 116/99/116 37/38/37
f 21/22/21 115/96/115 19/19/19
f 63/65/63 122/109/122 114/112/114
f 1/3/1 121/125/121 122/109/122
f 47/48/47 113/93/113 45/46/45
f 29/30/29 112/91/112 27/28/27
f 9/9/9 118/119/118 111/103/111
f 53/54/53 117/117/117 109/101/109
f 37/38/37 107/83/107 35/36/35
f 19/19/19 105/98/105 17/20/17
f 61/62/61 114/112/114 103/95/103
f 45/46/45 101/75/101 43/44/43
f 27/28/27 99/72/99 25/26/25
f 7/7/7 111/103/111 97/89/97
f 51/52/51 109/101/109 110/86/110
f 35/36/35 108/85/108 33/34/33
f 15/15/15 105/81/105 106/82/106
f 59/60/59 103/95/103 104/78/104
f 43/44/43 102/77/102 41/42/41
f 25/26/25 100/74/100 23/24/23
f 5/5/5 97/89/97 98/66/98
f 154/131/154 185/132/185 186/133/186
f 32/33/32 145/134/145 34/135/34
f 52/51/52 153/136/153 154/131/154
f 6/6/6 132/137/132 8/8/8
f 24/25/24 141/138/141 26/27/26
f 44/43/44 149/139/149 150/140/150
f 62/61/62 158/141/158 159/142/159
f 16/16/16 137/143/137 18/144/18
f 36/35/36 145/134/145 146/145/146
f 54/53/54 154/131/154 155/146/155
f 8/8/8 133/147/133 10/10/10
f 26/27/26 142/148/142 28/29/28
f 46/45/46 150/140/150 151/149/151
f 64/64/64 159/142/159 160/150/160
f 18/18/18 138/151/138 20/21/20
f 38/37/38 146/145/146 147/152/147
f 56/55/56 155/146/155 156/153/156
f 10/10/10 134/154/134 12/12/12
f 28/29/28 143/155/143 30/31/30
f 48/47/48 151/149/151 152/156/152
f 2/1/2 130/157/130 4/4/4
f 2/1/2 160/150/160 129/158/129
f 20/21/20 139/159/139 22/23/22
f 40/39/40 147/152/147 148/160/148
f 58/57/58 156/153/156 157/161/157
f 12/12/12 135/162/135 14/14/14
f 30/31/30 144/163/144 32/33/32
f 50/49/50 152/156/152 153/136/153
f 4/4/4 131/164/131 6/6/6
f 22/23/22 140/165/140 24/25/24
f 42/41/42 148/160/148 149/139/149
f 60/59/60 157/161/157 158/141/158
f 162/166/162 193/167/193 194/168/194
f 140/165/140 173/169/173 141/138/141
f 155/146/155 186/133/186 187/170/187
f 141/138/141 174/171/174 142/148/142
f 156/153/156 187/170/187 188/172/188
f 142/148/142 175/173/175 143/155/143
f 129/158/129 162/166/162 130/157/130
f 157/161/157 188/172/188 189/174/189
f 143/155/143 176/175/176 144/163/144
f 130/157/130 163/176/163 131/164/131
f 158/141/158 189/174/189 190/177/190
f 144/163/144 177/178/177 145/134/145
f 131/164/131 164/179/164 132/137/132
f 159/142/159 190/177/190 191/180/191
f 146/145/146 177/178/177 178/181/178
f 132/137/132 165/182/165 133/147/133
f 160/150/160 191/180/191 192/183/192
f 147/152/147 178/181/178 179/184/179
f 133/147/133 166/185/166 134/154/134
f 129/158/129 192/183/192 161/186/161
f 148/160/148 179/184/179 180/187/180
f 134/154/134 167/188/167 135/162/135
f 149/139/149 180/187/180 181/189/181
f 135/162/135 168/190/168 136/63/136
f 150/140/150 181/189/181 182/191/182
f 136/63/136 169/192/169 137/143/137
f 151/149/151 182/191/182 183/193/183
f 137/194/137 170/195/170 138/151/138
f 152/156/152 183/193/183 184/196/184
f 138/151/138 171/197/171 139/159/139
f 153/136/153 184/196/184 185/132/185
f 139/159/139 172/198/172 140/165/140
f 206/199/206 237/200/237 238/201/238
f 188/172/188 221/202/221 189/174/189
f 176/175/176 207/203/207 208/204/208
f 163/176/163 194/168/194 195/205/195
f 189/174/189 222/206/222 190/177/190
f 177/178/177 208/204/208 209/207/209
f 164/179/164 195/205/195 196/208/196
f 190/177/190 223/209/223 191/180/191
f 177/178/177 210/210/210 178/181/178
f 165/182/165 196/208/196 197/211/197
f 191/180/191 224/212/224 192/183/192
f 178/181/178 211/213/211 179/184/179
f 166/185/166 197/211/197 198/214/198
f 192/183/192 193/167/193 161/186/161
f 179/184/179 212/215/212 180/187/180
f 167/188/167 198/214/198 199/216/199
f 180/187/180 213/217/213 181/189/181
f 168/190/168 199/216/199 200/218/200
f 181/189/181 214/219/214 182/191/182
f 169/192/169 200/218/200 201/220/201
f 182/191/182 215/221/215 183/193/183
f 170/195/170 201/222/201 202/223/202
f 183/193/183 216/224/216 184/196/184
f 171/197/171 202/223/202 203/225/203
f 184/196/184 217/226/217 185/132/185
f 172/198/172 203/225/203 204/227/204
f 185/132/185 218/228/218 186/133/186
f 173/169/173 204/227/204 205/229/205
f 186/133/186 219/230/219 187/170/187
f 174/171/174 205/229/205 206/199/206
f 187/170/187 220/231/220 188/172/188
f 175/173/175 206/199/206 207/203/207
f 241/232/241 272/233/272 273/234/273
f 219/230/219 252/235/252 220/231/220
f 207/203/207 238/201/238 239/236/239
f 194/168/194 225/237/225 226/238/226
f 220/231/220 253/239/253 221/202/221
f 208/204/208 239/236/239 240/240/240
f 195/205/195 226/238/226 227/241/227
f 221/202/221 254/242/254 222/206/222
f 209/207/209 240/240/240 241/232/241
f 196/208/196 227/241/227 228/243/228
f 222/206/222 255/244/255 223/209/223
f 209/207/209 242/245/242 210/210/210
f 197/211/197 228/243/228 229/246/229
f 223/209/223 256/247/256 224/212/224
f 210/210/210 243/248/243 211/213/211
f 198/214/198 229/246/229 230/249/230
f 224/212/224 225/237/225 193/167/193
f 211/213/211 244/250/244 212/215/212
f 199/216/199 230/249/230 231/251/231
f 212/215/212 245/252/245 213/217/213
f 200/218/200 231/251/231 232/253/232
f 213/217/213 246/254/246 214/219/214
f 201/220/201 232/253/232 233/255/233
f 214/219/214 247/256/247 215/221/215
f 202/223/202 233/257/233 234/258/234
f 215/221/215 248/259/248 216/224/216
f 203/225/203 234/258/234 235/260/235
f 216/224/216 249/261/249 217/226/217
f 204/227/204 235/260/235 236/262/236
f 217/226/217 250/263/250 218/228/218
f 205/229/205 236/262/236 237/200/237
f 218/228/218 251/264/251 219/230/219
f 275/265/275 308/266/308 276/267/276
f 228/243/228 259/268/259 260/269/260
f 254/242/254 287/270/287 255/244/255
f 241/232/241 274/271/274 242/245/242
f 229/246/229 260/269/260 261/272/261
f 255/244/255 288/273/288 256/247/256
f 242/245/242 275/265/275 243/248/243
f 230/249/230 261/272/261 262/274/262
f 256/247/256 257/275/257 225/237/225
f 243/248/243 276/267/276 244/250/244
f 231/251/231 262/274/262 263/276/263
f 244/250/244 277/277/277 245/252/245
f 232/253/232 263/276/263 264/278/264
f 245/252/245 278/279/278 246/254/246
f 233/255/233 264/278/264 265/280/265
f 246/254/246 279/281/279 247/256/247
f 234/258/234 265/282/265 266/283/266
f 247/256/247 280/284/280 248/259/248
f 235/260/235 266/283/266 267/285/267
f 248/259/248 281/286/281 249/261/249
f 236/262/236 267/285/267 268/287/268
f 249/261/249 282/288/282 250/263/250
f 237/200/237 268/287/268 269/289/269
f 250/263/250 283/290/283 251/264/251
f 238/201/238 269/289/269 270/291/270
f 251/264/251 284/292/284 252/235/252
f 239/236/239 270/291/270 271/293/271
f 226/238/226 257/275/257 258/294/258
f 252/235/252 285/295/285 253/239/253
f 240/240/240 271/293/271 272/233/272
f 227/241/227 258/294/258 259/268/259
f 253/239/253 286/296/286 254/242/254
f 310/297/310 343/298/343 311/299/311
f 263/276/263 294/300/294 295/301/295
f 276/267/276 309/302/309 277/277/277
f 264/278/264 295/301/295 296/303/296
f 277/277/277 310/297/310 278/279/278
f 265/280/265 296/303/296 297/304/297
f 278/279/278 311/299/311 279/281/279
f 266/283/266 297/305/297 298/306/298
f 279/281/279 312/307/312 280/284/280
f 267/285/267 298/306/298 299/308/299
f 280/284/280 313/309/313 281/286/281
f 268/287/268 299/308/299 300/310/300
f 281/286/281 314/311/314 282/288/282
f 269/289/269 300/310/300 301/312/301
f 282/288/282 315/313/315 283/290/283
f 270/291/270 301/312/301 302/314/302
f 283/290/283 316/315/316 284/292/284
f 271/293/271 302/314/302 303/316/303
f 258/294/258 289/317/289 290/318/290
f 284/292/284 317/319/317 285/295/285
f 272/233/272 303/316/303 304/320/304
f 259/268/259 290/318/290 291/321/291
f 285/295/285 318/322/318 286/296/286
f 273/234/273 304/320/304 305/323/305
f 260/269/260 291/321/291 292/324/292
f 286/296/286 319/325/319 287/270/287
f 273/234/273 306/326/306 274/271/274
f 261/272/261 292/324/292 293/327/293
f 287/270/287 320/328/320 288/273/288
f 274/271/274 307/329/307 275/265/275
f 262/274/262 293/327/293 294/300/294
f 288/273/288 289/317/289 257/275/257
f 345/330/345 378/331/378 346/332/346
f 298/306/298 329/333/329 330/334/330
f 311/299/311 344/335/344 312/307/312
f 299/308/299 330/334/330 331/336/331
f 312/307/312 345/330/345 313/309/313
f 300/310/300 331/336/331 332/337/332
f 313/309/313 346/332/346 314/311/314
f 301/312/301 332/337/332 333/338/333
f 314/311/314 347/339/347 315/313/315
f 302/314/302 333/338/333 334/340/334
f 315/313/315 348/341/348 316/315/316
f 303/316/303 334/340/334 335/342/335
f 290/318/290 321/343/321 322/344/322
f 316/315/316 349/345/349 317/319/317
f 304/320/304 335/342/335 336/346/336
f 291/321/291 322/344/322 323/347/323
f 317/319/317 350/348/350 318/322/318
f 305/323/305 336/346/336 337/349/337
f 292/324/292 323/347/323 324/350/324
f 318/322/318 351/351/351 319/325/319
f 305/323/305 338/352/338 306/326/306
f 293/327/293 324/350/324 325/353/325
f 319/325/319 352/354/352 320/328/320
f 306/326/306 339/355/339 307/329/307
f 294/300/294 325/353/325 326/356/326
f 320/328/320 321/343/321 289/317/289
f 307/329/307 340/357/340 308/266/308
f 295/301/295 326/356/326 327/358/327
f 308/266/308 341/359/341 309/302/309
f 296/303/296 327/358/327 328/360/328
f 309/302/309 342/361/342 310/297/310
f 297/304/297 328/360/328 329/362/329
f 368/363/368 401/364/401 369/365/369
f 333/338/333 364/366/364 365/367/365
f 346/332/346 379/368/379 347/339/347
f 334/340/334 365/367/365 366/369/366
f 347/339/347 380/370/380 348/341/348
f 335/342/335 366/369/366 367/371/367
f 322/344/322 353/372/353 354/373/354
f 348/341/348 381/374/381 349/345/349
f 336/346/336 367/371/367 368/363/368
f 323/347/323 354/373/354 355/375/355
f 349/345/349 382/376/382 350/348/350
f 337/349/337 368/363/368 369/365/369
f 324/350/324 355/375/355 356/377/356
f 350/348/350 383/378/383 351/351/351
f 337/349/337 370/379/370 338/352/338
f 325/353/325 356/377/356 357/380/357
f 351/351/351 384/381/384 352/354/352
f 338/352/338 371/382/371 339/355/339
f 326/356/326 357/380/357 358/383/358
f 352/354/352 353/372/353 321/343/321
f 339/355/339 372/384/372 340/357/340
f 327/358/327 358/383/358 359/385/359
f 340/357/340 373/386/373 341/359/341
f 328/360/328 359/385/359 360/387/360
f 341/359/341 374/388/374 342/361/342
f 329/362/329 360/387/360 361/389/361
f 342/361/342 375/390/375 343/298/343
f 330/334/330 361/391/361 362/392/362
f 343/298/343 376/393/376 344/335/344
f 331/336/331 362/392/362 363/394/363
f 344/335/344 377/395/377 345/330/345
f 332/337/332 363/394/363 364/366/364
f 404/396/404 435/397/435 436/398/436
f 355/375/355 388/399/388 356/377/356
f 383/378/383 414/400/414 415/401/415
f 370/379/370 401/364/401 402/402/402
f 356/377/356 389/403/389 357/380/357
f 384/381/384 415/401/415 416/404/416
f 371/382/371 402/402/402 403/405/403
f 357/380/357 390/406/390 358/383/358
f 353/372/353 416/404/416 385/407/385
f 372/384/372 403/405/403 404/396/404
f 358/383/358 391/408/391 359/385/359
f 373/386/373 404/396/404 405/409/405
f 359/385/359 392/410/392 360/387/360
f 374/388/374 405/409/405 406/411/406
f 360/387/360 393/412/393 361/389/361
f 375/390/375 406/411/406 407/413/407
f 361/391/361 394/414/394 362/392/362
f 376/393/376 407/413/407 408/415/408
f 362/392/362 395/416/395 363/394/363
f 377/395/377 408/415/408 409/417/409
f 363/394/363 396/418/396 364/366/364
f 378/331/378 409/417/409 410/419/410
f 364/366/364 397/420/397 365/367/365
f 379/368/379 410/419/410 411/421/411
f 365/367/365 398/422/398 366/369/366
f 380/370/380 411/421/411 412/423/412
f 366/369/366 399/424/399 367/371/367
f 353/372/353 386/425/386 354/373/354
f 381/374/381 412/423/412 413/426/413
f 367/371/367 400/427/400 368/363/368
f 354/373/354 387/428/387 355/375/355
f 382/376/382 413/426/413 414/400/414
f 439/429/439 470/430/470 471/431/471
f 390/406/390 423/432/423 391/408/391
f 405/409/405 436/398/436 437/433/437
f 391/408/391 424/434/424 392/410/392
f 406/411/406 437/433/437 438/435/438
f 392/410/392 425/436/425 393/412/393
f 407/413/407 438/435/438 439/429/439
f 393/437/393 426/438/426 394/414/394
f 408/415/408 439/429/439 440/439/440
f 394/414/394 427/440/427 395/416/395
f 409/417/409 440/439/440 441/441/441
f 395/416/395 428/442/428 396/418/396
f 410/419/410 441/441/441 442/443/442
f 396/418/396 429/444/429 397/420/397
f 411/421/411 442/443/442 443/445/443
f 397/420/397 430/446/430 398/422/398
f 412/423/412 443/445/443 444/447/444
f 398/422/398 431/448/431 399/424/399
f 385/407/385 418/449/418 386/425/386
f 413/426/413 444/447/444 445/450/445
f 399/424/399 432/451/432 400/427/400
f 386/425/386 419/452/419 387/428/387
f 414/400/414 445/450/445 446/453/446
f 400/427/400 433/454/433 401/364/401
f 387/428/387 420/455/420 388/399/388
f 415/401/415 446/453/446 447/456/447
f 402/402/402 433/454/433 434/457/434
f 388/399/388 421/458/421 389/403/389
f 416/404/416 447/456/447 448/459/448
f 403/405/403 434/457/434 435/397/435
f 389/403/389 422/460/422 390/406/390
f 385/407/385 448/459/448 417/461/417
f 476/462/476 507/463/507 508/464/508
f 425/465/425 458/466/458 426/438/426
f 440/439/440 471/431/471 472/467/472
f 426/438/426 459/468/459 427/440/427
f 441/441/441 472/467/472 473/469/473
f 427/440/427 460/470/460 428/442/428
f 442/443/442 473/469/473 474/471/474
f 428/442/428 461/472/461 429/444/429
f 443/445/443 474/471/474 475/473/475
f 429/444/429 462/474/462 430/446/430
f 444/447/444 475/473/475 476/462/476
f 430/446/430 463/475/463 431/448/431
f 417/461/417 450/476/450 418/449/418
f 445/450/445 476/462/476 477/477/477
f 431/448/431 464/478/464 432/451/432
f 418/449/418 451/479/451 419/452/419
f 446/453/446 477/477/477 478/480/478
f 432/451/432 465/481/465 433/454/433
f 419/452/419 452/482/452 420/455/420
f 447/456/447 478/480/478 479/483/479
f 434/457/434 465/481/465 466/484/466
f 420/455/420 453/485/453 421/458/421
f 448/459/448 479/483/479 480/486/480
f 435/397/435 466/484/466 467/487/467
f 421/458/421 454/488/454 422/460/422
f 417/461/417 480/486/480 449/489/449
f 436/398/436 467/487/467 468/490/468
f 422/460/422 455/491/455 423/432/423
f 437/433/437 468/490/468 469/492/469
f 423/432/423 456/493/456 424/434/424
f 438/435/438 469/492/469 470/430/470
f 424/434/424 457/494/457 425/436/425
f 483/495/483 516/496/516 484/497/484
f 462/474/462 495/498/495 463/475/463
f 449/489/449 482/499/482 450/476/450
f 477/477/477 508/464/508 509/500/509
f 463/475/463 496/501/496 464/478/464
f 450/476/450 483/495/483 451/479/451
f 478/480/478 509/500/509 510/502/510
f 464/478/464 497/503/497 465/481/465
f 451/479/451 484/497/484 452/482/452
f 479/483/479 510/502/510 511/504/511
f 466/484/466 497/503/497 498/505/498
f 452/482/452 485/506/485 453/485/453
f 480/486/480 511/504/511 512/507/512
f 467/487/467 498/505/498 499/508/499
f 453/485/453 486/509/486 454/488/454
f 449/489/449 512/507/512 481/510/481
f 468/490/468 499/508/499 500/511/500
f 454/488/454 487/512/487 455/491/455
f 469/492/469 500/511/500 501/513/501
f 455/491/455 488/514/488 456/493/456
f 470/430/470 501/513/501 502/515/502
f 456/493/456 489/516/489 457/494/457
f 471/431/471 502/515/502 503/517/503
f 457/518/457 490/519/490 458/466/458
f 472/467/472 503/517/503 504/520/504
f 458/466/458 491/521/491 459/468/459
f 473/469/473 504/520/504 505/522/505
f 459/468/459 492/523/492 460/470/460
f 474/471/474 505/522/505 506/524/506
f 460/470/460 493/525/493 461/472/461
f 475/473/475 506/524/506 507/463/507
f 461/472/461 494/526/494 462/474/462
f 519/527/519 550/528/550 551/529/551
f 511/504/511 542/530/542 543/531/543
f 498/505/498 529/532/529 530/533/530
f 484/497/484 517/534/517 485/506/485
f 512/507/512 543/531/543 544/535/544
f 499/508/499 530/533/530 531/536/531
f 485/506/485 518/537/518 486/509/486
f 481/510/481 544/535/544 513/538/513
f 500/511/500 531/536/531 532/539/532
f 486/509/486 519/527/519 487/512/487
f 501/513/501 532/539/532 533/540/533
f 487/512/487 520/541/520 488/514/488
f 502/515/502 533/540/533 534/542/534
f 488/514/488 521/543/521 489/516/489
f 503/517/503 534/542/534 535/544/535
f 489/545/489 522/546/522 490/519/490
f 504/520/504 535/544/535 536/547/536
f 490/519/490 523/548/523 491/521/491
f 505/522/505 536/547/536 537/549/537
f 491/521/491 524/550/524 492/523/492
f 506/524/506 537/549/537 538/551/538
f 492/523/492 525/552/525 493/525/493
f 507/463/507 538/551/538 539/553/539
f 493/525/493 526/554/526 494/526/494
f 508/464/508 539/553/539 540/555/540
f 494/526/494 527/556/527 495/498/495
f 481/510/481 514/557/514 482/499/482
f 509/500/509 540/555/540 541/558/541
f 495/498/495 528/559/528 496/501/496
f 482/499/482 515/560/515 483/495/483
f 510/502/510 541/558/541 542/530/542
f 496/501/496 529/532/529 497/503/497
f 554/561/554 585/562/585 586/563/586
f 532/539/532 565/564/565 533/540/533
f 520/541/520 551/529/551 552/565/552
f 533/540/533 566/566/566 534/542/534
f 521/543/521 552/565/552 553/567/553
f 534/542/534 567/568/567 535/544/535
f 522/546/522 553/569/553 554/561/554
f 535/544/535 568/570/568 536/547/536
f 523/548/523 554/561/554 555/571/555
f 536/547/536 569/572/569 537/549/537
f 524/550/524 555/571/555 556/573/556
f 537/549/537 570/574/570 538/551/538
f 525/552/525 556/573/556 557/575/557
f 538/551/538 571/576/571 539/553/539
f 526/554/526 557/575/557 558/577/558
f 539/553/539 572/578/572 540/555/540
f 527/556/527 558/577/558 559/579/559
f 514/557/514 545/580/545 546/581/546
f 540/555/540 573/582/573 541/558/541
f 528/559/528 559/579/559 560/583/560
f 515/560/515 546/581/546 547/584/547
f 541/558/541 574/585/574 542/530/542
f 529/532/529 560/583/560 561/586/561
f 516/496/516 547/584/547 548/587/548
f 542/530/542 575/588/575 543/531/543
f 529/532/529 562/589/562 530/533/530
f 517/534/517 548/587/548 549/590/549
f 543/531/543 576/591/576 544/535/544
f 530/533/530 563/592/563 531/536/531
f 518/537/518 549/590/549 550/528/550
f 544/535/544 545/580/545 513/538/513
f 531/536/531 564/593/564 532/539/532
f 583/594/583 614/595/614 615/596/615
f 568/570/568 599/597/599 600/598/600
f 555/571/555 586/563/586 587/599/587
f 569/572/569 600/598/600 601/600/601
f 556/573/556 587/599/587 588/601/588
f 570/574/570 601/600/601 602/602/602
f 557/575/557 588/601/588 589/603/589
f 571/576/571 602/602/602 603/604/603
f 558/577/558 589/603/589 590/605/590
f 572/578/572 603/604/603 604/606/604
f 559/579/559 590/605/590 591/607/591
f 546/581/546 577/608/577 578/609/578
f 573/582/573 604/606/604 605/610/605
f 560/583/560 591/607/591 592/611/592
f 547/584/547 578/609/578 579/612/579
f 574/585/574 605/610/605 606/613/606
f 561/586/561 592/611/592 593/614/593
f 548/587/548 579/612/579 580/615/580
f 575/588/575 606/613/606 607/616/607
f 562/589/562 593/614/593 594/617/594
f 549/590/549 580/615/580 581/618/581
f 576/591/576 607/616/607 608/619/608
f 563/592/563 594/617/594 595/620/595
f 550/528/550 581/618/581 582/621/582
f 545/580/545 608/619/608 577/608/577
f 564/593/564 595/620/595 596/622/596
f 551/529/551 582/621/582 583/594/583
f 565/564/565 596/622/596 597/623/597
f 552/565/552 583/594/583 584/624/584
f 566/566/566 597/623/597 598/625/598
f 553/567/553 584/624/584 585/626/585
f 567/568/567 598/625/598 599/597/599
f 613/627/613 612/628/612 621/629/621
f 596/622/596 629/630/629 597/623/597
f 584/624/584 615/596/615 616/631/616
f 597/623/597 630/632/630 598/625/598
f 585/626/585 616/631/616 617/633/617
f 598/625/598 631/634/631 599/597/599
f 586/563/586 617/633/617 618/635/618
f 599/597/599 632/636/632 600/598/600
f 587/599/587 618/635/618 619/637/619
f 600/598/600 633/638/633 601/600/601
f 588/601/588 619/637/619 620/639/620
f 601/600/601 634/640/634 602/602/602
f 589/603/589 620/639/620 621/629/621
f 602/602/602 635/641/635 603/604/603
f 590/605/590 621/629/621 622/642/622
f 603/604/603 636/643/636 604/606/604
f 591/607/591 622/642/622 623/644/623
f 578/609/578 609/645/609 610/646/610
f 604/606/604 637/647/637 605/610/605
f 592/611/592 623/644/623 624/648/624
f 579/612/579 610/646/610 611/649/611
f 605/610/605 638/650/638 606/613/606
f 593/614/593 624/648/624 625/651/625
f 580/615/580 611/649/611 612/628/612
f 606/613/606 639/652/639 607/616/607
f 593/614/593 626/653/626 594/617/594
f 581/618/581 612/628/612 613/627/613
f 607/616/607 640/654/640 608/619/608
f 594/617/594 627/655/627 595/620/595
f 582/621/582 613/627/613 614/595/614
f 608/619/608 609/645/609 577/608/577
f 595/620/595 628/656/628 596/622/596
f 665/657/665 698/658/698 666/659/666
f 674/660/674 705/661/705 706/662/706
f 653/663/653 684/664/684 685/665/685
f 666/659/666 699/666/699 667/667/667
f 653/663/653 686/668/686 654/669/654
f 667/667/667 700/670/700 668/671/668
f 654/669/654 687/672/687 655/673/655
f 642/674/642 673/675/673 674/660/674
f 668/671/668 701/676/701 669/677/669
f 655/673/655 688/678/688 656/679/656
f 643/680/643 674/660/674 675/681/675
f 669/677/669 702/682/702 670/683/670
f 656/679/656 689/684/689 657/685/657
f 644/686/644 675/687/675 676/688/676
f 671/689/671 702/682/702 703/690/703
f 657/685/657 690/691/690 658/692/658
f 645/693/645 676/688/676 677/694/677
f 672/695/672 703/690/703 704/696/704
f 658/692/658 691/697/691 659/698/659
f 646/699/646 677/694/677 678/700/678
f 641/701/641 704/696/704 673/675/673
f 659/698/659 692/702/692 660/703/660
f 647/704/647 678/700/678 679/705/679
f 660/703/660 693/706/693 661/707/661
f 648/708/648 679/705/679 680/709/680
f 661/707/661 694/710/694 662/711/662
f 649/712/649 680/709/680 681/713/681
f 662/711/662 695/714/695 663/715/663
f 650/716/650 681/713/681 682/717/682
f 663/715/663 696/718/696 664/719/664
f 651/720/651 682/717/682 683/721/683
f 664/719/664 697/722/697 665/657/665
f 652/723/652 683/721/683 684/664/684
f 718/724/718 749/725/749 750/726/750
f 700/670/700 733/727/733 701/676/701
f 688/678/688 719/728/719 720/729/720
f 675/681/675 706/662/706 707/730/707
f 701/676/701 734/731/734 702/682/702
f 688/678/688 721/732/721 689/684/689
f 676/688/676 707/733/707 708/734/708
f 702/682/702 735/735/735 703/690/703
f 689/684/689 722/736/722 690/691/690
f 677/694/677 708/734/708 709/737/709
f 703/690/703 736/738/736 704/696/704
f 690/691/690 723/739/723 691/697/691
f 678/700/678 709/737/709 710/740/710
f 673/675/673 736/738/736 705/661/705
f 691/697/691 724/741/724 692/702/692
f 679/705/679 710/740/710 711/742/711
f 692/702/692 725/743/725 693/706/693
f 680/709/680 711/742/711 712/744/712
f 693/706/693 726/745/726 694/710/694
f 681/713/681 712/744/712 713/746/713
f 694/710/694 727/747/727 695/714/695
f 682/717/682 713/746/713 714/748/714
f 695/714/695 728/749/728 696/718/696
f 683/721/683 714/748/714 715/750/715
f 696/718/696 729/751/729 697/722/697
f 684/664/684 715/750/715 716/752/716
f 697/722/697 730/753/730 698/658/698
f 685/665/685 716/752/716 717/754/717
f 698/658/698 731/755/731 699/666/699
f 686/668/686 717/754/717 718/724/718
f 699/666/699 732/756/732 700/670/700
f 687/672/687 718/724/718 719/728/719
f 753/757/753 784/758/784 785/759/785
f 731/755/731 764/760/764 732/756/732
f 719/728/719 750/726/750 751/761/751
f 706/662/706 737/762/737 738/763/738
f 732/756/732 765/764/765 733/727/733
f 720/729/720 751/761/751 752/765/752
f 707/730/707 738/763/738 739/766/739
f 733/727/733 766/767/766 734/731/734
f 720/729/720 753/757/753 721/732/721
f 708/734/708 739/768/739 740/769/740
f 734/731/734 767/770/767 735/735/735
f 721/732/721 754/771/754 722/736/722
f 709/737/709 740/769/740 741/772/741
f 735/735/735 768/773/768 736/738/736
f 722/736/722 755/774/755 723/739/723
f 710/740/710 741/772/741 742/775/742
f 705/661/705 768/773/768 737/762/737
f 723/739/723 756/776/756 724/741/724
f 711/742/711 742/775/742 743/777/743
f 724/741/724 757/778/757 725/743/725
f 712/744/712 743/777/743 744/779/744
f 725/743/725 758/780/758 726/745/726
f 713/746/713 744/779/744 745/781/745
f 726/745/726 759/782/759 727/747/727
f 714/748/714 745/781/745 746/783/746
f 727/747/727 760/784/760 728/749/728
f 715/750/715 746/783/746 747/785/747
f 728/749/728 761/786/761 729/751/729
f 716/752/716 747/785/747 748/787/748
f 729/751/729 762/788/762 730/753/730
f 717/754/717 748/787/748 749/725/749
f 730/753/730 763/789/763 731/755/731
f 787/790/787 820/791/820 788/792/788
f 740/769/740 771/793/771 772/794/772
f 766/767/766 799/795/799 767/770/767
f 753/757/753 786/796/786 754/771/754
f 741/772/741 772/794/772 773/797/773
f 767/770/767 800/798/800 768/773/768
f 754/771/754 787/790/787 755/774/755
f 742/775/742 773/797/773 774/799/774
f 768/773/768 769/800/769 737/762/737
f 755/774/755 788/792/788 756/776/756
f 743/777/743 774/799/774 775/801/775
f 756/776/756 789/802/789 757/778/757
f 744/779/744 775/801/775 776/803/776
f 757/778/757 790/804/790 758/780/758
f 745/781/745 776/803/776 777/805/777
f 758/780/758 791/806/791 759/782/759
f 746/783/746 777/805/777 778/807/778
f 759/782/759 792/808/792 760/784/760
f 747/785/747 778/807/778 779/809/779
f 760/784/760 793/810/793 761/786/761
f 748/787/748 779/809/779 780/811/780
f 761/786/761 794/812/794 762/788/762
f 749/725/749 780/811/780 781/813/781
f 762/788/762 795/814/795 763/789/763
f 750/726/750 781/813/781 782/815/782
f 763/789/763 796/816/796 764/760/764
f 751/761/751 782/815/782 783/817/783
f 738/763/738 769/800/769 770/818/770
f 764/760/764 797/819/797 765/764/765
f 752/765/752 783/817/783 784/758/784
f 739/766/739 770/818/770 771/820/771
f 765/764/765 798/821/798 766/767/766
f 822/822/822 855/823/855 823/824/823
f 775/801/775 806/825/806 807/826/807
f 788/792/788 821/827/821 789/802/789
f 776/803/776 807/826/807 808/828/808
f 789/802/789 822/822/822 790/804/790
f 777/805/777 808/828/808 809/829/809
f 790/804/790 823/824/823 791/806/791
f 778/807/778 809/829/809 810/830/810
f 791/806/791 824/831/824 792/808/792
f 779/809/779 810/830/810 811/832/811
f 792/808/792 825/833/825 793/810/793
f 780/811/780 811/832/811 812/834/812
f 793/810/793 826/835/826 794/812/794
f 781/813/781 812/834/812 813/836/813
f 794/812/794 827/837/827 795/814/795
f 782/815/782 813/836/813 814/838/814
f 795/814/795 828/839/828 796/816/796
f 783/817/783 814/838/814 815/840/815
f 770/818/770 801/841/801 802/842/802
f 796/816/796 829/843/829 797/819/797
f 784/758/784 815/840/815 816/844/816
f 771/820/771 802/842/802 803/845/803
f 797/819/797 830/846/830 798/821/798
f 785/759/785 816/844/816 817/847/817
f 772/794/772 803/848/803 804/849/804
f 798/821/798 831/850/831 799/795/799
f 785/759/785 818/851/818 786/796/786
f 773/797/773 804/849/804 805/852/805
f 799/795/799 832/853/832 800/798/800
f 786/796/786 819/854/819 787/790/787
f 774/799/774 805/852/805 806/825/806
f 800/798/800 801/841/801 769/800/769
f 858/855/858 889/856/889 890/857/890
f 810/830/810 841/858/841 842/859/842
f 823/824/823 856/860/856 824/831/824
f 811/832/811 842/859/842 843/861/843
f 824/831/824 857/862/857 825/833/825
f 812/834/812 843/861/843 844/863/844
f 825/833/825 858/855/858 826/835/826
f 813/836/813 844/863/844 845/864/845
f 826/835/826 859/865/859 827/837/827
f 814/838/814 845/864/845 846/866/846
f 827/837/827 860/867/860 828/839/828
f 815/840/815 846/866/846 847/868/847
f 802/842/802 833/869/833 834/870/834
f 828/839/828 861/871/861 829/843/829
f 816/844/816 847/868/847 848/872/848
f 803/845/803 834/870/834 835/873/835
f 829/843/829 862/874/862 830/846/830
f 817/847/817 848/872/848 849/875/849
f 804/849/804 835/876/835 836/877/836
f 830/846/830 863/878/863 831/850/831
f 817/847/817 850/879/850 818/851/818
f 805/852/805 836/877/836 837/880/837
f 831/850/831 864/881/864 832/853/832
f 818/851/818 851/882/851 819/854/819
f 806/825/806 837/880/837 838/883/838
f 832/853/832 833/869/833 801/841/801
f 819/854/819 852/884/852 820/791/820
f 807/826/807 838/883/838 839/885/839
f 820/791/820 853/886/853 821/827/821
f 808/828/808 839/885/839 840/887/840
f 821/827/821 854/888/854 822/822/822
f 809/829/809 840/887/840 841/858/841
f 880/889/880 913/890/913 881/891/881
f 844/863/844 877/892/877 845/864/845
f 859/865/859 890/857/890 891/893/891
f 845/864/845 878/894/878 846/866/846
f 860/867/860 891/893/891 892/895/892
f 846/866/846 879/896/879 847/868/847
f 833/869/833 866/897/866 834/870/834
f 861/871/861 892/895/892 893/898/893
f 847/868/847 880/889/880 848/872/848
f 834/870/834 867/899/867 835/873/835
f 862/874/862 893/898/893 894/900/894
f 848/872/848 881/891/881 849/875/849
f 835/876/835 868/901/868 836/877/836
f 863/878/863 894/900/894 895/902/895
f 850/879/850 881/891/881 882/903/882
f 836/877/836 869/904/869 837/880/837
f 864/881/864 895/902/895 896/905/896
f 851/882/851 882/903/882 883/906/883
f 837/880/837 870/907/870 838/883/838
f 833/869/833 896/905/896 865/908/865
f 852/884/852 883/906/883 884/909/884
f 838/883/838 871/910/871 839/885/839
f 853/886/853 884/909/884 885/911/885
f 839/885/839 872/912/872 840/887/840
f 854/888/854 885/911/885 886/913/886
f 840/887/840 873/914/873 841/858/841
f 855/823/855 886/913/886 887/915/887
f 841/858/841 874/916/874 842/859/842
f 856/860/856 887/915/887 888/917/888
f 842/859/842 875/918/875 843/861/843
f 857/862/857 888/917/888 889/856/889
f 843/861/843 876/919/876 844/863/844
f 916/920/916 947/921/947 948/922/948
f 867/923/867 900/924/900 868/901/868
f 895/902/895 926/925/926 927/926/927
f 882/903/882 913/890/913 914/927/914
f 868/901/868 901/928/901 869/904/869
f 896/905/896 927/926/927 928/929/928
f 883/906/883 914/927/914 915/930/915
f 869/904/869 902/931/902 870/907/870
f 865/908/865 928/929/928 897/932/897
f 884/909/884 915/930/915 916/920/916
f 870/907/870 903/933/903 871/910/871
f 885/911/885 916/920/916 917/934/917
f 871/910/871 904/935/904 872/912/872
f 886/913/886 917/934/917 918/936/918
f 872/912/872 905/937/905 873/914/873
f 887/915/887 918/936/918 919/938/919
f 873/914/873 906/939/906 874/916/874
f 888/917/888 919/938/919 920/940/920
f 874/916/874 907/941/907 875/918/875
f 889/856/889 920/940/920 921/942/921
f 875/918/875 908/943/908 876/919/876
f 890/857/890 921/942/921 922/944/922
f 876/919/876 909/945/909 877/892/877
f 891/893/891 922/944/922 923/946/923
f 877/892/877 910/947/910 878/894/878
f 892/895/892 923/946/923 924/948/924
f 878/894/878 911/949/911 879/896/879
f 865/908/865 898/950/898 866/897/866
f 893/898/893 924/948/924 925/951/925
f 879/896/879 912/952/912 880/889/880
f 866/897/866 899/953/899 867/899/867
f 894/900/894 925/951/925 926/925/926
f 951/954/951 982/955/982 983/956/983
f 902/931/902 935/957/935 903/933/903
f 917/934/917 948/922/948 949/958/949
f 903/933/903 936/959/936 904/935/904
f 918/936/918 949/958/949 950/960/950
f 904/935/904 937/961/937 905/937/905
f 919/938/919 950/960/950 951/954/951
f 905/937/905 938/962/938 906/939/906
f 920/940/920 951/954/951 952/963/952
f 906/939/906 939/964/939 907/941/907
f 921/942/921 952/963/952 953/965/953
f 907/941/907 940/966/940 908/943/908
f 922/944/922 953/965/953 954/967/954
f 908/943/908 941/968/941 909/945/909
f 923/946/923 954/967/954 955/969/955
f 909/945/909 942/970/942 910/947/910
f 924/948/924 955/969/955 956/971/956
f 910/947/910 943/972/943 911/949/911
f 897/932/897 930/973/930 898/950/898
f 925/951/925 956/971/956 957/974/957
f 911/949/911 944/975/944 912/952/912
f 898/950/898 931/976/931 899/953/899
f 926/925/926 957/974/957 958/977/958
f 912/952/912 945/978/945 913/890/913
f 899/979/899 932/980/932 900/924/900
f 927/926/927 958/977/958 959/981/959
f 914/927/914 945/978/945 946/982/946
f 900/924/900 933/983/933 901/928/901
f 928/929/928 959/981/959 960/984/960
f 915/930/915 946/982/946 947/921/947
f 901/928/901 934/985/934 902/931/902
f 897/932/897 960/984/960 929/986/929
f 988/987/988 1019/988/1019 1020/989/1020
f 937/961/937 970/990/970 938/962/938
f 952/963/952 983/956/983 984/991/984
f 938/962/938 971/992/971 939/964/939
f 953/965/953 984/991/984 985/993/985
f 939/964/939 972/994/972 940/966/940
f 954/967/954 985/993/985 986/995/986
f 940/966/940 973/996/973 941/968/941
f 955/969/955 986/995/986 987/997/987
f 941/968/941 974/998/974 942/970/942
f 956/971/956 987/997/987 988/987/988
f 942/970/942 975/999/975 943/972/943
f 929/986/929 962/1000/962 930/973/930
f 957/974/957 988/987/988 989/1001/989
f 943/972/943 976/1002/976 944/975/944
f 930/973/930 963/1003/963 931/976/931
f 958/977/958 989/1001/989 990/1004/990
f 945/978/945 976/1002/976 977/1005/977
f 931/1006/931 964/1007/964 932/980/932
f 959/981/959 990/1004/990 991/1008/991
f 946/982/946 977/1005/977 978/1009/978
f 932/980/932 965/1010/965 933/983/933
f 960/984/960 991/1008/991 992/1011/992
f 947/921/947 978/1009/978 979/1012/979
f 933/983/933 966/1013/966 934/985/934
f 960/984/960 961/1014/961 929/986/929
f 948/922/948 979/1012/979 980/1015/980
f 934/985/934 967/1016/967 935/957/935
f 949/958/949 980/1015/980 981/1017/981
f 935/957/935 968/1018/968 936/959/936
f 950/960/950 981/1017/981 982/955/982
f 936/959/936 969/1019/969 937/961/937
f 995/1020/995 1028/1021/1028 996/1022/996
f 974/998/974 1007/1023/1007 975/999/975
f 961/1014/961 994/1024/994 962/1000/962
f 989/1001/989 1020/989/1020 1021/1025/1021
f 975/999/975 1008/1026/1008 976/1002/976
f 962/1000/962 995/1027/995 963/1003/963
f 990/1004/990 1021/1025/1021 1022/1028/1022
f 977/1005/977 1008/1026/1008 1009/1029/1009
f 963/1030/963 996/1022/996 964/1007/964
f 991/1008/991 1022/1028/1022 1023/1031/1023
f 978/1009/978 1009/1029/1009 1010/1032/1010
f 964/1007/964 997/1033/997 965/1010/965
f 991/1008/991 1024/1034/1024 992/1011/992
f 979/1012/979 1010/1032/1010 1011/1035/1011
f 965/1010/965 998/1036/998 966/1013/966
f 992/1011/992 993/1037/993 961/1014/961
f 980/1015/980 1011/1035/1011 1012/1038/1012
f 966/1013/966 999/1039/999 967/1016/967
f 981/1017/981 1012/1038/1012 1013/1040/1013
f 967/1016/967 1000/1041/1000 968/1018/968
f 982/955/982 1013/1040/1013 1014/1042/1014
f 968/1018/968 1001/1043/1001 969/1019/969
f 983/956/983 1014/1042/1014 1015/1044/1015
f 969/1019/969 1002/1045/1002 970/990/970
f 984/991/984 1015/1044/1015 1016/1046/1016
f 970/990/970 1003/1047/1003 971/992/971
f 985/993/985 1016/1046/1016 1017/1048/1017
f 971/992/971 1004/1049/1004 972/994/972
f 986/995/986 1017/1048/1017 1018/1050/1018
f 972/994/972 1005/1051/1005 973/996/973
f 987/997/987 1018/1050/1018 1019/988/1019
f 973/996/973 1006/1052/1006 974/998/974
f 1031/1053/1031 1062/1054/1062 1063/1055/1063
f 1022/1028/1022 1055/1056/1055 1023/1031/1023
f 1010/1032/1010 1041/1057/1041 1042/1058/1042
f 996/1022/996 1029/1059/1029 997/1033/997
f 1023/1031/1023 1056/1060/1056 1024/1034/1024
f 1011/1035/1011 1042/1058/1042 1043/1061/1043
f 997/1033/997 1030/1062/1030 998/1036/998
f 1024/1034/1024 1025/1063/1025 993/1037/993
f 1012/1038/1012 1043/1061/1043 1044/1064/1044
f 998/1036/998 1031/1053/1031 999/1039/999
f 1013/1040/1013 1044/1064/1044 1045/1065/1045
f 1000/1041/1000 1031/1053/1031 1032/1066/1032
f 1014/1042/1014 1045/1065/1045 1046/1067/1046
f 1001/1043/1001 1032/1066/1032 1033/1068/1033
f 1015/1044/1015 1046/1067/1046 1047/1069/1047
f 1002/1045/1002 1033/1068/1033 1034/1070/1034
f 1016/1046/1016 1047/1069/1047 1048/1071/1048
f 1003/1047/1003 1034/1070/1034 1035/1072/1035
f 1016/1046/1016 1049/1073/1049 1017/1048/1017
f 1004/1049/1004 1035/1072/1035 1036/1074/1036
f 1017/1048/1017 1050/1075/1050 1018/1050/1018
f 1005/1051/1005 1036/1074/1036 1037/1076/1037
f 1018/1050/1018 1051/1077/1051 1019/988/1019
f 1006/1052/1006 1037/1076/1037 1038/1078/1038
f 1019/988/1019 1052/1079/1052 1020/989/1020
f 1007/1023/1007 1038/1078/1038 1039/1080/1039
f 993/1037/993 1026/1081/1026 994/1024/994
f 1020/989/1020 1053/1082/1053 1021/1025/1021
f 1008/1026/1008 1039/1080/1039 1040/1083/1040
f 994/1024/994 1027/1084/1027 995/1027/995
f 1021/1025/1021 1054/1085/1054 1022/1028/1022
f 1009/1029/1009 1040/1083/1040 1041/1057/1041
f 1066/1086/1066 1097/1087/1097 1098/1088/1098
f 1044/1064/1044 1077/1089/1077 1045/1065/1045
f 1032/1066/1032 1063/1055/1063 1064/1090/1064
f 1045/1065/1045 1078/1091/1078 1046/1067/1046
f 1033/1068/1033 1064/1090/1064 1065/1092/1065
f 1046/1067/1046 1079/1093/1079 1047/1069/1047
f 1034/1070/1034 1065/1092/1065 1066/1086/1066
f 1047/1069/1047 1080/1094/1080 1048/1071/1048
f 1035/1072/1035 1066/1086/1066 1067/1095/1067
f 1048/1071/1048 1081/1096/1081 1049/1073/1049
f 1036/1074/1036 1067/1095/1067 1068/1097/1068
f 1049/1073/1049 1082/1098/1082 1050/1075/1050
f 1037/1076/1037 1068/1097/1068 1069/1099/1069
f 1050/1075/1050 1083/1100/1083 1051/1077/1051
f 1038/1078/1038 1069/1099/1069 1070/1101/1070
f 1051/1077/1051 1084/1102/1084 1052/1079/1052
f 1039/1080/1039 1070/1101/1070 1071/1103/1071
f 1025/1063/1025 1058/1104/1058 1026/1081/1026
f 1052/1079/1052 1085/1105/1085 1053/1082/1053
f 1040/1083/1040 1071/1103/1071 1072/1106/1072
f 1027/1084/1027 1058/1104/1058 1059/1107/1059
f 1053/1082/1053 1086/1108/1086 1054/1085/1054
f 1041/1057/1041 1072/1106/1072 1073/1109/1073
f 1028/1021/1028 1059/1110/1059 1060/1111/1060
f 1054/1085/1054 1087/1112/1087 1055/1056/1055
f 1042/1058/1042 1073/1109/1073 1074/1113/1074
f 1029/1059/1029 1060/1111/1060 1061/1114/1061
f 1055/1056/1055 1088/1115/1088 1056/1060/1056
f 1042/1058/1042 1075/1116/1075 1043/1061/1043
f 1030/1062/1030 1061/1114/1061 1062/1054/1062
f 1056/1060/1056 1057/1117/1057 1025/1063/1025
f 1043/1061/1043 1076/1118/1076 1044/1064/1044
f 1095/1119/1095 1126/1120/1126 1127/1121/1127
f 1080/1094/1080 1111/1122/1111 1112/1123/1112
f 1067/1095/1067 1098/1088/1098 1099/1124/1099
f 1081/1096/1081 1112/1123/1112 1113/1125/1113
f 1068/1097/1068 1099/1124/1099 1100/1126/1100
f 1082/1098/1082 1113/1125/1113 1114/1127/1114
f 1069/1099/1069 1100/1126/1100 1101/1128/1101
f 1083/1100/1083 1114/1127/1114 1115/1129/1115
f 1070/1101/1070 1101/1128/1101 1102/1130/1102
f 1084/1102/1084 1115/1129/1115 1116/1131/1116
f 1071/1103/1071 1102/1130/1102 1103/1132/1103
f 1058/1104/1058 1089/1133/1089 1090/1134/1090
f 1085/1105/1085 1116/1131/1116 1117/1135/1117
f 1072/1106/1072 1103/1132/1103 1104/1136/1104
f 1059/1107/1059 1090/1134/1090 1091/1137/1091
f 1086/1108/1086 1117/1135/1117 1118/1138/1118
f 1073/1109/1073 1104/1136/1104 1105/1139/1105
f 1060/1111/1060 1091/1140/1091 1092/1141/1092
f 1087/1112/1087 1118/1138/1118 1119/1142/1119
f 1074/1113/1074 1105/1139/1105 1106/1143/1106
f 1061/1114/1061 1092/1141/1092 1093/1144/1093
f 1088/1115/1088 1119/1142/1119 1120/1145/1120
f 1075/1116/1075 1106/1143/1106 1107/1146/1107
f 1062/1054/1062 1093/1144/1093 1094/1147/1094
f 1057/1117/1057 1120/1145/1120 1089/1133/1089
f 1076/1118/1076 1107/1146/1107 1108/1148/1108
f 1063/1055/1063 1094/1147/1094 1095/1119/1095
f 1077/1089/1077 1108/1148/1108 1109/1149/1109
f 1064/1090/1064 1095/1119/1095 1096/1150/1096
f 1078/1091/1078 1109/1149/1109 1110/1151/1110
f 1065/1092/1065 1096/1150/1096 1097/1087/1097
f 1079/1093/1079 1110/1151/1110 1111/1122/1111
f 1125/1152/1125 1124/1153/1124 1135/1154/1135
f 1108/1148/1108 1141/1155/1141 1109/1149/1109
f 1096/1150/1096 1127/1121/1127 1128/1156/1128
f 1109/1149/1109 1142/1157/1142 1110/1151/1110
f 1097/1087/1097 1128/1156/1128 1129/1158/1129
f 1110/1151/1110 1143/1159/1143 1111/1122/1111
f 1098/1088/1098 1129/1158/1129 1130/1160/1130
f 1111/1122/1111 1144/1161/1144 1112/1123/1112
f 1099/1124/1099 1130/1160/1130 1131/1162/1131
f 1112/1123/1112 1145/1163/1145 1113/1125/1113
f 1100/1126/1100 1131/1162/1131 1132/1164/1132
f 1113/1125/1113 1146/1165/1146 1114/1127/1114
f 1101/1128/1101 1132/1164/1132 1133/1166/1133
f 1114/1127/1114 1147/1167/1147 1115/1129/1115
f 1102/1130/1102 1133/1166/1133 1134/1168/1134
f 1115/1129/1115 1148/1169/1148 1116/1131/1116
f 1103/1132/1103 1134/1168/1134 1135/1154/1135
f 1089/1133/1089 1122/1170/1122 1090/1134/1090
f 1116/1131/1116 1149/1171/1149 1117/1135/1117
f 1104/1136/1104 1135/1154/1135 1136/1172/1136
f 1091/1137/1091 1122/1170/1122 1123/1173/1123
f 1117/1135/1117 1150/1174/1150 1118/1138/1118
f 1105/1139/1105 1136/1172/1136 1137/1175/1137
f 1092/1141/1092 1123/1173/1123 1124/1153/1124
f 1118/1138/1118 1151/1176/1151 1119/1142/1119
f 1106/1143/1106 1137/1175/1137 1138/1177/1138
f 1093/1144/1093 1124/1153/1124 1125/1152/1125
f 1119/1142/1119 1152/1178/1152 1120/1145/1120
f 1106/1143/1106 1139/1179/1139 1107/1146/1107
f 1094/1147/1094 1125/1152/1125 1126/1120/1126
f 1120/1145/1120 1121/1180/1121 1089/1133/1089
f 1107/1146/1107 1140/1181/1140 1108/1148/1108
f 1160/1182/1160 1191/1183/1191 1192/1184/1192
f 1209/1185/1209 1242/1186/1242 1210/1187/1210
f 1169/1188/1169 1200/1189/1200 1201/1190/1201
f 1177/1191/1177 1210/1187/1210 1178/1192/1178
f 1155/1193/1155 1188/1194/1188 1156/1195/1156
f 1165/1196/1165 1196/1197/1196 1197/1198/1197
f 1173/1199/1173 1206/1200/1206 1174/1201/1174
f 1182/1202/1182 1215/1203/1215 1183/1204/1183
f 1161/1205/1161 1192/1184/1192 1193/1206/1193
f 1170/1207/1170 1201/1190/1201 1202/1208/1202
f 1178/1192/1178 1211/1209/1211 1179/1210/1179
f 1156/1195/1156 1189/1211/1189 1157/1212/1157
f 1166/1213/1166 1197/1198/1197 1198/1214/1198
f 1174/1201/1174 1207/1215/1207 1175/1216/1175
f 1183/1204/1183 1216/1217/1216 1184/1218/1184
f 1162/1219/1162 1193/1206/1193 1194/1220/1194
f 1171/1221/1171 1202/1208/1202 1203/1222/1203
f 1179/1223/1179 1212/1224/1212 1180/1225/1180
f 1158/1226/1158 1189/1211/1189 1190/1227/1190
f 1167/1228/1167 1198/1214/1198 1199/1229/1199
f 1175/1216/1175 1208/1230/1208 1176/1231/1176
f 1153/1232/1153 1186/1233/1186 1154/1234/1154
f 1184/1218/1184 1185/1235/1185 1153/1232/1153
f 1163/1236/1163 1194/1220/1194 1195/1237/1195
f 1172/1238/1172 1203/1222/1203 1204/1239/1204
f 1180/1225/1180 1213/1240/1213 1181/1241/1181
f 1159/1242/1159 1190/1227/1190 1191/1183/1191
f 1168/1243/1168 1199/1229/1199 1200/1189/1200
f 1176/1231/1176 1209/1185/1209 1177/1191/1177
f 1154/1234/1154 1187/1244/1187 1155/1193/1155
f 1164/1245/1164 1195/1237/1195 1196/1197/1196
f 1173/1199/1173 1204/1239/1204 1205/1246/1205
f 1181/1241/1181 1214/1247/1214 1182/1202/1182
f 1217/1248/1217 1250/1249/1250 1218/1250/1218
f 1197/1198/1197 1228/1251/1228 1229/1252/1229
f 1210/1187/1210 1243/1253/1243 1211/1209/1211
f 1198/1214/1198 1229/1252/1229 1230/1254/1230
f 1211/1255/1211 1244/1256/1244 1212/1224/1212
f 1199/1229/1199 1230/1254/1230 1231/1257/1231
f 1185/1235/1185 1218/1250/1218 1186/1233/1186
f 1212/1224/1212 1245/1258/1245 1213/1240/1213
f 1200/1189/1200 1231/1257/1231 1232/1259/1232
f 1186/1233/1186 1219/1260/1219 1187/1244/1187
f 1213/1240/1213 1246/1261/1246 1214/1247/1214
f 1201/1190/1201 1232/1259/1232 1233/1262/1233
f 1187/1244/1187 1220/1263/1220 1188/1194/1188
f 1214/1247/1214 1247/1264/1247 1215/1203/1215
f 1202/1208/1202 1233/1262/1233 1234/1265/1234
f 1188/1194/1188 1221/1266/1221 1189/1211/1189
f 1215/1203/1215 1248/1267/1248 1216/1217/1216
f 1203/1222/1203 1234/1265/1234 1235/1268/1235
f 1190/1227/1190 1221/1266/1221 1222/1269/1222
f 1216/1217/1216 1217/1248/1217 1185/1235/1185
f 1204/1239/1204 1235/1268/1235 1236/1270/1236
f 1191/1183/1191 1222/1269/1222 1223/1271/1223
f 1205/1246/1205 1236/1270/1236 1237/1272/1237
f 1192/1184/1192 1223/1271/1223 1224/1273/1224
f 1205/1246/1205 1238/1274/1238 1206/1200/1206
f 1193/1206/1193 1224/1273/1224 1225/1275/1225
f 1206/1200/1206 1239/1276/1239 1207/1215/1207
f 1194/1220/1194 1225/1275/1225 1226/1277/1226
f 1207/1215/1207 1240/1278/1240 1208/1230/1208
f 1195/1237/1195 1226/1277/1226 1227/1279/1227
f 1208/1230/1208 1241/1280/1241 1209/1185/1209
f 1196/1197/1196 1227/1279/1227 1228/1251/1228
f 1262/1281/1262 1293/1282/1293 1294/1283/1294
f 1244/1256/1244 1277/1284/1277 1245/1258/1245
f 1232/1259/1232 1263/1285/1263 1264/1286/1264
f 1218/1250/1218 1251/1287/1251 1219/1260/1219
f 1245/1258/1245 1278/1288/1278 1246/1261/1246
f 1233/1262/1233 1264/1286/1264 1265/1289/1265
f 1220/1263/1220 1251/1287/1251 1252/1290/1252
f 1246/1261/1246 1279/1291/1279 1247/1264/1247
f 1234/1265/1234 1265/1289/1265 1266/1292/1266
f 1221/1266/1221 1252/1290/1252 1253/1293/1253
f 1247/1264/1247 1280/1294/1280 1248/1267/1248
f 1235/1268/1235 1266/1292/1266 1267/1295/1267
f 1222/1269/1222 1253/1293/1253 1254/1296/1254
f 1248/1267/1248 1249/1297/1249 1217/1248/1217
f 1235/1268/1235 1268/1298/1268 1236/1270/1236
f 1223/1271/1223 1254/1296/1254 1255/1299/1255
f 1236/1270/1236 1269/1300/1269 1237/1272/1237
f 1224/1273/1224 1255/1299/1255 1256/1301/1256
f 1237/1272/1237 1270/1302/1270 1238/1274/1238
f 1225/1275/1225 1256/1301/1256 1257/1303/1257
f 1238/1274/1238 1271/1304/1271 1239/1276/1239
f 1226/1277/1226 1257/1303/1257 1258/1305/1258
f 1239/1276/1239 1272/1306/1272 1240/1278/1240
f 1227/1279/1227 1258/1305/1258 1259/1307/1259
f 1240/1278/1240 1273/1308/1273 1241/1280/1241
f 1228/1251/1228 1259/1307/1259 1260/1309/1260
f 1241/1280/1241 1274/1310/1274 1242/1186/1242
f 1229/1252/1229 1260/1309/1260 1261/1311/1261
f 1242/1186/1242 1275/1312/1275 1243/1253/1243
f 1230/1254/1230 1261/1311/1261 1262/1281/1262
f 1243/1313/1243 1276/1314/1276 1244/1256/1244
f 1231/1257/1231 1262/1281/1262 1263/1285/1263
f 1297/1315/1297 1328/1316/1328 1329/1317/1329
f 1275/1318/1275 1308/1319/1308 1276/1314/1276
f 1263/1285/1263 1294/1283/1294 1295/1320/1295
f 1249/1297/1249 1282/1321/1282 1250/1249/1250
f 1276/1314/1276 1309/1322/1309 1277/1284/1277
f 1264/1286/1264 1295/1320/1295 1296/1323/1296
f 1251/1287/1251 1282/1321/1282 1283/1324/1283
f 1277/1284/1277 1310/1325/1310 1278/1288/1278
f 1265/1289/1265 1296/1323/1296 1297/1315/1297
f 1252/1290/1252 1283/1324/1283 1284/1326/1284
f 1278/1288/1278 1311/1327/1311 1279/1291/1279
f 1266/1292/1266 1297/1315/1297 1298/1328/1298
f 1253/1293/1253 1284/1326/1284 1285/1329/1285
f 1279/1291/1279 1312/1330/1312 1280/1294/1280
f 1266/1292/1266 1299/1331/1299 1267/1295/1267
f 1254/1296/1254 1285/1329/1285 1286/1332/1286
f 1280/1294/1280 1281/1333/1281 1249/1297/1249
f 1267/1295/1267 1300/1334/1300 1268/1298/1268
f 1255/1299/1255 1286/1332/1286 1287/1335/1287
f 1268/1298/1268 1301/1336/1301 1269/1300/1269
f 1256/1301/1256 1287/1335/1287 1288/1337/1288
f 1269/1300/1269 1302/1338/1302 1270/1302/1270
f 1257/1303/1257 1288/1337/1288 1289/1339/1289
f 1270/1302/1270 1303/1340/1303 1271/1304/1271
f 1258/1305/1258 1289/1339/1289 1290/1341/1290
f 1271/1304/1271 1304/1342/1304 1272/1306/1272
f 1259/1307/1259 1290/1341/1290 1291/1343/1291
f 1272/1306/1272 1305/1344/1305 1273/1308/1273
f 1260/1309/1260 1291/1343/1291 1292/1345/1292
f 1273/1308/1273 1306/1346/1306 1274/1310/1274
f 1261/1311/1261 1292/1345/1292 1293/1282/1293
f 1274/1310/1274 1307/1347/1307 1275/1312/1275
f 1331/1348/1331 1364/1349/1364 1332/1350/1332
f 1284/1326/1284 1315/1351/1315 1316/1352/1316
f 1310/1325/1310 1343/1353/1343 1311/1327/1311
f 1298/1328/1298 1329/1317/1329 1330/1354/1330
f 1285/1329/1285 1316/1352/1316 1317/1355/1317
f 1311/1327/1311 1344/1356/1344 1312/1330/1312
f 1298/1328/1298 1331/1348/1331 1299/1331/1299
f 1286/1332/1286 1317/1355/1317 1318/1357/1318
f 1312/1330/1312 1313/1358/1313 1281/1333/1281
f 1299/1331/1299 1332/1350/1332 1300/1334/1300
f 1287/1335/1287 1318/1357/1318 1319/1359/1319
f 1300/1334/1300 1333/1360/1333 1301/1336/1301
f 1288/1337/1288 1319/1359/1319 1320/1361/1320
f 1301/1336/1301 1334/1362/1334 1302/1338/1302
f 1289/1339/1289 1320/1361/1320 1321/1363/1321
f 1302/1338/1302 1335/1364/1335 1303/1340/1303
f 1290/1341/1290 1321/1363/1321 1322/1365/1322
f 1303/1340/1303 1336/1366/1336 1304/1342/1304
f 1291/1343/1291 1322/1365/1322 1323/1367/1323
f 1304/1342/1304 1337/1368/1337 1305/1344/1305
f 1292/1345/1292 1323/1367/1323 1324/1369/1324
f 1305/1344/1305 1338/1370/1338 1306/1346/1306
f 1293/1282/1293 1324/1369/1324 1325/1371/1325
f 1306/1346/1306 1339/1372/1339 1307/1347/1307
f 1294/1283/1294 1325/1371/1325 1326/1373/1326
f 1307/1374/1307 1340/1375/1340 1308/1319/1308
f 1295/1320/1295 1326/1373/1326 1327/1376/1327
f 1281/1333/1281 1314/1377/1314 1282/1321/1282
f 1308/1319/1308 1341/1378/1341 1309/1322/1309
f 1296/1323/1296 1327/1376/1327 1328/1316/1328
f 1283/1324/1283 1314/1377/1314 1315/1351/1315
f 1309/1322/1309 1342/1379/1342 1310/1325/1310
f 1366/1380/1366 1399/1381/1399 1367/1382/1367
f 1319/1359/1319 1350/1383/1350 1351/1384/1351
f 1332/1350/1332 1365/1385/1365 1333/1360/1333
f 1320/1361/1320 1351/1384/1351 1352/1386/1352
f 1333/1360/1333 1366/1380/1366 1334/1362/1334
f 1321/1363/1321 1352/1386/1352 1353/1387/1353
f 1334/1362/1334 1367/1382/1367 1335/1364/1335
f 1322/1365/1322 1353/1387/1353 1354/1388/1354
f 1335/1364/1335 1368/1389/1368 1336/1366/1336
f 1323/1367/1323 1354/1388/1354 1355/1390/1355
f 1336/1366/1336 1369/1391/1369 1337/1368/1337
f 1324/1369/1324 1355/1390/1355 1356/1392/1356
f 1337/1368/1337 1370/1393/1370 1338/1370/1338
f 1325/1371/1325 1356/1392/1356 1357/1394/1357
f 1338/1370/1338 1371/1395/1371 1339/1372/1339
f 1326/1373/1326 1357/1394/1357 1358/1396/1358
f 1339/1397/1339 1372/1398/1372 1340/1375/1340
f 1327/1376/1327 1358/1396/1358 1359/1399/1359
f 1313/1358/1313 1346/1400/1346 1314/1377/1314
f 1340/1375/1340 1373/1401/1373 1341/1378/1341
f 1328/1316/1328 1359/1399/1359 1360/1402/1360
f 1315/1351/1315 1346/1400/1346 1347/1403/1347
f 1341/1378/1341 1374/1404/1374 1342/1379/1342
f 1329/1317/1329 1360/1402/1360 1361/1405/1361
f 1316/1352/1316 1347/1403/1347 1348/1406/1348
f 1342/1379/1342 1375/1407/1375 1343/1353/1343
f 1330/1354/1330 1361/1405/1361 1362/1408/1362
f 1317/1355/1317 1348/1406/1348 1349/1409/1349
f 1343/1353/1343 1376/1410/1376 1344/1356/1344
f 1330/1354/1330 1363/1411/1363 1331/1348/1331
f 1318/1357/1318 1349/1409/1349 1350/1383/1350
f 1344/1356/1344 1345/1412/1345 1313/1358/1313
f 1402/1413/1402 1433/1414/1433 1434/1415/1434
f 1354/1388/1354 1385/1416/1385 1386/1417/1386
f 1367/1382/1367 1400/1418/1400 1368/1389/1368
f 1355/1390/1355 1386/1417/1386 1387/1419/1387
f 1368/1389/1368 1401/1420/1401 1369/1391/1369
f 1356/1392/1356 1387/1419/1387 1388/1421/1388
f 1369/1391/1369 1402/1413/1402 1370/1393/1370
f 1357/1394/1357 1388/1421/1388 1389/1422/1389
f 1370/1393/1370 1403/1423/1403 1371/1395/1371
f 1358/1396/1358 1389/1422/1389 1390/1424/1390
f 1371/1425/1371 1404/1426/1404 1372/1398/1372
f 1359/1399/1359 1390/1424/1390 1391/1427/1391
f 1345/1412/1345 1378/1428/1378 1346/1400/1346
f 1372/1398/1372 1405/1429/1405 1373/1401/1373
f 1360/1402/1360 1391/1427/1391 1392/1430/1392
f 1347/1403/1347 1378/1428/1378 1379/1431/1379
f 1373/1401/1373 1406/1432/1406 1374/1404/1374
f 1361/1405/1361 1392/1430/1392 1393/1433/1393
f 1348/1406/1348 1379/1431/1379 1380/1434/1380
f 1374/1404/1374 1407/1435/1407 1375/1407/1375
f 1362/1408/1362 1393/1433/1393 1394/1436/1394
f 1349/1409/1349 1380/1434/1380 1381/1437/1381
f 1375/1407/1375 1408/1438/1408 1376/1410/1376
f 1362/1408/1362 1395/1439/1395 1363/1411/1363
f 1350/1383/1350 1381/1437/1381 1382/1440/1382
f 1376/1410/1376 1377/1441/1377 1345/1412/1345
f 1363/1411/1363 1396/1442/1396 1364/1349/1364
f 1351/1384/1351 1382/1440/1382 1383/1443/1383
f 1364/1349/1364 1397/1444/1397 1365/1385/1365
f 1352/1386/1352 1383/1443/1383 1384/1445/1384
f 1365/1385/1365 1398/1446/1398 1366/1380/1366
f 1353/1387/1353 1384/1445/1384 1385/1416/1385
f 1424/1447/1424 1457/1448/1457 1425/1449/1425
f 1388/1421/1388 1421/1450/1421 1389/1422/1389
f 1403/1423/1403 1434/1415/1434 1435/1451/1435
f 1389/1422/1389 1422/1452/1422 1390/1424/1390
f 1404/1426/1404 1435/1453/1435 1436/1454/1436
f 1390/1424/1390 1423/1455/1423 1391/1427/1391
f 1377/1441/1377 1410/1456/1410 1378/1428/1378
f 1405/1429/1405 1436/1454/1436 1437/1457/1437
f 1391/1427/1391 1424/1447/1424 1392/1430/1392
f 1378/1428/1378 1411/1458/1411 1379/1431/1379
f 1406/1432/1406 1437/1457/1437 1438/1459/1438
f 1392/1430/1392 1425/1449/1425 1393/1433/1393
f 1379/1431/1379 1412/1460/1412 1380/1434/1380
f 1407/1435/1407 1438/1459/1438 1439/1461/1439
f 1394/1436/1394 1425/1449/1425 1426/1462/1426
f 1380/1434/1380 1413/1463/1413 1381/1437/1381
f 1408/1438/1408 1439/1461/1439 1440/1464/1440
f 1395/1439/1395 1426/1462/1426 1427/1465/1427
f 1381/1437/1381 1414/1466/1414 1382/1440/1382
f 1377/1441/1377 1440/1464/1440 1409/1467/1409
f 1396/1442/1396 1427/1465/1427 1428/1468/1428
f 1382/1440/1382 1415/1469/1415 1383/1443/1383
f 1397/1444/1397 1428/1468/1428 1429/1470/1429
f 1383/1443/1383 1416/1471/1416 1384/1445/1384
f 1398/1446/1398 1429/1470/1429 1430/1472/1430
f 1384/1445/1384 1417/1473/1417 1385/1416/1385
f 1399/1381/1399 1430/1472/1430 1431/1474/1431
f 1385/1416/1385 1418/1475/1418 1386/1417/1386
f 1400/1418/1400 1431/1474/1431 1432/1476/1432
f 1386/1417/1386 1419/1477/1419 1387/1419/1387
f 1401/1420/1401 1432/1476/1432 1433/1414/1433
f 1387/1419/1387 1420/1478/1420 1388/1421/1388
f 1460/1479/1460 1491/1480/1491 1492/1481/1492
f 1411/1458/1411 1444/1482/1444 1412/1460/1412
f 1439/1461/1439 1470/1483/1470 1471/1484/1471
f 1425/1449/1425 1458/1485/1458 1426/1462/1426
f 1412/1460/1412 1445/1486/1445 1413/1463/1413
f 1440/1464/1440 1471/1484/1471 1472/1487/1472
f 1427/1465/1427 1458/1485/1458 1459/1488/1459
f 1413/1463/1413 1446/1489/1446 1414/1466/1414
f 1409/1467/1409 1472/1487/1472 1441/1490/1441
f 1428/1468/1428 1459/1488/1459 1460/1479/1460
f 1414/1466/1414 1447/1491/1447 1415/1469/1415
f 1429/1470/1429 1460/1479/1460 1461/1492/1461
f 1415/1469/1415 1448/1493/1448 1416/1471/1416
f 1430/1472/1430 1461/1492/1461 1462/1494/1462
f 1416/1471/1416 1449/1495/1449 1417/1473/1417
f 1431/1474/1431 1462/1494/1462 1463/1496/1463
f 1417/1473/1417 1450/1497/1450 1418/1475/1418
f 1432/1476/1432 1463/1496/1463 1464/1498/1464
f 1418/1475/1418 1451/1499/1451 1419/1477/1419
f 1433/1414/1433 1464/1498/1464 1465/1500/1465
f 1419/1477/1419 1452/1501/1452 1420/1478/1420
f 1434/1415/1434 1465/1500/1465 1466/1502/1466
f 1420/1478/1420 1453/1503/1453 1421/1450/1421
f 1435/1451/1435 1466/1502/1466 1467/1504/1467
f 1421/1450/1421 1454/1505/1454 1422/1452/1422
f 1436/1454/1436 1467/1506/1467 1468/1507/1468
f 1422/1452/1422 1455/1508/1455 1423/1455/1423
f 1410/1456/1410 1441/1490/1441 1442/1509/1442
f 1437/1457/1437 1468/1507/1468 1469/1510/1469
f 1423/1455/1423 1456/1511/1456 1424/1447/1424
f 1410/1456/1410 1443/1512/1443 1411/1458/1411
f 1438/1459/1438 1469/1510/1469 1470/1483/1470
f 1495/1513/1495 1526/1514/1526 1527/1515/1527
f 1446/1489/1446 1479/1516/1479 1447/1491/1447
f 1461/1492/1461 1492/1481/1492 1493/1517/1493
f 1447/1491/1447 1480/1518/1480 1448/1493/1448
f 1462/1494/1462 1493/1517/1493 1494/1519/1494
f 1448/1493/1448 1481/1520/1481 1449/1495/1449
f 1463/1496/1463 1494/1519/1494 1495/1513/1495
f 1449/1495/1449 1482/1521/1482 1450/1497/1450
f 1464/1498/1464 1495/1513/1495 1496/1522/1496
f 1450/1497/1450 1483/1523/1483 1451/1499/1451
f 1465/1500/1465 1496/1522/1496 1497/1524/1497
f 1451/1499/1451 1484/1525/1484 1452/1501/1452
f 1466/1502/1466 1497/1524/1497 1498/1526/1498
f 1452/1501/1452 1485/1527/1485 1453/1503/1453
f 1467/1504/1467 1498/1526/1498 1499/1528/1499
f 1453/1503/1453 1486/1529/1486 1454/1505/1454
f 1468/1507/1468 1499/1530/1499 1500/1531/1500
f 1454/1505/1454 1487/1532/1487 1455/1508/1455
f 1442/1509/1442 1473/1533/1473 1474/1534/1474
f 1469/1510/1469 1500/1531/1500 1501/1535/1501
f 1455/1508/1455 1488/1536/1488 1456/1511/1456
f 1442/1509/1442 1475/1537/1475 1443/1512/1443
f 1470/1483/1470 1501/1535/1501 1502/1538/1502
f 1456/1511/1456 1489/1539/1489 1457/1448/1457
f 1443/1512/1443 1476/1540/1476 1444/1482/1444
f 1471/1484/1471 1502/1538/1502 1503/1541/1503
f 1457/1448/1457 1490/1542/1490 1458/1485/1458
f 1444/1482/1444 1477/1543/1477 1445/1486/1445
f 1472/1487/1472 1503/1541/1503 1504/1544/1504
f 1459/1488/1459 1490/1542/1490 1491/1480/1491
f 1445/1486/1445 1478/1545/1478 1446/1489/1446
f 1441/1490/1441 1504/1544/1504 1473/1533/1473
f 1532/1546/1532 1563/1547/1563 1564/1548/1564
f 1481/1520/1481 1514/1549/1514 1482/1521/1482
f 1496/1522/1496 1527/1515/1527 1528/1550/1528
f 1482/1521/1482 1515/1551/1515 1483/1523/1483
f 1497/1524/1497 1528/1550/1528 1529/1552/1529
f 1483/1523/1483 1516/1553/1516 1484/1525/1484
f 1498/1526/1498 1529/1552/1529 1530/1554/1530
f 1484/1525/1484 1517/1555/1517 1485/1527/1485
f 1499/1528/1499 1530/1554/1530 1531/1556/1531
f 1485/1527/1485 1518/1557/1518 1486/1529/1486
f 1500/1531/1500 1531/1558/1531 1532/1546/1532
f 1486/1529/1486 1519/1559/1519 1487/1532/1487
f 1474/1534/1474 1505/1560/1505 1506/1561/1506
f 1501/1535/1501 1532/1546/1532 1533/1562/1533
f 1487/1532/1487 1520/1563/1520 1488/1536/1488
f 1475/1537/1475 1506/1561/1506 1507/1564/1507
f 1502/1538/1502 1533/1562/1533 1534/1565/1534
f 1488/1536/1488 1521/1566/1521 1489/1539/1489
f 1475/1537/1475 1508/1567/1508 1476/1540/1476
f 1503/1541/1503 1534/1565/1534 1535/1568/1535
f 1489/1539/1489 1522/1569/1522 1490/1542/1490
f 1476/1540/1476 1509/1570/1509 1477/1543/1477
f 1504/1544/1504 1535/1568/1535 1536/1571/1536
f 1490/1542/1490 1523/1572/1523 1491/1480/1491
f 1477/1543/1477 1510/1573/1510 1478/1545/1478
f 1473/1533/1473 1536/1571/1536 1505/1560/1505
f 1492/1481/1492 1523/1572/1523 1524/1574/1524
f 1478/1545/1478 1511/1575/1511 1479/1516/1479
f 1493/1517/1493 1524/1574/1524 1525/1576/1525
f 1479/1516/1479 1512/1577/1512 1480/1518/1480
f 1494/1519/1494 1525/1576/1525 1526/1514/1526
f 1480/1518/1480 1513/1578/1513 1481/1520/1481
f 1540/1579/1540 1571/1580/1571 1572/1581/1572
f 1518/1557/1518 1551/1582/1551 1519/1559/1519
f 1506/1561/1506 1537/1583/1537 1538/1584/1538
f 1533/1562/1533 1564/1548/1564 1565/1585/1565
f 1519/1559/1519 1552/1586/1552 1520/1563/1520
f 1507/1564/1507 1538/1584/1538 1539/1587/1539
f 1534/1565/1534 1565/1585/1565 1566/1588/1566
f 1520/1563/1520 1553/1589/1553 1521/1566/1521
f 1508/1567/1508 1539/1587/1539 1540/1579/1540
f 1535/1568/1535 1566/1588/1566 1567/1590/1567
f 1521/1566/1521 1554/1591/1554 1522/1569/1522
f 1509/1570/1509 1540/1579/1540 1541/1592/1541
f 1536/1571/1536 1567/1590/1567 1568/1593/1568
f 1522/1569/1522 1555/1594/1555 1523/1572/1523
f 1510/1573/1510 1541/1592/1541 1542/1595/1542
f 1505/1560/1505 1568/1593/1568 1537/1583/1537
f 1523/1572/1523 1556/1596/1556 1524/1574/1524
f 1510/1573/1510 1543/1597/1543 1511/1575/1511
f 1524/1574/1524 1557/1598/1557 1525/1576/1525
f 1511/1575/1511 1544/1599/1544 1512/1577/1512
f 1525/1576/1525 1558/1600/1558 1526/1514/1526
f 1512/1577/1512 1545/1601/1545 1513/1578/1513
f 1527/1515/1527 1558/1600/1558 1559/1602/1559
f 1513/1578/1513 1546/1603/1546 1514/1549/1514
f 1528/1550/1528 1559/1602/1559 1560/1604/1560
f 1514/1549/1514 1547/1605/1547 1515/1551/1515
f 1529/1552/1529 1560/1604/1560 1561/1606/1561
f 1515/1551/1515 1548/1607/1548 1516/1553/1516
f 1530/1554/1530 1561/1606/1561 1562/1608/1562
f 1516/1553/1516 1549/1609/1549 1517/1555/1517
f 1531/1556/1531 1562/1608/1562 1563/1610/1563
f 1517/1555/1517 1550/1611/1550 1518/1557/1518
f 1575/1612/1575 1606/1613/1606 1607/1614/1607
f 1567/1590/1567 1598/1615/1598 1599/1616/1599
f 1553/1589/1553 1586/1617/1586 1554/1591/1554
f 1541/1592/1541 1572/1581/1572 1573/1618/1573
f 1568/1593/1568 1599/1616/1599 1600/1619/1600
f 1554/1591/1554 1587/1620/1587 1555/1594/1555
f 1542/1595/1542 1573/1618/1573 1574/1621/1574
f 1537/1583/1537 1600/1619/1600 1569/1622/1569
f 1555/1594/1555 1588/1623/1588 1556/1596/1556
f 1543/1597/1543 1574/1621/1574 1575/1612/1575
f 1556/1596/1556 1589/1624/1589 1557/1598/1557
f 1544/1599/1544 1575/1612/1575 1576/1625/1576
f 1557/1598/1557 1590/1626/1590 1558/1600/1558
f 1545/1601/1545 1576/1625/1576 1577/1627/1577
f 1558/1600/1558 1591/1628/1591 1559/1602/1559
f 1546/1603/1546 1577/1627/1577 1578/1629/1578
f 1559/1602/1559 1592/1630/1592 1560/1604/1560
f 1547/1605/1547 1578/1629/1578 1579/1631/1579
f 1560/1604/1560 1593/1632/1593 1561/1606/1561
f 1548/1607/1548 1579/1631/1579 1580/1633/1580
f 1561/1606/1561 1594/1634/1594 1562/1608/1562
f 1548/1607/1548 1581/1635/1581 1549/1609/1549
f 1562/1608/1562 1595/1636/1595 1563/1610/1563
f 1549/1609/1549 1582/1637/1582 1550/1611/1550
f 1563/1547/1563 1596/1638/1596 1564/1548/1564
f 1550/1611/1550 1583/1639/1583 1551/1582/1551
f 1538/1584/1538 1569/1622/1569 1570/1640/1570
f 1565/1585/1565 1596/1638/1596 1597/1641/1597
f 1551/1582/1551 1584/1642/1584 1552/1586/1552
f 1539/1587/1539 1570/1640/1570 1571/1580/1571
f 1566/1588/1566 1597/1641/1597 1598/1615/1598
f 1552/1586/1552 1585/1643/1585 1553/1589/1553
f 1610/1644/1610 1641/1645/1641 1642/1646/1642
f 1588/1623/1588 1621/1647/1621 1589/1624/1589
f 1576/1625/1576 1607/1614/1607 1608/1648/1608
f 1589/1624/1589 1622/1649/1622 1590/1626/1590
f 1577/1627/1577 1608/1648/1608 1609/1650/1609
f 1590/1626/1590 1623/1651/1623 1591/1628/1591
f 1578/1629/1578 1609/1650/1609 1610/1644/1610
f 1591/1628/1591 1624/1652/1624 1592/1630/1592
f 1579/1631/1579 1610/1644/1610 1611/1653/1611
f 1592/1630/1592 1625/1654/1625 1593/1632/1593
f 1580/1633/1580 1611/1653/1611 1612/1655/1612
f 1593/1632/1593 1626/1656/1626 1594/1634/1594
f 1581/1635/1581 1612/1655/1612 1613/1657/1613
f 1594/1634/1594 1627/1658/1627 1595/1636/1595
f 1582/1637/1582 1613/1657/1613 1614/1659/1614
f 1595/1660/1595 1628/1661/1628 1596/1638/1596
f 1583/1639/1583 1614/1659/1614 1615/1662/1615
f 1570/1640/1570 1601/1663/1601 1602/1664/1602
f 1596/1638/1596 1629/1665/1629 1597/1641/1597
f 1584/1642/1584 1615/1662/1615 1616/1666/1616
f 1571/1580/1571 1602/1664/1602 1603/1667/1603
f 1597/1641/1597 1630/1668/1630 1598/1615/1598
f 1584/1642/1584 1617/1669/1617 1585/1643/1585
f 1572/1581/1572 1603/1667/1603 1604/1670/1604
f 1598/1615/1598 1631/1671/1631 1599/1616/1599
f 1585/1643/1585 1618/1672/1618 1586/1617/1586
f 1573/1618/1573 1604/1670/1604 1605/1673/1605
f 1599/1616/1599 1632/1674/1632 1600/1619/1600
f 1586/1617/1586 1619/1675/1619 1587/1620/1587
f 1574/1621/1574 1605/1673/1605 1606/1613/1606
f 1569/1622/1569 1632/1674/1632 1601/1663/1601
f 1587/1620/1587 1620/1676/1620 1588/1623/1588
f 1639/1677/1639 1670/1678/1670 1671/1679/1671
f 1624/1652/1624 1655/1680/1655 1656/1681/1656
f 1611/1653/1611 1642/1646/1642 1643/1682/1643
f 1625/1654/1625 1656/1681/1656 1657/1683/1657
f 1612/1655/1612 1643/1682/1643 1644/1684/1644
f 1626/1656/1626 1657/1683/1657 1658/1685/1658
f 1613/1657/1613 1644/1684/1644 1645/1686/1645
f 1627/1658/1627 1658/1685/1658 1659/1687/1659
f 1614/1659/1614 1645/1686/1645 1646/1688/1646
f 1628/1661/1628 1659/1689/1659 1660/1690/1660
f 1615/1662/1615 1646/1688/1646 1647/1691/1647
f 1602/1664/1602 1633/1692/1633 1634/1693/1634
f 1629/1665/1629 1660/1690/1660 1661/1694/1661
f 1616/1666/1616 1647/1691/1647 1648/1695/1648
f 1603/1667/1603 1634/1693/1634 1635/1696/1635
f 1630/1668/1630 1661/1694/1661 1662/1697/1662
f 1617/1669/1617 1648/1695/1648 1649/1698/1649
f 1604/1670/1604 1635/1696/1635 1636/1699/1636
f 1631/1671/1631 1662/1697/1662 1663/1700/1663
f 1618/1672/1618 1649/1698/1649 1650/1701/1650
f 1605/1673/1605 1636/1699/1636 1637/1702/1637
f 1632/1674/1632 1663/1700/1663 1664/1703/1664
f 1619/1675/1619 1650/1701/1650 1651/1704/1651
f 1606/1613/1606 1637/1702/1637 1638/1705/1638
f 1601/1663/1601 1664/1703/1664 1633/1692/1633
f 1620/1676/1620 1651/1704/1651 1652/1706/1652
f 1607/1614/1607 1638/1705/1638 1639/1677/1639
f 1621/1647/1621 1652/1706/1652 1653/1707/1653
f 1608/1648/1608 1639/1677/1639 1640/1708/1640
f 1622/1649/1622 1653/1707/1653 1654/1709/1654
f 1609/1650/1609 1640/1708/1640 1641/1645/1641
f 1623/1651/1623 1654/1709/1654 1655/1680/1655
f 1669/1710/1669 1668/1711/1668 1675/1712/1675
f 1652/1706/1652 1685/1713/1685 1653/1707/1653
f 1640/1708/1640 1671/1679/1671 1672/1714/1672
f 1653/1707/1653 1686/1715/1686 1654/1709/1654
f 1641/1645/1641 1672/1714/1672 1673/1716/1673
f 1654/1709/1654 1687/1717/1687 1655/1680/1655
f 1642/1646/1642 1673/1716/1673 1674/1718/1674
f 1655/1680/1655 1688/1719/1688 1656/1681/1656
f 1643/1682/1643 1674/1718/1674 1675/1712/1675
f 1656/1681/1656 1689/1720/1689 1657/1683/1657
f 1644/1684/1644 1675/1712/1675 1676/1721/1676
f 1657/1683/1657 1690/1722/1690 1658/1685/1658
f 1645/1686/1645 1676/1721/1676 1677/1723/1677
f 1658/1685/1658 1691/1724/1691 1659/1687/1659
f 1646/1688/1646 1677/1723/1677 1678/1725/1678
f 1659/1689/1659 1692/1726/1692 1660/1690/1660
f 1647/1691/1647 1678/1725/1678 1679/1727/1679
f 1634/1693/1634 1665/1728/1665 1666/1729/1666
f 1660/1690/1660 1693/1730/1693 1661/1694/1661
f 1648/1695/1648 1679/1727/1679 1680/1731/1680
f 1635/1696/1635 1666/1729/1666 1667/1732/1667
f 1661/1694/1661 1694/1733/1694 1662/1697/1662
f 1648/1695/1648 1681/1734/1681 1649/1698/1649
f 1636/1699/1636 1667/1732/1667 1668/1711/1668
f 1662/1697/1662 1695/1735/1695 1663/1700/1663
f 1649/1698/1649 1682/1736/1682 1650/1701/1650
f 1637/1702/1637 1668/1711/1668 1669/1710/1669
f 1664/1703/1664 1695/1735/1695 1696/1737/1696
f 1650/1701/1650 1683/1738/1683 1651/1704/1651
f 1638/1705/1638 1669/1710/1669 1670/1678/1670
f 1633/1692/1633 1696/1737/1696 1665/1728/1665
f 1651/1704/1651 1684/1739/1684 1652/1706/1652
f 2/1/2 4/4/4 3/2/3
f 4/4/4 6/6/6 5/5/5
f 6/6/6 8/8/8 7/7/7
f 8/8/8 10/10/10 9/9/9
f 10/10/10 12/12/12 11/11/11
f 12/12/12 14/14/14 13/13/13
f 14/14/14 16/16/16 15/15/15
f 16/16/16 18/144/18 17/17/17
f 18/18/18 20/21/20 19/19/19
f 20/21/20 22/23/22 21/22/21
f 22/23/22 24/25/24 23/24/23
f 24/25/24 26/27/26 25/26/25
f 26/27/26 28/29/28 27/28/27
f 28/29/28 30/31/30 29/30/29
f 30/31/30 32/33/32 31/32/31
f 32/33/32 34/135/34 33/34/33
f 33/34/33 34/135/34 36/35/36
f 35/36/35 36/35/36 38/37/38
f 37/38/37 38/37/38 40/39/40
f 39/40/39 40/39/40 42/41/42
f 41/42/41 42/41/42 44/43/44
f 43/44/43 44/43/44 46/45/46
f 45/46/45 46/45/46 48/47/48
f 47/48/47 48/47/48 50/49/50
f 49/50/49 50/49/50 52/51/52
f 51/52/51 52/51/52 54/53/54
f 53/54/53 54/53/54 56/55/56
f 55/56/55 56/55/56 58/57/58
f 57/58/57 58/57/58 60/59/60
f 59/60/59 60/59/60 62/61/62
f 14/14/14 135/162/135 136/63/136
f 61/62/61 62/61/62 64/64/64
f 63/65/63 64/64/64 2/1/2
f 98/66/98 97/89/97 68/67/68
f 96/69/96 65/111/65 66/110/66
f 66/110/66 67/68/67 68/67/68
f 68/67/68 69/90/69 70/104/70
f 70/104/70 71/120/71 72/70/72
f 72/70/72 73/97/73 74/114/74
f 74/114/74 75/126/75 76/73/76
f 76/73/76 77/92/77 78/106/78
f 78/106/78 79/122/79 80/71/80
f 80/71/80 81/84/81 82/100/82
f 82/100/82 83/116/83 84/127/84
f 84/127/84 85/76/85 86/94/86
f 86/94/86 87/108/87 88/124/88
f 88/124/88 89/130/89 92/102/92
f 89/130/89 90/88/90 92/102/92
f 90/88/90 91/87/91 92/102/92
f 92/102/92 93/118/93 94/80/94
f 94/80/94 95/79/95 92/102/92
f 95/79/95 96/69/96 92/102/92
f 96/69/96 66/110/66 72/70/72
f 66/110/66 68/67/68 72/70/72
f 68/67/68 70/104/70 72/70/72
f 72/70/72 74/114/74 80/71/80
f 74/114/74 76/73/76 80/71/80
f 76/73/76 78/106/78 80/71/80
f 80/71/80 82/100/82 84/127/84
f 84/127/84 86/94/86 88/124/88
f 80/71/80 84/127/84 96/69/96
f 84/127/84 88/124/88 96/69/96
f 88/124/88 92/102/92 96/69/96
f 99/72/99 77/92/77 76/73/76
f 101/75/101 86/94/86 85/76/85
f 104/78/104 103/95/103 95/79/95
f 105/81/105 73/97/73 72/70/72
f 107/83/107 82/100/82 81/84/81
f 110/86/110 109/101/109 91/87/91
f 97/89/97 111/103/111 69/90/69
f 112/91/112 78/106/78 77/92/77
f 113/93/113 87/108/87 86/94/86
f 103/95/103 114/112/114 96/69/96
f 115/96/115 74/114/74 73/97/73
f 116/99/116 83/116/83 82/100/82
f 109/101/109 117/117/117 92/102/92
f 111/103/111 118/119/118 70/104/70
f 119/105/119 79/122/79 78/106/78
f 120/107/120 88/124/88 87/108/87
f 122/109/122 121/125/121 66/110/66
f 114/112/114 122/109/122 65/111/65
f 123/113/123 75/126/75 74/114/74
f 124/115/124 84/127/84 83/116/83
f 117/117/117 125/128/125 93/118/93
f 118/119/118 126/129/126 71/120/71
f 127/121/127 80/71/80 79/122/79
f 128/123/128 89/130/89 88/124/88
f 121/125/121 98/66/98 67/68/67
f 100/74/100 76/73/76 75/126/75
f 102/77/102 85/76/85 84/127/84
f 125/128/125 104/78/104 94/80/94
f 126/129/126 106/82/106 72/70/72
f 108/85/108 81/84/81 80/71/80
f 128/123/128 110/86/110 90/88/90
f 49/50/49 51/52/51 110/86/110
f 33/34/33 108/85/108 127/121/127
f 13/13/13 15/15/15 106/82/106
f 57/58/57 59/60/59 104/78/104
f 41/42/41 102/77/102 124/115/124
f 23/24/23 100/74/100 123/113/123
f 3/2/3 5/5/5 98/66/98
f 49/50/49 128/123/128 120/107/120
f 31/32/31 127/121/127 119/105/119
f 11/11/11 13/13/13 126/129/126
f 55/56/55 57/58/57 125/128/125
f 39/40/39 124/115/124 116/99/116
f 21/22/21 123/113/123 115/96/115
f 63/65/63 1/3/1 122/109/122
f 1/3/1 3/2/3 121/125/121
f 47/48/47 120/107/120 113/93/113
f 29/30/29 119/105/119 112/91/112
f 9/9/9 11/11/11 118/119/118
f 53/54/53 55/56/55 117/117/117
f 37/38/37 116/99/116 107/83/107
f 19/19/19 115/96/115 105/98/105
f 61/62/61 63/65/63 114/112/114
f 45/46/45 113/93/113 101/75/101
f 27/28/27 112/91/112 99/72/99
f 7/7/7 9/9/9 111/103/111
f 51/52/51 53/54/53 109/101/109
f 35/36/35 107/83/107 108/85/108
f 15/15/15 17/17/17 105/81/105
f 59/60/59 61/62/61 103/95/103
f 43/44/43 101/75/101 102/77/102
f 25/26/25 99/72/99 100/74/100
f 5/5/5 7/7/7 97/89/97
f 154/131/154 153/136/153 185/132/185
f 32/33/32 144/163/144 145/134/145
f 52/51/52 50/49/50 153/136/153
f 6/6/6 131/164/131 132/137/132
f 24/25/24 140/165/140 141/138/141
f 44/43/44 42/41/42 149/139/149
f 62/61/62 60/59/60 158/141/158
f 16/16/16 136/63/136 137/143/137
f 36/35/36 34/135/34 145/134/145
f 54/53/54 52/51/52 154/131/154
f 8/8/8 132/137/132 133/147/133
f 26/27/26 141/138/141 142/148/142
f 46/45/46 44/43/44 150/140/150
f 64/64/64 62/61/62 159/142/159
f 18/18/18 137/194/137 138/151/138
f 38/37/38 36/35/36 146/145/146
f 56/55/56 54/53/54 155/146/155
f 10/10/10 133/147/133 134/154/134
f 28/29/28 142/148/142 143/155/143
f 48/47/48 46/45/46 151/149/151
f 2/1/2 129/158/129 130/157/130
f 2/1/2 64/64/64 160/150/160
f 20/21/20 138/151/138 139/159/139
f 40/39/40 38/37/38 147/152/147
f 58/57/58 56/55/56 156/153/156
f 12/12/12 134/154/134 135/162/135
f 30/31/30 143/155/143 144/163/144
f 50/49/50 48/47/48 152/156/152
f 4/4/4 130/157/130 131/164/131
f 22/23/22 139/159/139 140/165/140
f 42/41/42 40/39/40 148/160/148
f 60/59/60 58/57/58 157/161/157
f 162/166/162 161/186/161 193/167/193
f 140/165/140 172/198/172 173/169/173
f 155/146/155 154/131/154 186/133/186
f 141/138/141 173/169/173 174/171/174
f 156/153/156 155/146/155 187/170/187
f 142/148/142 174/171/174 175/173/175
f 129/158/129 161/186/161 162/166/162
f 157/161/157 156/153/156 188/172/188
f 143/155/143 175/173/175 176/175/176
f 130/157/130 162/166/162 163/176/163
f 158/141/158 157/161/157 189/174/189
f 144/163/144 176/175/176 177/178/177
f 131/164/131 163/176/163 164/179/164
f 159/142/159 158/141/158 190/177/190
f 146/145/146 145/134/145 177/178/177
f 132/137/132 164/179/164 165/182/165
f 160/150/160 159/142/159 191/180/191
f 147/152/147 146/145/146 178/181/178
f 133/147/133 165/182/165 166/185/166
f 129/158/129 160/150/160 192/183/192
f 148/160/148 147/152/147 179/184/179
f 134/154/134 166/185/166 167/188/167
f 149/139/149 148/160/148 180/187/180
f 135/162/135 167/188/167 168/190/168
f 150/140/150 149/139/149 181/189/181
f 136/63/136 168/190/168 169/192/169
f 151/149/151 150/140/150 182/191/182
f 137/194/137 169/1740/169 170/195/170
f 152/156/152 151/149/151 183/193/183
f 138/151/138 170/195/170 171/197/171
f 153/136/153 152/156/152 184/196/184
f 139/159/139 171/197/171 172/198/172
f 206/199/206 205/229/205 237/200/237
f 188/172/188 220/231/220 221/202/221
f 176/175/176 175/173/175 207/203/207
f 163/176/163 162/166/162 194/168/194
f 189/174/189 221/202/221 222/206/222
f 177/178/177 176/175/176 208/204/208
f 164/179/164 163/176/163 195/205/195
f 190/177/190 222/206/222 223/209/223
f 177/178/177 209/207/209 210/210/210
f 165/182/165 164/179/164 196/208/196
f 191/180/191 223/209/223 224/212/224
f 178/181/178 210/210/210 211/213/211
f 166/185/166 165/182/165 197/211/197
f 192/183/192 224/212/224 193/167/193
f 179/184/179 211/213/211 212/215/212
f 167/188/167 166/185/166 198/214/198
f 180/187/180 212/215/212 213/217/213
f 168/190/168 167/188/167 199/216/199
f 181/189/181 213/217/213 214/219/214
f 169/192/169 168/190/168 200/218/200
f 182/191/182 214/219/214 215/221/215
f 170/195/170 169/1740/169 201/222/201
f 183/193/183 215/221/215 216/224/216
f 171/197/171 170/195/170 202/223/202
f 184/196/184 216/224/216 217/226/217
f 172/198/172 171/197/171 203/225/203
f 185/132/185 217/226/217 218/228/218
f 173/169/173 172/198/172 204/227/204
f 186/133/186 218/228/218 219/230/219
f 174/171/174 173/169/173 205/229/205
f 187/170/187 219/230/219 220/231/220
f 175/173/175 174/171/174 206/199/206
f 241/232/241 240/240/240 272/233/272
f 219/230/219 251/264/251 252/235/252
f 207/203/207 206/199/206 238/201/238
f 194/168/194 193/167/193 225/237/225
f 220/231/220 252/235/252 253/239/253
f 208/204/208 207/203/207 239/236/239
f 195/205/195 194/168/194 226/238/226
f 221/202/221 253/239/253 254/242/254
f 209/207/209 208/204/208 240/240/240
f 196/208/196 195/205/195 227/241/227
f 222/206/222 254/242/254 255/244/255
f 209/207/209 241/232/241 242/245/242
f 197/211/197 196/208/196 228/243/228
f 223/209/223 255/244/255 256/247/256
f 210/210/210 242/245/242 243/248/243
f 198/214/198 197/211/197 229/246/229
f 224/212/224 256/247/256 225/237/225
f 211/213/211 243/248/243 244/250/244
f 199/216/199 198/214/198 230/249/230
f 212/215/212 244/250/244 245/252/245
f 200/218/200 199/216/199 231/251/231
f 213/217/213 245/252/245 246/254/246
f 201/220/201 200/218/200 232/253/232
f 214/219/214 246/254/246 247/256/247
f 202/223/202 201/222/201 233/257/233
f 215/221/215 247/256/247 248/259/248
f 203/225/203 202/223/202 234/258/234
f 216/224/216 248/259/248 249/261/249
f 204/227/204 203/225/203 235/260/235
f 217/226/217 249/261/249 250/263/250
f 205/229/205 204/227/204 236/262/236
f 218/228/218 250/263/250 251/264/251
f 275/265/275 307/329/307 308/266/308
f 228/243/228 227/241/227 259/268/259
f 254/242/254 286/296/286 287/270/287
f 241/232/241 273/234/273 274/271/274
f 229/246/229 228/243/228 260/269/260
f 255/244/255 287/270/287 288/273/288
f 242/245/242 274/271/274 275/265/275
f 230/249/230 229/246/229 261/272/261
f 256/247/256 288/273/288 257/275/257
f 243/248/243 275/265/275 276/267/276
f 231/251/231 230/249/230 262/274/262
f 244/250/244 276/267/276 277/277/277
f 232/253/232 231/251/231 263/276/263
f 245/252/245 277/277/277 278/279/278
f 233/255/233 232/253/232 264/278/264
f 246/254/246 278/279/278 279/281/279
f 234/258/234 233/257/233 265/282/265
f 247/256/247 279/281/279 280/284/280
f 235/260/235 234/258/234 266/283/266
f 248/259/248 280/284/280 281/286/281
f 236/262/236 235/260/235 267/285/267
f 249/261/249 281/286/281 282/288/282
f 237/200/237 236/262/236 268/287/268
f 250/263/250 282/288/282 283/290/283
f 238/201/238 237/200/237 269/289/269
f 251/264/251 283/290/283 284/292/284
f 239/236/239 238/201/238 270/291/270
f 226/238/226 225/237/225 257/275/257
f 252/235/252 284/292/284 285/295/285
f 240/240/240 239/236/239 271/293/271
f 227/241/227 226/238/226 258/294/258
f 253/239/253 285/295/285 286/296/286
f 310/297/310 342/361/342 343/298/343
f 263/276/263 262/274/262 294/300/294
f 276/267/276 308/266/308 309/302/309
f 264/278/264 263/276/263 295/301/295
f 277/277/277 309/302/309 310/297/310
f 265/280/265 264/278/264 296/303/296
f 278/279/278 310/297/310 311/299/311
f 266/283/266 265/282/265 297/305/297
f 279/281/279 311/299/311 312/307/312
f 267/285/267 266/283/266 298/306/298
f 280/284/280 312/307/312 313/309/313
f 268/287/268 267/285/267 299/308/299
f 281/286/281 313/309/313 314/311/314
f 269/289/269 268/287/268 300/310/300
f 282/288/282 314/311/314 315/313/315
f 270/291/270 269/289/269 301/312/301
f 283/290/283 315/313/315 316/315/316
f 271/293/271 270/291/270 302/314/302
f 258/294/258 257/275/257 289/317/289
f 284/292/284 316/315/316 317/319/317
f 272/233/272 271/293/271 303/316/303
f 259/268/259 258/294/258 290/318/290
f 285/295/285 317/319/317 318/322/318
f 273/234/273 272/233/272 304/320/304
f 260/269/260 259/268/259 291/321/291
f 286/296/286 318/322/318 319/325/319
f 273/234/273 305/323/305 306/326/306
f 261/272/261 260/269/260 292/324/292
f 287/270/287 319/325/319 320/328/320
f 274/271/274 306/326/306 307/329/307
f 262/274/262 261/272/261 293/327/293
f 288/273/288 320/328/320 289/317/289
f 345/330/345 377/395/377 378/331/378
f 298/306/298 297/305/297 329/333/329
f 311/299/311 343/298/343 344/335/344
f 299/308/299 298/306/298 330/334/330
f 312/307/312 344/335/344 345/330/345
f 300/310/300 299/308/299 331/336/331
f 313/309/313 345/330/345 346/332/346
f 301/312/301 300/310/300 332/337/332
f 314/311/314 346/332/346 347/339/347
f 302/314/302 301/312/301 333/338/333
f 315/313/315 347/339/347 348/341/348
f 303/316/303 302/314/302 334/340/334
f 290/318/290 289/317/289 321/343/321
f 316/315/316 348/341/348 349/345/349
f 304/320/304 303/316/303 335/342/335
f 291/321/291 290/318/290 322/344/322
f 317/319/317 349/345/349 350/348/350
f 305/323/305 304/320/304 336/346/336
f 292/324/292 291/321/291 323/347/323
f 318/322/318 350/348/350 351/351/351
f 305/323/305 337/349/337 338/352/338
f 293/327/293 292/324/292 324/350/324
f 319/325/319 351/351/351 352/354/352
f 306/326/306 338/352/338 339/355/339
f 294/300/294 293/327/293 325/353/325
f 320/328/320 352/354/352 321/343/321
f 307/329/307 339/355/339 340/357/340
f 295/301/295 294/300/294 326/356/326
f 308/266/308 340/357/340 341/359/341
f 296/303/296 295/301/295 327/358/327
f 309/302/309 341/359/341 342/361/342
f 297/304/297 296/303/296 328/360/328
f 368/363/368 400/427/400 401/364/401
f 333/338/333 332/337/332 364/366/364
f 346/332/346 378/331/378 379/368/379
f 334/340/334 333/338/333 365/367/365
f 347/339/347 379/368/379 380/370/380
f 335/342/335 334/340/334 366/369/366
f 322/344/322 321/343/321 353/372/353
f 348/341/348 380/370/380 381/374/381
f 336/346/336 335/342/335 367/371/367
f 323/347/323 322/344/322 354/373/354
f 349/345/349 381/374/381 382/376/382
f 337/349/337 336/346/336 368/363/368
f 324/350/324 323/347/323 355/375/355
f 350/348/350 382/376/382 383/378/383
f 337/349/337 369/365/369 370/379/370
f 325/353/325 324/350/324 356/377/356
f 351/351/351 383/378/383 384/381/384
f 338/352/338 370/379/370 371/382/371
f 326/356/326 325/353/325 357/380/357
f 352/354/352 384/381/384 353/372/353
f 339/355/339 371/382/371 372/384/372
f 327/358/327 326/356/326 358/383/358
f 340/357/340 372/384/372 373/386/373
f 328/360/328 327/358/327 359/385/359
f 341/359/341 373/386/373 374/388/374
f 329/362/329 328/360/328 360/387/360
f 342/361/342 374/388/374 375/390/375
f 330/334/330 329/333/329 361/391/361
f 343/298/343 375/390/375 376/393/376
f 331/336/331 330/334/330 362/392/362
f 344/335/344 376/393/376 377/395/377
f 332/337/332 331/336/331 363/394/363
f 404/396/404 403/405/403 435/397/435
f 355/375/355 387/428/387 388/399/388
f 383/378/383 382/376/382 414/400/414
f 370/379/370 369/365/369 401/364/401
f 356/377/356 388/399/388 389/403/389
f 384/381/384 383/378/383 415/401/415
f 371/382/371 370/379/370 402/402/402
f 357/380/357 389/403/389 390/406/390
f 353/372/353 384/381/384 416/404/416
f 372/384/372 371/382/371 403/405/403
f 358/383/358 390/406/390 391/408/391
f 373/386/373 372/384/372 404/396/404
f 359/385/359 391/408/391 392/410/392
f 374/388/374 373/386/373 405/409/405
f 360/387/360 392/410/392 393/412/393
f 375/390/375 374/388/374 406/411/406
f 361/391/361 393/437/393 394/414/394
f 376/393/376 375/390/375 407/413/407
f 362/392/362 394/414/394 395/416/395
f 377/395/377 376/393/376 408/415/408
f 363/394/363 395/416/395 396/418/396
f 378/331/378 377/395/377 409/417/409
f 364/366/364 396/418/396 397/420/397
f 379/368/379 378/331/378 410/419/410
f 365/367/365 397/420/397 398/422/398
f 380/370/380 379/368/379 411/421/411
f 366/369/366 398/422/398 399/424/399
f 353/372/353 385/407/385 386/425/386
f 381/374/381 380/370/380 412/423/412
f 367/371/367 399/424/399 400/427/400
f 354/373/354 386/425/386 387/428/387
f 382/376/382 381/374/381 413/426/413
f 439/429/439 438/435/438 470/430/470
f 390/406/390 422/460/422 423/432/423
f 405/409/405 404/396/404 436/398/436
f 391/408/391 423/432/423 424/434/424
f 406/411/406 405/409/405 437/433/437
f 392/410/392 424/434/424 425/436/425
f 407/413/407 406/411/406 438/435/438
f 393/437/393 425/465/425 426/438/426
f 408/415/408 407/413/407 439/429/439
f 394/414/394 426/438/426 427/440/427
f 409/417/409 408/415/408 440/439/440
f 395/416/395 427/440/427 428/442/428
f 410/419/410 409/417/409 441/441/441
f 396/418/396 428/442/428 429/444/429
f 411/421/411 410/419/410 442/443/442
f 397/420/397 429/444/429 430/446/430
f 412/423/412 411/421/411 443/445/443
f 398/422/398 430/446/430 431/448/431
f 385/407/385 417/461/417 418/449/418
f 413/426/413 412/423/412 444/447/444
f 399/424/399 431/448/431 432/451/432
f 386/425/386 418/449/418 419/452/419
f 414/400/414 413/426/413 445/450/445
f 400/427/400 432/451/432 433/454/433
f 387/428/387 419/452/419 420/455/420
f 415/401/415 414/400/414 446/453/446
f 402/402/402 401/364/401 433/454/433
f 388/399/388 420/455/420 421/458/421
f 416/404/416 415/401/415 447/456/447
f 403/405/403 402/402/402 434/457/434
f 389/403/389 421/458/421 422/460/422
f 385/407/385 416/404/416 448/459/448
f 476/462/476 475/473/475 507/463/507
f 425/465/425 457/518/457 458/466/458
f 440/439/440 439/429/439 471/431/471
f 426/438/426 458/466/458 459/468/459
f 441/441/441 440/439/440 472/467/472
f 427/440/427 459/468/459 460/470/460
f 442/443/442 441/441/441 473/469/473
f 428/442/428 460/470/460 461/472/461
f 443/445/443 442/443/442 474/471/474
f 429/444/429 461/472/461 462/474/462
f 444/447/444 443/445/443 475/473/475
f 430/446/430 462/474/462 463/475/463
f 417/461/417 449/489/449 450/476/450
f 445/450/445 444/447/444 476/462/476
f 431/448/431 463/475/463 464/478/464
f 418/449/418 450/476/450 451/479/451
f 446/453/446 445/450/445 477/477/477
f 432/451/432 464/478/464 465/481/465
f 419/452/419 451/479/451 452/482/452
f 447/456/447 446/453/446 478/480/478
f 434/457/434 433/454/433 465/481/465
f 420/455/420 452/482/452 453/485/453
f 448/459/448 447/456/447 479/483/479
f 435/397/435 434/457/434 466/484/466
f 421/458/421 453/485/453 454/488/454
f 417/461/417 448/459/448 480/486/480
f 436/398/436 435/397/435 467/487/467
f 422/460/422 454/488/454 455/491/455
f 437/433/437 436/398/436 468/490/468
f 423/432/423 455/491/455 456/493/456
f 438/435/438 437/433/437 469/492/469
f 424/434/424 456/493/456 457/494/457
f 483/495/483 515/560/515 516/496/516
f 462/474/462 494/526/494 495/498/495
f 449/489/449 481/510/481 482/499/482
f 477/477/477 476/462/476 508/464/508
f 463/475/463 495/498/495 496/501/496
f 450/476/450 482/499/482 483/495/483
f 478/480/478 477/477/477 509/500/509
f 464/478/464 496/501/496 497/503/497
f 451/479/451 483/495/483 484/497/484
f 479/483/479 478/480/478 510/502/510
f 466/484/466 465/481/465 497/503/497
f 452/482/452 484/497/484 485/506/485
f 480/486/480 479/483/479 511/504/511
f 467/487/467 466/484/466 498/505/498
f 453/485/453 485/506/485 486/509/486
f 449/489/449 480/486/480 512/507/512
f 468/490/468 467/487/467 499/508/499
f 454/488/454 486/509/486 487/512/487
f 469/492/469 468/490/468 500/511/500
f 455/491/455 487/512/487 488/514/488
f 470/430/470 469/492/469 501/513/501
f 456/493/456 488/514/488 489/516/489
f 471/431/471 470/430/470 502/515/502
f 457/518/457 489/545/489 490/519/490
f 472/467/472 471/431/471 503/517/503
f 458/466/458 490/519/490 491/521/491
f 473/469/473 472/467/472 504/520/504
f 459/468/459 491/521/491 492/523/492
f 474/471/474 473/469/473 505/522/505
f 460/470/460 492/523/492 493/525/493
f 475/473/475 474/471/474 506/524/506
f 461/472/461 493/525/493 494/526/494
f 519/527/519 518/537/518 550/528/550
f 511/504/511 510/502/510 542/530/542
f 498/505/498 497/503/497 529/532/529
f 484/497/484 516/496/516 517/534/517
f 512/507/512 511/504/511 543/531/543
f 499/508/499 498/505/498 530/533/530
f 485/506/485 517/534/517 518/537/518
f 481/510/481 512/507/512 544/535/544
f 500/511/500 499/508/499 531/536/531
f 486/509/486 518/537/518 519/527/519
f 501/513/501 500/511/500 532/539/532
f 487/512/487 519/527/519 520/541/520
f 502/515/502 501/513/501 533/540/533
f 488/514/488 520/541/520 521/543/521
f 503/517/503 502/515/502 534/542/534
f 489/545/489 521/1741/521 522/546/522
f 504/520/504 503/517/503 535/544/535
f 490/519/490 522/546/522 523/548/523
f 505/522/505 504/520/504 536/547/536
f 491/521/491 523/548/523 524/550/524
f 506/524/506 505/522/505 537/549/537
f 492/523/492 524/550/524 525/552/525
f 507/463/507 506/524/506 538/551/538
f 493/525/493 525/552/525 526/554/526
f 508/464/508 507/463/507 539/553/539
f 494/526/494 526/554/526 527/556/527
f 481/510/481 513/538/513 514/557/514
f 509/500/509 508/464/508 540/555/540
f 495/498/495 527/556/527 528/559/528
f 482/499/482 514/557/514 515/560/515
f 510/502/510 509/500/509 541/558/541
f 496/501/496 528/559/528 529/532/529
f 554/561/554 553/569/553 585/562/585
f 532/539/532 564/593/564 565/564/565
f 520/541/520 519/527/519 551/529/551
f 533/540/533 565/564/565 566/566/566
f 521/543/521 520/541/520 552/565/552
f 534/542/534 566/566/566 567/568/567
f 522/546/522 521/1741/521 553/569/553
f 535/544/535 567/568/567 568/570/568
f 523/548/523 522/546/522 554/561/554
f 536/547/536 568/570/568 569/572/569
f 524/550/524 523/548/523 555/571/555
f 537/549/537 569/572/569 570/574/570
f 525/552/525 524/550/524 556/573/556
f 538/551/538 570/574/570 571/576/571
f 526/554/526 525/552/525 557/575/557
f 539/553/539 571/576/571 572/578/572
f 527/556/527 526/554/526 558/577/558
f 514/557/514 513/538/513 545/580/545
f 540/555/540 572/578/572 573/582/573
f 528/559/528 527/556/527 559/579/559
f 515/560/515 514/557/514 546/581/546
f 541/558/541 573/582/573 574/585/574
f 529/532/529 528/559/528 560/583/560
f 516/496/516 515/560/515 547/584/547
f 542/530/542 574/585/574 575/588/575
f 529/532/529 561/586/561 562/589/562
f 517/534/517 516/496/516 548/587/548
f 543/531/543 575/588/575 576/591/576
f 530/533/530 562/589/562 563/592/563
f 518/537/518 517/534/517 549/590/549
f 544/535/544 576/591/576 545/580/545
f 531/536/531 563/592/563 564/593/564
f 583/594/583 582/621/582 614/595/614
f 568/570/568 567/568/567 599/597/599
f 555/571/555 554/561/554 586/563/586
f 569/572/569 568/570/568 600/598/600
f 556/573/556 555/571/555 587/599/587
f 570/574/570 569/572/569 601/600/601
f 557/575/557 556/573/556 588/601/588
f 571/576/571 570/574/570 602/602/602
f 558/577/558 557/575/557 589/603/589
f 572/578/572 571/576/571 603/604/603
f 559/579/559 558/577/558 590/605/590
f 546/581/546 545/580/545 577/608/577
f 573/582/573 572/578/572 604/606/604
f 560/583/560 559/579/559 591/607/591
f 547/584/547 546/581/546 578/609/578
f 574/585/574 573/582/573 605/610/605
f 561/586/561 560/583/560 592/611/592
f 548/587/548 547/584/547 579/612/579
f 575/588/575 574/585/574 606/613/606
f 562/589/562 561/586/561 593/614/593
f 549/590/549 548/587/548 580/615/580
f 576/591/576 575/588/575 607/616/607
f 563/592/563 562/589/562 594/617/594
f 550/528/550 549/590/549 581/618/581
f 545/580/545 576/591/576 608/619/608
f 564/593/564 563/592/563 595/620/595
f 551/529/551 550/528/550 582/621/582
f 565/564/565 564/593/564 596/622/596
f 552/565/552 551/529/551 583/594/583
f 566/566/566 565/564/565 597/623/597
f 553/567/553 552/565/552 584/624/584
f 567/568/567 566/566/566 598/625/598
f 611/649/611 610/646/610 624/648/624
f 610/646/610 609/645/609 625/651/625
f 609/645/609 640/654/640 626/653/626
f 640/654/640 639/652/639 627/655/627
f 639/652/639 638/650/638 627/655/627
f 638/650/638 637/647/637 628/656/628
f 627/655/627 638/650/638 628/656/628
f 637/647/637 636/643/636 629/630/629
f 636/643/636 635/641/635 630/632/630
f 629/630/629 636/643/636 630/632/630
f 635/641/635 634/640/634 631/634/631
f 634/640/634 633/638/633 632/636/632
f 631/634/631 634/640/634 632/636/632
f 631/634/631 630/632/630 635/641/635
f 629/630/629 628/656/628 637/647/637
f 627/655/627 626/653/626 640/654/640
f 626/653/626 625/651/625 609/645/609
f 625/651/625 624/648/624 610/646/610
f 624/648/624 623/644/623 611/649/611
f 623/644/623 622/642/622 611/649/611
f 622/642/622 621/629/621 612/628/612
f 611/649/611 622/642/622 612/628/612
f 621/629/621 620/639/620 613/627/613
f 620/639/620 619/637/619 614/595/614
f 613/627/613 620/639/620 614/595/614
f 619/637/619 618/635/618 616/631/616
f 618/635/618 617/633/617 616/631/616
f 616/631/616 615/596/615 619/637/619
f 615/596/615 614/595/614 619/637/619
f 596/622/596 628/656/628 629/630/629
f 584/624/584 583/594/583 615/596/615
f 597/623/597 629/630/629 630/632/630
f 585/626/585 584/624/584 616/631/616
f 598/625/598 630/632/630 631/634/631
f 586/563/586 585/562/585 617/633/617
f 599/597/599 631/634/631 632/636/632
f 587/599/587 586/563/586 618/635/618
f 600/598/600 632/636/632 633/638/633
f 588/601/588 587/599/587 619/637/619
f 601/600/601 633/638/633 634/640/634
f 589/603/589 588/601/588 620/639/620
f 602/602/602 634/640/634 635/641/635
f 590/605/590 589/603/589 621/629/621
f 603/604/603 635/641/635 636/643/636
f 591/607/591 590/605/590 622/642/622
f 578/609/578 577/608/577 609/645/609
f 604/606/604 636/643/636 637/647/637
f 592/611/592 591/607/591 623/644/623
f 579/612/579 578/609/578 610/646/610
f 605/610/605 637/647/637 638/650/638
f 593/614/593 592/611/592 624/648/624
f 580/615/580 579/612/579 611/649/611
f 606/613/606 638/650/638 639/652/639
f 593/614/593 625/651/625 626/653/626
f 581/618/581 580/615/580 612/628/612
f 607/616/607 639/652/639 640/654/640
f 594/617/594 626/653/626 627/655/627
f 582/621/582 581/618/581 613/627/613
f 608/619/608 640/654/640 609/645/609
f 595/620/595 627/655/627 628/656/628
f 665/657/665 697/722/697 698/658/698
f 674/660/674 673/675/673 705/661/705
f 653/663/653 652/723/652 684/664/684
f 666/659/666 698/658/698 699/666/699
f 653/663/653 685/665/685 686/668/686
f 667/667/667 699/666/699 700/670/700
f 654/669/654 686/668/686 687/672/687
f 642/674/642 641/701/641 673/675/673
f 668/671/668 700/670/700 701/676/701
f 655/673/655 687/672/687 688/678/688
f 643/680/643 642/674/642 674/660/674
f 669/677/669 701/676/701 702/682/702
f 656/679/656 688/678/688 689/684/689
f 644/686/644 643/1742/643 675/687/675
f 671/689/671 670/683/670 702/682/702
f 657/685/657 689/684/689 690/691/690
f 645/693/645 644/686/644 676/688/676
f 672/695/672 671/689/671 703/690/703
f 658/692/658 690/691/690 691/697/691
f 646/699/646 645/693/645 677/694/677
f 641/701/641 672/695/672 704/696/704
f 659/698/659 691/697/691 692/702/692
f 647/704/647 646/699/646 678/700/678
f 660/703/660 692/702/692 693/706/693
f 648/708/648 647/704/647 679/705/679
f 661/707/661 693/706/693 694/710/694
f 649/712/649 648/708/648 680/709/680
f 662/711/662 694/710/694 695/714/695
f 650/716/650 649/712/649 681/713/681
f 663/715/663 695/714/695 696/718/696
f 651/720/651 650/716/650 682/717/682
f 664/719/664 696/718/696 697/722/697
f 652/723/652 651/720/651 683/721/683
f 718/724/718 717/754/717 749/725/749
f 700/670/700 732/756/732 733/727/733
f 688/678/688 687/672/687 719/728/719
f 675/681/675 674/660/674 706/662/706
f 701/676/701 733/727/733 734/731/734
f 688/678/688 720/729/720 721/732/721
f 676/688/676 675/687/675 707/733/707
f 702/682/702 734/731/734 735/735/735
f 689/684/689 721/732/721 722/736/722
f 677/694/677 676/688/676 708/734/708
f 703/690/703 735/735/735 736/738/736
f 690/691/690 722/736/722 723/739/723
f 678/700/678 677/694/677 709/737/709
f 673/675/673 704/696/704 736/738/736
f 691/697/691 723/739/723 724/741/724
f 679/705/679 678/700/678 710/740/710
f 692/702/692 724/741/724 725/743/725
f 680/709/680 679/705/679 711/742/711
f 693/706/693 725/743/725 726/745/726
f 681/713/681 680/709/680 712/744/712
f 694/710/694 726/745/726 727/747/727
f 682/717/682 681/713/681 713/746/713
f 695/714/695 727/747/727 728/749/728
f 683/721/683 682/717/682 714/748/714
f 696/718/696 728/749/728 729/751/729
f 684/664/684 683/721/683 715/750/715
f 697/722/697 729/751/729 730/753/730
f 685/665/685 684/664/684 716/752/716
f 698/658/698 730/753/730 731/755/731
f 686/668/686 685/665/685 717/754/717
f 699/666/699 731/755/731 732/756/732
f 687/672/687 686/668/686 718/724/718
f 753/757/753 752/765/752 784/758/784
f 731/755/731 763/789/763 764/760/764
f 719/728/719 718/724/718 750/726/750
f 706/662/706 705/661/705 737/762/737
f 732/756/732 764/760/764 765/764/765
f 720/729/720 719/728/719 751/761/751
f 707/730/707 706/662/706 738/763/738
f 733/727/733 765/764/765 766/767/766
f 720/729/720 752/765/752 753/757/753
f 708/734/708 707/733/707 739/768/739
f 734/731/734 766/767/766 767/770/767
f 721/732/721 753/757/753 754/771/754
f 709/737/709 708/734/708 740/769/740
f 735/735/735 767/770/767 768/773/768
f 722/736/722 754/771/754 755/774/755
f 710/740/710 709/737/709 741/772/741
f 705/661/705 736/738/736 768/773/768
f 723/739/723 755/774/755 756/776/756
f 711/742/711 710/740/710 742/775/742
f 724/741/724 756/776/756 757/778/757
f 712/744/712 711/742/711 743/777/743
f 725/743/725 757/778/757 758/780/758
f 713/746/713 712/744/712 744/779/744
f 726/745/726 758/780/758 759/782/759
f 714/748/714 713/746/713 745/781/745
f 727/747/727 759/782/759 760/784/760
f 715/750/715 714/748/714 746/783/746
f 728/749/728 760/784/760 761/786/761
f 716/752/716 715/750/715 747/785/747
f 729/751/729 761/786/761 762/788/762
f 717/754/717 716/752/716 748/787/748
f 730/753/730 762/788/762 763/789/763
f 787/790/787 819/854/819 820/791/820
f 740/769/740 739/768/739 771/793/771
f 766/767/766 798/821/798 799/795/799
f 753/757/753 785/759/785 786/796/786
f 741/772/741 740/769/740 772/794/772
f 767/770/767 799/795/799 800/798/800
f 754/771/754 786/796/786 787/790/787
f 742/775/742 741/772/741 773/797/773
f 768/773/768 800/798/800 769/800/769
f 755/774/755 787/790/787 788/792/788
f 743/777/743 742/775/742 774/799/774
f 756/776/756 788/792/788 789/802/789
f 744/779/744 743/777/743 775/801/775
f 757/778/757 789/802/789 790/804/790
f 745/781/745 744/779/744 776/803/776
f 758/780/758 790/804/790 791/806/791
f 746/783/746 745/781/745 777/805/777
f 759/782/759 791/806/791 792/808/792
f 747/785/747 746/783/746 778/807/778
f 760/784/760 792/808/792 793/810/793
f 748/787/748 747/785/747 779/809/779
f 761/786/761 793/810/793 794/812/794
f 749/725/749 748/787/748 780/811/780
f 762/788/762 794/812/794 795/814/795
f 750/726/750 749/725/749 781/813/781
f 763/789/763 795/814/795 796/816/796
f 751/761/751 750/726/750 782/815/782
f 738/763/738 737/762/737 769/800/769
f 764/760/764 796/816/796 797/819/797
f 752/765/752 751/761/751 783/817/783
f 739/766/739 738/763/738 770/818/770
f 765/764/765 797/819/797 798/821/798
f 822/822/822 854/888/854 855/823/855
f 775/801/775 774/799/774 806/825/806
f 788/792/788 820/791/820 821/827/821
f 776/803/776 775/801/775 807/826/807
f 789/802/789 821/827/821 822/822/822
f 777/805/777 776/803/776 808/828/808
f 790/804/790 822/822/822 823/824/823
f 778/807/778 777/805/777 809/829/809
f 791/806/791 823/824/823 824/831/824
f 779/809/779 778/807/778 810/830/810
f 792/808/792 824/831/824 825/833/825
f 780/811/780 779/809/779 811/832/811
f 793/810/793 825/833/825 826/835/826
f 781/813/781 780/811/780 812/834/812
f 794/812/794 826/835/826 827/837/827
f 782/815/782 781/813/781 813/836/813
f 795/814/795 827/837/827 828/839/828
f 783/817/783 782/815/782 814/838/814
f 770/818/770 769/800/769 801/841/801
f 796/816/796 828/839/828 829/843/829
f 784/758/784 783/817/783 815/840/815
f 771/820/771 770/818/770 802/842/802
f 797/819/797 829/843/829 830/846/830
f 785/759/785 784/758/784 816/844/816
f 772/794/772 771/793/771 803/848/803
f 798/821/798 830/846/830 831/850/831
f 785/759/785 817/847/817 818/851/818
f 773/797/773 772/794/772 804/849/804
f 799/795/799 831/850/831 832/853/832
f 786/796/786 818/851/818 819/854/819
f 774/799/774 773/797/773 805/852/805
f 800/798/800 832/853/832 801/841/801
f 858/855/858 857/862/857 889/856/889
f 810/830/810 809/829/809 841/858/841
f 823/824/823 855/823/855 856/860/856
f 811/832/811 810/830/810 842/859/842
f 824/831/824 856/860/856 857/862/857
f 812/834/812 811/832/811 843/861/843
f 825/833/825 857/862/857 858/855/858
f 813/836/813 812/834/812 844/863/844
f 826/835/826 858/855/858 859/865/859
f 814/838/814 813/836/813 845/864/845
f 827/837/827 859/865/859 860/867/860
f 815/840/815 814/838/814 846/866/846
f 802/842/802 801/841/801 833/869/833
f 828/839/828 860/867/860 861/871/861
f 816/844/816 815/840/815 847/868/847
f 803/845/803 802/842/802 834/870/834
f 829/843/829 861/871/861 862/874/862
f 817/847/817 816/844/816 848/872/848
f 804/849/804 803/848/803 835/876/835
f 830/846/830 862/874/862 863/878/863
f 817/847/817 849/875/849 850/879/850
f 805/852/805 804/849/804 836/877/836
f 831/850/831 863/878/863 864/881/864
f 818/851/818 850/879/850 851/882/851
f 806/825/806 805/852/805 837/880/837
f 832/853/832 864/881/864 833/869/833
f 819/854/819 851/882/851 852/884/852
f 807/826/807 806/825/806 838/883/838
f 820/791/820 852/884/852 853/886/853
f 808/828/808 807/826/807 839/885/839
f 821/827/821 853/886/853 854/888/854
f 809/829/809 808/828/808 840/887/840
f 880/889/880 912/952/912 913/890/913
f 844/863/844 876/919/876 877/892/877
f 859/865/859 858/855/858 890/857/890
f 845/864/845 877/892/877 878/894/878
f 860/867/860 859/865/859 891/893/891
f 846/866/846 878/894/878 879/896/879
f 833/869/833 865/908/865 866/897/866
f 861/871/861 860/867/860 892/895/892
f 847/868/847 879/896/879 880/889/880
f 834/870/834 866/897/866 867/899/867
f 862/874/862 861/871/861 893/898/893
f 848/872/848 880/889/880 881/891/881
f 835/876/835 867/923/867 868/901/868
f 863/878/863 862/874/862 894/900/894
f 850/879/850 849/875/849 881/891/881
f 836/877/836 868/901/868 869/904/869
f 864/881/864 863/878/863 895/902/895
f 851/882/851 850/879/850 882/903/882
f 837/880/837 869/904/869 870/907/870
f 833/869/833 864/881/864 896/905/896
f 852/884/852 851/882/851 883/906/883
f 838/883/838 870/907/870 871/910/871
f 853/886/853 852/884/852 884/909/884
f 839/885/839 871/910/871 872/912/872
f 854/888/854 853/886/853 885/911/885
f 840/887/840 872/912/872 873/914/873
f 855/823/855 854/888/854 886/913/886
f 841/858/841 873/914/873 874/916/874
f 856/860/856 855/823/855 887/915/887
f 842/859/842 874/916/874 875/918/875
f 857/862/857 856/860/856 888/917/888
f 843/861/843 875/918/875 876/919/876
f 916/920/916 915/930/915 947/921/947
f 867/923/867 899/979/899 900/924/900
f 895/902/895 894/900/894 926/925/926
f 882/903/882 881/891/881 913/890/913
f 868/901/868 900/924/900 901/928/901
f 896/905/896 895/902/895 927/926/927
f 883/906/883 882/903/882 914/927/914
f 869/904/869 901/928/901 902/931/902
f 865/908/865 896/905/896 928/929/928
f 884/909/884 883/906/883 915/930/915
f 870/907/870 902/931/902 903/933/903
f 885/911/885 884/909/884 916/920/916
f 871/910/871 903/933/903 904/935/904
f 886/913/886 885/911/885 917/934/917
f 872/912/872 904/935/904 905/937/905
f 887/915/887 886/913/886 918/936/918
f 873/914/873 905/937/905 906/939/906
f 888/917/888 887/915/887 919/938/919
f 874/916/874 906/939/906 907/941/907
f 889/856/889 888/917/888 920/940/920
f 875/918/875 907/941/907 908/943/908
f 890/857/890 889/856/889 921/942/921
f 876/919/876 908/943/908 909/945/909
f 891/893/891 890/857/890 922/944/922
f 877/892/877 909/945/909 910/947/910
f 892/895/892 891/893/891 923/946/923
f 878/894/878 910/947/910 911/949/911
f 865/908/865 897/932/897 898/950/898
f 893/898/893 892/895/892 924/948/924
f 879/896/879 911/949/911 912/952/912
f 866/897/866 898/950/898 899/953/899
f 894/900/894 893/898/893 925/951/925
f 951/954/951 950/960/950 982/955/982
f 902/931/902 934/985/934 935/957/935
f 917/934/917 916/920/916 948/922/948
f 903/933/903 935/957/935 936/959/936
f 918/936/918 917/934/917 949/958/949
f 904/935/904 936/959/936 937/961/937
f 919/938/919 918/936/918 950/960/950
f 905/937/905 937/961/937 938/962/938
f 920/940/920 919/938/919 951/954/951
f 906/939/906 938/962/938 939/964/939
f 921/942/921 920/940/920 952/963/952
f 907/941/907 939/964/939 940/966/940
f 922/944/922 921/942/921 953/965/953
f 908/943/908 940/966/940 941/968/941
f 923/946/923 922/944/922 954/967/954
f 909/945/909 941/968/941 942/970/942
f 924/948/924 923/946/923 955/969/955
f 910/947/910 942/970/942 943/972/943
f 897/932/897 929/986/929 930/973/930
f 925/951/925 924/948/924 956/971/956
f 911/949/911 943/972/943 944/975/944
f 898/950/898 930/973/930 931/976/931
f 926/925/926 925/951/925 957/974/957
f 912/952/912 944/975/944 945/978/945
f 899/979/899 931/1006/931 932/980/932
f 927/926/927 926/925/926 958/977/958
f 914/927/914 913/890/913 945/978/945
f 900/924/900 932/980/932 933/983/933
f 928/929/928 927/926/927 959/981/959
f 915/930/915 914/927/914 946/982/946
f 901/928/901 933/983/933 934/985/934
f 897/932/897 928/929/928 960/984/960
f 988/987/988 987/997/987 1019/988/1019
f 937/961/937 969/1019/969 970/990/970
f 952/963/952 951/954/951 983/956/983
f 938/962/938 970/990/970 971/992/971
f 953/965/953 952/963/952 984/991/984
f 939/964/939 971/992/971 972/994/972
f 954/967/954 953/965/953 985/993/985
f 940/966/940 972/994/972 973/996/973
f 955/969/955 954/967/954 986/995/986
f 941/968/941 973/996/973 974/998/974
f 956/971/956 955/969/955 987/997/987
f 942/970/942 974/998/974 975/999/975
f 929/986/929 961/1014/961 962/1000/962
f 957/974/957 956/971/956 988/987/988
f 943/972/943 975/999/975 976/1002/976
f 930/973/930 962/1000/962 963/1003/963
f 958/977/958 957/974/957 989/1001/989
f 945/978/945 944/975/944 976/1002/976
f 931/1006/931 963/1030/963 964/1007/964
f 959/981/959 958/977/958 990/1004/990
f 946/982/946 945/978/945 977/1005/977
f 932/980/932 964/1007/964 965/1010/965
f 960/984/960 959/981/959 991/1008/991
f 947/921/947 946/982/946 978/1009/978
f 933/983/933 965/1010/965 966/1013/966
f 960/984/960 992/1011/992 961/1014/961
f 948/922/948 947/921/947 979/1012/979
f 934/985/934 966/1013/966 967/1016/967
f 949/958/949 948/922/948 980/1015/980
f 935/957/935 967/1016/967 968/1018/968
f 950/960/950 949/958/949 981/1017/981
f 936/959/936 968/1018/968 969/1019/969
f 995/1020/995 1027/1743/1027 1028/1021/1028
f 974/998/974 1006/1052/1006 1007/1023/1007
f 961/1014/961 993/1037/993 994/1024/994
f 989/1001/989 988/987/988 1020/989/1020
f 975/999/975 1007/1023/1007 1008/1026/1008
f 962/1000/962 994/1024/994 995/1027/995
f 990/1004/990 989/1001/989 1021/1025/1021
f 977/1005/977 976/1002/976 1008/1026/1008
f 963/1030/963 995/1020/995 996/1022/996
f 991/1008/991 990/1004/990 1022/1028/1022
f 978/1009/978 977/1005/977 1009/1029/1009
f 964/1007/964 996/1022/996 997/1033/997
f 991/1008/991 1023/1031/1023 1024/1034/1024
f 979/1012/979 978/1009/978 1010/1032/1010
f 965/1010/965 997/1033/997 998/1036/998
f 992/1011/992 1024/1034/1024 993/1037/993
f 980/1015/980 979/1012/979 1011/1035/1011
f 966/1013/966 998/1036/998 999/1039/999
f 981/1017/981 980/1015/980 1012/1038/1012
f 967/1016/967 999/1039/999 1000/1041/1000
f 982/955/982 981/1017/981 1013/1040/1013
f 968/1018/968 1000/1041/1000 1001/1043/1001
f 983/956/983 982/955/982 1014/1042/1014
f 969/1019/969 1001/1043/1001 1002/1045/1002
f 984/991/984 983/956/983 1015/1044/1015
f 970/990/970 1002/1045/1002 1003/1047/1003
f 985/993/985 984/991/984 1016/1046/1016
f 971/992/971 1003/1047/1003 1004/1049/1004
f 986/995/986 985/993/985 1017/1048/1017
f 972/994/972 1004/1049/1004 1005/1051/1005
f 987/997/987 986/995/986 1018/1050/1018
f 973/996/973 1005/1051/1005 1006/1052/1006
f 1031/1053/1031 1030/1062/1030 1062/1054/1062
f 1022/1028/1022 1054/1085/1054 1055/1056/1055
f 1010/1032/1010 1009/1029/1009 1041/1057/1041
f 996/1022/996 1028/1021/1028 1029/1059/1029
f 1023/1031/1023 1055/1056/1055 1056/1060/1056
f 1011/1035/1011 1010/1032/1010 1042/1058/1042
f 997/1033/997 1029/1059/1029 1030/1062/1030
f 1024/1034/1024 1056/1060/1056 1025/1063/1025
f 1012/1038/1012 1011/1035/1011 1043/1061/1043
f 998/1036/998 1030/1062/1030 1031/1053/1031
f 1013/1040/1013 1012/1038/1012 1044/1064/1044
f 1000/1041/1000 999/1039/999 1031/1053/1031
f 1014/1042/1014 1013/1040/1013 1045/1065/1045
f 1001/1043/1001 1000/1041/1000 1032/1066/1032
f 1015/1044/1015 1014/1042/1014 1046/1067/1046
f 1002/1045/1002 1001/1043/1001 1033/1068/1033
f 1016/1046/1016 1015/1044/1015 1047/1069/1047
f 1003/1047/1003 1002/1045/1002 1034/1070/1034
f 1016/1046/1016 1048/1071/1048 1049/1073/1049
f 1004/1049/1004 1003/1047/1003 1035/1072/1035
f 1017/1048/1017 1049/1073/1049 1050/1075/1050
f 1005/1051/1005 1004/1049/1004 1036/1074/1036
f 1018/1050/1018 1050/1075/1050 1051/1077/1051
f 1006/1052/1006 1005/1051/1005 1037/1076/1037
f 1019/988/1019 1051/1077/1051 1052/1079/1052
f 1007/1023/1007 1006/1052/1006 1038/1078/1038
f 993/1037/993 1025/1063/1025 1026/1081/1026
f 1020/989/1020 1052/1079/1052 1053/1082/1053
f 1008/1026/1008 1007/1023/1007 1039/1080/1039
f 994/1024/994 1026/1081/1026 1027/1084/1027
f 1021/1025/1021 1053/1082/1053 1054/1085/1054
f 1009/1029/1009 1008/1026/1008 1040/1083/1040
f 1066/1086/1066 1065/1092/1065 1097/1087/1097
f 1044/1064/1044 1076/1118/1076 1077/1089/1077
f 1032/1066/1032 1031/1053/1031 1063/1055/1063
f 1045/1065/1045 1077/1089/1077 1078/1091/1078
f 1033/1068/1033 1032/1066/1032 1064/1090/1064
f 1046/1067/1046 1078/1091/1078 1079/1093/1079
f 1034/1070/1034 1033/1068/1033 1065/1092/1065
f 1047/1069/1047 1079/1093/1079 1080/1094/1080
f 1035/1072/1035 1034/1070/1034 1066/1086/1066
f 1048/1071/1048 1080/1094/1080 1081/1096/1081
f 1036/1074/1036 1035/1072/1035 1067/1095/1067
f 1049/1073/1049 1081/1096/1081 1082/1098/1082
f 1037/1076/1037 1036/1074/1036 1068/1097/1068
f 1050/1075/1050 1082/1098/1082 1083/1100/1083
f 1038/1078/1038 1037/1076/1037 1069/1099/1069
f 1051/1077/1051 1083/1100/1083 1084/1102/1084
f 1039/1080/1039 1038/1078/1038 1070/1101/1070
f 1025/1063/1025 1057/1117/1057 1058/1104/1058
f 1052/1079/1052 1084/1102/1084 1085/1105/1085
f 1040/1083/1040 1039/1080/1039 1071/1103/1071
f 1027/1084/1027 1026/1081/1026 1058/1104/1058
f 1053/1082/1053 1085/1105/1085 1086/1108/1086
f 1041/1057/1041 1040/1083/1040 1072/1106/1072
f 1028/1021/1028 1027/1743/1027 1059/1110/1059
f 1054/1085/1054 1086/1108/1086 1087/1112/1087
f 1042/1058/1042 1041/1057/1041 1073/1109/1073
f 1029/1059/1029 1028/1021/1028 1060/1111/1060
f 1055/1056/1055 1087/1112/1087 1088/1115/1088
f 1042/1058/1042 1074/1113/1074 1075/1116/1075
f 1030/1062/1030 1029/1059/1029 1061/1114/1061
f 1056/1060/1056 1088/1115/1088 1057/1117/1057
f 1043/1061/1043 1075/1116/1075 1076/1118/1076
f 1095/1119/1095 1094/1147/1094 1126/1120/1126
f 1080/1094/1080 1079/1093/1079 1111/1122/1111
f 1067/1095/1067 1066/1086/1066 1098/1088/1098
f 1081/1096/1081 1080/1094/1080 1112/1123/1112
f 1068/1097/1068 1067/1095/1067 1099/1124/1099
f 1082/1098/1082 1081/1096/1081 1113/1125/1113
f 1069/1099/1069 1068/1097/1068 1100/1126/1100
f 1083/1100/1083 1082/1098/1082 1114/1127/1114
f 1070/1101/1070 1069/1099/1069 1101/1128/1101
f 1084/1102/1084 1083/1100/1083 1115/1129/1115
f 1071/1103/1071 1070/1101/1070 1102/1130/1102
f 1058/1104/1058 1057/1117/1057 1089/1133/1089
f 1085/1105/1085 1084/1102/1084 1116/1131/1116
f 1072/1106/1072 1071/1103/1071 1103/1132/1103
f 1059/1107/1059 1058/1104/1058 1090/1134/1090
f 1086/1108/1086 1085/1105/1085 1117/1135/1117
f 1073/1109/1073 1072/1106/1072 1104/1136/1104
f 1060/1111/1060 1059/1110/1059 1091/1140/1091
f 1087/1112/1087 1086/1108/1086 1118/1138/1118
f 1074/1113/1074 1073/1109/1073 1105/1139/1105
f 1061/1114/1061 1060/1111/1060 1092/1141/1092
f 1088/1115/1088 1087/1112/1087 1119/1142/1119
f 1075/1116/1075 1074/1113/1074 1106/1143/1106
f 1062/1054/1062 1061/1114/1061 1093/1144/1093
f 1057/1117/1057 1088/1115/1088 1120/1145/1120
f 1076/1118/1076 1075/1116/1075 1107/1146/1107
f 1063/1055/1063 1062/1054/1062 1094/1147/1094
f 1077/1089/1077 1076/1118/1076 1108/1148/1108
f 1064/1090/1064 1063/1055/1063 1095/1119/1095
f 1078/1091/1078 1077/1089/1077 1109/1149/1109
f 1065/1092/1065 1064/1090/1064 1096/1150/1096
f 1079/1093/1079 1078/1091/1078 1110/1151/1110
f 1123/1173/1123 1122/1170/1122 1137/1175/1137
f 1122/1170/1122 1121/1180/1121 1138/1177/1138
f 1138/1177/1138 1121/1180/1121 1139/1179/1139
f 1121/1180/1121 1152/1178/1152 1139/1179/1139
f 1152/1178/1152 1151/1176/1151 1140/1181/1140
f 1139/1179/1139 1152/1178/1152 1140/1181/1140
f 1151/1176/1151 1150/1174/1150 1141/1155/1141
f 1150/1174/1150 1149/1171/1149 1142/1157/1142
f 1141/1155/1141 1150/1174/1150 1142/1157/1142
f 1149/1171/1149 1148/1169/1148 1143/1159/1143
f 1148/1169/1148 1147/1167/1147 1144/1161/1144
f 1143/1159/1143 1148/1169/1148 1144/1161/1144
f 1147/1167/1147 1146/1165/1146 1145/1163/1145
f 1145/1163/1145 1144/1161/1144 1147/1167/1147
f 1143/1159/1143 1142/1157/1142 1149/1171/1149
f 1141/1155/1141 1140/1181/1140 1151/1176/1151
f 1138/1177/1138 1137/1175/1137 1122/1170/1122
f 1137/1175/1137 1136/1172/1136 1123/1173/1123
f 1136/1172/1136 1135/1154/1135 1124/1153/1124
f 1123/1173/1123 1136/1172/1136 1124/1153/1124
f 1135/1154/1135 1134/1168/1134 1125/1152/1125
f 1134/1168/1134 1133/1166/1133 1126/1120/1126
f 1125/1152/1125 1134/1168/1134 1126/1120/1126
f 1133/1166/1133 1132/1164/1132 1127/1121/1127
f 1132/1164/1132 1131/1162/1131 1128/1156/1128
f 1127/1121/1127 1132/1164/1132 1128/1156/1128
f 1131/1162/1131 1130/1160/1130 1129/1158/1129
f 1129/1158/1129 1128/1156/1128 1131/1162/1131
f 1127/1121/1127 1126/1120/1126 1133/1166/1133
f 1108/1148/1108 1140/1181/1140 1141/1155/1141
f 1096/1150/1096 1095/1119/1095 1127/1121/1127
f 1109/1149/1109 1141/1155/1141 1142/1157/1142
f 1097/1087/1097 1096/1150/1096 1128/1156/1128
f 1110/1151/1110 1142/1157/1142 1143/1159/1143
f 1098/1088/1098 1097/1087/1097 1129/1158/1129
f 1111/1122/1111 1143/1159/1143 1144/1161/1144
f 1099/1124/1099 1098/1088/1098 1130/1160/1130
f 1112/1123/1112 1144/1161/1144 1145/1163/1145
f 1100/1126/1100 1099/1124/1099 1131/1162/1131
f 1113/1125/1113 1145/1163/1145 1146/1165/1146
f 1101/1128/1101 1100/1126/1100 1132/1164/1132
f 1114/1127/1114 1146/1165/1146 1147/1167/1147
f 1102/1130/1102 1101/1128/1101 1133/1166/1133
f 1115/1129/1115 1147/1167/1147 1148/1169/1148
f 1103/1132/1103 1102/1130/1102 1134/1168/1134
f 1089/1133/1089 1121/1180/1121 1122/1170/1122
f 1116/1131/1116 1148/1169/1148 1149/1171/1149
f 1104/1136/1104 1103/1132/1103 1135/1154/1135
f 1091/1137/1091 1090/1134/1090 1122/1170/1122
f 1117/1135/1117 1149/1171/1149 1150/1174/1150
f 1105/1139/1105 1104/1136/1104 1136/1172/1136
f 1092/1141/1092 1091/1140/1091 1123/1173/1123
f 1118/1138/1118 1150/1174/1150 1151/1176/1151
f 1106/1143/1106 1105/1139/1105 1137/1175/1137
f 1093/1144/1093 1092/1141/1092 1124/1153/1124
f 1119/1142/1119 1151/1176/1151 1152/1178/1152
f 1106/1143/1106 1138/1177/1138 1139/1179/1139
f 1094/1147/1094 1093/1144/1093 1125/1152/1125
f 1120/1145/1120 1152/1178/1152 1121/1180/1121
f 1107/1146/1107 1139/1179/1139 1140/1181/1140
f 1160/1182/1160 1159/1242/1159 1191/1183/1191
f 1209/1185/1209 1241/1280/1241 1242/1186/1242
f 1169/1188/1169 1168/1243/1168 1200/1189/1200
f 1177/1191/1177 1209/1185/1209 1210/1187/1210
f 1155/1193/1155 1187/1244/1187 1188/1194/1188
f 1165/1196/1165 1164/1245/1164 1196/1197/1196
f 1173/1199/1173 1205/1246/1205 1206/1200/1206
f 1182/1202/1182 1214/1247/1214 1215/1203/1215
f 1161/1205/1161 1160/1182/1160 1192/1184/1192
f 1170/1207/1170 1169/1188/1169 1201/1190/1201
f 1178/1192/1178 1210/1187/1210 1211/1209/1211
f 1156/1195/1156 1188/1194/1188 1189/1211/1189
f 1166/1213/1166 1165/1196/1165 1197/1198/1197
f 1174/1201/1174 1206/1200/1206 1207/1215/1207
f 1183/1204/1183 1215/1203/1215 1216/1217/1216
f 1162/1219/1162 1161/1205/1161 1193/1206/1193
f 1171/1221/1171 1170/1207/1170 1202/1208/1202
f 1179/1223/1179 1211/1255/1211 1212/1224/1212
f 1158/1226/1158 1157/1212/1157 1189/1211/1189
f 1167/1228/1167 1166/1213/1166 1198/1214/1198
f 1175/1216/1175 1207/1215/1207 1208/1230/1208
f 1153/1232/1153 1185/1235/1185 1186/1233/1186
f 1184/1218/1184 1216/1217/1216 1185/1235/1185
f 1163/1236/1163 1162/1219/1162 1194/1220/1194
f 1172/1238/1172 1171/1221/1171 1203/1222/1203
f 1180/1225/1180 1212/1224/1212 1213/1240/1213
f 1159/1242/1159 1158/1226/1158 1190/1227/1190
f 1168/1243/1168 1167/1228/1167 1199/1229/1199
f 1176/1231/1176 1208/1230/1208 1209/1185/1209
f 1154/1234/1154 1186/1233/1186 1187/1244/1187
f 1164/1245/1164 1163/1236/1163 1195/1237/1195
f 1173/1199/1173 1172/1238/1172 1204/1239/1204
f 1181/1241/1181 1213/1240/1213 1214/1247/1214
f 1217/1248/1217 1249/1297/1249 1250/1249/1250
f 1197/1198/1197 1196/1197/1196 1228/1251/1228
f 1210/1187/1210 1242/1186/1242 1243/1253/1243
f 1198/1214/1198 1197/1198/1197 1229/1252/1229
f 1211/1255/1211 1243/1313/1243 1244/1256/1244
f 1199/1229/1199 1198/1214/1198 1230/1254/1230
f 1185/1235/1185 1217/1248/1217 1218/1250/1218
f 1212/1224/1212 1244/1256/1244 1245/1258/1245
f 1200/1189/1200 1199/1229/1199 1231/1257/1231
f 1186/1233/1186 1218/1250/1218 1219/1260/1219
f 1213/1240/1213 1245/1258/1245 1246/1261/1246
f 1201/1190/1201 1200/1189/1200 1232/1259/1232
f 1187/1244/1187 1219/1260/1219 1220/1263/1220
f 1214/1247/1214 1246/1261/1246 1247/1264/1247
f 1202/1208/1202 1201/1190/1201 1233/1262/1233
f 1188/1194/1188 1220/1263/1220 1221/1266/1221
f 1215/1203/1215 1247/1264/1247 1248/1267/1248
f 1203/1222/1203 1202/1208/1202 1234/1265/1234
f 1190/1227/1190 1189/1211/1189 1221/1266/1221
f 1216/1217/1216 1248/1267/1248 1217/1248/1217
f 1204/1239/1204 1203/1222/1203 1235/1268/1235
f 1191/1183/1191 1190/1227/1190 1222/1269/1222
f 1205/1246/1205 1204/1239/1204 1236/1270/1236
f 1192/1184/1192 1191/1183/1191 1223/1271/1223
f 1205/1246/1205 1237/1272/1237 1238/1274/1238
f 1193/1206/1193 1192/1184/1192 1224/1273/1224
f 1206/1200/1206 1238/1274/1238 1239/1276/1239
f 1194/1220/1194 1193/1206/1193 1225/1275/1225
f 1207/1215/1207 1239/1276/1239 1240/1278/1240
f 1195/1237/1195 1194/1220/1194 1226/1277/1226
f 1208/1230/1208 1240/1278/1240 1241/1280/1241
f 1196/1197/1196 1195/1237/1195 1227/1279/1227
f 1262/1281/1262 1261/1311/1261 1293/1282/1293
f 1244/1256/1244 1276/1314/1276 1277/1284/1277
f 1232/1259/1232 1231/1257/1231 1263/1285/1263
f 1218/1250/1218 1250/1249/1250 1251/1287/1251
f 1245/1258/1245 1277/1284/1277 1278/1288/1278
f 1233/1262/1233 1232/1259/1232 1264/1286/1264
f 1220/1263/1220 1219/1260/1219 1251/1287/1251
f 1246/1261/1246 1278/1288/1278 1279/1291/1279
f 1234/1265/1234 1233/1262/1233 1265/1289/1265
f 1221/1266/1221 1220/1263/1220 1252/1290/1252
f 1247/1264/1247 1279/1291/1279 1280/1294/1280
f 1235/1268/1235 1234/1265/1234 1266/1292/1266
f 1222/1269/1222 1221/1266/1221 1253/1293/1253
f 1248/1267/1248 1280/1294/1280 1249/1297/1249
f 1235/1268/1235 1267/1295/1267 1268/1298/1268
f 1223/1271/1223 1222/1269/1222 1254/1296/1254
f 1236/1270/1236 1268/1298/1268 1269/1300/1269
f 1224/1273/1224 1223/1271/1223 1255/1299/1255
f 1237/1272/1237 1269/1300/1269 1270/1302/1270
f 1225/1275/1225 1224/1273/1224 1256/1301/1256
f 1238/1274/1238 1270/1302/1270 1271/1304/1271
f 1226/1277/1226 1225/1275/1225 1257/1303/1257
f 1239/1276/1239 1271/1304/1271 1272/1306/1272
f 1227/1279/1227 1226/1277/1226 1258/1305/1258
f 1240/1278/1240 1272/1306/1272 1273/1308/1273
f 1228/1251/1228 1227/1279/1227 1259/1307/1259
f 1241/1280/1241 1273/1308/1273 1274/1310/1274
f 1229/1252/1229 1228/1251/1228 1260/1309/1260
f 1242/1186/1242 1274/1310/1274 1275/1312/1275
f 1230/1254/1230 1229/1252/1229 1261/1311/1261
f 1243/1313/1243 1275/1318/1275 1276/1314/1276
f 1231/1257/1231 1230/1254/1230 1262/1281/1262
f 1297/1315/1297 1296/1323/1296 1328/1316/1328
f 1275/1318/1275 1307/1374/1307 1308/1319/1308
f 1263/1285/1263 1262/1281/1262 1294/1283/1294
f 1249/1297/1249 1281/1333/1281 1282/1321/1282
f 1276/1314/1276 1308/1319/1308 1309/1322/1309
f 1264/1286/1264 1263/1285/1263 1295/1320/1295
f 1251/1287/1251 1250/1249/1250 1282/1321/1282
f 1277/1284/1277 1309/1322/1309 1310/1325/1310
f 1265/1289/1265 1264/1286/1264 1296/1323/1296
f 1252/1290/1252 1251/1287/1251 1283/1324/1283
f 1278/1288/1278 1310/1325/1310 1311/1327/1311
f 1266/1292/1266 1265/1289/1265 1297/1315/1297
f 1253/1293/1253 1252/1290/1252 1284/1326/1284
f 1279/1291/1279 1311/1327/1311 1312/1330/1312
f 1266/1292/1266 1298/1328/1298 1299/1331/1299
f 1254/1296/1254 1253/1293/1253 1285/1329/1285
f 1280/1294/1280 1312/1330/1312 1281/1333/1281
f 1267/1295/1267 1299/1331/1299 1300/1334/1300
f 1255/1299/1255 1254/1296/1254 1286/1332/1286
f 1268/1298/1268 1300/1334/1300 1301/1336/1301
f 1256/1301/1256 1255/1299/1255 1287/1335/1287
f 1269/1300/1269 1301/1336/1301 1302/1338/1302
f 1257/1303/1257 1256/1301/1256 1288/1337/1288
f 1270/1302/1270 1302/1338/1302 1303/1340/1303
f 1258/1305/1258 1257/1303/1257 1289/1339/1289
f 1271/1304/1271 1303/1340/1303 1304/1342/1304
f 1259/1307/1259 1258/1305/1258 1290/1341/1290
f 1272/1306/1272 1304/1342/1304 1305/1344/1305
f 1260/1309/1260 1259/1307/1259 1291/1343/1291
f 1273/1308/1273 1305/1344/1305 1306/1346/1306
f 1261/1311/1261 1260/1309/1260 1292/1345/1292
f 1274/1310/1274 1306/1346/1306 1307/1347/1307
f 1331/1348/1331 1363/1411/1363 1364/1349/1364
f 1284/1326/1284 1283/1324/1283 1315/1351/1315
f 1310/1325/1310 1342/1379/1342 1343/1353/1343
f 1298/1328/1298 1297/1315/1297 1329/1317/1329
f 1285/1329/1285 1284/1326/1284 1316/1352/1316
f 1311/1327/1311 1343/1353/1343 1344/1356/1344
f 1298/1328/1298 1330/1354/1330 1331/1348/1331
f 1286/1332/1286 1285/1329/1285 1317/1355/1317
f 1312/1330/1312 1344/1356/1344 1313/1358/1313
f 1299/1331/1299 1331/1348/1331 1332/1350/1332
f 1287/1335/1287 1286/1332/1286 1318/1357/1318
f 1300/1334/1300 1332/1350/1332 1333/1360/1333
f 1288/1337/1288 1287/1335/1287 1319/1359/1319
f 1301/1336/1301 1333/1360/1333 1334/1362/1334
f 1289/1339/1289 1288/1337/1288 1320/1361/1320
f 1302/1338/1302 1334/1362/1334 1335/1364/1335
f 1290/1341/1290 1289/1339/1289 1321/1363/1321
f 1303/1340/1303 1335/1364/1335 1336/1366/1336
f 1291/1343/1291 1290/1341/1290 1322/1365/1322
f 1304/1342/1304 1336/1366/1336 1337/1368/1337
f 1292/1345/1292 1291/1343/1291 1323/1367/1323
f 1305/1344/1305 1337/1368/1337 1338/1370/1338
f 1293/1282/1293 1292/1345/1292 1324/1369/1324
f 1306/1346/1306 1338/1370/1338 1339/1372/1339
f 1294/1283/1294 1293/1282/1293 1325/1371/1325
f 1307/1374/1307 1339/1397/1339 1340/1375/1340
f 1295/1320/1295 1294/1283/1294 1326/1373/1326
f 1281/1333/1281 1313/1358/1313 1314/1377/1314
f 1308/1319/1308 1340/1375/1340 1341/1378/1341
f 1296/1323/1296 1295/1320/1295 1327/1376/1327
f 1283/1324/1283 1282/1321/1282 1314/1377/1314
f 1309/1322/1309 1341/1378/1341 1342/1379/1342
f 1366/1380/1366 1398/1446/1398 1399/1381/1399
f 1319/1359/1319 1318/1357/1318 1350/1383/1350
f 1332/1350/1332 1364/1349/1364 1365/1385/1365
f 1320/1361/1320 1319/1359/1319 1351/1384/1351
f 1333/1360/1333 1365/1385/1365 1366/1380/1366
f 1321/1363/1321 1320/1361/1320 1352/1386/1352
f 1334/1362/1334 1366/1380/1366 1367/1382/1367
f 1322/1365/1322 1321/1363/1321 1353/1387/1353
f 1335/1364/1335 1367/1382/1367 1368/1389/1368
f 1323/1367/1323 1322/1365/1322 1354/1388/1354
f 1336/1366/1336 1368/1389/1368 1369/1391/1369
f 1324/1369/1324 1323/1367/1323 1355/1390/1355
f 1337/1368/1337 1369/1391/1369 1370/1393/1370
f 1325/1371/1325 1324/1369/1324 1356/1392/1356
f 1338/1370/1338 1370/1393/1370 1371/1395/1371
f 1326/1373/1326 1325/1371/1325 1357/1394/1357
f 1339/1397/1339 1371/1425/1371 1372/1398/1372
f 1327/1376/1327 1326/1373/1326 1358/1396/1358
f 1313/1358/1313 1345/1412/1345 1346/1400/1346
f 1340/1375/1340 1372/1398/1372 1373/1401/1373
f 1328/1316/1328 1327/1376/1327 1359/1399/1359
f 1315/1351/1315 1314/1377/1314 1346/1400/1346
f 1341/1378/1341 1373/1401/1373 1374/1404/1374
f 1329/1317/1329 1328/1316/1328 1360/1402/1360
f 1316/1352/1316 1315/1351/1315 1347/1403/1347
f 1342/1379/1342 1374/1404/1374 1375/1407/1375
f 1330/1354/1330 1329/1317/1329 1361/1405/1361
f 1317/1355/1317 1316/1352/1316 1348/1406/1348
f 1343/1353/1343 1375/1407/1375 1376/1410/1376
f 1330/1354/1330 1362/1408/1362 1363/1411/1363
f 1318/1357/1318 1317/1355/1317 1349/1409/1349
f 1344/1356/1344 1376/1410/1376 1345/1412/1345
f 1402/1413/1402 1401/1420/1401 1433/1414/1433
f 1354/1388/1354 1353/1387/1353 1385/1416/1385
f 1367/1382/1367 1399/1381/1399 1400/1418/1400
f 1355/1390/1355 1354/1388/1354 1386/1417/1386
f 1368/1389/1368 1400/1418/1400 1401/1420/1401
f 1356/1392/1356 1355/1390/1355 1387/1419/1387
f 1369/1391/1369 1401/1420/1401 1402/1413/1402
f 1357/1394/1357 1356/1392/1356 1388/1421/1388
f 1370/1393/1370 1402/1413/1402 1403/1423/1403
f 1358/1396/1358 1357/1394/1357 1389/1422/1389
f 1371/1425/1371 1403/1744/1403 1404/1426/1404
f 1359/1399/1359 1358/1396/1358 1390/1424/1390
f 1345/1412/1345 1377/1441/1377 1378/1428/1378
f 1372/1398/1372 1404/1426/1404 1405/1429/1405
f 1360/1402/1360 1359/1399/1359 1391/1427/1391
f 1347/1403/1347 1346/1400/1346 1378/1428/1378
f 1373/1401/1373 1405/1429/1405 1406/1432/1406
f 1361/1405/1361 1360/1402/1360 1392/1430/1392
f 1348/1406/1348 1347/1403/1347 1379/1431/1379
f 1374/1404/1374 1406/1432/1406 1407/1435/1407
f 1362/1408/1362 1361/1405/1361 1393/1433/1393
f 1349/1409/1349 1348/1406/1348 1380/1434/1380
f 1375/1407/1375 1407/1435/1407 1408/1438/1408
f 1362/1408/1362 1394/1436/1394 1395/1439/1395
f 1350/1383/1350 1349/1409/1349 1381/1437/1381
f 1376/1410/1376 1408/1438/1408 1377/1441/1377
f 1363/1411/1363 1395/1439/1395 1396/1442/1396
f 1351/1384/1351 1350/1383/1350 1382/1440/1382
f 1364/1349/1364 1396/1442/1396 1397/1444/1397
f 1352/1386/1352 1351/1384/1351 1383/1443/1383
f 1365/1385/1365 1397/1444/1397 1398/1446/1398
f 1353/1387/1353 1352/1386/1352 1384/1445/1384
f 1424/1447/1424 1456/1511/1456 1457/1448/1457
f 1388/1421/1388 1420/1478/1420 1421/1450/1421
f 1403/1423/1403 1402/1413/1402 1434/1415/1434
f 1389/1422/1389 1421/1450/1421 1422/1452/1422
f 1404/1426/1404 1403/1744/1403 1435/1453/1435
f 1390/1424/1390 1422/1452/1422 1423/1455/1423
f 1377/1441/1377 1409/1467/1409 1410/1456/1410
f 1405/1429/1405 1404/1426/1404 1436/1454/1436
f 1391/1427/1391 1423/1455/1423 1424/1447/1424
f 1378/1428/1378 1410/1456/1410 1411/1458/1411
f 1406/1432/1406 1405/1429/1405 1437/1457/1437
f 1392/1430/1392 1424/1447/1424 1425/1449/1425
f 1379/1431/1379 1411/1458/1411 1412/1460/1412
f 1407/1435/1407 1406/1432/1406 1438/1459/1438
f 1394/1436/1394 1393/1433/1393 1425/1449/1425
f 1380/1434/1380 1412/1460/1412 1413/1463/1413
f 1408/1438/1408 1407/1435/1407 1439/1461/1439
f 1395/1439/1395 1394/1436/1394 1426/1462/1426
f 1381/1437/1381 1413/1463/1413 1414/1466/1414
f 1377/1441/1377 1408/1438/1408 1440/1464/1440
f 1396/1442/1396 1395/1439/1395 1427/1465/1427
f 1382/1440/1382 1414/1466/1414 1415/1469/1415
f 1397/1444/1397 1396/1442/1396 1428/1468/1428
f 1383/1443/1383 1415/1469/1415 1416/1471/1416
f 1398/1446/1398 1397/1444/1397 1429/1470/1429
f 1384/1445/1384 1416/1471/1416 1417/1473/1417
f 1399/1381/1399 1398/1446/1398 1430/1472/1430
f 1385/1416/1385 1417/1473/1417 1418/1475/1418
f 1400/1418/1400 1399/1381/1399 1431/1474/1431
f 1386/1417/1386 1418/1475/1418 1419/1477/1419
f 1401/1420/1401 1400/1418/1400 1432/1476/1432
f 1387/1419/1387 1419/1477/1419 1420/1478/1420
f 1460/1479/1460 1459/1488/1459 1491/1480/1491
f 1411/1458/1411 1443/1512/1443 1444/1482/1444
f 1439/1461/1439 1438/1459/1438 1470/1483/1470
f 1425/1449/1425 1457/1448/1457 1458/1485/1458
f 1412/1460/1412 1444/1482/1444 1445/1486/1445
f 1440/1464/1440 1439/1461/1439 1471/1484/1471
f 1427/1465/1427 1426/1462/1426 1458/1485/1458
f 1413/1463/1413 1445/1486/1445 1446/1489/1446
f 1409/1467/1409 1440/1464/1440 1472/1487/1472
f 1428/1468/1428 1427/1465/1427 1459/1488/1459
f 1414/1466/1414 1446/1489/1446 1447/1491/1447
f 1429/1470/1429 1428/1468/1428 1460/1479/1460
f 1415/1469/1415 1447/1491/1447 1448/1493/1448
f 1430/1472/1430 1429/1470/1429 1461/1492/1461
f 1416/1471/1416 1448/1493/1448 1449/1495/1449
f 1431/1474/1431 1430/1472/1430 1462/1494/1462
f 1417/1473/1417 1449/1495/1449 1450/1497/1450
f 1432/1476/1432 1431/1474/1431 1463/1496/1463
f 1418/1475/1418 1450/1497/1450 1451/1499/1451
f 1433/1414/1433 1432/1476/1432 1464/1498/1464
f 1419/1477/1419 1451/1499/1451 1452/1501/1452
f 1434/1415/1434 1433/1414/1433 1465/1500/1465
f 1420/1478/1420 1452/1501/1452 1453/1503/1453
f 1435/1451/1435 1434/1415/1434 1466/1502/1466
f 1421/1450/1421 1453/1503/1453 1454/1505/1454
f 1436/1454/1436 1435/1453/1435 1467/1506/1467
f 1422/1452/1422 1454/1505/1454 1455/1508/1455
f 1410/1456/1410 1409/1467/1409 1441/1490/1441
f 1437/1457/1437 1436/1454/1436 1468/1507/1468
f 1423/1455/1423 1455/1508/1455 1456/1511/1456
f 1410/1456/1410 1442/1509/1442 1443/1512/1443
f 1438/1459/1438 1437/1457/1437 1469/1510/1469
f 1495/1513/1495 1494/1519/1494 1526/1514/1526
f 1446/1489/1446 1478/1545/1478 1479/1516/1479
f 1461/1492/1461 1460/1479/1460 1492/1481/1492
f 1447/1491/1447 1479/1516/1479 1480/1518/1480
f 1462/1494/1462 1461/1492/1461 1493/1517/1493
f 1448/1493/1448 1480/1518/1480 1481/1520/1481
f 1463/1496/1463 1462/1494/1462 1494/1519/1494
f 1449/1495/1449 1481/1520/1481 1482/1521/1482
f 1464/1498/1464 1463/1496/1463 1495/1513/1495
f 1450/1497/1450 1482/1521/1482 1483/1523/1483
f 1465/1500/1465 1464/1498/1464 1496/1522/1496
f 1451/1499/1451 1483/1523/1483 1484/1525/1484
f 1466/1502/1466 1465/1500/1465 1497/1524/1497
f 1452/1501/1452 1484/1525/1484 1485/1527/1485
f 1467/1504/1467 1466/1502/1466 1498/1526/1498
f 1453/1503/1453 1485/1527/1485 1486/1529/1486
f 1468/1507/1468 1467/1506/1467 1499/1530/1499
f 1454/1505/1454 1486/1529/1486 1487/1532/1487
f 1442/1509/1442 1441/1490/1441 1473/1533/1473
f 1469/1510/1469 1468/1507/1468 1500/1531/1500
f 1455/1508/1455 1487/1532/1487 1488/1536/1488
f 1442/1509/1442 1474/1534/1474 1475/1537/1475
f 1470/1483/1470 1469/1510/1469 1501/1535/1501
f 1456/1511/1456 1488/1536/1488 1489/1539/1489
f 1443/1512/1443 1475/1537/1475 1476/1540/1476
f 1471/1484/1471 1470/1483/1470 1502/1538/1502
f 1457/1448/1457 1489/1539/1489 1490/1542/1490
f 1444/1482/1444 1476/1540/1476 1477/1543/1477
f 1472/1487/1472 1471/1484/1471 1503/1541/1503
f 1459/1488/1459 1458/1485/1458 1490/1542/1490
f 1445/1486/1445 1477/1543/1477 1478/1545/1478
f 1441/1490/1441 1472/1487/1472 1504/1544/1504
f 1532/1546/1532 1531/1558/1531 1563/1547/1563
f 1481/1520/1481 1513/1578/1513 1514/1549/1514
f 1496/1522/1496 1495/1513/1495 1527/1515/1527
f 1482/1521/1482 1514/1549/1514 1515/1551/1515
f 1497/1524/1497 1496/1522/1496 1528/1550/1528
f 1483/1523/1483 1515/1551/1515 1516/1553/1516
f 1498/1526/1498 1497/1524/1497 1529/1552/1529
f 1484/1525/1484 1516/1553/1516 1517/1555/1517
f 1499/1528/1499 1498/1526/1498 1530/1554/1530
f 1485/1527/1485 1517/1555/1517 1518/1557/1518
f 1500/1531/1500 1499/1530/1499 1531/1558/1531
f 1486/1529/1486 1518/1557/1518 1519/1559/1519
f 1474/1534/1474 1473/1533/1473 1505/1560/1505
f 1501/1535/1501 1500/1531/1500 1532/1546/1532
f 1487/1532/1487 1519/1559/1519 1520/1563/1520
f 1475/1537/1475 1474/1534/1474 1506/1561/1506
f 1502/1538/1502 1501/1535/1501 1533/1562/1533
f 1488/1536/1488 1520/1563/1520 1521/1566/1521
f 1475/1537/1475 1507/1564/1507 1508/1567/1508
f 1503/1541/1503 1502/1538/1502 1534/1565/1534
f 1489/1539/1489 1521/1566/1521 1522/1569/1522
f 1476/1540/1476 1508/1567/1508 1509/1570/1509
f 1504/1544/1504 1503/1541/1503 1535/1568/1535
f 1490/1542/1490 1522/1569/1522 1523/1572/1523
f 1477/1543/1477 1509/1570/1509 1510/1573/1510
f 1473/1533/1473 1504/1544/1504 1536/1571/1536
f 1492/1481/1492 1491/1480/1491 1523/1572/1523
f 1478/1545/1478 1510/1573/1510 1511/1575/1511
f 1493/1517/1493 1492/1481/1492 1524/1574/1524
f 1479/1516/1479 1511/1575/1511 1512/1577/1512
f 1494/1519/1494 1493/1517/1493 1525/1576/1525
f 1480/1518/1480 1512/1577/1512 1513/1578/1513
f 1540/1579/1540 1539/1587/1539 1571/1580/1571
f 1518/1557/1518 1550/1611/1550 1551/1582/1551
f 1506/1561/1506 1505/1560/1505 1537/1583/1537
f 1533/1562/1533 1532/1546/1532 1564/1548/1564
f 1519/1559/1519 1551/1582/1551 1552/1586/1552
f 1507/1564/1507 1506/1561/1506 1538/1584/1538
f 1534/1565/1534 1533/1562/1533 1565/1585/1565
f 1520/1563/1520 1552/1586/1552 1553/1589/1553
f 1508/1567/1508 1507/1564/1507 1539/1587/1539
f 1535/1568/1535 1534/1565/1534 1566/1588/1566
f 1521/1566/1521 1553/1589/1553 1554/1591/1554
f 1509/1570/1509 1508/1567/1508 1540/1579/1540
f 1536/1571/1536 1535/1568/1535 1567/1590/1567
f 1522/1569/1522 1554/1591/1554 1555/1594/1555
f 1510/1573/1510 1509/1570/1509 1541/1592/1541
f 1505/1560/1505 1536/1571/1536 1568/1593/1568
f 1523/1572/1523 1555/1594/1555 1556/1596/1556
f 1510/1573/1510 1542/1595/1542 1543/1597/1543
f 1524/1574/1524 1556/1596/1556 1557/1598/1557
f 1511/1575/1511 1543/1597/1543 1544/1599/1544
f 1525/1576/1525 1557/1598/1557 1558/1600/1558
f 1512/1577/1512 1544/1599/1544 1545/1601/1545
f 1527/1515/1527 1526/1514/1526 1558/1600/1558
f 1513/1578/1513 1545/1601/1545 1546/1603/1546
f 1528/1550/1528 1527/1515/1527 1559/1602/1559
f 1514/1549/1514 1546/1603/1546 1547/1605/1547
f 1529/1552/1529 1528/1550/1528 1560/1604/1560
f 1515/1551/1515 1547/1605/1547 1548/1607/1548
f 1530/1554/1530 1529/1552/1529 1561/1606/1561
f 1516/1553/1516 1548/1607/1548 1549/1609/1549
f 1531/1556/1531 1530/1554/1530 1562/1608/1562
f 1517/1555/1517 1549/1609/1549 1550/1611/1550
f 1575/1612/1575 1574/1621/1574 1606/1613/1606
f 1567/1590/1567 1566/1588/1566 1598/1615/1598
f 1553/1589/1553 1585/1643/1585 1586/1617/1586
f 1541/1592/1541 1540/1579/1540 1572/1581/1572
f 1568/1593/1568 1567/1590/1567 1599/1616/1599
f 1554/1591/1554 1586/1617/1586 1587/1620/1587
f 1542/1595/1542 1541/1592/1541 1573/1618/1573
f 1537/1583/1537 1568/1593/1568 1600/1619/1600
f 1555/1594/1555 1587/1620/1587 1588/1623/1588
f 1543/1597/1543 1542/1595/1542 1574/1621/1574
f 1556/1596/1556 1588/1623/1588 1589/1624/1589
f 1544/1599/1544 1543/1597/1543 1575/1612/1575
f 1557/1598/1557 1589/1624/1589 1590/1626/1590
f 1545/1601/1545 1544/1599/1544 1576/1625/1576
f 1558/1600/1558 1590/1626/1590 1591/1628/1591
f 1546/1603/1546 1545/1601/1545 1577/1627/1577
f 1559/1602/1559 1591/1628/1591 1592/1630/1592
f 1547/1605/1547 1546/1603/1546 1578/1629/1578
f 1560/1604/1560 1592/1630/1592 1593/1632/1593
f 1548/1607/1548 1547/1605/1547 1579/1631/1579
f 1561/1606/1561 1593/1632/1593 1594/1634/1594
f 1548/1607/1548 1580/1633/1580 1581/1635/1581
f 1562/1608/1562 1594/1634/1594 1595/1636/1595
f 1549/1609/1549 1581/1635/1581 1582/1637/1582
f 1563/1547/1563 1595/1660/1595 1596/1638/1596
f 1550/1611/1550 1582/1637/1582 1583/1639/1583
f 1538/1584/1538 1537/1583/1537 1569/1622/1569
f 1565/1585/1565 1564/1548/1564 1596/1638/1596
f 1551/1582/1551 1583/1639/1583 1584/1642/1584
f 1539/1587/1539 1538/1584/1538 1570/1640/1570
f 1566/1588/1566 1565/1585/1565 1597/1641/1597
f 1552/1586/1552 1584/1642/1584 1585/1643/1585
f 1610/1644/1610 1609/1650/1609 1641/1645/1641
f 1588/1623/1588 1620/1676/1620 1621/1647/1621
f 1576/1625/1576 1575/1612/1575 1607/1614/1607
f 1589/1624/1589 1621/1647/1621 1622/1649/1622
f 1577/1627/1577 1576/1625/1576 1608/1648/1608
f 1590/1626/1590 1622/1649/1622 1623/1651/1623
f 1578/1629/1578 1577/1627/1577 1609/1650/1609
f 1591/1628/1591 1623/1651/1623 1624/1652/1624
f 1579/1631/1579 1578/1629/1578 1610/1644/1610
f 1592/1630/1592 1624/1652/1624 1625/1654/1625
f 1580/1633/1580 1579/1631/1579 1611/1653/1611
f 1593/1632/1593 1625/1654/1625 1626/1656/1626
f 1581/1635/1581 1580/1633/1580 1612/1655/1612
f 1594/1634/1594 1626/1656/1626 1627/1658/1627
f 1582/1637/1582 1581/1635/1581 1613/1657/1613
f 1595/1660/1595 1627/1745/1627 1628/1661/1628
f 1583/1639/1583 1582/1637/1582 1614/1659/1614
f 1570/1640/1570 1569/1622/1569 1601/1663/1601
f 1596/1638/1596 1628/1661/1628 1629/1665/1629
f 1584/1642/1584 1583/1639/1583 1615/1662/1615
f 1571/1580/1571 1570/1640/1570 1602/1664/1602
f 1597/1641/1597 1629/1665/1629 1630/1668/1630
f 1584/1642/1584 1616/1666/1616 1617/1669/1617
f 1572/1581/1572 1571/1580/1571 1603/1667/1603
f 1598/1615/1598 1630/1668/1630 1631/1671/1631
f 1585/1643/1585 1617/1669/1617 1618/1672/1618
f 1573/1618/1573 1572/1581/1572 1604/1670/1604
f 1599/1616/1599 1631/1671/1631 1632/1674/1632
f 1586/1617/1586 1618/1672/1618 1619/1675/1619
f 1574/1621/1574 1573/1618/1573 1605/1673/1605
f 1569/1622/1569 1600/1619/1600 1632/1674/1632
f 1587/1620/1587 1619/1675/1619 1620/1676/1620
f 1639/1677/1639 1638/1705/1638 1670/1678/1670
f 1624/1652/1624 1623/1651/1623 1655/1680/1655
f 1611/1653/1611 1610/1644/1610 1642/1646/1642
f 1625/1654/1625 1624/1652/1624 1656/1681/1656
f 1612/1655/1612 1611/1653/1611 1643/1682/1643
f 1626/1656/1626 1625/1654/1625 1657/1683/1657
f 1613/1657/1613 1612/1655/1612 1644/1684/1644
f 1627/1658/1627 1626/1656/1626 1658/1685/1658
f 1614/1659/1614 1613/1657/1613 1645/1686/1645
f 1628/1661/1628 1627/1745/1627 1659/1689/1659
f 1615/1662/1615 1614/1659/1614 1646/1688/1646
f 1602/1664/1602 1601/1663/1601 1633/1692/1633
f 1629/1665/1629 1628/1661/1628 1660/1690/1660
f 1616/1666/1616 1615/1662/1615 1647/1691/1647
f 1603/1667/1603 1602/1664/1602 1634/1693/1634
f 1630/1668/1630 1629/1665/1629 1661/1694/1661
f 1617/1669/1617 1616/1666/1616 1648/1695/1648
f 1604/1670/1604 1603/1667/1603 1635/1696/1635
f 1631/1671/1631 1630/1668/1630 1662/1697/1662
f 1618/1672/1618 1617/1669/1617 1649/1698/1649
f 1605/1673/1605 1604/1670/1604 1636/1699/1636
f 1632/1674/1632 1631/1671/1631 1663/1700/1663
f 1619/1675/1619 1618/1672/1618 1650/1701/1650
f 1606/1613/1606 1605/1673/1605 1637/1702/1637
f 1601/1663/1601 1632/1674/1632 1664/1703/1664
f 1620/1676/1620 1619/1675/1619 1651/1704/1651
f 1607/1614/1607 1606/1613/1606 1638/1705/1638
f 1621/1647/1621 1620/1676/1620 1652/1706/1652
f 1608/1648/1608 1607/1614/1607 1639/1677/1639
f 1622/1649/1622 1621/1647/1621 1653/1707/1653
f 1609/1650/1609 1608/1648/1608 1640/1708/1640
f 1623/1651/1623 1622/1649/1622 1654/1709/1654
f 1667/1732/1667 1666/1729/1666 1677/1723/1677
f 1666/1729/1666 1665/1728/1665 1678/1725/1678
f 1678/1725/1678 1665/1728/1665 1679/1727/1679
f 1665/1728/1665 1696/1737/1696 1679/1727/1679
f 1696/1737/1696 1695/1735/1695 1680/1731/1680
f 1679/1727/1679 1696/1737/1696 1680/1731/1680
f 1695/1735/1695 1694/1733/1694 1681/1734/1681
f 1694/1733/1694 1693/1730/1693 1682/1736/1682
f 1682/1736/1682 1693/1730/1693 1683/1738/1683
f 1693/1730/1693 1692/1726/1692 1683/1738/1683
f 1692/1726/1692 1691/1724/1691 1684/1739/1684
f 1683/1738/1683 1692/1726/1692 1684/1739/1684
f 1691/1724/1691 1690/1722/1690 1685/1713/1685
f 1690/1722/1690 1689/1720/1689 1686/1715/1686
f 1685/1713/1685 1690/1722/1690 1686/1715/1686
f 1689/1720/1689 1688/1719/1688 1687/1717/1687
f 1687/1717/1687 1686/1715/1686 1689/1720/1689
f 1685/1713/1685 1684/1739/1684 1691/1724/1691
f 1682/1736/1682 1681/1734/1681 1694/1733/1694
f 1681/1734/1681 1680/1731/1680 1695/1735/1695
f 1678/1725/1678 1677/1723/1677 1666/1729/1666
f 1677/1723/1677 1676/1721/1676 1667/1732/1667
f 1676/1721/1676 1675/1712/1675 1668/1711/1668
f 1667/1732/1667 1676/1721/1676 1668/1711/1668
f 1675/1712/1675 1674/1718/1674 1669/1710/1669
f 1674/1718/1674 1673/1716/1673 1670/1678/1670
f 1669/1710/1669 1674/1718/1674 1670/1678/1670
f 1673/1716/1673 1672/1714/1672 1671/1679/1671
f 1671/1679/1671 1670/1678/1670 1673/1716/1673
f 1652/1706/1652 1684/1739/1684 1685/1713/1685
f 1640/1708/1640 1639/1677/1639 1671/1679/1671
f 1653/1707/1653 1685/1713/1685 1686/1715/1686
f 1641/1645/1641 1640/1708/1640 1672/1714/1672
f 1654/1709/1654 1686/1715/1686 1687/1717/1687
f 1642/1646/1642 1641/1645/1641 1673/1716/1673
f 1655/1680/1655 1687/1717/1687 1688/1719/1688
f 1643/1682/1643 1642/1646/1642 1674/1718/1674
f 1656/1681/1656 1688/1719/1688 1689/1720/1689
f 1644/1684/1644 1643/1682/1643 1675/1712/1675
f 1657/1683/1657 1689/1720/1689 1690/1722/1690
f 1645/1686/1645 1644/1684/1644 1676/1721/1676
f 1658/1685/1658 1690/1722/1690 1691/1724/1691
f 1646/1688/1646 1645/1686/1645 1677/1723/1677
f 1659/1689/1659 1691/1724/1691 1692/1726/1692
f 1647/1691/1647 1646/1688/1646 1678/1725/1678
f 1634/1693/1634 1633/1692/1633 1665/1728/1665
f 1660/1690/1660 1692/1726/1692 1693/1730/1693
f 1648/1695/1648 1647/1691/1647 1679/1727/1679
f 1635/1696/1635 1634/1693/1634 1666/1729/1666
f 1661/1694/1661 1693/1730/1693 1694/1733/1694
f 1648/1695/1648 1680/1731/1680 1681/1734/1681
f 1636/1699/1636 1635/1696/1635 1667/1732/1667
f 1662/1697/1662 1694/1733/1694 1695/1735/1695
f 1649/1698/1649 1681/1734/1681 1682/1736/1682
f 1637/1702/1637 1636/1699/1636 1668/1711/1668
f 1664/1703/1664 1663/1700/1663 1695/1735/1695
f 1650/1701/1650 1682/1736/1682 1683/1738/1683
f 1638/1705/1638 1637/1702/1637 1669/1710/1669
f 1633/1692/1633 1664/1703/1664 1696/1737/1696
f 1651/1704/1651 1683/1738/1683 1684/1739/1684
